<?xml version="1.0" encoding="UTF-8"?>
<gpx creator="Garmin Connect" version="1.1"
  xsi:schemaLocation="http://www.topografix.com/GPX/1/1 http://www.topografix.com/GPX/11.xsd"
  xmlns:ns3="http://www.garmin.com/xmlschemas/TrackPointExtension/v1"
  xmlns="http://www.topografix.com/GPX/1/1"
  xmlns:xsi="http://www.w3.org/2001/XMLSchema-instance" xmlns:ns2="http://www.garmin.com/xmlschemas/GpxExtensions/v3">
  <metadata>
    <link href="connect.garmin.com">
      <text>Garmin Connect</text>
    </link>
    <time>2026-08-21T03:13:05.000Z</time>
  </metadata>
  <trk>
    <name>Tinje Randonnée</name>
    <type>hiking</type>
    <trkseg>
      <trkpt lat="29.4303149543702602386474609375" lon="83.22422328405082225799560546875">
        <ele>3977.60009765625</ele>
        <time>2026-08-21T03:14:12.000Z</time>
        <extensions>
          <ns3:TrackPointExtension>
            <ns3:hr>110</ns3:hr>
            <ns3:cad>0</ns3:cad>
          </ns3:TrackPointExtension>
        </extensions>
      </trkpt>
      <trkpt lat="29.43030548281967639923095703125" lon="83.22423686273396015167236328125">
        <ele>3977.60009765625</ele>
        <time>2026-08-21T03:14:14.000Z</time>
        <extensions>
          <ns3:TrackPointExtension>
            <ns3:hr>113</ns3:hr>
            <ns3:cad>0</ns3:cad>
          </ns3:TrackPointExtension>
        </extensions>
      </trkpt>
      <trkpt lat="29.430283606052398681640625" lon="83.224267624318599700927734375">
        <ele>3977.800048828125</ele>
        <time>2026-08-21T03:14:19.000Z</time>
        <extensions>
          <ns3:TrackPointExtension>
            <ns3:hr>110</ns3:hr>
            <ns3:cad>0</ns3:cad>
          </ns3:TrackPointExtension>
        </extensions>
      </trkpt>
      <trkpt lat="29.4302391819655895233154296875" lon="83.22433878667652606964111328125">
        <ele>3978.60009765625</ele>
        <time>2026-08-21T03:14:29.000Z</time>
        <extensions>
          <ns3:TrackPointExtension>
            <ns3:hr>109</ns3:hr>
            <ns3:cad>0</ns3:cad>
          </ns3:TrackPointExtension>
        </extensions>
      </trkpt>
      <trkpt lat="29.43020355887711048126220703125" lon="83.2245360128581523895263671875">
        <ele>3979.60009765625</ele>
        <time>2026-08-21T03:14:49.000Z</time>
        <extensions>
          <ns3:TrackPointExtension>
            <ns3:hr>107</ns3:hr>
            <ns3:cad>0</ns3:cad>
          </ns3:TrackPointExtension>
        </extensions>
      </trkpt>
      <trkpt lat="29.4301508367061614990234375" lon="83.22463818825781345367431640625">
        <ele>3980.800048828125</ele>
        <time>2026-08-21T03:15:01.000Z</time>
        <extensions>
          <ns3:TrackPointExtension>
            <ns3:hr>107</ns3:hr>
            <ns3:cad>0</ns3:cad>
          </ns3:TrackPointExtension>
        </extensions>
      </trkpt>
      <trkpt lat="29.4301127828657627105712890625" lon="83.224689066410064697265625">
        <ele>3981.39990234375</ele>
        <time>2026-08-21T03:15:09.000Z</time>
        <extensions>
          <ns3:TrackPointExtension>
            <ns3:hr>108</ns3:hr>
            <ns3:cad>0</ns3:cad>
          </ns3:TrackPointExtension>
        </extensions>
      </trkpt>
      <trkpt lat="29.4300950132310390472412109375" lon="83.2247163914144039154052734375">
        <ele>3981.39990234375</ele>
        <time>2026-08-21T03:15:13.000Z</time>
        <extensions>
          <ns3:TrackPointExtension>
            <ns3:hr>108</ns3:hr>
            <ns3:cad>0</ns3:cad>
          </ns3:TrackPointExtension>
        </extensions>
      </trkpt>
      <trkpt lat="29.43009115755558013916015625" lon="83.2247234322130680084228515625">
        <ele>3981.60009765625</ele>
        <time>2026-08-21T03:15:14.000Z</time>
        <extensions>
          <ns3:TrackPointExtension>
            <ns3:hr>109</ns3:hr>
            <ns3:cad>0</ns3:cad>
          </ns3:TrackPointExtension>
        </extensions>
      </trkpt>
      <trkpt lat="29.43008151836693286895751953125" lon="83.22473424486815929412841796875">
        <ele>3981.60009765625</ele>
        <time>2026-08-21T03:15:16.000Z</time>
        <extensions>
          <ns3:TrackPointExtension>
            <ns3:hr>109</ns3:hr>
            <ns3:cad>0</ns3:cad>
          </ns3:TrackPointExtension>
        </extensions>
      </trkpt>
      <trkpt lat="29.430075399577617645263671875" lon="83.2247415371239185333251953125">
        <ele>3981.800048828125</ele>
        <time>2026-08-21T03:15:17.000Z</time>
        <extensions>
          <ns3:TrackPointExtension>
            <ns3:hr>110</ns3:hr>
            <ns3:cad>0</ns3:cad>
          </ns3:TrackPointExtension>
        </extensions>
      </trkpt>
      <trkpt lat="29.43004287779331207275390625" lon="83.224776573479175567626953125">
        <ele>3982.39990234375</ele>
        <time>2026-08-21T03:15:23.000Z</time>
        <extensions>
          <ns3:TrackPointExtension>
            <ns3:hr>110</ns3:hr>
            <ns3:cad>0</ns3:cad>
          </ns3:TrackPointExtension>
        </extensions>
      </trkpt>
      <trkpt lat="29.43002435378730297088623046875" lon="83.2247988693416118621826171875">
        <ele>3982.800048828125</ele>
        <time>2026-08-21T03:15:26.000Z</time>
        <extensions>
          <ns3:TrackPointExtension>
            <ns3:hr>111</ns3:hr>
            <ns3:cad>0</ns3:cad>
          </ns3:TrackPointExtension>
        </extensions>
      </trkpt>
      <trkpt lat="29.43001915700733661651611328125" lon="83.22480649687349796295166015625">
        <ele>3983</ele>
        <time>2026-08-21T03:15:27.000Z</time>
        <extensions>
          <ns3:TrackPointExtension>
            <ns3:hr>111</ns3:hr>
            <ns3:cad>0</ns3:cad>
          </ns3:TrackPointExtension>
        </extensions>
      </trkpt>
      <trkpt lat="29.42999334074556827545166015625" lon="83.22484455071389675140380859375">
        <ele>3983.39990234375</ele>
        <time>2026-08-21T03:15:32.000Z</time>
        <extensions>
          <ns3:TrackPointExtension>
            <ns3:hr>110</ns3:hr>
            <ns3:cad>0</ns3:cad>
          </ns3:TrackPointExtension>
        </extensions>
      </trkpt>
      <trkpt lat="29.429976157844066619873046875" lon="83.2248687744140625">
        <ele>3983.60009765625</ele>
        <time>2026-08-21T03:15:36.000Z</time>
        <extensions>
          <ns3:TrackPointExtension>
            <ns3:hr>115</ns3:hr>
            <ns3:cad>0</ns3:cad>
          </ns3:TrackPointExtension>
        </extensions>
      </trkpt>
      <trkpt lat="29.42997272126376628875732421875" lon="83.22487573139369487762451171875">
        <ele>3983.60009765625</ele>
        <time>2026-08-21T03:15:37.000Z</time>
        <extensions>
          <ns3:TrackPointExtension>
            <ns3:hr>120</ns3:hr>
            <ns3:cad>0</ns3:cad>
          </ns3:TrackPointExtension>
        </extensions>
      </trkpt>
      <trkpt lat="29.42996920086443424224853515625" lon="83.22488260455429553985595703125">
        <ele>3983.39990234375</ele>
        <time>2026-08-21T03:15:38.000Z</time>
        <extensions>
          <ns3:TrackPointExtension>
            <ns3:hr>126</ns3:hr>
            <ns3:cad>0</ns3:cad>
          </ns3:TrackPointExtension>
        </extensions>
      </trkpt>
      <trkpt lat="29.4299518503248691558837890625" lon="83.2249128632247447967529296875">
        <ele>3983.800048828125</ele>
        <time>2026-08-21T03:15:42.000Z</time>
        <extensions>
          <ns3:TrackPointExtension>
            <ns3:hr>129</ns3:hr>
            <ns3:cad>0</ns3:cad>
          </ns3:TrackPointExtension>
        </extensions>
      </trkpt>
      <trkpt lat="29.4299394451081752777099609375" lon="83.2249336503446102142333984375">
        <ele>3984.199951171875</ele>
        <time>2026-08-21T03:15:45.000Z</time>
        <extensions>
          <ns3:TrackPointExtension>
            <ns3:hr>129</ns3:hr>
            <ns3:cad>0</ns3:cad>
          </ns3:TrackPointExtension>
        </extensions>
      </trkpt>
      <trkpt lat="29.4299327395856380462646484375" lon="83.22494932450354099273681640625">
        <ele>3984.39990234375</ele>
        <time>2026-08-21T03:15:47.000Z</time>
        <extensions>
          <ns3:TrackPointExtension>
            <ns3:hr>125</ns3:hr>
            <ns3:cad>0</ns3:cad>
          </ns3:TrackPointExtension>
        </extensions>
      </trkpt>
      <trkpt lat="29.42991907708346843719482421875" lon="83.22497497312724590301513671875">
        <ele>3984.60009765625</ele>
        <time>2026-08-21T03:15:50.000Z</time>
        <extensions>
          <ns3:TrackPointExtension>
            <ns3:hr>122</ns3:hr>
            <ns3:cad>0</ns3:cad>
          </ns3:TrackPointExtension>
        </extensions>
      </trkpt>
      <trkpt lat="29.42990516312420368194580078125" lon="83.2249986939132213592529296875">
        <ele>3984.60009765625</ele>
        <time>2026-08-21T03:15:53.000Z</time>
        <extensions>
          <ns3:TrackPointExtension>
            <ns3:hr>125</ns3:hr>
            <ns3:cad>0</ns3:cad>
          </ns3:TrackPointExtension>
        </extensions>
      </trkpt>
      <trkpt lat="29.42990013398230075836181640625" lon="83.22500850073993206024169921875">
        <ele>3984.60009765625</ele>
        <time>2026-08-21T03:15:54.000Z</time>
        <extensions>
          <ns3:TrackPointExtension>
            <ns3:hr>122</ns3:hr>
            <ns3:cad>0</ns3:cad>
          </ns3:TrackPointExtension>
        </extensions>
      </trkpt>
      <trkpt lat="29.4298955239355564117431640625" lon="83.22501688264310359954833984375">
        <ele>3984.60009765625</ele>
        <time>2026-08-21T03:15:55.000Z</time>
        <extensions>
          <ns3:TrackPointExtension>
            <ns3:hr>118</ns3:hr>
            <ns3:cad>0</ns3:cad>
          </ns3:TrackPointExtension>
        </extensions>
      </trkpt>
      <trkpt lat="29.42989133298397064208984375" lon="83.2250245101749897003173828125">
        <ele>3984.60009765625</ele>
        <time>2026-08-21T03:15:56.000Z</time>
        <extensions>
          <ns3:TrackPointExtension>
            <ns3:hr>115</ns3:hr>
            <ns3:cad>0</ns3:cad>
          </ns3:TrackPointExtension>
        </extensions>
      </trkpt>
      <trkpt lat="29.42987884394824504852294921875" lon="83.2250402681529521942138671875">
        <ele>3984.60009765625</ele>
        <time>2026-08-21T03:15:58.000Z</time>
        <extensions>
          <ns3:TrackPointExtension>
            <ns3:hr>112</ns3:hr>
            <ns3:cad>0</ns3:cad>
          </ns3:TrackPointExtension>
        </extensions>
      </trkpt>
      <trkpt lat="29.4298557937145233154296875" lon="83.225072957575321197509765625">
        <ele>3984.800048828125</ele>
        <time>2026-08-21T03:16:02.000Z</time>
        <extensions>
          <ns3:TrackPointExtension>
            <ns3:hr>112</ns3:hr>
            <ns3:cad>0</ns3:cad>
          </ns3:TrackPointExtension>
        </extensions>
      </trkpt>
      <trkpt lat="29.42984984256327152252197265625" lon="83.22508293204009532928466796875">
        <ele>3985.199951171875</ele>
        <time>2026-08-21T03:16:03.000Z</time>
        <extensions>
          <ns3:TrackPointExtension>
            <ns3:hr>111</ns3:hr>
            <ns3:cad>0</ns3:cad>
          </ns3:TrackPointExtension>
        </extensions>
      </trkpt>
      <trkpt lat="29.42983366549015045166015625" lon="83.22512517683207988739013671875">
        <ele>3984.800048828125</ele>
        <time>2026-08-21T03:16:08.000Z</time>
        <extensions>
          <ns3:TrackPointExtension>
            <ns3:hr>111</ns3:hr>
            <ns3:cad>0</ns3:cad>
          </ns3:TrackPointExtension>
        </extensions>
      </trkpt>
      <trkpt lat="29.429819919168949127197265625" lon="83.22518133558332920074462890625">
        <ele>3985.199951171875</ele>
        <time>2026-08-21T03:16:14.000Z</time>
        <extensions>
          <ns3:TrackPointExtension>
            <ns3:hr>111</ns3:hr>
            <ns3:cad>0</ns3:cad>
          </ns3:TrackPointExtension>
        </extensions>
      </trkpt>
      <trkpt lat="29.42981178872287273406982421875" lon="83.225220479071140289306640625">
        <ele>3985.60009765625</ele>
        <time>2026-08-21T03:16:18.000Z</time>
        <extensions>
          <ns3:TrackPointExtension>
            <ns3:hr>108</ns3:hr>
            <ns3:cad>0</ns3:cad>
          </ns3:TrackPointExtension>
        </extensions>
      </trkpt>
      <trkpt lat="29.429807849228382110595703125" lon="83.22524067945778369903564453125">
        <ele>3985.60009765625</ele>
        <time>2026-08-21T03:16:20.000Z</time>
        <extensions>
          <ns3:TrackPointExtension>
            <ns3:hr>106</ns3:hr>
            <ns3:cad>0</ns3:cad>
          </ns3:TrackPointExtension>
        </extensions>
      </trkpt>
      <trkpt lat="29.42978136241436004638671875" lon="83.22529952041804790496826171875">
        <ele>3985.800048828125</ele>
        <time>2026-08-21T03:16:26.000Z</time>
        <extensions>
          <ns3:TrackPointExtension>
            <ns3:hr>107</ns3:hr>
            <ns3:cad>75</ns3:cad>
          </ns3:TrackPointExtension>
        </extensions>
      </trkpt>
      <trkpt lat="29.42977373488247394561767578125" lon="83.22530522011220455169677734375">
        <ele>3986.199951171875</ele>
        <time>2026-08-21T03:16:27.000Z</time>
        <extensions>
          <ns3:TrackPointExtension>
            <ns3:hr>107</ns3:hr>
            <ns3:cad>75</ns3:cad>
          </ns3:TrackPointExtension>
        </extensions>
      </trkpt>
      <trkpt lat="29.4297672808170318603515625" lon="83.22531066834926605224609375">
        <ele>3986.199951171875</ele>
        <time>2026-08-21T03:16:28.000Z</time>
        <extensions>
          <ns3:TrackPointExtension>
            <ns3:hr>108</ns3:hr>
            <ns3:cad>75</ns3:cad>
          </ns3:TrackPointExtension>
        </extensions>
      </trkpt>
      <trkpt lat="29.42974322475492954254150390625" lon="83.22532433085143566131591796875">
        <ele>3986.199951171875</ele>
        <time>2026-08-21T03:16:31.000Z</time>
        <extensions>
          <ns3:TrackPointExtension>
            <ns3:hr>108</ns3:hr>
            <ns3:cad>75</ns3:cad>
          </ns3:TrackPointExtension>
        </extensions>
      </trkpt>
      <trkpt lat="29.42968656308948993682861328125" lon="83.225331790745258331298828125">
        <ele>3986.199951171875</ele>
        <time>2026-08-21T03:16:37.000Z</time>
        <extensions>
          <ns3:TrackPointExtension>
            <ns3:hr>109</ns3:hr>
            <ns3:cad>0</ns3:cad>
          </ns3:TrackPointExtension>
        </extensions>
      </trkpt>
      <trkpt lat="29.4296775944530963897705078125" lon="83.22533237747848033905029296875">
        <ele>3986.39990234375</ele>
        <time>2026-08-21T03:16:38.000Z</time>
        <extensions>
          <ns3:TrackPointExtension>
            <ns3:hr>112</ns3:hr>
            <ns3:cad>0</ns3:cad>
          </ns3:TrackPointExtension>
        </extensions>
      </trkpt>
      <trkpt lat="29.42964188754558563232421875" lon="83.22532600723206996917724609375">
        <ele>3987</ele>
        <time>2026-08-21T03:16:43.000Z</time>
        <extensions>
          <ns3:TrackPointExtension>
            <ns3:hr>111</ns3:hr>
            <ns3:cad>0</ns3:cad>
          </ns3:TrackPointExtension>
        </extensions>
      </trkpt>
      <trkpt lat="29.42963392473757266998291015625" lon="83.2253255881369113922119140625">
        <ele>3987</ele>
        <time>2026-08-21T03:16:44.000Z</time>
        <extensions>
          <ns3:TrackPointExtension>
            <ns3:hr>110</ns3:hr>
            <ns3:cad>0</ns3:cad>
          </ns3:TrackPointExtension>
        </extensions>
      </trkpt>
      <trkpt lat="29.429604671895503997802734375" lon="83.2253239117562770843505859375">
        <ele>3987.39990234375</ele>
        <time>2026-08-21T03:16:48.000Z</time>
        <extensions>
          <ns3:TrackPointExtension>
            <ns3:hr>110</ns3:hr>
            <ns3:cad>0</ns3:cad>
          </ns3:TrackPointExtension>
        </extensions>
      </trkpt>
      <trkpt lat="29.42956955172121524810791015625" lon="83.22532366029918193817138671875">
        <ele>3988.39990234375</ele>
        <time>2026-08-21T03:16:52.000Z</time>
        <extensions>
          <ns3:TrackPointExtension>
            <ns3:hr>107</ns3:hr>
            <ns3:cad>0</ns3:cad>
          </ns3:TrackPointExtension>
        </extensions>
      </trkpt>
      <trkpt lat="29.42952445708215236663818359375" lon="83.22534528560936450958251953125">
        <ele>3988.800048828125</ele>
        <time>2026-08-21T03:16:58.000Z</time>
        <extensions>
          <ns3:TrackPointExtension>
            <ns3:hr>110</ns3:hr>
            <ns3:cad>0</ns3:cad>
          </ns3:TrackPointExtension>
        </extensions>
      </trkpt>
      <trkpt lat="29.4294776022434234619140625" lon="83.2253584451973438262939453125">
        <ele>3989.39990234375</ele>
        <time>2026-08-21T03:17:04.000Z</time>
        <extensions>
          <ns3:TrackPointExtension>
            <ns3:hr>111</ns3:hr>
            <ns3:cad>0</ns3:cad>
          </ns3:TrackPointExtension>
        </extensions>
      </trkpt>
      <trkpt lat="29.429470561444759368896484375" lon="83.2253617979586124420166015625">
        <ele>3989.39990234375</ele>
        <time>2026-08-21T03:17:05.000Z</time>
        <extensions>
          <ns3:TrackPointExtension>
            <ns3:hr>111</ns3:hr>
            <ns3:cad>0</ns3:cad>
          </ns3:TrackPointExtension>
        </extensions>
      </trkpt>
      <trkpt lat="29.429434351623058319091796875" lon="83.2253824174404144287109375">
        <ele>3989.60009765625</ele>
        <time>2026-08-21T03:17:10.000Z</time>
        <extensions>
          <ns3:TrackPointExtension>
            <ns3:hr>110</ns3:hr>
            <ns3:cad>75</ns3:cad>
          </ns3:TrackPointExtension>
        </extensions>
      </trkpt>
      <trkpt lat="29.42938984371721744537353515625" lon="83.225423991680145263671875">
        <ele>3989.60009765625</ele>
        <time>2026-08-21T03:17:16.000Z</time>
        <extensions>
          <ns3:TrackPointExtension>
            <ns3:hr>112</ns3:hr>
            <ns3:cad>0</ns3:cad>
          </ns3:TrackPointExtension>
        </extensions>
      </trkpt>
      <trkpt lat="29.4293845631182193756103515625" lon="83.22544586844742298126220703125">
        <ele>3989.60009765625</ele>
        <time>2026-08-21T03:17:18.000Z</time>
        <extensions>
          <ns3:TrackPointExtension>
            <ns3:hr>112</ns3:hr>
            <ns3:cad>0</ns3:cad>
          </ns3:TrackPointExtension>
        </extensions>
      </trkpt>
      <trkpt lat="29.429380707442760467529296875" lon="83.22548073716461658477783203125">
        <ele>3989.800048828125</ele>
        <time>2026-08-21T03:17:21.000Z</time>
        <extensions>
          <ns3:TrackPointExtension>
            <ns3:hr>111</ns3:hr>
            <ns3:cad>0</ns3:cad>
          </ns3:TrackPointExtension>
        </extensions>
      </trkpt>
      <trkpt lat="29.42936738021671772003173828125" lon="83.22552633471786975860595703125">
        <ele>3989.60009765625</ele>
        <time>2026-08-21T03:17:26.000Z</time>
        <extensions>
          <ns3:TrackPointExtension>
            <ns3:hr>112</ns3:hr>
            <ns3:cad>0</ns3:cad>
          </ns3:TrackPointExtension>
        </extensions>
      </trkpt>
      <trkpt lat="29.42935296334326267242431640625" lon="83.22557981126010417938232421875">
        <ele>3990.199951171875</ele>
        <time>2026-08-21T03:17:31.000Z</time>
        <extensions>
          <ns3:TrackPointExtension>
            <ns3:hr>112</ns3:hr>
            <ns3:cad>0</ns3:cad>
          </ns3:TrackPointExtension>
        </extensions>
      </trkpt>
      <trkpt lat="29.42933117039501667022705078125" lon="83.22563915513455867767333984375">
        <ele>3989.800048828125</ele>
        <time>2026-08-21T03:17:37.000Z</time>
        <extensions>
          <ns3:TrackPointExtension>
            <ns3:hr>111</ns3:hr>
            <ns3:cad>0</ns3:cad>
          </ns3:TrackPointExtension>
        </extensions>
      </trkpt>
      <trkpt lat="29.4293047674000263214111328125" lon="83.22568676434457302093505859375">
        <ele>3990.39990234375</ele>
        <time>2026-08-21T03:17:42.000Z</time>
        <extensions>
          <ns3:TrackPointExtension>
            <ns3:hr>110</ns3:hr>
            <ns3:cad>0</ns3:cad>
          </ns3:TrackPointExtension>
        </extensions>
      </trkpt>
      <trkpt lat="29.42927199415862560272216796875" lon="83.22573789395391941070556640625">
        <ele>3990.39990234375</ele>
        <time>2026-08-21T03:17:48.000Z</time>
        <extensions>
          <ns3:TrackPointExtension>
            <ns3:hr>109</ns3:hr>
            <ns3:cad>0</ns3:cad>
          </ns3:TrackPointExtension>
        </extensions>
      </trkpt>
      <trkpt lat="29.429251290857791900634765625" lon="83.225760944187641143798828125">
        <ele>3990.39990234375</ele>
        <time>2026-08-21T03:17:51.000Z</time>
        <extensions>
          <ns3:TrackPointExtension>
            <ns3:hr>110</ns3:hr>
            <ns3:cad>0</ns3:cad>
          </ns3:TrackPointExtension>
        </extensions>
      </trkpt>
      <trkpt lat="29.42924433387815952301025390625" lon="83.22576806880533695220947265625">
        <ele>3990.39990234375</ele>
        <time>2026-08-21T03:17:52.000Z</time>
        <extensions>
          <ns3:TrackPointExtension>
            <ns3:hr>110</ns3:hr>
            <ns3:cad>0</ns3:cad>
          </ns3:TrackPointExtension>
        </extensions>
      </trkpt>
      <trkpt lat="29.42921935580670833587646484375" lon="83.2257986627519130706787109375">
        <ele>3991</ele>
        <time>2026-08-21T03:17:56.000Z</time>
        <extensions>
          <ns3:TrackPointExtension>
            <ns3:hr>109</ns3:hr>
            <ns3:cad>0</ns3:cad>
          </ns3:TrackPointExtension>
        </extensions>
      </trkpt>
      <trkpt lat="29.429192952811717987060546875" lon="83.2258352078497409820556640625">
        <ele>3991.60009765625</ele>
        <time>2026-08-21T03:18:00.000Z</time>
        <extensions>
          <ns3:TrackPointExtension>
            <ns3:hr>107</ns3:hr>
            <ns3:cad>42</ns3:cad>
          </ns3:TrackPointExtension>
        </extensions>
      </trkpt>
      <trkpt lat="29.4291666336357593536376953125" lon="83.2258663885295391082763671875">
        <ele>3991.800048828125</ele>
        <time>2026-08-21T03:18:04.000Z</time>
        <extensions>
          <ns3:TrackPointExtension>
            <ns3:hr>108</ns3:hr>
            <ns3:cad>42</ns3:cad>
          </ns3:TrackPointExtension>
        </extensions>
      </trkpt>
      <trkpt lat="29.4291384704411029815673828125" lon="83.22591458447277545928955078125">
        <ele>3992.199951171875</ele>
        <time>2026-08-21T03:18:09.000Z</time>
        <extensions>
          <ns3:TrackPointExtension>
            <ns3:hr>108</ns3:hr>
            <ns3:cad>0</ns3:cad>
          </ns3:TrackPointExtension>
        </extensions>
      </trkpt>
      <trkpt lat="29.42911374382674694061279296875" lon="83.2259532250463962554931640625">
        <ele>3992.199951171875</ele>
        <time>2026-08-21T03:18:13.000Z</time>
        <extensions>
          <ns3:TrackPointExtension>
            <ns3:hr>108</ns3:hr>
            <ns3:cad>0</ns3:cad>
          </ns3:TrackPointExtension>
        </extensions>
      </trkpt>
      <trkpt lat="29.4290922023355960845947265625" lon="83.2259790413081645965576171875">
        <ele>3992.39990234375</ele>
        <time>2026-08-21T03:18:16.000Z</time>
        <extensions>
          <ns3:TrackPointExtension>
            <ns3:hr>108</ns3:hr>
            <ns3:cad>0</ns3:cad>
          </ns3:TrackPointExtension>
        </extensions>
      </trkpt>
      <trkpt lat="29.42907057702541351318359375" lon="83.2260041870176792144775390625">
        <ele>3992.800048828125</ele>
        <time>2026-08-21T03:18:19.000Z</time>
        <extensions>
          <ns3:TrackPointExtension>
            <ns3:hr>108</ns3:hr>
            <ns3:cad>0</ns3:cad>
          </ns3:TrackPointExtension>
        </extensions>
      </trkpt>
      <trkpt lat="29.4290538132190704345703125" lon="83.22601969353854656219482421875">
        <ele>3992.800048828125</ele>
        <time>2026-08-21T03:18:21.000Z</time>
        <extensions>
          <ns3:TrackPointExtension>
            <ns3:hr>108</ns3:hr>
            <ns3:cad>0</ns3:cad>
          </ns3:TrackPointExtension>
        </extensions>
      </trkpt>
      <trkpt lat="29.429035373032093048095703125" lon="83.22604467160999774932861328125">
        <ele>3992.39990234375</ele>
        <time>2026-08-21T03:18:24.000Z</time>
        <extensions>
          <ns3:TrackPointExtension>
            <ns3:hr>108</ns3:hr>
            <ns3:cad>0</ns3:cad>
          </ns3:TrackPointExtension>
        </extensions>
      </trkpt>
      <trkpt lat="29.42900486290454864501953125" lon="83.2260870002210140228271484375">
        <ele>3992.39990234375</ele>
        <time>2026-08-21T03:18:30.000Z</time>
        <extensions>
          <ns3:TrackPointExtension>
            <ns3:hr>107</ns3:hr>
            <ns3:cad>0</ns3:cad>
          </ns3:TrackPointExtension>
        </extensions>
      </trkpt>
      <trkpt lat="29.42897410131990909576416015625" lon="83.226134777069091796875">
        <ele>3993</ele>
        <time>2026-08-21T03:18:35.000Z</time>
        <extensions>
          <ns3:TrackPointExtension>
            <ns3:hr>106</ns3:hr>
            <ns3:cad>0</ns3:cad>
          </ns3:TrackPointExtension>
        </extensions>
      </trkpt>
      <trkpt lat="29.42894660867750644683837890625" lon="83.226200826466083526611328125">
        <ele>3993.39990234375</ele>
        <time>2026-08-21T03:18:41.000Z</time>
        <extensions>
          <ns3:TrackPointExtension>
            <ns3:hr>105</ns3:hr>
            <ns3:cad>0</ns3:cad>
          </ns3:TrackPointExtension>
        </extensions>
      </trkpt>
      <trkpt lat="29.42891777493059635162353515625" lon="83.22625069878995418548583984375">
        <ele>3993</ele>
        <time>2026-08-21T03:18:46.000Z</time>
        <extensions>
          <ns3:TrackPointExtension>
            <ns3:hr>105</ns3:hr>
            <ns3:cad>0</ns3:cad>
          </ns3:TrackPointExtension>
        </extensions>
      </trkpt>
      <trkpt lat="29.42891190759837627410888671875" lon="83.226259164512157440185546875">
        <ele>3992.60009765625</ele>
        <time>2026-08-21T03:18:47.000Z</time>
        <extensions>
          <ns3:TrackPointExtension>
            <ns3:hr>105</ns3:hr>
            <ns3:cad>0</ns3:cad>
          </ns3:TrackPointExtension>
        </extensions>
      </trkpt>
      <trkpt lat="29.428905956447124481201171875" lon="83.22626888751983642578125">
        <ele>3992.60009765625</ele>
        <time>2026-08-21T03:18:48.000Z</time>
        <extensions>
          <ns3:TrackPointExtension>
            <ns3:hr>105</ns3:hr>
            <ns3:cad>0</ns3:cad>
          </ns3:TrackPointExtension>
        </extensions>
      </trkpt>
      <trkpt lat="29.428889863193035125732421875" lon="83.22629914619028568267822265625">
        <ele>3993</ele>
        <time>2026-08-21T03:18:51.000Z</time>
        <extensions>
          <ns3:TrackPointExtension>
            <ns3:hr>104</ns3:hr>
            <ns3:cad>0</ns3:cad>
          </ns3:TrackPointExtension>
        </extensions>
      </trkpt>
      <trkpt lat="29.42886765114963054656982421875" lon="83.2263587415218353271484375">
        <ele>3993.60009765625</ele>
        <time>2026-08-21T03:18:57.000Z</time>
        <extensions>
          <ns3:TrackPointExtension>
            <ns3:hr>104</ns3:hr>
            <ns3:cad>0</ns3:cad>
          </ns3:TrackPointExtension>
        </extensions>
      </trkpt>
      <trkpt lat="29.42885591648519039154052734375" lon="83.22639562189579010009765625">
        <ele>3993.39990234375</ele>
        <time>2026-08-21T03:19:02.000Z</time>
        <extensions>
          <ns3:TrackPointExtension>
            <ns3:hr>105</ns3:hr>
            <ns3:cad>0</ns3:cad>
          </ns3:TrackPointExtension>
        </extensions>
      </trkpt>
      <trkpt lat="29.42883730866014957427978515625" lon="83.22643049061298370361328125">
        <ele>3993.60009765625</ele>
        <time>2026-08-21T03:19:06.000Z</time>
        <extensions>
          <ns3:TrackPointExtension>
            <ns3:hr>104</ns3:hr>
            <ns3:cad>0</ns3:cad>
          </ns3:TrackPointExtension>
        </extensions>
      </trkpt>
      <trkpt lat="29.4288162700831890106201171875" lon="83.2264660298824310302734375">
        <ele>3994</ele>
        <time>2026-08-21T03:19:10.000Z</time>
        <extensions>
          <ns3:TrackPointExtension>
            <ns3:hr>103</ns3:hr>
            <ns3:cad>0</ns3:cad>
          </ns3:TrackPointExtension>
        </extensions>
      </trkpt>
      <trkpt lat="29.42878425121307373046875" lon="83.2265335880219936370849609375">
        <ele>3994.199951171875</ele>
        <time>2026-08-21T03:19:17.000Z</time>
        <extensions>
          <ns3:TrackPointExtension>
            <ns3:hr>103</ns3:hr>
            <ns3:cad>0</ns3:cad>
          </ns3:TrackPointExtension>
        </extensions>
      </trkpt>
      <trkpt lat="29.4287565909326076507568359375" lon="83.2266016490757465362548828125">
        <ele>3994.60009765625</ele>
        <time>2026-08-21T03:19:23.000Z</time>
        <extensions>
          <ns3:TrackPointExtension>
            <ns3:hr>105</ns3:hr>
            <ns3:cad>0</ns3:cad>
          </ns3:TrackPointExtension>
        </extensions>
      </trkpt>
      <trkpt lat="29.42871845327317714691162109375" lon="83.2266697101294994354248046875">
        <ele>3994.60009765625</ele>
        <time>2026-08-21T03:19:29.000Z</time>
        <extensions>
          <ns3:TrackPointExtension>
            <ns3:hr>106</ns3:hr>
            <ns3:cad>0</ns3:cad>
          </ns3:TrackPointExtension>
        </extensions>
      </trkpt>
      <trkpt lat="29.428695403039455413818359375" lon="83.2267230190336704254150390625">
        <ele>3994.60009765625</ele>
        <time>2026-08-21T03:19:34.000Z</time>
        <extensions>
          <ns3:TrackPointExtension>
            <ns3:hr>106</ns3:hr>
            <ns3:cad>0</ns3:cad>
          </ns3:TrackPointExtension>
        </extensions>
      </trkpt>
      <trkpt lat="29.42867654375731945037841796875" lon="83.22677113115787506103515625">
        <ele>3994.60009765625</ele>
        <time>2026-08-21T03:19:39.000Z</time>
        <extensions>
          <ns3:TrackPointExtension>
            <ns3:hr>106</ns3:hr>
            <ns3:cad>0</ns3:cad>
          </ns3:TrackPointExtension>
        </extensions>
      </trkpt>
      <trkpt lat="29.42866967059671878814697265625" lon="83.2267947681248188018798828125">
        <ele>3994.60009765625</ele>
        <time>2026-08-21T03:19:41.000Z</time>
        <extensions>
          <ns3:TrackPointExtension>
            <ns3:hr>105</ns3:hr>
            <ns3:cad>0</ns3:cad>
          </ns3:TrackPointExtension>
        </extensions>
      </trkpt>
      <trkpt lat="29.4286583550274372100830078125" lon="83.22682435624301433563232421875">
        <ele>3994.800048828125</ele>
        <time>2026-08-21T03:19:44.000Z</time>
        <extensions>
          <ns3:TrackPointExtension>
            <ns3:hr>106</ns3:hr>
            <ns3:cad>0</ns3:cad>
          </ns3:TrackPointExtension>
        </extensions>
      </trkpt>
      <trkpt lat="29.4286412559449672698974609375" lon="83.22685134597122669219970703125">
        <ele>3994.800048828125</ele>
        <time>2026-08-21T03:19:47.000Z</time>
        <extensions>
          <ns3:TrackPointExtension>
            <ns3:hr>103</ns3:hr>
            <ns3:cad>0</ns3:cad>
          </ns3:TrackPointExtension>
        </extensions>
      </trkpt>
      <trkpt lat="29.4286295212805271148681640625" lon="83.2268728874623775482177734375">
        <ele>3994.60009765625</ele>
        <time>2026-08-21T03:19:49.000Z</time>
        <extensions>
          <ns3:TrackPointExtension>
            <ns3:hr>102</ns3:hr>
            <ns3:cad>0</ns3:cad>
          </ns3:TrackPointExtension>
        </extensions>
      </trkpt>
      <trkpt lat="29.42858048714697360992431640625" lon="83.2269288785755634307861328125">
        <ele>3994.39990234375</ele>
        <time>2026-08-21T03:19:55.000Z</time>
        <extensions>
          <ns3:TrackPointExtension>
            <ns3:hr>102</ns3:hr>
            <ns3:cad>0</ns3:cad>
          </ns3:TrackPointExtension>
        </extensions>
      </trkpt>
      <trkpt lat="29.42855014465749263763427734375" lon="83.22697556577622890472412109375">
        <ele>3994.39990234375</ele>
        <time>2026-08-21T03:20:00.000Z</time>
        <extensions>
          <ns3:TrackPointExtension>
            <ns3:hr>101</ns3:hr>
            <ns3:cad>0</ns3:cad>
          </ns3:TrackPointExtension>
        </extensions>
      </trkpt>
      <trkpt lat="29.4285309500992298126220703125" lon="83.22702216915786266326904296875">
        <ele>3994.800048828125</ele>
        <time>2026-08-21T03:20:05.000Z</time>
        <extensions>
          <ns3:TrackPointExtension>
            <ns3:hr>102</ns3:hr>
            <ns3:cad>74</ns3:cad>
          </ns3:TrackPointExtension>
        </extensions>
      </trkpt>
      <trkpt lat="29.4285081513226032257080078125" lon="83.22708201594650745391845703125">
        <ele>3994.60009765625</ele>
        <time>2026-08-21T03:20:11.000Z</time>
        <extensions>
          <ns3:TrackPointExtension>
            <ns3:hr>102</ns3:hr>
            <ns3:cad>40</ns3:cad>
          </ns3:TrackPointExtension>
        </extensions>
      </trkpt>
      <trkpt lat="29.428459368646144866943359375" lon="83.22715393267571926116943359375">
        <ele>3995</ele>
        <time>2026-08-21T03:20:18.000Z</time>
        <extensions>
          <ns3:TrackPointExtension>
            <ns3:hr>103</ns3:hr>
            <ns3:cad>0</ns3:cad>
          </ns3:TrackPointExtension>
        </extensions>
      </trkpt>
      <trkpt lat="29.428429864346981048583984375" lon="83.22721411474049091339111328125">
        <ele>3994.60009765625</ele>
        <time>2026-08-21T03:20:24.000Z</time>
        <extensions>
          <ns3:TrackPointExtension>
            <ns3:hr>102</ns3:hr>
            <ns3:cad>50</ns3:cad>
          </ns3:TrackPointExtension>
        </extensions>
      </trkpt>
      <trkpt lat="29.428415112197399139404296875" lon="83.22726205922663211822509765625">
        <ele>3995</ele>
        <time>2026-08-21T03:20:29.000Z</time>
        <extensions>
          <ns3:TrackPointExtension>
            <ns3:hr>102</ns3:hr>
            <ns3:cad>45</ns3:cad>
          </ns3:TrackPointExtension>
        </extensions>
      </trkpt>
      <trkpt lat="29.42839859984815120697021484375" lon="83.227334730327129364013671875">
        <ele>3995</ele>
        <time>2026-08-21T03:20:36.000Z</time>
        <extensions>
          <ns3:TrackPointExtension>
            <ns3:hr>100</ns3:hr>
            <ns3:cad>0</ns3:cad>
          </ns3:TrackPointExtension>
        </extensions>
      </trkpt>
      <trkpt lat="29.42837429232895374298095703125" lon="83.22739885188639163970947265625">
        <ele>3995.199951171875</ele>
        <time>2026-08-21T03:20:42.000Z</time>
        <extensions>
          <ns3:TrackPointExtension>
            <ns3:hr>98</ns3:hr>
            <ns3:cad>0</ns3:cad>
          </ns3:TrackPointExtension>
        </extensions>
      </trkpt>
      <trkpt lat="29.4283639825880527496337890625" lon="83.227419219911098480224609375">
        <ele>3995.199951171875</ele>
        <time>2026-08-21T03:20:44.000Z</time>
        <extensions>
          <ns3:TrackPointExtension>
            <ns3:hr>98</ns3:hr>
            <ns3:cad>42</ns3:cad>
          </ns3:TrackPointExtension>
        </extensions>
      </trkpt>
      <trkpt lat="29.4283556006848812103271484375" lon="83.22744034230709075927734375">
        <ele>3995.39990234375</ele>
        <time>2026-08-21T03:20:46.000Z</time>
        <extensions>
          <ns3:TrackPointExtension>
            <ns3:hr>98</ns3:hr>
            <ns3:cad>42</ns3:cad>
          </ns3:TrackPointExtension>
        </extensions>
      </trkpt>
      <trkpt lat="29.42833774723112583160400390625" lon="83.22748367674648761749267578125">
        <ele>3995.39990234375</ele>
        <time>2026-08-21T03:20:50.000Z</time>
        <extensions>
          <ns3:TrackPointExtension>
            <ns3:hr>102</ns3:hr>
            <ns3:cad>0</ns3:cad>
          </ns3:TrackPointExtension>
        </extensions>
      </trkpt>
      <trkpt lat="29.4283287785947322845458984375" lon="83.2275015302002429962158203125">
        <ele>3995.60009765625</ele>
        <time>2026-08-21T03:20:52.000Z</time>
        <extensions>
          <ns3:TrackPointExtension>
            <ns3:hr>104</ns3:hr>
            <ns3:cad>0</ns3:cad>
          </ns3:TrackPointExtension>
        </extensions>
      </trkpt>
      <trkpt lat="29.428319223225116729736328125" lon="83.22752072475850582122802734375">
        <ele>3995.800048828125</ele>
        <time>2026-08-21T03:20:54.000Z</time>
        <extensions>
          <ns3:TrackPointExtension>
            <ns3:hr>103</ns3:hr>
            <ns3:cad>40</ns3:cad>
          </ns3:TrackPointExtension>
        </extensions>
      </trkpt>
      <trkpt lat="29.4283089973032474517822265625" lon="83.22756514884531497955322265625">
        <ele>3995.199951171875</ele>
        <time>2026-08-21T03:20:58.000Z</time>
        <extensions>
          <ns3:TrackPointExtension>
            <ns3:hr>104</ns3:hr>
            <ns3:cad>0</ns3:cad>
          </ns3:TrackPointExtension>
        </extensions>
      </trkpt>
      <trkpt lat="29.42830371670424938201904296875" lon="83.2276383228600025177001953125">
        <ele>3995.60009765625</ele>
        <time>2026-08-21T03:21:04.000Z</time>
        <extensions>
          <ns3:TrackPointExtension>
            <ns3:hr>108</ns3:hr>
            <ns3:cad>0</ns3:cad>
          </ns3:TrackPointExtension>
        </extensions>
      </trkpt>
      <trkpt lat="29.42829583771526813507080078125" lon="83.2276809029281139373779296875">
        <ele>3995.199951171875</ele>
        <time>2026-08-21T03:21:08.000Z</time>
        <extensions>
          <ns3:TrackPointExtension>
            <ns3:hr>111</ns3:hr>
            <ns3:cad>0</ns3:cad>
          </ns3:TrackPointExtension>
        </extensions>
      </trkpt>
      <trkpt lat="29.428288042545318603515625" lon="83.2277020253241062164306640625">
        <ele>3995.199951171875</ele>
        <time>2026-08-21T03:21:10.000Z</time>
        <extensions>
          <ns3:TrackPointExtension>
            <ns3:hr>112</ns3:hr>
            <ns3:cad>0</ns3:cad>
          </ns3:TrackPointExtension>
        </extensions>
      </trkpt>
      <trkpt lat="29.4282831810414791107177734375" lon="83.2277239859104156494140625">
        <ele>3995.60009765625</ele>
        <time>2026-08-21T03:21:12.000Z</time>
        <extensions>
          <ns3:TrackPointExtension>
            <ns3:hr>108</ns3:hr>
            <ns3:cad>0</ns3:cad>
          </ns3:TrackPointExtension>
        </extensions>
      </trkpt>
      <trkpt lat="29.4282815046608448028564453125" lon="83.22773496620357036590576171875">
        <ele>3995.800048828125</ele>
        <time>2026-08-21T03:21:13.000Z</time>
        <extensions>
          <ns3:TrackPointExtension>
            <ns3:hr>105</ns3:hr>
            <ns3:cad>0</ns3:cad>
          </ns3:TrackPointExtension>
        </extensions>
      </trkpt>
      <trkpt lat="29.42827136255800724029541015625" lon="83.22777989320456981658935546875">
        <ele>3996.39990234375</ele>
        <time>2026-08-21T03:21:17.000Z</time>
        <extensions>
          <ns3:TrackPointExtension>
            <ns3:hr>103</ns3:hr>
            <ns3:cad>0</ns3:cad>
          </ns3:TrackPointExtension>
        </extensions>
      </trkpt>
      <trkpt lat="29.42825711332261562347412109375" lon="83.2278227247297763824462890625">
        <ele>3996.199951171875</ele>
        <time>2026-08-21T03:21:21.000Z</time>
        <extensions>
          <ns3:TrackPointExtension>
            <ns3:hr>104</ns3:hr>
            <ns3:cad>43</ns3:cad>
          </ns3:TrackPointExtension>
        </extensions>
      </trkpt>
      <trkpt lat="29.42823414690792560577392578125" lon="83.2278860919177532196044921875">
        <ele>3996.60009765625</ele>
        <time>2026-08-21T03:21:27.000Z</time>
        <extensions>
          <ns3:TrackPointExtension>
            <ns3:hr>104</ns3:hr>
            <ns3:cad>0</ns3:cad>
          </ns3:TrackPointExtension>
        </extensions>
      </trkpt>
      <trkpt lat="29.42822073586285114288330078125" lon="83.2279316894710063934326171875">
        <ele>3996.39990234375</ele>
        <time>2026-08-21T03:21:31.000Z</time>
        <extensions>
          <ns3:TrackPointExtension>
            <ns3:hr>102</ns3:hr>
            <ns3:cad>0</ns3:cad>
          </ns3:TrackPointExtension>
        </extensions>
      </trkpt>
      <trkpt lat="29.42820950411260128021240234375" lon="83.2279856689274311065673828125">
        <ele>3996.60009765625</ele>
        <time>2026-08-21T03:21:36.000Z</time>
        <extensions>
          <ns3:TrackPointExtension>
            <ns3:hr>103</ns3:hr>
            <ns3:cad>0</ns3:cad>
          </ns3:TrackPointExtension>
        </extensions>
      </trkpt>
      <trkpt lat="29.42820296622812747955322265625" lon="83.228013999760150909423828125">
        <ele>3996.800048828125</ele>
        <time>2026-08-21T03:21:39.000Z</time>
        <extensions>
          <ns3:TrackPointExtension>
            <ns3:hr>104</ns3:hr>
            <ns3:cad>0</ns3:cad>
          </ns3:TrackPointExtension>
        </extensions>
      </trkpt>
      <trkpt lat="29.42819542251527309417724609375" lon="83.22802967391908168792724609375">
        <ele>3996.60009765625</ele>
        <time>2026-08-21T03:21:41.000Z</time>
        <extensions>
          <ns3:TrackPointExtension>
            <ns3:hr>104</ns3:hr>
            <ns3:cad>0</ns3:cad>
          </ns3:TrackPointExtension>
        </extensions>
      </trkpt>
      <trkpt lat="29.42817010916769504547119140625" lon="83.22807543911039829254150390625">
        <ele>3997</ele>
        <time>2026-08-21T03:21:46.000Z</time>
        <extensions>
          <ns3:TrackPointExtension>
            <ns3:hr>103</ns3:hr>
            <ns3:cad>0</ns3:cad>
          </ns3:TrackPointExtension>
        </extensions>
      </trkpt>
      <trkpt lat="29.4281484000384807586669921875" lon="83.22813327424228191375732421875">
        <ele>3997.60009765625</ele>
        <time>2026-08-21T03:21:51.000Z</time>
        <extensions>
          <ns3:TrackPointExtension>
            <ns3:hr>104</ns3:hr>
            <ns3:cad>0</ns3:cad>
          </ns3:TrackPointExtension>
        </extensions>
      </trkpt>
      <trkpt lat="29.428130798041820526123046875" lon="83.22818758897483348846435546875">
        <ele>3997.800048828125</ele>
        <time>2026-08-21T03:21:56.000Z</time>
        <extensions>
          <ns3:TrackPointExtension>
            <ns3:hr>103</ns3:hr>
            <ns3:cad>0</ns3:cad>
          </ns3:TrackPointExtension>
        </extensions>
      </trkpt>
      <trkpt lat="29.4281185604631900787353515625" lon="83.2282371260225772857666015625">
        <ele>3998</ele>
        <time>2026-08-21T03:22:01.000Z</time>
        <extensions>
          <ns3:TrackPointExtension>
            <ns3:hr>103</ns3:hr>
            <ns3:cad>0</ns3:cad>
          </ns3:TrackPointExtension>
        </extensions>
      </trkpt>
      <trkpt lat="29.42811436951160430908203125" lon="83.228248022496700286865234375">
        <ele>3998</ele>
        <time>2026-08-21T03:22:02.000Z</time>
        <extensions>
          <ns3:TrackPointExtension>
            <ns3:hr>103</ns3:hr>
            <ns3:cad>0</ns3:cad>
          </ns3:TrackPointExtension>
        </extensions>
      </trkpt>
      <trkpt lat="29.42809291183948516845703125" lon="83.2282964698970317840576171875">
        <ele>3998.199951171875</ele>
        <time>2026-08-21T03:22:07.000Z</time>
        <extensions>
          <ns3:TrackPointExtension>
            <ns3:hr>104</ns3:hr>
            <ns3:cad>0</ns3:cad>
          </ns3:TrackPointExtension>
        </extensions>
      </trkpt>
      <trkpt lat="29.42806608974933624267578125" lon="83.22835925035178661346435546875">
        <ele>3998.39990234375</ele>
        <time>2026-08-21T03:22:13.000Z</time>
        <extensions>
          <ns3:TrackPointExtension>
            <ns3:hr>104</ns3:hr>
            <ns3:cad>0</ns3:cad>
          </ns3:TrackPointExtension>
        </extensions>
      </trkpt>
      <trkpt lat="29.4280464760959148406982421875" lon="83.228392191231250762939453125">
        <ele>3998.800048828125</ele>
        <time>2026-08-21T03:22:17.000Z</time>
        <extensions>
          <ns3:TrackPointExtension>
            <ns3:hr>106</ns3:hr>
            <ns3:cad>45</ns3:cad>
          </ns3:TrackPointExtension>
        </extensions>
      </trkpt>
      <trkpt lat="29.4280344061553478240966796875" lon="83.2284094579517841339111328125">
        <ele>3999</ele>
        <time>2026-08-21T03:22:19.000Z</time>
        <extensions>
          <ns3:TrackPointExtension>
            <ns3:hr>106</ns3:hr>
            <ns3:cad>45</ns3:cad>
          </ns3:TrackPointExtension>
        </extensions>
      </trkpt>
      <trkpt lat="29.42799903452396392822265625" lon="83.22848095558583736419677734375">
        <ele>3999.39990234375</ele>
        <time>2026-08-21T03:22:26.000Z</time>
        <extensions>
          <ns3:TrackPointExtension>
            <ns3:hr>107</ns3:hr>
            <ns3:cad>0</ns3:cad>
          </ns3:TrackPointExtension>
        </extensions>
      </trkpt>
      <trkpt lat="29.42798118107020854949951171875" lon="83.2285204343497753143310546875">
        <ele>3999.60009765625</ele>
        <time>2026-08-21T03:22:30.000Z</time>
        <extensions>
          <ns3:TrackPointExtension>
            <ns3:hr>107</ns3:hr>
            <ns3:cad>0</ns3:cad>
          </ns3:TrackPointExtension>
        </extensions>
      </trkpt>
      <trkpt lat="29.42795854993164539337158203125" lon="83.22856293059885501861572265625">
        <ele>3999.800048828125</ele>
        <time>2026-08-21T03:22:35.000Z</time>
        <extensions>
          <ns3:TrackPointExtension>
            <ns3:hr>108</ns3:hr>
            <ns3:cad>64</ns3:cad>
          </ns3:TrackPointExtension>
        </extensions>
      </trkpt>
      <trkpt lat="29.42795385606586933135986328125" lon="83.22857298888266086578369140625">
        <ele>3999.800048828125</ele>
        <time>2026-08-21T03:22:36.000Z</time>
        <extensions>
          <ns3:TrackPointExtension>
            <ns3:hr>108</ns3:hr>
            <ns3:cad>64</ns3:cad>
          </ns3:TrackPointExtension>
        </extensions>
      </trkpt>
      <trkpt lat="29.4279284588992595672607421875" lon="83.22862981818616390228271484375">
        <ele>4000</ele>
        <time>2026-08-21T03:22:41.000Z</time>
        <extensions>
          <ns3:TrackPointExtension>
            <ns3:hr>107</ns3:hr>
            <ns3:cad>0</ns3:cad>
          </ns3:TrackPointExtension>
        </extensions>
      </trkpt>
      <trkpt lat="29.427896775305271148681640625" lon="83.22868916206061840057373046875">
        <ele>4000.199951171875</ele>
        <time>2026-08-21T03:22:47.000Z</time>
        <extensions>
          <ns3:TrackPointExtension>
            <ns3:hr>108</ns3:hr>
            <ns3:cad>0</ns3:cad>
          </ns3:TrackPointExtension>
        </extensions>
      </trkpt>
      <trkpt lat="29.4278657622635364532470703125" lon="83.22873509488999843597412109375">
        <ele>4000.60009765625</ele>
        <time>2026-08-21T03:22:52.000Z</time>
        <extensions>
          <ns3:TrackPointExtension>
            <ns3:hr>108</ns3:hr>
            <ns3:cad>0</ns3:cad>
          </ns3:TrackPointExtension>
        </extensions>
      </trkpt>
      <trkpt lat="29.42783315666019916534423828125" lon="83.2287956960499286651611328125">
        <ele>4000.39990234375</ele>
        <time>2026-08-21T03:22:58.000Z</time>
        <extensions>
          <ns3:TrackPointExtension>
            <ns3:hr>108</ns3:hr>
            <ns3:cad>0</ns3:cad>
          </ns3:TrackPointExtension>
        </extensions>
      </trkpt>
      <trkpt lat="29.42780365236103534698486328125" lon="83.2288577221333980560302734375">
        <ele>4000.800048828125</ele>
        <time>2026-08-21T03:23:04.000Z</time>
        <extensions>
          <ns3:TrackPointExtension>
            <ns3:hr>110</ns3:hr>
            <ns3:cad>0</ns3:cad>
          </ns3:TrackPointExtension>
        </extensions>
      </trkpt>
      <trkpt lat="29.42778035067021846771240234375" lon="83.22889736853539943695068359375">
        <ele>4000.60009765625</ele>
        <time>2026-08-21T03:23:08.000Z</time>
        <extensions>
          <ns3:TrackPointExtension>
            <ns3:hr>110</ns3:hr>
            <ns3:cad>0</ns3:cad>
          </ns3:TrackPointExtension>
        </extensions>
      </trkpt>
      <trkpt lat="29.4277671910822391510009765625" lon="83.228909187018871307373046875">
        <ele>4000.39990234375</ele>
        <time>2026-08-21T03:23:10.000Z</time>
        <extensions>
          <ns3:TrackPointExtension>
            <ns3:hr>109</ns3:hr>
            <ns3:cad>0</ns3:cad>
          </ns3:TrackPointExtension>
        </extensions>
      </trkpt>
      <trkpt lat="29.4277583062648773193359375" lon="83.22891748510301113128662109375">
        <ele>4000.39990234375</ele>
        <time>2026-08-21T03:23:11.000Z</time>
        <extensions>
          <ns3:TrackPointExtension>
            <ns3:hr>109</ns3:hr>
            <ns3:cad>0</ns3:cad>
          </ns3:TrackPointExtension>
        </extensions>
      </trkpt>
      <trkpt lat="29.4277296401560306549072265625" lon="83.22893701493740081787109375">
        <ele>4000.60009765625</ele>
        <time>2026-08-21T03:23:14.000Z</time>
        <extensions>
          <ns3:TrackPointExtension>
            <ns3:hr>108</ns3:hr>
            <ns3:cad>0</ns3:cad>
          </ns3:TrackPointExtension>
        </extensions>
      </trkpt>
      <trkpt lat="29.4276843778789043426513671875" lon="83.2289707101881504058837890625">
        <ele>4000.800048828125</ele>
        <time>2026-08-21T03:23:19.000Z</time>
        <extensions>
          <ns3:TrackPointExtension>
            <ns3:hr>108</ns3:hr>
            <ns3:cad>0</ns3:cad>
          </ns3:TrackPointExtension>
        </extensions>
      </trkpt>
      <trkpt lat="29.42767624743282794952392578125" lon="83.22897733189165592193603515625">
        <ele>4001</ele>
        <time>2026-08-21T03:23:20.000Z</time>
        <extensions>
          <ns3:TrackPointExtension>
            <ns3:hr>108</ns3:hr>
            <ns3:cad>0</ns3:cad>
          </ns3:TrackPointExtension>
        </extensions>
      </trkpt>
      <trkpt lat="29.42763819359242916107177734375" lon="83.2290183193981647491455078125">
        <ele>4001.199951171875</ele>
        <time>2026-08-21T03:23:25.000Z</time>
        <extensions>
          <ns3:TrackPointExtension>
            <ns3:hr>108</ns3:hr>
            <ns3:cad>0</ns3:cad>
          </ns3:TrackPointExtension>
        </extensions>
      </trkpt>
      <trkpt lat="29.42760131321847438812255859375" lon="83.22905964218080043792724609375">
        <ele>4001.199951171875</ele>
        <time>2026-08-21T03:23:30.000Z</time>
        <extensions>
          <ns3:TrackPointExtension>
            <ns3:hr>108</ns3:hr>
            <ns3:cad>0</ns3:cad>
          </ns3:TrackPointExtension>
        </extensions>
      </trkpt>
      <trkpt lat="29.42755705676972866058349609375" lon="83.22910792194306850433349609375">
        <ele>4001.60009765625</ele>
        <time>2026-08-21T03:23:36.000Z</time>
        <extensions>
          <ns3:TrackPointExtension>
            <ns3:hr>108</ns3:hr>
            <ns3:cad>0</ns3:cad>
          </ns3:TrackPointExtension>
        </extensions>
      </trkpt>
      <trkpt lat="29.4275142252445220947265625" lon="83.2291588000953197479248046875">
        <ele>4001.39990234375</ele>
        <time>2026-08-21T03:23:42.000Z</time>
        <extensions>
          <ns3:TrackPointExtension>
            <ns3:hr>108</ns3:hr>
            <ns3:cad>0</ns3:cad>
          </ns3:TrackPointExtension>
        </extensions>
      </trkpt>
      <trkpt lat="29.427466951310634613037109375" lon="83.229218311607837677001953125">
        <ele>4001.39990234375</ele>
        <time>2026-08-21T03:23:48.000Z</time>
        <extensions>
          <ns3:TrackPointExtension>
            <ns3:hr>106</ns3:hr>
            <ns3:cad>0</ns3:cad>
          </ns3:TrackPointExtension>
        </extensions>
      </trkpt>
      <trkpt lat="29.4274459965527057647705078125" lon="83.22928008623421192169189453125">
        <ele>4001.39990234375</ele>
        <time>2026-08-21T03:23:54.000Z</time>
        <extensions>
          <ns3:TrackPointExtension>
            <ns3:hr>104</ns3:hr>
            <ns3:cad>0</ns3:cad>
          </ns3:TrackPointExtension>
        </extensions>
      </trkpt>
      <trkpt lat="29.4274322502315044403076171875" lon="83.2293532602488994598388671875">
        <ele>4001.199951171875</ele>
        <time>2026-08-21T03:24:00.000Z</time>
        <extensions>
          <ns3:TrackPointExtension>
            <ns3:hr>104</ns3:hr>
            <ns3:cad>0</ns3:cad>
          </ns3:TrackPointExtension>
        </extensions>
      </trkpt>
      <trkpt lat="29.4274149835109710693359375" lon="83.22941855527460575103759765625">
        <ele>4001.39990234375</ele>
        <time>2026-08-21T03:24:06.000Z</time>
        <extensions>
          <ns3:TrackPointExtension>
            <ns3:hr>104</ns3:hr>
            <ns3:cad>0</ns3:cad>
          </ns3:TrackPointExtension>
        </extensions>
      </trkpt>
      <trkpt lat="29.427391178905963897705078125" lon="83.229483179748058319091796875">
        <ele>4000.60009765625</ele>
        <time>2026-08-21T03:24:12.000Z</time>
        <extensions>
          <ns3:TrackPointExtension>
            <ns3:hr>103</ns3:hr>
            <ns3:cad>0</ns3:cad>
          </ns3:TrackPointExtension>
        </extensions>
      </trkpt>
      <trkpt lat="29.4273732416331768035888671875" lon="83.22952768765389919281005859375">
        <ele>4000.60009765625</ele>
        <time>2026-08-21T03:24:16.000Z</time>
        <extensions>
          <ns3:TrackPointExtension>
            <ns3:hr>104</ns3:hr>
            <ns3:cad>0</ns3:cad>
          </ns3:TrackPointExtension>
        </extensions>
      </trkpt>
      <trkpt lat="29.4273621775209903717041015625" lon="83.229549229145050048828125">
        <ele>4000.39990234375</ele>
        <time>2026-08-21T03:24:18.000Z</time>
        <extensions>
          <ns3:TrackPointExtension>
            <ns3:hr>103</ns3:hr>
            <ns3:cad>0</ns3:cad>
          </ns3:TrackPointExtension>
        </extensions>
      </trkpt>
      <trkpt lat="29.4273256324231624603271484375" lon="83.22962625883519649505615234375">
        <ele>3999.800048828125</ele>
        <time>2026-08-21T03:24:25.000Z</time>
        <extensions>
          <ns3:TrackPointExtension>
            <ns3:hr>102</ns3:hr>
            <ns3:cad>0</ns3:cad>
          </ns3:TrackPointExtension>
        </extensions>
      </trkpt>
      <trkpt lat="29.427295625209808349609375" lon="83.2296902127563953399658203125">
        <ele>3999.800048828125</ele>
        <time>2026-08-21T03:24:31.000Z</time>
        <extensions>
          <ns3:TrackPointExtension>
            <ns3:hr>102</ns3:hr>
            <ns3:cad>48</ns3:cad>
          </ns3:TrackPointExtension>
        </extensions>
      </trkpt>
      <trkpt lat="29.42727240733802318572998046875" lon="83.22975969873368740081787109375">
        <ele>3999.60009765625</ele>
        <time>2026-08-21T03:24:37.000Z</time>
        <extensions>
          <ns3:TrackPointExtension>
            <ns3:hr>102</ns3:hr>
            <ns3:cad>0</ns3:cad>
          </ns3:TrackPointExtension>
        </extensions>
      </trkpt>
      <trkpt lat="29.42725832574069499969482421875" lon="83.22981552220880985260009765625">
        <ele>3999.60009765625</ele>
        <time>2026-08-21T03:24:42.000Z</time>
        <extensions>
          <ns3:TrackPointExtension>
            <ns3:hr>100</ns3:hr>
            <ns3:cad>51</ns3:cad>
          </ns3:TrackPointExtension>
        </extensions>
      </trkpt>
      <trkpt lat="29.427252374589443206787109375" lon="83.2298384048044681549072265625">
        <ele>3999.60009765625</ele>
        <time>2026-08-21T03:24:44.000Z</time>
        <extensions>
          <ns3:TrackPointExtension>
            <ns3:hr>102</ns3:hr>
            <ns3:cad>48</ns3:cad>
          </ns3:TrackPointExtension>
        </extensions>
      </trkpt>
      <trkpt lat="29.42723971791565418243408203125" lon="83.22988525964319705963134765625">
        <ele>3999.39990234375</ele>
        <time>2026-08-21T03:24:48.000Z</time>
        <extensions>
          <ns3:TrackPointExtension>
            <ns3:hr>102</ns3:hr>
            <ns3:cad>47</ns3:cad>
          </ns3:TrackPointExtension>
        </extensions>
      </trkpt>
      <trkpt lat="29.4272220320999622344970703125" lon="83.22994426824152469635009765625">
        <ele>3999</ele>
        <time>2026-08-21T03:24:53.000Z</time>
        <extensions>
          <ns3:TrackPointExtension>
            <ns3:hr>99</ns3:hr>
            <ns3:cad>48</ns3:cad>
          </ns3:TrackPointExtension>
        </extensions>
      </trkpt>
      <trkpt lat="29.4272139854729175567626953125" lon="83.22997360490262508392333984375">
        <ele>3999</ele>
        <time>2026-08-21T03:24:55.000Z</time>
        <extensions>
          <ns3:TrackPointExtension>
            <ns3:hr>98</ns3:hr>
            <ns3:cad>48</ns3:cad>
          </ns3:TrackPointExtension>
        </extensions>
      </trkpt>
      <trkpt lat="29.4271958805620670318603515625" lon="83.23003596626222133636474609375">
        <ele>3999</ele>
        <time>2026-08-21T03:25:00.000Z</time>
        <extensions>
          <ns3:TrackPointExtension>
            <ns3:hr>99</ns3:hr>
            <ns3:cad>0</ns3:cad>
          </ns3:TrackPointExtension>
        </extensions>
      </trkpt>
      <trkpt lat="29.427193701267242431640625" lon="83.23005055077373981475830078125">
        <ele>3999</ele>
        <time>2026-08-21T03:25:01.000Z</time>
        <extensions>
          <ns3:TrackPointExtension>
            <ns3:hr>100</ns3:hr>
            <ns3:cad>0</ns3:cad>
          </ns3:TrackPointExtension>
        </extensions>
      </trkpt>
      <trkpt lat="29.427181966602802276611328125" lon="83.2300865091383457183837890625">
        <ele>3999</ele>
        <time>2026-08-21T03:25:04.000Z</time>
        <extensions>
          <ns3:TrackPointExtension>
            <ns3:hr>101</ns3:hr>
            <ns3:cad>0</ns3:cad>
          </ns3:TrackPointExtension>
        </extensions>
      </trkpt>
      <trkpt lat="29.4271616823971271514892578125" lon="83.23013998568058013916015625">
        <ele>3999.39990234375</ele>
        <time>2026-08-21T03:25:08.000Z</time>
        <extensions>
          <ns3:TrackPointExtension>
            <ns3:hr>101</ns3:hr>
            <ns3:cad>0</ns3:cad>
          </ns3:TrackPointExtension>
        </extensions>
      </trkpt>
      <trkpt lat="29.4271469302475452423095703125" lon="83.2301894389092922210693359375">
        <ele>3999</ele>
        <time>2026-08-21T03:25:12.000Z</time>
        <extensions>
          <ns3:TrackPointExtension>
            <ns3:hr>101</ns3:hr>
            <ns3:cad>0</ns3:cad>
          </ns3:TrackPointExtension>
        </extensions>
      </trkpt>
      <trkpt lat="29.42712522111833095550537109375" lon="83.23024819605052471160888671875">
        <ele>3999.199951171875</ele>
        <time>2026-08-21T03:25:17.000Z</time>
        <extensions>
          <ns3:TrackPointExtension>
            <ns3:hr>100</ns3:hr>
            <ns3:cad>0</ns3:cad>
          </ns3:TrackPointExtension>
        </extensions>
      </trkpt>
      <trkpt lat="29.42710845731198787689208984375" lon="83.23029748164117336273193359375">
        <ele>3999.199951171875</ele>
        <time>2026-08-21T03:25:21.000Z</time>
        <extensions>
          <ns3:TrackPointExtension>
            <ns3:hr>101</ns3:hr>
            <ns3:cad>45</ns3:cad>
          </ns3:TrackPointExtension>
        </extensions>
      </trkpt>
      <trkpt lat="29.42708632908761501312255859375" lon="83.2303681410849094390869140625">
        <ele>3999</ele>
        <time>2026-08-21T03:25:27.000Z</time>
        <extensions>
          <ns3:TrackPointExtension>
            <ns3:hr>102</ns3:hr>
            <ns3:cad>47</ns3:cad>
          </ns3:TrackPointExtension>
        </extensions>
      </trkpt>
      <trkpt lat="29.42704944871366024017333984375" lon="83.23047249577939510345458984375">
        <ele>3999</ele>
        <time>2026-08-21T03:25:35.000Z</time>
        <extensions>
          <ns3:TrackPointExtension>
            <ns3:hr>100</ns3:hr>
            <ns3:cad>0</ns3:cad>
          </ns3:TrackPointExtension>
        </extensions>
      </trkpt>
      <trkpt lat="29.4270367920398712158203125" lon="83.23050971142947673797607421875">
        <ele>3998.60009765625</ele>
        <time>2026-08-21T03:25:38.000Z</time>
        <extensions>
          <ns3:TrackPointExtension>
            <ns3:hr>100</ns3:hr>
            <ns3:cad>0</ns3:cad>
          </ns3:TrackPointExtension>
        </extensions>
      </trkpt>
      <trkpt lat="29.42701541818678379058837890625" lon="83.230578191578388214111328125">
        <ele>3998.39990234375</ele>
        <time>2026-08-21T03:25:44.000Z</time>
        <extensions>
          <ns3:TrackPointExtension>
            <ns3:hr>102</ns3:hr>
            <ns3:cad>0</ns3:cad>
          </ns3:TrackPointExtension>
        </extensions>
      </trkpt>
      <trkpt lat="29.427011646330356597900390625" lon="83.23059101589024066925048828125">
        <ele>3998.199951171875</ele>
        <time>2026-08-21T03:25:45.000Z</time>
        <extensions>
          <ns3:TrackPointExtension>
            <ns3:hr>103</ns3:hr>
            <ns3:cad>0</ns3:cad>
          </ns3:TrackPointExtension>
        </extensions>
      </trkpt>
      <trkpt lat="29.42699412815272808074951171875" lon="83.23064516298472881317138671875">
        <ele>3997.60009765625</ele>
        <time>2026-08-21T03:25:49.000Z</time>
        <extensions>
          <ns3:TrackPointExtension>
            <ns3:hr>102</ns3:hr>
            <ns3:cad>0</ns3:cad>
          </ns3:TrackPointExtension>
        </extensions>
      </trkpt>
      <trkpt lat="29.42698641680181026458740234375" lon="83.2306692190468311309814453125">
        <ele>3997.60009765625</ele>
        <time>2026-08-21T03:25:51.000Z</time>
        <extensions>
          <ns3:TrackPointExtension>
            <ns3:hr>103</ns3:hr>
            <ns3:cad>0</ns3:cad>
          </ns3:TrackPointExtension>
        </extensions>
      </trkpt>
      <trkpt lat="29.4269762746989727020263671875" lon="83.23070450685918331146240234375">
        <ele>3997.60009765625</ele>
        <time>2026-08-21T03:25:54.000Z</time>
        <extensions>
          <ns3:TrackPointExtension>
            <ns3:hr>102</ns3:hr>
            <ns3:cad>0</ns3:cad>
          </ns3:TrackPointExtension>
        </extensions>
      </trkpt>
      <trkpt lat="29.4269598461687564849853515625" lon="83.2307651080191135406494140625">
        <ele>3997.60009765625</ele>
        <time>2026-08-21T03:25:59.000Z</time>
        <extensions>
          <ns3:TrackPointExtension>
            <ns3:hr>100</ns3:hr>
            <ns3:cad>0</ns3:cad>
          </ns3:TrackPointExtension>
        </extensions>
      </trkpt>
      <trkpt lat="29.42694936878979206085205078125" lon="83.23082503862679004669189453125">
        <ele>3997.800048828125</ele>
        <time>2026-08-21T03:26:04.000Z</time>
        <extensions>
          <ns3:TrackPointExtension>
            <ns3:hr>100</ns3:hr>
            <ns3:cad>0</ns3:cad>
          </ns3:TrackPointExtension>
        </extensions>
      </trkpt>
      <trkpt lat="29.42695288918912410736083984375" lon="83.230894692242145538330078125">
        <ele>3997.60009765625</ele>
        <time>2026-08-21T03:26:09.000Z</time>
        <extensions>
          <ns3:TrackPointExtension>
            <ns3:hr>100</ns3:hr>
            <ns3:cad>0</ns3:cad>
          </ns3:TrackPointExtension>
        </extensions>
      </trkpt>
      <trkpt lat="29.426954649388790130615234375" lon="83.230952359735965728759765625">
        <ele>3997.60009765625</ele>
        <time>2026-08-21T03:26:13.000Z</time>
        <extensions>
          <ns3:TrackPointExtension>
            <ns3:hr>98</ns3:hr>
            <ns3:cad>0</ns3:cad>
          </ns3:TrackPointExtension>
        </extensions>
      </trkpt>
      <trkpt lat="29.4269457645714282989501953125" lon="83.23103140108287334442138671875">
        <ele>3998.199951171875</ele>
        <time>2026-08-21T03:26:19.000Z</time>
        <extensions>
          <ns3:TrackPointExtension>
            <ns3:hr>98</ns3:hr>
            <ns3:cad>0</ns3:cad>
          </ns3:TrackPointExtension>
        </extensions>
      </trkpt>
      <trkpt lat="29.4269286654889583587646484375" lon="83.2310775853693485260009765625">
        <ele>3998.60009765625</ele>
        <time>2026-08-21T03:26:23.000Z</time>
        <extensions>
          <ns3:TrackPointExtension>
            <ns3:hr>99</ns3:hr>
            <ns3:cad>0</ns3:cad>
          </ns3:TrackPointExtension>
        </extensions>
      </trkpt>
      <trkpt lat="29.4269229657948017120361328125" lon="83.23115142993628978729248046875">
        <ele>3998.39990234375</ele>
        <time>2026-08-21T03:26:28.000Z</time>
        <extensions>
          <ns3:TrackPointExtension>
            <ns3:hr>102</ns3:hr>
            <ns3:cad>0</ns3:cad>
          </ns3:TrackPointExtension>
        </extensions>
      </trkpt>
      <trkpt lat="29.42692070268094539642333984375" lon="83.2312086783349514007568359375">
        <ele>3998.60009765625</ele>
        <time>2026-08-21T03:26:32.000Z</time>
        <extensions>
          <ns3:TrackPointExtension>
            <ns3:hr>99</ns3:hr>
            <ns3:cad>0</ns3:cad>
          </ns3:TrackPointExtension>
        </extensions>
      </trkpt>
      <trkpt lat="29.42692053504288196563720703125" lon="83.2312194071710109710693359375">
        <ele>3998.800048828125</ele>
        <time>2026-08-21T03:26:33.000Z</time>
        <extensions>
          <ns3:TrackPointExtension>
            <ns3:hr>98</ns3:hr>
            <ns3:cad>0</ns3:cad>
          </ns3:TrackPointExtension>
        </extensions>
      </trkpt>
      <trkpt lat="29.42691952921450138092041015625" lon="83.2312921620905399322509765625">
        <ele>3998.800048828125</ele>
        <time>2026-08-21T03:26:39.000Z</time>
        <extensions>
          <ns3:TrackPointExtension>
            <ns3:hr>96</ns3:hr>
            <ns3:cad>0</ns3:cad>
          </ns3:TrackPointExtension>
        </extensions>
      </trkpt>
      <trkpt lat="29.42691944539546966552734375" lon="83.23131940327584743499755859375">
        <ele>3998.800048828125</ele>
        <time>2026-08-21T03:26:41.000Z</time>
        <extensions>
          <ns3:TrackPointExtension>
            <ns3:hr>99</ns3:hr>
            <ns3:cad>0</ns3:cad>
          </ns3:TrackPointExtension>
        </extensions>
      </trkpt>
      <trkpt lat="29.42691986449062824249267578125" lon="83.23133097030222415924072265625">
        <ele>3998.800048828125</ele>
        <time>2026-08-21T03:26:42.000Z</time>
        <extensions>
          <ns3:TrackPointExtension>
            <ns3:hr>102</ns3:hr>
            <ns3:cad>0</ns3:cad>
          </ns3:TrackPointExtension>
        </extensions>
      </trkpt>
      <trkpt lat="29.4269176013767719268798828125" lon="83.23135376907885074615478515625">
        <ele>3999.199951171875</ele>
        <time>2026-08-21T03:26:44.000Z</time>
        <extensions>
          <ns3:TrackPointExtension>
            <ns3:hr>104</ns3:hr>
            <ns3:cad>0</ns3:cad>
          </ns3:TrackPointExtension>
        </extensions>
      </trkpt>
      <trkpt lat="29.42691064439713954925537109375" lon="83.2314051501452922821044921875">
        <ele>3999.39990234375</ele>
        <time>2026-08-21T03:26:48.000Z</time>
        <extensions>
          <ns3:TrackPointExtension>
            <ns3:hr>106</ns3:hr>
            <ns3:cad>0</ns3:cad>
          </ns3:TrackPointExtension>
        </extensions>
      </trkpt>
      <trkpt lat="29.4269053637981414794921875" lon="83.23147178627550601959228515625">
        <ele>3999.199951171875</ele>
        <time>2026-08-21T03:26:53.000Z</time>
        <extensions>
          <ns3:TrackPointExtension>
            <ns3:hr>106</ns3:hr>
            <ns3:cad>0</ns3:cad>
          </ns3:TrackPointExtension>
        </extensions>
      </trkpt>
      <trkpt lat="29.42689740099012851715087890625" lon="83.2315369136631488800048828125">
        <ele>3999.39990234375</ele>
        <time>2026-08-21T03:26:58.000Z</time>
        <extensions>
          <ns3:TrackPointExtension>
            <ns3:hr>106</ns3:hr>
            <ns3:cad>0</ns3:cad>
          </ns3:TrackPointExtension>
        </extensions>
      </trkpt>
      <trkpt lat="29.426887594163417816162109375" lon="83.2315939106047153472900390625">
        <ele>3999.60009765625</ele>
        <time>2026-08-21T03:27:02.000Z</time>
        <extensions>
          <ns3:TrackPointExtension>
            <ns3:hr>106</ns3:hr>
            <ns3:cad>0</ns3:cad>
          </ns3:TrackPointExtension>
        </extensions>
      </trkpt>
      <trkpt lat="29.4268699921667575836181640625" lon="83.23165752924978733062744140625">
        <ele>3999.800048828125</ele>
        <time>2026-08-21T03:27:07.000Z</time>
        <extensions>
          <ns3:TrackPointExtension>
            <ns3:hr>107</ns3:hr>
            <ns3:cad>0</ns3:cad>
          </ns3:TrackPointExtension>
        </extensions>
      </trkpt>
      <trkpt lat="29.42685113288462162017822265625" lon="83.23174352757632732391357421875">
        <ele>3999.39990234375</ele>
        <time>2026-08-21T03:27:13.000Z</time>
        <extensions>
          <ns3:TrackPointExtension>
            <ns3:hr>108</ns3:hr>
            <ns3:cad>0</ns3:cad>
          </ns3:TrackPointExtension>
        </extensions>
      </trkpt>
      <trkpt lat="29.426829926669597625732421875" lon="83.2318091578781604766845703125">
        <ele>3999.39990234375</ele>
        <time>2026-08-21T03:27:18.000Z</time>
        <extensions>
          <ns3:TrackPointExtension>
            <ns3:hr>108</ns3:hr>
            <ns3:cad>0</ns3:cad>
          </ns3:TrackPointExtension>
        </extensions>
      </trkpt>
      <trkpt lat="29.426815174520015716552734375" lon="83.23185752145946025848388671875">
        <ele>3999.39990234375</ele>
        <time>2026-08-21T03:27:22.000Z</time>
        <extensions>
          <ns3:TrackPointExtension>
            <ns3:hr>108</ns3:hr>
            <ns3:cad>0</ns3:cad>
          </ns3:TrackPointExtension>
        </extensions>
      </trkpt>
      <trkpt lat="29.42679564468562602996826171875" lon="83.23193228803575038909912109375">
        <ele>3999.39990234375</ele>
        <time>2026-08-21T03:27:28.000Z</time>
        <extensions>
          <ns3:TrackPointExtension>
            <ns3:hr>108</ns3:hr>
            <ns3:cad>0</ns3:cad>
          </ns3:TrackPointExtension>
        </extensions>
      </trkpt>
      <trkpt lat="29.42677703686058521270751953125" lon="83.231993727385997772216796875">
        <ele>3999.39990234375</ele>
        <time>2026-08-21T03:27:33.000Z</time>
        <extensions>
          <ns3:TrackPointExtension>
            <ns3:hr>107</ns3:hr>
            <ns3:cad>0</ns3:cad>
          </ns3:TrackPointExtension>
        </extensions>
      </trkpt>
      <trkpt lat="29.426745437085628509521484375" lon="83.232076205313205718994140625">
        <ele>3999.800048828125</ele>
        <time>2026-08-21T03:27:40.000Z</time>
        <extensions>
          <ns3:TrackPointExtension>
            <ns3:hr>108</ns3:hr>
            <ns3:cad>0</ns3:cad>
          </ns3:TrackPointExtension>
        </extensions>
      </trkpt>
      <trkpt lat="29.4267315231263637542724609375" lon="83.23211199603974819183349609375">
        <ele>3999.60009765625</ele>
        <time>2026-08-21T03:27:43.000Z</time>
        <extensions>
          <ns3:TrackPointExtension>
            <ns3:hr>112</ns3:hr>
            <ns3:cad>47</ns3:cad>
          </ns3:TrackPointExtension>
        </extensions>
      </trkpt>
      <trkpt lat="29.4267184473574161529541015625" lon="83.232144601643085479736328125">
        <ele>4000</ele>
        <time>2026-08-21T03:27:46.000Z</time>
        <extensions>
          <ns3:TrackPointExtension>
            <ns3:hr>113</ns3:hr>
            <ns3:cad>0</ns3:cad>
          </ns3:TrackPointExtension>
        </extensions>
      </trkpt>
      <trkpt lat="29.4266929663717746734619140625" lon="83.23221257887780666351318359375">
        <ele>4000.199951171875</ele>
        <time>2026-08-21T03:27:51.000Z</time>
        <extensions>
          <ns3:TrackPointExtension>
            <ns3:hr>112</ns3:hr>
            <ns3:cad>46</ns3:cad>
          </ns3:TrackPointExtension>
        </extensions>
      </trkpt>
      <trkpt lat="29.4266731850802898406982421875" lon="83.2322892732918262481689453125">
        <ele>4000.39990234375</ele>
        <time>2026-08-21T03:27:57.000Z</time>
        <extensions>
          <ns3:TrackPointExtension>
            <ns3:hr>110</ns3:hr>
            <ns3:cad>46</ns3:cad>
          </ns3:TrackPointExtension>
        </extensions>
      </trkpt>
      <trkpt lat="29.42666823975741863250732421875" lon="83.23231064714491367340087890625">
        <ele>4000.60009765625</ele>
        <time>2026-08-21T03:27:59.000Z</time>
        <extensions>
          <ns3:TrackPointExtension>
            <ns3:hr>110</ns3:hr>
            <ns3:cad>0</ns3:cad>
          </ns3:TrackPointExtension>
        </extensions>
      </trkpt>
      <trkpt lat="29.426663629710674285888671875" lon="83.2323502935469150543212890625">
        <ele>4000.800048828125</ele>
        <time>2026-08-21T03:28:02.000Z</time>
        <extensions>
          <ns3:TrackPointExtension>
            <ns3:hr>110</ns3:hr>
            <ns3:cad>0</ns3:cad>
          </ns3:TrackPointExtension>
        </extensions>
      </trkpt>
      <trkpt lat="29.42665658891201019287109375" lon="83.23240377008914947509765625">
        <ele>4000.60009765625</ele>
        <time>2026-08-21T03:28:06.000Z</time>
        <extensions>
          <ns3:TrackPointExtension>
            <ns3:hr>111</ns3:hr>
            <ns3:cad>0</ns3:cad>
          </ns3:TrackPointExtension>
        </extensions>
      </trkpt>
      <trkpt lat="29.4266425073146820068359375" lon="83.2324602641165256500244140625">
        <ele>4001.199951171875</ele>
        <time>2026-08-21T03:28:10.000Z</time>
        <extensions>
          <ns3:TrackPointExtension>
            <ns3:hr>110</ns3:hr>
            <ns3:cad>0</ns3:cad>
          </ns3:TrackPointExtension>
        </extensions>
      </trkpt>
      <trkpt lat="29.42662515677511692047119140625" lon="83.2325055263936519622802734375">
        <ele>4001.60009765625</ele>
        <time>2026-08-21T03:28:14.000Z</time>
        <extensions>
          <ns3:TrackPointExtension>
            <ns3:hr>110</ns3:hr>
            <ns3:cad>0</ns3:cad>
          </ns3:TrackPointExtension>
        </extensions>
      </trkpt>
      <trkpt lat="29.42662063054740428924560546875" lon="83.23251751251518726348876953125">
        <ele>4001.60009765625</ele>
        <time>2026-08-21T03:28:15.000Z</time>
        <extensions>
          <ns3:TrackPointExtension>
            <ns3:hr>110</ns3:hr>
            <ns3:cad>0</ns3:cad>
          </ns3:TrackPointExtension>
        </extensions>
      </trkpt>
      <trkpt lat="29.42659833468496799468994140625" lon="83.2325635291635990142822265625">
        <ele>4001.800048828125</ele>
        <time>2026-08-21T03:28:19.000Z</time>
        <extensions>
          <ns3:TrackPointExtension>
            <ns3:hr>110</ns3:hr>
            <ns3:cad>0</ns3:cad>
          </ns3:TrackPointExtension>
        </extensions>
      </trkpt>
      <trkpt lat="29.42656698636710643768310546875" lon="83.2326114736497402191162109375">
        <ele>4002.39990234375</ele>
        <time>2026-08-21T03:28:24.000Z</time>
        <extensions>
          <ns3:TrackPointExtension>
            <ns3:hr>110</ns3:hr>
            <ns3:cad>0</ns3:cad>
          </ns3:TrackPointExtension>
        </extensions>
      </trkpt>
      <trkpt lat="29.42652910016477108001708984375" lon="83.23265447281301021575927734375">
        <ele>4002.39990234375</ele>
        <time>2026-08-21T03:28:29.000Z</time>
        <extensions>
          <ns3:TrackPointExtension>
            <ns3:hr>112</ns3:hr>
            <ns3:cad>0</ns3:cad>
          </ns3:TrackPointExtension>
        </extensions>
      </trkpt>
      <trkpt lat="29.4264948181807994842529296875" lon="83.2327090390026569366455078125">
        <ele>4002.800048828125</ele>
        <time>2026-08-21T03:28:34.000Z</time>
        <extensions>
          <ns3:TrackPointExtension>
            <ns3:hr>112</ns3:hr>
            <ns3:cad>0</ns3:cad>
          </ns3:TrackPointExtension>
        </extensions>
      </trkpt>
      <trkpt lat="29.42647411487996578216552734375" lon="83.2327522896230220794677734375">
        <ele>4003.199951171875</ele>
        <time>2026-08-21T03:28:38.000Z</time>
        <extensions>
          <ns3:TrackPointExtension>
            <ns3:hr>112</ns3:hr>
            <ns3:cad>0</ns3:cad>
          </ns3:TrackPointExtension>
        </extensions>
      </trkpt>
      <trkpt lat="29.4264431856572628021240234375" lon="83.23280869983136653900146484375">
        <ele>4003.39990234375</ele>
        <time>2026-08-21T03:28:43.000Z</time>
        <extensions>
          <ns3:TrackPointExtension>
            <ns3:hr>114</ns3:hr>
            <ns3:cad>0</ns3:cad>
          </ns3:TrackPointExtension>
        </extensions>
      </trkpt>
      <trkpt lat="29.42641384899616241455078125" lon="83.232846669852733612060546875">
        <ele>4003.60009765625</ele>
        <time>2026-08-21T03:28:47.000Z</time>
        <extensions>
          <ns3:TrackPointExtension>
            <ns3:hr>115</ns3:hr>
            <ns3:cad>0</ns3:cad>
          </ns3:TrackPointExtension>
        </extensions>
      </trkpt>
      <trkpt lat="29.4263818301260471343994140625" lon="83.2328843884170055389404296875">
        <ele>4003.800048828125</ele>
        <time>2026-08-21T03:28:51.000Z</time>
        <extensions>
          <ns3:TrackPointExtension>
            <ns3:hr>115</ns3:hr>
            <ns3:cad>0</ns3:cad>
          </ns3:TrackPointExtension>
        </extensions>
      </trkpt>
      <trkpt lat="29.4263741187751293182373046875" lon="83.23289184831082820892333984375">
        <ele>4003.800048828125</ele>
        <time>2026-08-21T03:28:52.000Z</time>
        <extensions>
          <ns3:TrackPointExtension>
            <ns3:hr>116</ns3:hr>
            <ns3:cad>0</ns3:cad>
          </ns3:TrackPointExtension>
        </extensions>
      </trkpt>
      <trkpt lat="29.426339752972126007080078125" lon="83.23292604647576808929443359375">
        <ele>4004</ele>
        <time>2026-08-21T03:28:56.000Z</time>
        <extensions>
          <ns3:TrackPointExtension>
            <ns3:hr>116</ns3:hr>
            <ns3:cad>0</ns3:cad>
          </ns3:TrackPointExtension>
        </extensions>
      </trkpt>
      <trkpt lat="29.42630111239850521087646484375" lon="83.23298656381666660308837890625">
        <ele>4004.39990234375</ele>
        <time>2026-08-21T03:29:02.000Z</time>
        <extensions>
          <ns3:TrackPointExtension>
            <ns3:hr>116</ns3:hr>
            <ns3:cad>0</ns3:cad>
          </ns3:TrackPointExtension>
        </extensions>
      </trkpt>
      <trkpt lat="29.42626825533807277679443359375" lon="83.2330406270921230316162109375">
        <ele>4004.39990234375</ele>
        <time>2026-08-21T03:29:07.000Z</time>
        <extensions>
          <ns3:TrackPointExtension>
            <ns3:hr>116</ns3:hr>
            <ns3:cad>46</ns3:cad>
          </ns3:TrackPointExtension>
        </extensions>
      </trkpt>
      <trkpt lat="29.42622953094542026519775390625" lon="83.2330939359962940216064453125">
        <ele>4005</ele>
        <time>2026-08-21T03:29:13.000Z</time>
        <extensions>
          <ns3:TrackPointExtension>
            <ns3:hr>116</ns3:hr>
            <ns3:cad>0</ns3:cad>
          </ns3:TrackPointExtension>
        </extensions>
      </trkpt>
      <trkpt lat="29.42622466944158077239990234375" lon="83.23310382664203643798828125">
        <ele>4005</ele>
        <time>2026-08-21T03:29:14.000Z</time>
        <extensions>
          <ns3:TrackPointExtension>
            <ns3:hr>115</ns3:hr>
            <ns3:cad>0</ns3:cad>
          </ns3:TrackPointExtension>
        </extensions>
      </trkpt>
      <trkpt lat="29.4262027926743030548095703125" lon="83.23314531706273555755615234375">
        <ele>4005.39990234375</ele>
        <time>2026-08-21T03:29:18.000Z</time>
        <extensions>
          <ns3:TrackPointExtension>
            <ns3:hr>116</ns3:hr>
            <ns3:cad>0</ns3:cad>
          </ns3:TrackPointExtension>
        </extensions>
      </trkpt>
      <trkpt lat="29.42616281099617481231689453125" lon="83.23320331983268260955810546875">
        <ele>4006</ele>
        <time>2026-08-21T03:29:24.000Z</time>
        <extensions>
          <ns3:TrackPointExtension>
            <ns3:hr>117</ns3:hr>
            <ns3:cad>0</ns3:cad>
          </ns3:TrackPointExtension>
        </extensions>
      </trkpt>
      <trkpt lat="29.42615501582622528076171875" lon="83.23321052826941013336181640625">
        <ele>4006</ele>
        <time>2026-08-21T03:29:25.000Z</time>
        <extensions>
          <ns3:TrackPointExtension>
            <ns3:hr>117</ns3:hr>
            <ns3:cad>0</ns3:cad>
          </ns3:TrackPointExtension>
        </extensions>
      </trkpt>
      <trkpt lat="29.42612609826028347015380859375" lon="83.2332404516637325286865234375">
        <ele>4006.39990234375</ele>
        <time>2026-08-21T03:29:28.000Z</time>
        <extensions>
          <ns3:TrackPointExtension>
            <ns3:hr>116</ns3:hr>
            <ns3:cad>68</ns3:cad>
          </ns3:TrackPointExtension>
        </extensions>
      </trkpt>
      <trkpt lat="29.42607983015477657318115234375" lon="83.2333004660904407501220703125">
        <ele>4006.800048828125</ele>
        <time>2026-08-21T03:29:34.000Z</time>
        <extensions>
          <ns3:TrackPointExtension>
            <ns3:hr>118</ns3:hr>
            <ns3:cad>0</ns3:cad>
          </ns3:TrackPointExtension>
        </extensions>
      </trkpt>
      <trkpt lat="29.42607195116579532623291015625" lon="83.2333083450794219970703125">
        <ele>4006.800048828125</ele>
        <time>2026-08-21T03:29:35.000Z</time>
        <extensions>
          <ns3:TrackPointExtension>
            <ns3:hr>118</ns3:hr>
            <ns3:cad>0</ns3:cad>
          </ns3:TrackPointExtension>
        </extensions>
      </trkpt>
      <trkpt lat="29.42605032585561275482177734375" lon="83.23333357460796833038330078125">
        <ele>4007.199951171875</ele>
        <time>2026-08-21T03:29:38.000Z</time>
        <extensions>
          <ns3:TrackPointExtension>
            <ns3:hr>118</ns3:hr>
            <ns3:cad>0</ns3:cad>
          </ns3:TrackPointExtension>
        </extensions>
      </trkpt>
      <trkpt lat="29.4260254316031932830810546875" lon="83.23338503949344158172607421875">
        <ele>4007.199951171875</ele>
        <time>2026-08-21T03:29:43.000Z</time>
        <extensions>
          <ns3:TrackPointExtension>
            <ns3:hr>117</ns3:hr>
            <ns3:cad>0</ns3:cad>
          </ns3:TrackPointExtension>
        </extensions>
      </trkpt>
      <trkpt lat="29.426003135740756988525390625" lon="83.233453519642353057861328125">
        <ele>4007.800048828125</ele>
        <time>2026-08-21T03:29:49.000Z</time>
        <extensions>
          <ns3:TrackPointExtension>
            <ns3:hr>116</ns3:hr>
            <ns3:cad>0</ns3:cad>
          </ns3:TrackPointExtension>
        </extensions>
      </trkpt>
      <trkpt lat="29.4259724579751491546630859375" lon="83.23349350132048130035400390625">
        <ele>4008.199951171875</ele>
        <time>2026-08-21T03:29:53.000Z</time>
        <extensions>
          <ns3:TrackPointExtension>
            <ns3:hr>117</ns3:hr>
            <ns3:cad>0</ns3:cad>
          </ns3:TrackPointExtension>
        </extensions>
      </trkpt>
      <trkpt lat="29.42596457898616790771484375" lon="83.2335029728710651397705078125">
        <ele>4008.39990234375</ele>
        <time>2026-08-21T03:29:54.000Z</time>
        <extensions>
          <ns3:TrackPointExtension>
            <ns3:hr>116</ns3:hr>
            <ns3:cad>0</ns3:cad>
          </ns3:TrackPointExtension>
        </extensions>
      </trkpt>
      <trkpt lat="29.42592057399451732635498046875" lon="83.2335572876036167144775390625">
        <ele>4009</ele>
        <time>2026-08-21T03:30:00.000Z</time>
        <extensions>
          <ns3:TrackPointExtension>
            <ns3:hr>118</ns3:hr>
            <ns3:cad>0</ns3:cad>
          </ns3:TrackPointExtension>
        </extensions>
      </trkpt>
      <trkpt lat="29.4258914887905120849609375" lon="83.23360548354685306549072265625">
        <ele>4009.39990234375</ele>
        <time>2026-08-21T03:30:05.000Z</time>
        <extensions>
          <ns3:TrackPointExtension>
            <ns3:hr>119</ns3:hr>
            <ns3:cad>0</ns3:cad>
          </ns3:TrackPointExtension>
        </extensions>
      </trkpt>
      <trkpt lat="29.42587162367999553680419921875" lon="83.233658038079738616943359375">
        <ele>4009.39990234375</ele>
        <time>2026-08-21T03:30:10.000Z</time>
        <extensions>
          <ns3:TrackPointExtension>
            <ns3:hr>119</ns3:hr>
            <ns3:cad>0</ns3:cad>
          </ns3:TrackPointExtension>
        </extensions>
      </trkpt>
      <trkpt lat="29.4258423708379268646240234375" lon="83.233725763857364654541015625">
        <ele>4010.199951171875</ele>
        <time>2026-08-21T03:30:16.000Z</time>
        <extensions>
          <ns3:TrackPointExtension>
            <ns3:hr>118</ns3:hr>
            <ns3:cad>0</ns3:cad>
          </ns3:TrackPointExtension>
        </extensions>
      </trkpt>
      <trkpt lat="29.42582200281322002410888671875" lon="83.23377882130444049835205078125">
        <ele>4010.39990234375</ele>
        <time>2026-08-21T03:30:21.000Z</time>
        <extensions>
          <ns3:TrackPointExtension>
            <ns3:hr>120</ns3:hr>
            <ns3:cad>0</ns3:cad>
          </ns3:TrackPointExtension>
        </extensions>
      </trkpt>
      <trkpt lat="29.42580004222691059112548828125" lon="83.23383581824600696563720703125">
        <ele>4010.60009765625</ele>
        <time>2026-08-21T03:30:26.000Z</time>
        <extensions>
          <ns3:TrackPointExtension>
            <ns3:hr>120</ns3:hr>
            <ns3:cad>0</ns3:cad>
          </ns3:TrackPointExtension>
        </extensions>
      </trkpt>
      <trkpt lat="29.42577707581222057342529296875" lon="83.23387756012380123138427734375">
        <ele>4011.199951171875</ele>
        <time>2026-08-21T03:30:30.000Z</time>
        <extensions>
          <ns3:TrackPointExtension>
            <ns3:hr>119</ns3:hr>
            <ns3:cad>0</ns3:cad>
          </ns3:TrackPointExtension>
        </extensions>
      </trkpt>
      <trkpt lat="29.4257439672946929931640625" lon="83.2339428551495075225830078125">
        <ele>4011.39990234375</ele>
        <time>2026-08-21T03:30:36.000Z</time>
        <extensions>
          <ns3:TrackPointExtension>
            <ns3:hr>119</ns3:hr>
            <ns3:cad>0</ns3:cad>
          </ns3:TrackPointExtension>
        </extensions>
      </trkpt>
      <trkpt lat="29.42573969252407550811767578125" lon="83.2339545898139476776123046875">
        <ele>4011.39990234375</ele>
        <time>2026-08-21T03:30:37.000Z</time>
        <extensions>
          <ns3:TrackPointExtension>
            <ns3:hr>119</ns3:hr>
            <ns3:cad>0</ns3:cad>
          </ns3:TrackPointExtension>
        </extensions>
      </trkpt>
      <trkpt lat="29.425725527107715606689453125" lon="83.23399339802563190460205078125">
        <ele>4011.60009765625</ele>
        <time>2026-08-21T03:30:41.000Z</time>
        <extensions>
          <ns3:TrackPointExtension>
            <ns3:hr>118</ns3:hr>
            <ns3:cad>0</ns3:cad>
          </ns3:TrackPointExtension>
        </extensions>
      </trkpt>
      <trkpt lat="29.42570348270237445831298828125" lon="83.234051652252674102783203125">
        <ele>4012.39990234375</ele>
        <time>2026-08-21T03:30:46.000Z</time>
        <extensions>
          <ns3:TrackPointExtension>
            <ns3:hr>118</ns3:hr>
            <ns3:cad>0</ns3:cad>
          </ns3:TrackPointExtension>
        </extensions>
      </trkpt>
      <trkpt lat="29.4256998784840106964111328125" lon="83.2340633869171142578125">
        <ele>4012.39990234375</ele>
        <time>2026-08-21T03:30:47.000Z</time>
        <extensions>
          <ns3:TrackPointExtension>
            <ns3:hr>118</ns3:hr>
            <ns3:cad>0</ns3:cad>
          </ns3:TrackPointExtension>
        </extensions>
      </trkpt>
      <trkpt lat="29.42568940110504627227783203125" lon="83.2341022789478302001953125">
        <ele>4012.60009765625</ele>
        <time>2026-08-21T03:30:50.000Z</time>
        <extensions>
          <ns3:TrackPointExtension>
            <ns3:hr>118</ns3:hr>
            <ns3:cad>68</ns3:cad>
          </ns3:TrackPointExtension>
        </extensions>
      </trkpt>
      <trkpt lat="29.4256754033267498016357421875" lon="83.234168328344821929931640625">
        <ele>4012.39990234375</ele>
        <time>2026-08-21T03:30:55.000Z</time>
        <extensions>
          <ns3:TrackPointExtension>
            <ns3:hr>117</ns3:hr>
            <ns3:cad>0</ns3:cad>
          </ns3:TrackPointExtension>
        </extensions>
      </trkpt>
      <trkpt lat="29.42565520294010639190673828125" lon="83.23422633111476898193359375">
        <ele>4013</ele>
        <time>2026-08-21T03:31:00.000Z</time>
        <extensions>
          <ns3:TrackPointExtension>
            <ns3:hr>116</ns3:hr>
            <ns3:cad>0</ns3:cad>
          </ns3:TrackPointExtension>
        </extensions>
      </trkpt>
      <trkpt lat="29.4256334938108921051025390625" lon="83.234275616705417633056640625">
        <ele>4013.60009765625</ele>
        <time>2026-08-21T03:31:05.000Z</time>
        <extensions>
          <ns3:TrackPointExtension>
            <ns3:hr>114</ns3:hr>
            <ns3:cad>0</ns3:cad>
          </ns3:TrackPointExtension>
        </extensions>
      </trkpt>
      <trkpt lat="29.425608851015567779541015625" lon="83.2343463599681854248046875">
        <ele>4014.199951171875</ele>
        <time>2026-08-21T03:31:11.000Z</time>
        <extensions>
          <ns3:TrackPointExtension>
            <ns3:hr>114</ns3:hr>
            <ns3:cad>0</ns3:cad>
          </ns3:TrackPointExtension>
        </extensions>
      </trkpt>
      <trkpt lat="29.4255992956459522247314453125" lon="83.23437930084764957427978515625">
        <ele>4014.39990234375</ele>
        <time>2026-08-21T03:31:14.000Z</time>
        <extensions>
          <ns3:TrackPointExtension>
            <ns3:hr>114</ns3:hr>
            <ns3:cad>0</ns3:cad>
          </ns3:TrackPointExtension>
        </extensions>
      </trkpt>
      <trkpt lat="29.4255966134369373321533203125" lon="83.23439187370240688323974609375">
        <ele>4014.60009765625</ele>
        <time>2026-08-21T03:31:15.000Z</time>
        <extensions>
          <ns3:TrackPointExtension>
            <ns3:hr>114</ns3:hr>
            <ns3:cad>0</ns3:cad>
          </ns3:TrackPointExtension>
        </extensions>
      </trkpt>
      <trkpt lat="29.4255865551531314849853515625" lon="83.23443277738988399505615234375">
        <ele>4014.800048828125</ele>
        <time>2026-08-21T03:31:19.000Z</time>
        <extensions>
          <ns3:TrackPointExtension>
            <ns3:hr>114</ns3:hr>
            <ns3:cad>0</ns3:cad>
          </ns3:TrackPointExtension>
        </extensions>
      </trkpt>
      <trkpt lat="29.425571970641613006591796875" lon="83.2344796322286128997802734375">
        <ele>4015.39990234375</ele>
        <time>2026-08-21T03:31:24.000Z</time>
        <extensions>
          <ns3:TrackPointExtension>
            <ns3:hr>117</ns3:hr>
            <ns3:cad>0</ns3:cad>
          </ns3:TrackPointExtension>
        </extensions>
      </trkpt>
      <trkpt lat="29.4255533628165721893310546875" lon="83.2345359586179256439208984375">
        <ele>4015.800048828125</ele>
        <time>2026-08-21T03:31:29.000Z</time>
        <extensions>
          <ns3:TrackPointExtension>
            <ns3:hr>117</ns3:hr>
            <ns3:cad>0</ns3:cad>
          </ns3:TrackPointExtension>
        </extensions>
      </trkpt>
      <trkpt lat="29.42552695982158184051513671875" lon="83.23462271131575107574462890625">
        <ele>4016.800048828125</ele>
        <time>2026-08-21T03:31:36.000Z</time>
        <extensions>
          <ns3:TrackPointExtension>
            <ns3:hr>119</ns3:hr>
            <ns3:cad>0</ns3:cad>
          </ns3:TrackPointExtension>
        </extensions>
      </trkpt>
      <trkpt lat="29.42550365813076496124267578125" lon="83.2346875034272670745849609375">
        <ele>4017.60009765625</ele>
        <time>2026-08-21T03:31:41.000Z</time>
        <extensions>
          <ns3:TrackPointExtension>
            <ns3:hr>119</ns3:hr>
            <ns3:cad>0</ns3:cad>
          </ns3:TrackPointExtension>
        </extensions>
      </trkpt>
      <trkpt lat="29.42547918297350406646728515625" lon="83.23474802076816558837890625">
        <ele>4017.60009765625</ele>
        <time>2026-08-21T03:31:46.000Z</time>
        <extensions>
          <ns3:TrackPointExtension>
            <ns3:hr>120</ns3:hr>
            <ns3:cad>0</ns3:cad>
          </ns3:TrackPointExtension>
        </extensions>
      </trkpt>
      <trkpt lat="29.42544766701757907867431640625" lon="83.234804682433605194091796875">
        <ele>4017.800048828125</ele>
        <time>2026-08-21T03:31:51.000Z</time>
        <extensions>
          <ns3:TrackPointExtension>
            <ns3:hr>121</ns3:hr>
            <ns3:cad>0</ns3:cad>
          </ns3:TrackPointExtension>
        </extensions>
      </trkpt>
      <trkpt lat="29.425420425832271575927734375" lon="83.23486075736582279205322265625">
        <ele>4017.60009765625</ele>
        <time>2026-08-21T03:31:56.000Z</time>
        <extensions>
          <ns3:TrackPointExtension>
            <ns3:hr>121</ns3:hr>
            <ns3:cad>0</ns3:cad>
          </ns3:TrackPointExtension>
        </extensions>
      </trkpt>
      <trkpt lat="29.42540676333010196685791015625" lon="83.23488213121891021728515625">
        <ele>4017.800048828125</ele>
        <time>2026-08-21T03:31:58.000Z</time>
        <extensions>
          <ns3:TrackPointExtension>
            <ns3:hr>122</ns3:hr>
            <ns3:cad>0</ns3:cad>
          </ns3:TrackPointExtension>
        </extensions>
      </trkpt>
      <trkpt lat="29.425392933189868927001953125" lon="83.23490484617650508880615234375">
        <ele>4018.199951171875</ele>
        <time>2026-08-21T03:32:00.000Z</time>
        <extensions>
          <ns3:TrackPointExtension>
            <ns3:hr>121</ns3:hr>
            <ns3:cad>0</ns3:cad>
          </ns3:TrackPointExtension>
        </extensions>
      </trkpt>
      <trkpt lat="29.42536602728068828582763671875" lon="83.23495077900588512420654296875">
        <ele>4018.199951171875</ele>
        <time>2026-08-21T03:32:05.000Z</time>
        <extensions>
          <ns3:TrackPointExtension>
            <ns3:hr>119</ns3:hr>
            <ns3:cad>0</ns3:cad>
          </ns3:TrackPointExtension>
        </extensions>
      </trkpt>
      <trkpt lat="29.4253263808786869049072265625" lon="83.2350076921284198760986328125">
        <ele>4018.800048828125</ele>
        <time>2026-08-21T03:32:11.000Z</time>
        <extensions>
          <ns3:TrackPointExtension>
            <ns3:hr>120</ns3:hr>
            <ns3:cad>0</ns3:cad>
          </ns3:TrackPointExtension>
        </extensions>
      </trkpt>
      <trkpt lat="29.42531171254813671112060546875" lon="83.23502571322023868560791015625">
        <ele>4018.800048828125</ele>
        <time>2026-08-21T03:32:13.000Z</time>
        <extensions>
          <ns3:TrackPointExtension>
            <ns3:hr>120</ns3:hr>
            <ns3:cad>0</ns3:cad>
          </ns3:TrackPointExtension>
        </extensions>
      </trkpt>
      <trkpt lat="29.425284303724765777587890625" lon="83.23506795801222324371337890625">
        <ele>4019.199951171875</ele>
        <time>2026-08-21T03:32:17.000Z</time>
        <extensions>
          <ns3:TrackPointExtension>
            <ns3:hr>119</ns3:hr>
            <ns3:cad>0</ns3:cad>
          </ns3:TrackPointExtension>
        </extensions>
      </trkpt>
      <trkpt lat="29.42526728846132755279541015625" lon="83.2351139746606349945068359375">
        <ele>4019.39990234375</ele>
        <time>2026-08-21T03:32:21.000Z</time>
        <extensions>
          <ns3:TrackPointExtension>
            <ns3:hr>118</ns3:hr>
            <ns3:cad>0</ns3:cad>
          </ns3:TrackPointExtension>
        </extensions>
      </trkpt>
      <trkpt lat="29.425243400037288665771484375" lon="83.23517709039151668548583984375">
        <ele>4019.800048828125</ele>
        <time>2026-08-21T03:32:27.000Z</time>
        <extensions>
          <ns3:TrackPointExtension>
            <ns3:hr>118</ns3:hr>
            <ns3:cad>0</ns3:cad>
          </ns3:TrackPointExtension>
        </extensions>
      </trkpt>
      <trkpt lat="29.425241388380527496337890625" lon="83.23518882505595684051513671875">
        <ele>4019.800048828125</ele>
        <time>2026-08-21T03:32:28.000Z</time>
        <extensions>
          <ns3:TrackPointExtension>
            <ns3:hr>118</ns3:hr>
            <ns3:cad>0</ns3:cad>
          </ns3:TrackPointExtension>
        </extensions>
      </trkpt>
      <trkpt lat="29.42523258738219738006591796875" lon="83.23522947728633880615234375">
        <ele>4020.39990234375</ele>
        <time>2026-08-21T03:32:31.000Z</time>
        <extensions>
          <ns3:TrackPointExtension>
            <ns3:hr>118</ns3:hr>
            <ns3:cad>0</ns3:cad>
          </ns3:TrackPointExtension>
        </extensions>
      </trkpt>
      <trkpt lat="29.42520107142627239227294921875" lon="83.23530030436813831329345703125">
        <ele>4020.199951171875</ele>
        <time>2026-08-21T03:32:37.000Z</time>
        <extensions>
          <ns3:TrackPointExtension>
            <ns3:hr>118</ns3:hr>
            <ns3:cad>0</ns3:cad>
          </ns3:TrackPointExtension>
        </extensions>
      </trkpt>
      <trkpt lat="29.4251698069274425506591796875" lon="83.23535227216780185699462890625">
        <ele>4020.199951171875</ele>
        <time>2026-08-21T03:32:42.000Z</time>
        <extensions>
          <ns3:TrackPointExtension>
            <ns3:hr>117</ns3:hr>
            <ns3:cad>0</ns3:cad>
          </ns3:TrackPointExtension>
        </extensions>
      </trkpt>
      <trkpt lat="29.4251399673521518707275390625" lon="83.23540105484426021575927734375">
        <ele>4020.800048828125</ele>
        <time>2026-08-21T03:32:47.000Z</time>
        <extensions>
          <ns3:TrackPointExtension>
            <ns3:hr>118</ns3:hr>
            <ns3:cad>0</ns3:cad>
          </ns3:TrackPointExtension>
        </extensions>
      </trkpt>
      <trkpt lat="29.4251352734863758087158203125" lon="83.23541320860385894775390625">
        <ele>4021</ele>
        <time>2026-08-21T03:32:48.000Z</time>
        <extensions>
          <ns3:TrackPointExtension>
            <ns3:hr>118</ns3:hr>
            <ns3:cad>0</ns3:cad>
          </ns3:TrackPointExtension>
        </extensions>
      </trkpt>
      <trkpt lat="29.4251158274710178375244140625" lon="83.2354737259447574615478515625">
        <ele>4021.39990234375</ele>
        <time>2026-08-21T03:32:53.000Z</time>
        <extensions>
          <ns3:TrackPointExtension>
            <ns3:hr>117</ns3:hr>
            <ns3:cad>0</ns3:cad>
          </ns3:TrackPointExtension>
        </extensions>
      </trkpt>
      <trkpt lat="29.42510216496884822845458984375" lon="83.23553348891437053680419921875">
        <ele>4021.39990234375</ele>
        <time>2026-08-21T03:32:58.000Z</time>
        <extensions>
          <ns3:TrackPointExtension>
            <ns3:hr>117</ns3:hr>
            <ns3:cad>0</ns3:cad>
          </ns3:TrackPointExtension>
        </extensions>
      </trkpt>
      <trkpt lat="29.4250833056867122650146484375" lon="83.23557791300117969512939453125">
        <ele>4021.60009765625</ele>
        <time>2026-08-21T03:33:02.000Z</time>
        <extensions>
          <ns3:TrackPointExtension>
            <ns3:hr>116</ns3:hr>
            <ns3:cad>70</ns3:cad>
          </ns3:TrackPointExtension>
        </extensions>
      </trkpt>
      <trkpt lat="29.4250762648880481719970703125" lon="83.23562778532505035400390625">
        <ele>4021.800048828125</ele>
        <time>2026-08-21T03:33:06.000Z</time>
        <extensions>
          <ns3:TrackPointExtension>
            <ns3:hr>116</ns3:hr>
            <ns3:cad>65</ns3:cad>
          </ns3:TrackPointExtension>
        </extensions>
      </trkpt>
      <trkpt lat="29.4250749237835407257080078125" lon="83.23563985526561737060546875">
        <ele>4022</ele>
        <time>2026-08-21T03:33:07.000Z</time>
        <extensions>
          <ns3:TrackPointExtension>
            <ns3:hr>115</ns3:hr>
            <ns3:cad>0</ns3:cad>
          </ns3:TrackPointExtension>
        </extensions>
      </trkpt>
      <trkpt lat="29.42507333122193813323974609375" lon="83.2356537692248821258544921875">
        <ele>4022.199951171875</ele>
        <time>2026-08-21T03:33:08.000Z</time>
        <extensions>
          <ns3:TrackPointExtension>
            <ns3:hr>116</ns3:hr>
            <ns3:cad>0</ns3:cad>
          </ns3:TrackPointExtension>
        </extensions>
      </trkpt>
      <trkpt lat="29.4250611774623394012451171875" lon="83.235705904662609100341796875">
        <ele>4022.800048828125</ele>
        <time>2026-08-21T03:33:12.000Z</time>
        <extensions>
          <ns3:TrackPointExtension>
            <ns3:hr>116</ns3:hr>
            <ns3:cad>0</ns3:cad>
          </ns3:TrackPointExtension>
        </extensions>
      </trkpt>
      <trkpt lat="29.42505405284464359283447265625" lon="83.235731385648250579833984375">
        <ele>4023</ele>
        <time>2026-08-21T03:33:14.000Z</time>
        <extensions>
          <ns3:TrackPointExtension>
            <ns3:hr>116</ns3:hr>
            <ns3:cad>0</ns3:cad>
          </ns3:TrackPointExtension>
        </extensions>
      </trkpt>
      <trkpt lat="29.425042234361171722412109375" lon="83.23576457798480987548828125">
        <ele>4023.199951171875</ele>
        <time>2026-08-21T03:33:17.000Z</time>
        <extensions>
          <ns3:TrackPointExtension>
            <ns3:hr>116</ns3:hr>
            <ns3:cad>0</ns3:cad>
          </ns3:TrackPointExtension>
        </extensions>
      </trkpt>
      <trkpt lat="29.42500610835850238800048828125" lon="83.23584428988397121429443359375">
        <ele>4023.800048828125</ele>
        <time>2026-08-21T03:33:24.000Z</time>
        <extensions>
          <ns3:TrackPointExtension>
            <ns3:hr>116</ns3:hr>
            <ns3:cad>0</ns3:cad>
          </ns3:TrackPointExtension>
        </extensions>
      </trkpt>
      <trkpt lat="29.42500242032110691070556640625" lon="83.23585501872003078460693359375">
        <ele>4024</ele>
        <time>2026-08-21T03:33:25.000Z</time>
        <extensions>
          <ns3:TrackPointExtension>
            <ns3:hr>117</ns3:hr>
            <ns3:cad>0</ns3:cad>
          </ns3:TrackPointExtension>
        </extensions>
      </trkpt>
      <trkpt lat="29.4249820522964000701904296875" lon="83.23589910753071308135986328125">
        <ele>4024.60009765625</ele>
        <time>2026-08-21T03:33:29.000Z</time>
        <extensions>
          <ns3:TrackPointExtension>
            <ns3:hr>116</ns3:hr>
            <ns3:cad>0</ns3:cad>
          </ns3:TrackPointExtension>
        </extensions>
      </trkpt>
      <trkpt lat="29.4249634444713592529296875" lon="83.23594822548329830169677734375">
        <ele>4024.800048828125</ele>
        <time>2026-08-21T03:33:33.000Z</time>
        <extensions>
          <ns3:TrackPointExtension>
            <ns3:hr>117</ns3:hr>
            <ns3:cad>0</ns3:cad>
          </ns3:TrackPointExtension>
        </extensions>
      </trkpt>
      <trkpt lat="29.42493637092411518096923828125" lon="83.23599466122686862945556640625">
        <ele>4025</ele>
        <time>2026-08-21T03:33:38.000Z</time>
        <extensions>
          <ns3:TrackPointExtension>
            <ns3:hr>117</ns3:hr>
            <ns3:cad>0</ns3:cad>
          </ns3:TrackPointExtension>
        </extensions>
      </trkpt>
      <trkpt lat="29.42493058741092681884765625" lon="83.23600371368229389190673828125">
        <ele>4025.199951171875</ele>
        <time>2026-08-21T03:33:39.000Z</time>
        <extensions>
          <ns3:TrackPointExtension>
            <ns3:hr>117</ns3:hr>
            <ns3:cad>0</ns3:cad>
          </ns3:TrackPointExtension>
        </extensions>
      </trkpt>
      <trkpt lat="29.4249136559665203094482421875" lon="83.23604713194072246551513671875">
        <ele>4025.60009765625</ele>
        <time>2026-08-21T03:33:43.000Z</time>
        <extensions>
          <ns3:TrackPointExtension>
            <ns3:hr>116</ns3:hr>
            <ns3:cad>0</ns3:cad>
          </ns3:TrackPointExtension>
        </extensions>
      </trkpt>
      <trkpt lat="29.42489898763597011566162109375" lon="83.23609440587460994720458984375">
        <ele>4026.199951171875</ele>
        <time>2026-08-21T03:33:47.000Z</time>
        <extensions>
          <ns3:TrackPointExtension>
            <ns3:hr>116</ns3:hr>
            <ns3:cad>0</ns3:cad>
          </ns3:TrackPointExtension>
        </extensions>
      </trkpt>
      <trkpt lat="29.42489496432244777679443359375" lon="83.2361043803393840789794921875">
        <ele>4026.39990234375</ele>
        <time>2026-08-21T03:33:48.000Z</time>
        <extensions>
          <ns3:TrackPointExtension>
            <ns3:hr>116</ns3:hr>
            <ns3:cad>0</ns3:cad>
          </ns3:TrackPointExtension>
        </extensions>
      </trkpt>
      <trkpt lat="29.42488356493413448333740234375" lon="83.236147128045558929443359375">
        <ele>4026.800048828125</ele>
        <time>2026-08-21T03:33:52.000Z</time>
        <extensions>
          <ns3:TrackPointExtension>
            <ns3:hr>119</ns3:hr>
            <ns3:cad>0</ns3:cad>
          </ns3:TrackPointExtension>
        </extensions>
      </trkpt>
      <trkpt lat="29.4248818047344684600830078125" lon="83.23615886270999908447265625">
        <ele>4027</ele>
        <time>2026-08-21T03:33:53.000Z</time>
        <extensions>
          <ns3:TrackPointExtension>
            <ns3:hr>119</ns3:hr>
            <ns3:cad>0</ns3:cad>
          </ns3:TrackPointExtension>
        </extensions>
      </trkpt>
      <trkpt lat="29.42487694323062896728515625" lon="83.23623823933303356170654296875">
        <ele>4027</ele>
        <time>2026-08-21T03:33:59.000Z</time>
        <extensions>
          <ns3:TrackPointExtension>
            <ns3:hr>119</ns3:hr>
            <ns3:cad>47</ns3:cad>
          </ns3:TrackPointExtension>
        </extensions>
      </trkpt>
      <trkpt lat="29.42487149499356746673583984375" lon="83.236299343407154083251953125">
        <ele>4027.199951171875</ele>
        <time>2026-08-21T03:34:04.000Z</time>
        <extensions>
          <ns3:TrackPointExtension>
            <ns3:hr>118</ns3:hr>
            <ns3:cad>0</ns3:cad>
          </ns3:TrackPointExtension>
        </extensions>
      </trkpt>
      <trkpt lat="29.42487132735550403594970703125" lon="83.236310742795467376708984375">
        <ele>4027.39990234375</ele>
        <time>2026-08-21T03:34:05.000Z</time>
        <extensions>
          <ns3:TrackPointExtension>
            <ns3:hr>119</ns3:hr>
            <ns3:cad>0</ns3:cad>
          </ns3:TrackPointExtension>
        </extensions>
      </trkpt>
      <trkpt lat="29.42486487329006195068359375" lon="83.2363726012408733367919921875">
        <ele>4027.800048828125</ele>
        <time>2026-08-21T03:34:10.000Z</time>
        <extensions>
          <ns3:TrackPointExtension>
            <ns3:hr>119</ns3:hr>
            <ns3:cad>0</ns3:cad>
          </ns3:TrackPointExtension>
        </extensions>
      </trkpt>
      <trkpt lat="29.42485540173947811126708984375" lon="83.23643940500915050506591796875">
        <ele>4028.199951171875</ele>
        <time>2026-08-21T03:34:15.000Z</time>
        <extensions>
          <ns3:TrackPointExtension>
            <ns3:hr>119</ns3:hr>
            <ns3:cad>0</ns3:cad>
          </ns3:TrackPointExtension>
        </extensions>
      </trkpt>
      <trkpt lat="29.42485238425433635711669921875" lon="83.23645097203552722930908203125">
        <ele>4028.39990234375</ele>
        <time>2026-08-21T03:34:16.000Z</time>
        <extensions>
          <ns3:TrackPointExtension>
            <ns3:hr>119</ns3:hr>
            <ns3:cad>0</ns3:cad>
          </ns3:TrackPointExtension>
        </extensions>
      </trkpt>
      <trkpt lat="29.42484014667570590972900390625" lon="83.2365060411393642425537109375">
        <ele>4028.60009765625</ele>
        <time>2026-08-21T03:34:20.000Z</time>
        <extensions>
          <ns3:TrackPointExtension>
            <ns3:hr>118</ns3:hr>
            <ns3:cad>0</ns3:cad>
          </ns3:TrackPointExtension>
        </extensions>
      </trkpt>
      <trkpt lat="29.42482220940291881561279296875" lon="83.23654769919812679290771484375">
        <ele>4028.60009765625</ele>
        <time>2026-08-21T03:34:24.000Z</time>
        <extensions>
          <ns3:TrackPointExtension>
            <ns3:hr>119</ns3:hr>
            <ns3:cad>0</ns3:cad>
          </ns3:TrackPointExtension>
        </extensions>
      </trkpt>
      <trkpt lat="29.42480343393981456756591796875" lon="83.2365913689136505126953125">
        <ele>4029</ele>
        <time>2026-08-21T03:34:28.000Z</time>
        <extensions>
          <ns3:TrackPointExtension>
            <ns3:hr>118</ns3:hr>
            <ns3:cad>0</ns3:cad>
          </ns3:TrackPointExtension>
        </extensions>
      </trkpt>
      <trkpt lat="29.42479438148438930511474609375" lon="83.23661089874804019927978515625">
        <ele>4029.39990234375</ele>
        <time>2026-08-21T03:34:30.000Z</time>
        <extensions>
          <ns3:TrackPointExtension>
            <ns3:hr>118</ns3:hr>
            <ns3:cad>0</ns3:cad>
          </ns3:TrackPointExtension>
        </extensions>
      </trkpt>
      <trkpt lat="29.42478432320058345794677734375" lon="83.2366465218365192413330078125">
        <ele>4029.60009765625</ele>
        <time>2026-08-21T03:34:33.000Z</time>
        <extensions>
          <ns3:TrackPointExtension>
            <ns3:hr>118</ns3:hr>
            <ns3:cad>66</ns3:cad>
          </ns3:TrackPointExtension>
        </extensions>
      </trkpt>
      <trkpt lat="29.42478046752512454986572265625" lon="83.23669371195137500762939453125">
        <ele>4030.39990234375</ele>
        <time>2026-08-21T03:34:37.000Z</time>
        <extensions>
          <ns3:TrackPointExtension>
            <ns3:hr>118</ns3:hr>
            <ns3:cad>0</ns3:cad>
          </ns3:TrackPointExtension>
        </extensions>
      </trkpt>
      <trkpt lat="29.42478029988706111907958984375" lon="83.23670427314937114715576171875">
        <ele>4030.39990234375</ele>
        <time>2026-08-21T03:34:38.000Z</time>
        <extensions>
          <ns3:TrackPointExtension>
            <ns3:hr>118</ns3:hr>
            <ns3:cad>0</ns3:cad>
          </ns3:TrackPointExtension>
        </extensions>
      </trkpt>
      <trkpt lat="29.42477996461093425750732421875" lon="83.23671768419444561004638671875">
        <ele>4030.60009765625</ele>
        <time>2026-08-21T03:34:39.000Z</time>
        <extensions>
          <ns3:TrackPointExtension>
            <ns3:hr>118</ns3:hr>
            <ns3:cad>0</ns3:cad>
          </ns3:TrackPointExtension>
        </extensions>
      </trkpt>
      <trkpt lat="29.42476906813681125640869140625" lon="83.236777447164058685302734375">
        <ele>4031.60009765625</ele>
        <time>2026-08-21T03:34:44.000Z</time>
        <extensions>
          <ns3:TrackPointExtension>
            <ns3:hr>119</ns3:hr>
            <ns3:cad>0</ns3:cad>
          </ns3:TrackPointExtension>
        </extensions>
      </trkpt>
      <trkpt lat="29.42474140785634517669677734375" lon="83.236839808523654937744140625">
        <ele>4032.199951171875</ele>
        <time>2026-08-21T03:34:50.000Z</time>
        <extensions>
          <ns3:TrackPointExtension>
            <ns3:hr>120</ns3:hr>
            <ns3:cad>44</ns3:cad>
          </ns3:TrackPointExtension>
        </extensions>
      </trkpt>
      <trkpt lat="29.4247235544025897979736328125" lon="83.23688129894435405731201171875">
        <ele>4032.60009765625</ele>
        <time>2026-08-21T03:34:54.000Z</time>
        <extensions>
          <ns3:TrackPointExtension>
            <ns3:hr>119</ns3:hr>
            <ns3:cad>43</ns3:cad>
          </ns3:TrackPointExtension>
        </extensions>
      </trkpt>
      <trkpt lat="29.424714334309101104736328125" lon="83.2369056902825832366943359375">
        <ele>4032.800048828125</ele>
        <time>2026-08-21T03:34:56.000Z</time>
        <extensions>
          <ns3:TrackPointExtension>
            <ns3:hr>119</ns3:hr>
            <ns3:cad>44</ns3:cad>
          </ns3:TrackPointExtension>
        </extensions>
      </trkpt>
      <trkpt lat="29.42468784749507904052734375" lon="83.23697450570762157440185546875">
        <ele>4032.39990234375</ele>
        <time>2026-08-21T03:35:02.000Z</time>
        <extensions>
          <ns3:TrackPointExtension>
            <ns3:hr>119</ns3:hr>
            <ns3:cad>44</ns3:cad>
          </ns3:TrackPointExtension>
        </extensions>
      </trkpt>
      <trkpt lat="29.42466362379491329193115234375" lon="83.23703636415302753448486328125">
        <ele>4033</ele>
        <time>2026-08-21T03:35:07.000Z</time>
        <extensions>
          <ns3:TrackPointExtension>
            <ns3:hr>119</ns3:hr>
            <ns3:cad>0</ns3:cad>
          </ns3:TrackPointExtension>
        </extensions>
      </trkpt>
      <trkpt lat="29.4246115721762180328369140625" lon="83.23713275603950023651123046875">
        <ele>4033.60009765625</ele>
        <time>2026-08-21T03:35:15.000Z</time>
        <extensions>
          <ns3:TrackPointExtension>
            <ns3:hr>121</ns3:hr>
            <ns3:cad>0</ns3:cad>
          </ns3:TrackPointExtension>
        </extensions>
      </trkpt>
      <trkpt lat="29.4245800562202930450439453125" lon="83.23719084262847900390625">
        <ele>4033.60009765625</ele>
        <time>2026-08-21T03:35:21.000Z</time>
        <extensions>
          <ns3:TrackPointExtension>
            <ns3:hr>122</ns3:hr>
            <ns3:cad>46</ns3:cad>
          </ns3:TrackPointExtension>
        </extensions>
      </trkpt>
      <trkpt lat="29.42454711534082889556884765625" lon="83.2372379489243030548095703125">
        <ele>4034.39990234375</ele>
        <time>2026-08-21T03:35:26.000Z</time>
        <extensions>
          <ns3:TrackPointExtension>
            <ns3:hr>119</ns3:hr>
            <ns3:cad>46</ns3:cad>
          </ns3:TrackPointExtension>
        </extensions>
      </trkpt>
      <trkpt lat="29.42451157607138156890869140625" lon="83.23728782124817371368408203125">
        <ele>4034.800048828125</ele>
        <time>2026-08-21T03:35:31.000Z</time>
        <extensions>
          <ns3:TrackPointExtension>
            <ns3:hr>121</ns3:hr>
            <ns3:cad>45</ns3:cad>
          </ns3:TrackPointExtension>
        </extensions>
      </trkpt>
      <trkpt lat="29.42447788082063198089599609375" lon="83.23736493475735187530517578125">
        <ele>4035</ele>
        <time>2026-08-21T03:35:38.000Z</time>
        <extensions>
          <ns3:TrackPointExtension>
            <ns3:hr>120</ns3:hr>
            <ns3:cad>47</ns3:cad>
          </ns3:TrackPointExtension>
        </extensions>
      </trkpt>
      <trkpt lat="29.42443798296153545379638671875" lon="83.2374733127653598785400390625">
        <ele>4035</ele>
        <time>2026-08-21T03:35:46.000Z</time>
        <extensions>
          <ns3:TrackPointExtension>
            <ns3:hr>120</ns3:hr>
            <ns3:cad>0</ns3:cad>
          </ns3:TrackPointExtension>
        </extensions>
      </trkpt>
      <trkpt lat="29.424414597451686859130859375" lon="83.2375343330204486846923828125">
        <ele>4035.60009765625</ele>
        <time>2026-08-21T03:35:51.000Z</time>
        <extensions>
          <ns3:TrackPointExtension>
            <ns3:hr>122</ns3:hr>
            <ns3:cad>49</ns3:cad>
          </ns3:TrackPointExtension>
        </extensions>
      </trkpt>
      <trkpt lat="29.424398839473724365234375" lon="83.23758990503847599029541015625">
        <ele>4035.60009765625</ele>
        <time>2026-08-21T03:35:55.000Z</time>
        <extensions>
          <ns3:TrackPointExtension>
            <ns3:hr>121</ns3:hr>
            <ns3:cad>0</ns3:cad>
          </ns3:TrackPointExtension>
        </extensions>
      </trkpt>
      <trkpt lat="29.424395151436328887939453125" lon="83.2376027293503284454345703125">
        <ele>4035.800048828125</ele>
        <time>2026-08-21T03:35:56.000Z</time>
        <extensions>
          <ns3:TrackPointExtension>
            <ns3:hr>121</ns3:hr>
            <ns3:cad>0</ns3:cad>
          </ns3:TrackPointExtension>
        </extensions>
      </trkpt>
      <trkpt lat="29.4243812374770641326904296875" lon="83.23765159584581851959228515625">
        <ele>4035.800048828125</ele>
        <time>2026-08-21T03:36:00.000Z</time>
        <extensions>
          <ns3:TrackPointExtension>
            <ns3:hr>120</ns3:hr>
            <ns3:cad>0</ns3:cad>
          </ns3:TrackPointExtension>
        </extensions>
      </trkpt>
      <trkpt lat="29.424371682107448577880859375" lon="83.2377177290618419647216796875">
        <ele>4036.199951171875</ele>
        <time>2026-08-21T03:36:05.000Z</time>
        <extensions>
          <ns3:TrackPointExtension>
            <ns3:hr>118</ns3:hr>
            <ns3:cad>0</ns3:cad>
          </ns3:TrackPointExtension>
        </extensions>
      </trkpt>
      <trkpt lat="29.42436053417623043060302734375" lon="83.23777128942310810089111328125">
        <ele>4036.199951171875</ele>
        <time>2026-08-21T03:36:09.000Z</time>
        <extensions>
          <ns3:TrackPointExtension>
            <ns3:hr>117</ns3:hr>
            <ns3:cad>0</ns3:cad>
          </ns3:TrackPointExtension>
        </extensions>
      </trkpt>
      <trkpt lat="29.42434779368340969085693359375" lon="83.23779157362878322601318359375">
        <ele>4036.199951171875</ele>
        <time>2026-08-21T03:36:11.000Z</time>
        <extensions>
          <ns3:TrackPointExtension>
            <ns3:hr>117</ns3:hr>
            <ns3:cad>0</ns3:cad>
          </ns3:TrackPointExtension>
        </extensions>
      </trkpt>
      <trkpt lat="29.4243228994309902191162109375" lon="83.2378171384334564208984375">
        <ele>4036.39990234375</ele>
        <time>2026-08-21T03:36:14.000Z</time>
        <extensions>
          <ns3:TrackPointExtension>
            <ns3:hr>116</ns3:hr>
            <ns3:cad>0</ns3:cad>
          </ns3:TrackPointExtension>
        </extensions>
      </trkpt>
      <trkpt lat="29.424269758164882659912109375" lon="83.23787212371826171875">
        <ele>4036.39990234375</ele>
        <time>2026-08-21T03:36:20.000Z</time>
        <extensions>
          <ns3:TrackPointExtension>
            <ns3:hr>115</ns3:hr>
            <ns3:cad>0</ns3:cad>
          </ns3:TrackPointExtension>
        </extensions>
      </trkpt>
      <trkpt lat="29.42422742955386638641357421875" lon="83.23793423362076282501220703125">
        <ele>4036.60009765625</ele>
        <time>2026-08-21T03:36:26.000Z</time>
        <extensions>
          <ns3:TrackPointExtension>
            <ns3:hr>114</ns3:hr>
            <ns3:cad>0</ns3:cad>
          </ns3:TrackPointExtension>
        </extensions>
      </trkpt>
      <trkpt lat="29.42421837709844112396240234375" lon="83.23795652948319911956787109375">
        <ele>4036.800048828125</ele>
        <time>2026-08-21T03:36:28.000Z</time>
        <extensions>
          <ns3:TrackPointExtension>
            <ns3:hr>114</ns3:hr>
            <ns3:cad>0</ns3:cad>
          </ns3:TrackPointExtension>
        </extensions>
      </trkpt>
      <trkpt lat="29.4242025353014469146728515625" lon="83.23800279758870601654052734375">
        <ele>4037</ele>
        <time>2026-08-21T03:36:32.000Z</time>
        <extensions>
          <ns3:TrackPointExtension>
            <ns3:hr>114</ns3:hr>
            <ns3:cad>49</ns3:cad>
          </ns3:TrackPointExtension>
        </extensions>
      </trkpt>
      <trkpt lat="29.42418937571346759796142578125" lon="83.23805040679872035980224609375">
        <ele>4037.39990234375</ele>
        <time>2026-08-21T03:36:36.000Z</time>
        <extensions>
          <ns3:TrackPointExtension>
            <ns3:hr>113</ns3:hr>
            <ns3:cad>51</ns3:cad>
          </ns3:TrackPointExtension>
        </extensions>
      </trkpt>
      <trkpt lat="29.42418753169476985931396484375" lon="83.23807974345982074737548828125">
        <ele>4037.800048828125</ele>
        <time>2026-08-21T03:36:38.000Z</time>
        <extensions>
          <ns3:TrackPointExtension>
            <ns3:hr>112</ns3:hr>
            <ns3:cad>51</ns3:cad>
          </ns3:TrackPointExtension>
        </extensions>
      </trkpt>
      <trkpt lat="29.42418619059026241302490234375" lon="83.23812098242342472076416015625">
        <ele>4038.199951171875</ele>
        <time>2026-08-21T03:36:41.000Z</time>
        <extensions>
          <ns3:TrackPointExtension>
            <ns3:hr>113</ns3:hr>
            <ns3:cad>0</ns3:cad>
          </ns3:TrackPointExtension>
        </extensions>
      </trkpt>
      <trkpt lat="29.42416640929877758026123046875" lon="83.23819709010422229766845703125">
        <ele>4038.60009765625</ele>
        <time>2026-08-21T03:36:47.000Z</time>
        <extensions>
          <ns3:TrackPointExtension>
            <ns3:hr>114</ns3:hr>
            <ns3:cad>0</ns3:cad>
          </ns3:TrackPointExtension>
        </extensions>
      </trkpt>
      <trkpt lat="29.42415048368275165557861328125" lon="83.23821636848151683807373046875">
        <ele>4039</ele>
        <time>2026-08-21T03:36:49.000Z</time>
        <extensions>
          <ns3:TrackPointExtension>
            <ns3:hr>115</ns3:hr>
            <ns3:cad>0</ns3:cad>
          </ns3:TrackPointExtension>
        </extensions>
      </trkpt>
      <trkpt lat="29.4241348095238208770751953125" lon="83.238234557211399078369140625">
        <ele>4039</ele>
        <time>2026-08-21T03:36:51.000Z</time>
        <extensions>
          <ns3:TrackPointExtension>
            <ns3:hr>114</ns3:hr>
            <ns3:cad>0</ns3:cad>
          </ns3:TrackPointExtension>
        </extensions>
      </trkpt>
      <trkpt lat="29.42410178482532501220703125" lon="83.2382749579846858978271484375">
        <ele>4039.39990234375</ele>
        <time>2026-08-21T03:36:55.000Z</time>
        <extensions>
          <ns3:TrackPointExtension>
            <ns3:hr>115</ns3:hr>
            <ns3:cad>0</ns3:cad>
          </ns3:TrackPointExtension>
        </extensions>
      </trkpt>
      <trkpt lat="29.42407672293484210968017578125" lon="83.23832617141306400299072265625">
        <ele>4040.199951171875</ele>
        <time>2026-08-21T03:37:00.000Z</time>
        <extensions>
          <ns3:TrackPointExtension>
            <ns3:hr>115</ns3:hr>
            <ns3:cad>0</ns3:cad>
          </ns3:TrackPointExtension>
        </extensions>
      </trkpt>
      <trkpt lat="29.4240563549101352691650390625" lon="83.23837813921272754669189453125">
        <ele>4040.60009765625</ele>
        <time>2026-08-21T03:37:05.000Z</time>
        <extensions>
          <ns3:TrackPointExtension>
            <ns3:hr>117</ns3:hr>
            <ns3:cad>0</ns3:cad>
          </ns3:TrackPointExtension>
        </extensions>
      </trkpt>
      <trkpt lat="29.42405342124402523040771484375" lon="83.23842407204210758209228515625">
        <ele>4041.199951171875</ele>
        <time>2026-08-21T03:37:09.000Z</time>
        <extensions>
          <ns3:TrackPointExtension>
            <ns3:hr>118</ns3:hr>
            <ns3:cad>0</ns3:cad>
          </ns3:TrackPointExtension>
        </extensions>
      </trkpt>
      <trkpt lat="29.42405342124402523040771484375" lon="83.23844921775162220001220703125">
        <ele>4041.39990234375</ele>
        <time>2026-08-21T03:37:11.000Z</time>
        <extensions>
          <ns3:TrackPointExtension>
            <ns3:hr>118</ns3:hr>
            <ns3:cad>0</ns3:cad>
          </ns3:TrackPointExtension>
        </extensions>
      </trkpt>
      <trkpt lat="29.4240405969321727752685546875" lon="83.2385093159973621368408203125">
        <ele>4041.60009765625</ele>
        <time>2026-08-21T03:37:16.000Z</time>
        <extensions>
          <ns3:TrackPointExtension>
            <ns3:hr>117</ns3:hr>
            <ns3:cad>0</ns3:cad>
          </ns3:TrackPointExtension>
        </extensions>
      </trkpt>
      <trkpt lat="29.42401620559394359588623046875" lon="83.23855315335094928741455078125">
        <ele>4042.199951171875</ele>
        <time>2026-08-21T03:37:20.000Z</time>
        <extensions>
          <ns3:TrackPointExtension>
            <ns3:hr>118</ns3:hr>
            <ns3:cad>0</ns3:cad>
          </ns3:TrackPointExtension>
        </extensions>
      </trkpt>
      <trkpt lat="29.42400832660496234893798828125" lon="83.23856136761605739593505859375">
        <ele>4042.199951171875</ele>
        <time>2026-08-21T03:37:21.000Z</time>
        <extensions>
          <ns3:TrackPointExtension>
            <ns3:hr>118</ns3:hr>
            <ns3:cad>0</ns3:cad>
          </ns3:TrackPointExtension>
        </extensions>
      </trkpt>
      <trkpt lat="29.4239779002964496612548828125" lon="83.23858601041138172149658203125">
        <ele>4042.60009765625</ele>
        <time>2026-08-21T03:37:25.000Z</time>
        <extensions>
          <ns3:TrackPointExtension>
            <ns3:hr>119</ns3:hr>
            <ns3:cad>71</ns3:cad>
          </ns3:TrackPointExtension>
        </extensions>
      </trkpt>
      <trkpt lat="29.423939175903797149658203125" lon="83.23862791992723941802978515625">
        <ele>4043.199951171875</ele>
        <time>2026-08-21T03:37:30.000Z</time>
        <extensions>
          <ns3:TrackPointExtension>
            <ns3:hr>119</ns3:hr>
            <ns3:cad>0</ns3:cad>
          </ns3:TrackPointExtension>
        </extensions>
      </trkpt>
      <trkpt lat="29.42393490113317966461181640625" lon="83.238635547459125518798828125">
        <ele>4043.39990234375</ele>
        <time>2026-08-21T03:37:31.000Z</time>
        <extensions>
          <ns3:TrackPointExtension>
            <ns3:hr>119</ns3:hr>
            <ns3:cad>0</ns3:cad>
          </ns3:TrackPointExtension>
        </extensions>
      </trkpt>
      <trkpt lat="29.42391729913651943206787109375" lon="83.23866999708116054534912109375">
        <ele>4043.800048828125</ele>
        <time>2026-08-21T03:37:35.000Z</time>
        <extensions>
          <ns3:TrackPointExtension>
            <ns3:hr>120</ns3:hr>
            <ns3:cad>0</ns3:cad>
          </ns3:TrackPointExtension>
        </extensions>
      </trkpt>
      <trkpt lat="29.42388310097157955169677734375" lon="83.2387098111212253570556640625">
        <ele>4044</ele>
        <time>2026-08-21T03:37:40.000Z</time>
        <extensions>
          <ns3:TrackPointExtension>
            <ns3:hr>121</ns3:hr>
            <ns3:cad>0</ns3:cad>
          </ns3:TrackPointExtension>
        </extensions>
      </trkpt>
      <trkpt lat="29.42386734299361705780029296875" lon="83.23872531764209270477294921875">
        <ele>4044.60009765625</ele>
        <time>2026-08-21T03:37:42.000Z</time>
        <extensions>
          <ns3:TrackPointExtension>
            <ns3:hr>120</ns3:hr>
            <ns3:cad>0</ns3:cad>
          </ns3:TrackPointExtension>
        </extensions>
      </trkpt>
      <trkpt lat="29.42383348010480403900146484375" lon="83.2387517206370830535888671875">
        <ele>4045.800048828125</ele>
        <time>2026-08-21T03:37:46.000Z</time>
        <extensions>
          <ns3:TrackPointExtension>
            <ns3:hr>123</ns3:hr>
            <ns3:cad>0</ns3:cad>
          </ns3:TrackPointExtension>
        </extensions>
      </trkpt>
      <trkpt lat="29.42382576875388622283935546875" lon="83.2387570850551128387451171875">
        <ele>4045.800048828125</ele>
        <time>2026-08-21T03:37:47.000Z</time>
        <extensions>
          <ns3:TrackPointExtension>
            <ns3:hr>125</ns3:hr>
            <ns3:cad>45</ns3:cad>
          </ns3:TrackPointExtension>
        </extensions>
      </trkpt>
      <trkpt lat="29.42380481399595737457275390625" lon="83.2387966476380825042724609375">
        <ele>4045.800048828125</ele>
        <time>2026-08-21T03:37:52.000Z</time>
        <extensions>
          <ns3:TrackPointExtension>
            <ns3:hr>123</ns3:hr>
            <ns3:cad>45</ns3:cad>
          </ns3:TrackPointExtension>
        </extensions>
      </trkpt>
      <trkpt lat="29.4238028861582279205322265625" lon="83.23880620300769805908203125">
        <ele>4046</ele>
        <time>2026-08-21T03:37:53.000Z</time>
        <extensions>
          <ns3:TrackPointExtension>
            <ns3:hr>123</ns3:hr>
            <ns3:cad>45</ns3:cad>
          </ns3:TrackPointExtension>
        </extensions>
      </trkpt>
      <trkpt lat="29.42378872074186801910400390625" lon="83.23887057602405548095703125">
        <ele>4046.39990234375</ele>
        <time>2026-08-21T03:37:59.000Z</time>
        <extensions>
          <ns3:TrackPointExtension>
            <ns3:hr>123</ns3:hr>
            <ns3:cad>0</ns3:cad>
          </ns3:TrackPointExtension>
        </extensions>
      </trkpt>
      <trkpt lat="29.42377681843936443328857421875" lon="83.2389146648347377777099609375">
        <ele>4047</ele>
        <time>2026-08-21T03:38:03.000Z</time>
        <extensions>
          <ns3:TrackPointExtension>
            <ns3:hr>124</ns3:hr>
            <ns3:cad>0</ns3:cad>
          </ns3:TrackPointExtension>
        </extensions>
      </trkpt>
      <trkpt lat="29.42377229221165180206298828125" lon="83.2389260642230510711669921875">
        <ele>4047.199951171875</ele>
        <time>2026-08-21T03:38:04.000Z</time>
        <extensions>
          <ns3:TrackPointExtension>
            <ns3:hr>124</ns3:hr>
            <ns3:cad>0</ns3:cad>
          </ns3:TrackPointExtension>
        </extensions>
      </trkpt>
      <trkpt lat="29.423743374645709991455078125" lon="83.23897627182304859161376953125">
        <ele>4047.199951171875</ele>
        <time>2026-08-21T03:38:09.000Z</time>
        <extensions>
          <ns3:TrackPointExtension>
            <ns3:hr>124</ns3:hr>
            <ns3:cad>0</ns3:cad>
          </ns3:TrackPointExtension>
        </extensions>
      </trkpt>
      <trkpt lat="29.4237096793949604034423828125" lon="83.23901717551052570343017578125">
        <ele>4047.800048828125</ele>
        <time>2026-08-21T03:38:14.000Z</time>
        <extensions>
          <ns3:TrackPointExtension>
            <ns3:hr>124</ns3:hr>
            <ns3:cad>0</ns3:cad>
          </ns3:TrackPointExtension>
        </extensions>
      </trkpt>
      <trkpt lat="29.42369283176958560943603515625" lon="83.239041902124881744384765625">
        <ele>4048</ele>
        <time>2026-08-21T03:38:17.000Z</time>
        <extensions>
          <ns3:TrackPointExtension>
            <ns3:hr>123</ns3:hr>
            <ns3:cad>0</ns3:cad>
          </ns3:TrackPointExtension>
        </extensions>
      </trkpt>
      <trkpt lat="29.4236721284687519073486328125" lon="83.23907249607145786285400390625">
        <ele>4048.60009765625</ele>
        <time>2026-08-21T03:38:21.000Z</time>
        <extensions>
          <ns3:TrackPointExtension>
            <ns3:hr>122</ns3:hr>
            <ns3:cad>0</ns3:cad>
          </ns3:TrackPointExtension>
        </extensions>
      </trkpt>
      <trkpt lat="29.42364321090281009674072265625" lon="83.23912940919399261474609375">
        <ele>4048.60009765625</ele>
        <time>2026-08-21T03:38:27.000Z</time>
        <extensions>
          <ns3:TrackPointExtension>
            <ns3:hr>122</ns3:hr>
            <ns3:cad>0</ns3:cad>
          </ns3:TrackPointExtension>
        </extensions>
      </trkpt>
      <trkpt lat="29.42362527363002300262451171875" lon="83.239159248769283294677734375">
        <ele>4049</ele>
        <time>2026-08-21T03:38:30.000Z</time>
        <extensions>
          <ns3:TrackPointExtension>
            <ns3:hr>122</ns3:hr>
            <ns3:cad>0</ns3:cad>
          </ns3:TrackPointExtension>
        </extensions>
      </trkpt>
      <trkpt lat="29.4236127845942974090576171875" lon="83.239183388650417327880859375">
        <ele>4049.199951171875</ele>
        <time>2026-08-21T03:38:32.000Z</time>
        <extensions>
          <ns3:TrackPointExtension>
            <ns3:hr>122</ns3:hr>
            <ns3:cad>0</ns3:cad>
          </ns3:TrackPointExtension>
        </extensions>
      </trkpt>
      <trkpt lat="29.42358202300965785980224609375" lon="83.23923074640333652496337890625">
        <ele>4049.199951171875</ele>
        <time>2026-08-21T03:38:37.000Z</time>
        <extensions>
          <ns3:TrackPointExtension>
            <ns3:hr>122</ns3:hr>
            <ns3:cad>19</ns3:cad>
          </ns3:TrackPointExtension>
        </extensions>
      </trkpt>
      <trkpt lat="29.42355461418628692626953125" lon="83.2392727397382259368896484375">
        <ele>4050</ele>
        <time>2026-08-21T03:38:42.000Z</time>
        <extensions>
          <ns3:TrackPointExtension>
            <ns3:hr>122</ns3:hr>
            <ns3:cad>0</ns3:cad>
          </ns3:TrackPointExtension>
        </extensions>
      </trkpt>
      <trkpt lat="29.4235490821301937103271484375" lon="83.23928288184106349945068359375">
        <ele>4050.199951171875</ele>
        <time>2026-08-21T03:38:43.000Z</time>
        <extensions>
          <ns3:TrackPointExtension>
            <ns3:hr>122</ns3:hr>
            <ns3:cad>0</ns3:cad>
          </ns3:TrackPointExtension>
        </extensions>
      </trkpt>
      <trkpt lat="29.42351999692618846893310546875" lon="83.2393391244113445281982421875">
        <ele>4050.60009765625</ele>
        <time>2026-08-21T03:38:48.000Z</time>
        <extensions>
          <ns3:TrackPointExtension>
            <ns3:hr>121</ns3:hr>
            <ns3:cad>63</ns3:cad>
          </ns3:TrackPointExtension>
        </extensions>
      </trkpt>
      <trkpt lat="29.42350055091083049774169921875" lon="83.23939302004873752593994140625">
        <ele>4050.60009765625</ele>
        <time>2026-08-21T03:38:53.000Z</time>
        <extensions>
          <ns3:TrackPointExtension>
            <ns3:hr>122</ns3:hr>
            <ns3:cad>0</ns3:cad>
          </ns3:TrackPointExtension>
        </extensions>
      </trkpt>
      <trkpt lat="29.42348730750381946563720703125" lon="83.2394306547939777374267578125">
        <ele>4051.199951171875</ele>
        <time>2026-08-21T03:38:57.000Z</time>
        <extensions>
          <ns3:TrackPointExtension>
            <ns3:hr>122</ns3:hr>
            <ns3:cad>0</ns3:cad>
          </ns3:TrackPointExtension>
        </extensions>
      </trkpt>
      <trkpt lat="29.423482529819011688232421875" lon="83.23945621959865093231201171875">
        <ele>4051.39990234375</ele>
        <time>2026-08-21T03:38:59.000Z</time>
        <extensions>
          <ns3:TrackPointExtension>
            <ns3:hr>122</ns3:hr>
            <ns3:cad>0</ns3:cad>
          </ns3:TrackPointExtension>
        </extensions>
      </trkpt>
      <trkpt lat="29.42347205244004726409912109375" lon="83.23950634337961673736572265625">
        <ele>4051.60009765625</ele>
        <time>2026-08-21T03:39:03.000Z</time>
        <extensions>
          <ns3:TrackPointExtension>
            <ns3:hr>123</ns3:hr>
            <ns3:cad>0</ns3:cad>
          </ns3:TrackPointExtension>
        </extensions>
      </trkpt>
      <trkpt lat="29.42346149124205112457275390625" lon="83.23955127038061618804931640625">
        <ele>4052.199951171875</ele>
        <time>2026-08-21T03:39:07.000Z</time>
        <extensions>
          <ns3:TrackPointExtension>
            <ns3:hr>126</ns3:hr>
            <ns3:cad>61</ns3:cad>
          </ns3:TrackPointExtension>
        </extensions>
      </trkpt>
      <trkpt lat="29.423456378281116485595703125" lon="83.23957356624305248260498046875">
        <ele>4052.39990234375</ele>
        <time>2026-08-21T03:39:09.000Z</time>
        <extensions>
          <ns3:TrackPointExtension>
            <ns3:hr>127</ns3:hr>
            <ns3:cad>61</ns3:cad>
          </ns3:TrackPointExtension>
        </extensions>
      </trkpt>
      <trkpt lat="29.4234451465308666229248046875" lon="83.23960642330348491668701171875">
        <ele>4052.60009765625</ele>
        <time>2026-08-21T03:39:12.000Z</time>
        <extensions>
          <ns3:TrackPointExtension>
            <ns3:hr>124</ns3:hr>
            <ns3:cad>61</ns3:cad>
          </ns3:TrackPointExtension>
        </extensions>
      </trkpt>
      <trkpt lat="29.42343332804739475250244140625" lon="83.23965537361800670623779296875">
        <ele>4052.800048828125</ele>
        <time>2026-08-21T03:39:16.000Z</time>
        <extensions>
          <ns3:TrackPointExtension>
            <ns3:hr>120</ns3:hr>
            <ns3:cad>44</ns3:cad>
          </ns3:TrackPointExtension>
        </extensions>
      </trkpt>
      <trkpt lat="29.423425197601318359375" lon="83.23969963006675243377685546875">
        <ele>4053.39990234375</ele>
        <time>2026-08-21T03:39:20.000Z</time>
        <extensions>
          <ns3:TrackPointExtension>
            <ns3:hr>117</ns3:hr>
            <ns3:cad>0</ns3:cad>
          </ns3:TrackPointExtension>
        </extensions>
      </trkpt>
      <trkpt lat="29.42342092283070087432861328125" lon="83.2397107779979705810546875">
        <ele>4053.60009765625</ele>
        <time>2026-08-21T03:39:21.000Z</time>
        <extensions>
          <ns3:TrackPointExtension>
            <ns3:hr>118</ns3:hr>
            <ns3:cad>0</ns3:cad>
          </ns3:TrackPointExtension>
        </extensions>
      </trkpt>
      <trkpt lat="29.42340583540499210357666015625" lon="83.23977171443402767181396484375">
        <ele>4053.800048828125</ele>
        <time>2026-08-21T03:39:26.000Z</time>
        <extensions>
          <ns3:TrackPointExtension>
            <ns3:hr>121</ns3:hr>
            <ns3:cad>0</ns3:cad>
          </ns3:TrackPointExtension>
        </extensions>
      </trkpt>
      <trkpt lat="29.423383958637714385986328125" lon="83.23983927257359027862548828125">
        <ele>4054.39990234375</ele>
        <time>2026-08-21T03:39:32.000Z</time>
        <extensions>
          <ns3:TrackPointExtension>
            <ns3:hr>123</ns3:hr>
            <ns3:cad>0</ns3:cad>
          </ns3:TrackPointExtension>
        </extensions>
      </trkpt>
      <trkpt lat="29.42338027060031890869140625" lon="83.23985067196190357208251953125">
        <ele>4054.39990234375</ele>
        <time>2026-08-21T03:39:33.000Z</time>
        <extensions>
          <ns3:TrackPointExtension>
            <ns3:hr>123</ns3:hr>
            <ns3:cad>0</ns3:cad>
          </ns3:TrackPointExtension>
        </extensions>
      </trkpt>
      <trkpt lat="29.4233623333275318145751953125" lon="83.23989509604871273040771484375">
        <ele>4054.800048828125</ele>
        <time>2026-08-21T03:39:37.000Z</time>
        <extensions>
          <ns3:TrackPointExtension>
            <ns3:hr>121</ns3:hr>
            <ns3:cad>0</ns3:cad>
          </ns3:TrackPointExtension>
        </extensions>
      </trkpt>
      <trkpt lat="29.423336684703826904296875" lon="83.23995511047542095184326171875">
        <ele>4055.39990234375</ele>
        <time>2026-08-21T03:39:42.000Z</time>
        <extensions>
          <ns3:TrackPointExtension>
            <ns3:hr>121</ns3:hr>
            <ns3:cad>0</ns3:cad>
          </ns3:TrackPointExtension>
        </extensions>
      </trkpt>
      <trkpt lat="29.4233096949756145477294921875" lon="83.240004815161228179931640625">
        <ele>4055.60009765625</ele>
        <time>2026-08-21T03:39:47.000Z</time>
        <extensions>
          <ns3:TrackPointExtension>
            <ns3:hr>122</ns3:hr>
            <ns3:cad>0</ns3:cad>
          </ns3:TrackPointExtension>
        </extensions>
      </trkpt>
      <trkpt lat="29.4232801906764507293701171875" lon="83.24006407521665096282958984375">
        <ele>4056.199951171875</ele>
        <time>2026-08-21T03:39:53.000Z</time>
        <extensions>
          <ns3:TrackPointExtension>
            <ns3:hr>122</ns3:hr>
            <ns3:cad>0</ns3:cad>
          </ns3:TrackPointExtension>
        </extensions>
      </trkpt>
      <trkpt lat="29.42326803691685199737548828125" lon="83.2400827668607234954833984375">
        <ele>4056.39990234375</ele>
        <time>2026-08-21T03:39:55.000Z</time>
        <extensions>
          <ns3:TrackPointExtension>
            <ns3:hr>122</ns3:hr>
            <ns3:cad>0</ns3:cad>
          </ns3:TrackPointExtension>
        </extensions>
      </trkpt>
      <trkpt lat="29.42324724979698657989501953125" lon="83.24011403135955333709716796875">
        <ele>4057</ele>
        <time>2026-08-21T03:39:58.000Z</time>
        <extensions>
          <ns3:TrackPointExtension>
            <ns3:hr>122</ns3:hr>
            <ns3:cad>0</ns3:cad>
          </ns3:TrackPointExtension>
        </extensions>
      </trkpt>
      <trkpt lat="29.42323006689548492431640625" lon="83.24014236219227313995361328125">
        <ele>4057.39990234375</ele>
        <time>2026-08-21T03:40:01.000Z</time>
        <extensions>
          <ns3:TrackPointExtension>
            <ns3:hr>123</ns3:hr>
            <ns3:cad>0</ns3:cad>
          </ns3:TrackPointExtension>
        </extensions>
      </trkpt>
      <trkpt lat="29.4232191704213619232177734375" lon="83.24016340076923370361328125">
        <ele>4057.60009765625</ele>
        <time>2026-08-21T03:40:03.000Z</time>
        <extensions>
          <ns3:TrackPointExtension>
            <ns3:hr>122</ns3:hr>
            <ns3:cad>0</ns3:cad>
          </ns3:TrackPointExtension>
        </extensions>
      </trkpt>
      <trkpt lat="29.42320098169147968292236328125" lon="83.24021075852215290069580078125">
        <ele>4058</ele>
        <time>2026-08-21T03:40:07.000Z</time>
        <extensions>
          <ns3:TrackPointExtension>
            <ns3:hr>122</ns3:hr>
            <ns3:cad>0</ns3:cad>
          </ns3:TrackPointExtension>
        </extensions>
      </trkpt>
      <trkpt lat="29.42318606190383434295654296875" lon="83.2402577809989452362060546875">
        <ele>4058.39990234375</ele>
        <time>2026-08-21T03:40:11.000Z</time>
        <extensions>
          <ns3:TrackPointExtension>
            <ns3:hr>123</ns3:hr>
            <ns3:cad>0</ns3:cad>
          </ns3:TrackPointExtension>
        </extensions>
      </trkpt>
      <trkpt lat="29.42318136803805828094482421875" lon="83.24029809795320034027099609375">
        <ele>4058.60009765625</ele>
        <time>2026-08-21T03:40:14.000Z</time>
        <extensions>
          <ns3:TrackPointExtension>
            <ns3:hr>123</ns3:hr>
            <ns3:cad>0</ns3:cad>
          </ns3:TrackPointExtension>
        </extensions>
      </trkpt>
      <trkpt lat="29.42317784763872623443603515625" lon="83.24038275517523288726806640625">
        <ele>4058.60009765625</ele>
        <time>2026-08-21T03:40:20.000Z</time>
        <extensions>
          <ns3:TrackPointExtension>
            <ns3:hr>123</ns3:hr>
            <ns3:cad>0</ns3:cad>
          </ns3:TrackPointExtension>
        </extensions>
      </trkpt>
      <trkpt lat="29.42317717708647251129150390625" lon="83.24044025503098964691162109375">
        <ele>4059</ele>
        <time>2026-08-21T03:40:25.000Z</time>
        <extensions>
          <ns3:TrackPointExtension>
            <ns3:hr>123</ns3:hr>
            <ns3:cad>0</ns3:cad>
          </ns3:TrackPointExtension>
        </extensions>
      </trkpt>
      <trkpt lat="29.42317147739231586456298828125" lon="83.240502364933490753173828125">
        <ele>4059.199951171875</ele>
        <time>2026-08-21T03:40:30.000Z</time>
        <extensions>
          <ns3:TrackPointExtension>
            <ns3:hr>122</ns3:hr>
            <ns3:cad>0</ns3:cad>
          </ns3:TrackPointExtension>
        </extensions>
      </trkpt>
      <trkpt lat="29.4231688790023326873779296875" lon="83.24051485396921634674072265625">
        <ele>4059.60009765625</ele>
        <time>2026-08-21T03:40:31.000Z</time>
        <extensions>
          <ns3:TrackPointExtension>
            <ns3:hr>121</ns3:hr>
            <ns3:cad>0</ns3:cad>
          </ns3:TrackPointExtension>
        </extensions>
      </trkpt>
      <trkpt lat="29.42314314655959606170654296875" lon="83.24056481011211872100830078125">
        <ele>4059.60009765625</ele>
        <time>2026-08-21T03:40:36.000Z</time>
        <extensions>
          <ns3:TrackPointExtension>
            <ns3:hr>120</ns3:hr>
            <ns3:cad>0</ns3:cad>
          </ns3:TrackPointExtension>
        </extensions>
      </trkpt>
      <trkpt lat="29.42309671081602573394775390625" lon="83.24060864746570587158203125">
        <ele>4059.199951171875</ele>
        <time>2026-08-21T03:40:41.000Z</time>
        <extensions>
          <ns3:TrackPointExtension>
            <ns3:hr>119</ns3:hr>
            <ns3:cad>47</ns3:cad>
          </ns3:TrackPointExtension>
        </extensions>
      </trkpt>
      <trkpt lat="29.42305413074791431427001953125" lon="83.24064552783966064453125">
        <ele>4058.39990234375</ele>
        <time>2026-08-21T03:40:45.000Z</time>
        <extensions>
          <ns3:TrackPointExtension>
            <ns3:hr>120</ns3:hr>
            <ns3:cad>48</ns3:cad>
          </ns3:TrackPointExtension>
        </extensions>
      </trkpt>
      <trkpt lat="29.42304457537829875946044921875" lon="83.24065156280994415283203125">
        <ele>4058.199951171875</ele>
        <time>2026-08-21T03:40:46.000Z</time>
        <extensions>
          <ns3:TrackPointExtension>
            <ns3:hr>119</ns3:hr>
            <ns3:cad>48</ns3:cad>
          </ns3:TrackPointExtension>
        </extensions>
      </trkpt>
      <trkpt lat="29.42299646325409412384033203125" lon="83.24068919755518436431884765625">
        <ele>4057.39990234375</ele>
        <time>2026-08-21T03:40:51.000Z</time>
        <extensions>
          <ns3:TrackPointExtension>
            <ns3:hr>120</ns3:hr>
            <ns3:cad>0</ns3:cad>
          </ns3:TrackPointExtension>
        </extensions>
      </trkpt>
      <trkpt lat="29.42298841662704944610595703125" lon="83.24069489724934101104736328125">
        <ele>4057.199951171875</ele>
        <time>2026-08-21T03:40:52.000Z</time>
        <extensions>
          <ns3:TrackPointExtension>
            <ns3:hr>119</ns3:hr>
            <ns3:cad>0</ns3:cad>
          </ns3:TrackPointExtension>
        </extensions>
      </trkpt>
      <trkpt lat="29.4229284860193729400634765625" lon="83.2407432608306407928466796875">
        <ele>4056</ele>
        <time>2026-08-21T03:40:59.000Z</time>
        <extensions>
          <ns3:TrackPointExtension>
            <ns3:hr>118</ns3:hr>
            <ns3:cad>51</ns3:cad>
          </ns3:TrackPointExtension>
        </extensions>
      </trkpt>
      <trkpt lat="29.42288540303707122802734375" lon="83.24079371988773345947265625">
        <ele>4055.39990234375</ele>
        <time>2026-08-21T03:41:05.000Z</time>
        <extensions>
          <ns3:TrackPointExtension>
            <ns3:hr>116</ns3:hr>
            <ns3:cad>0</ns3:cad>
          </ns3:TrackPointExtension>
        </extensions>
      </trkpt>
      <trkpt lat="29.42288414575159549713134765625" lon="83.2408049516379833221435546875">
        <ele>4055.39990234375</ele>
        <time>2026-08-21T03:41:06.000Z</time>
        <extensions>
          <ns3:TrackPointExtension>
            <ns3:hr>116</ns3:hr>
            <ns3:cad>0</ns3:cad>
          </ns3:TrackPointExtension>
        </extensions>
      </trkpt>
      <trkpt lat="29.42288548685610294342041015625" lon="83.24085272848606109619140625">
        <ele>4055</ele>
        <time>2026-08-21T03:41:10.000Z</time>
        <extensions>
          <ns3:TrackPointExtension>
            <ns3:hr>114</ns3:hr>
            <ns3:cad>0</ns3:cad>
          </ns3:TrackPointExtension>
        </extensions>
      </trkpt>
      <trkpt lat="29.422885738313198089599609375" lon="83.2408770360052585601806640625">
        <ele>4055</ele>
        <time>2026-08-21T03:41:12.000Z</time>
        <extensions>
          <ns3:TrackPointExtension>
            <ns3:hr>113</ns3:hr>
            <ns3:cad>0</ns3:cad>
          </ns3:TrackPointExtension>
        </extensions>
      </trkpt>
      <trkpt lat="29.4228838942945003509521484375" lon="83.240900337696075439453125">
        <ele>4055</ele>
        <time>2026-08-21T03:41:14.000Z</time>
        <extensions>
          <ns3:TrackPointExtension>
            <ns3:hr>112</ns3:hr>
            <ns3:cad>0</ns3:cad>
          </ns3:TrackPointExtension>
        </extensions>
      </trkpt>
      <trkpt lat="29.42288079299032688140869140625" lon="83.24091374874114990234375">
        <ele>4054.800048828125</ele>
        <time>2026-08-21T03:41:15.000Z</time>
        <extensions>
          <ns3:TrackPointExtension>
            <ns3:hr>112</ns3:hr>
            <ns3:cad>0</ns3:cad>
          </ns3:TrackPointExtension>
        </extensions>
      </trkpt>
      <trkpt lat="29.422868303954601287841796875" lon="83.240962363779544830322265625">
        <ele>4054</ele>
        <time>2026-08-21T03:41:19.000Z</time>
        <extensions>
          <ns3:TrackPointExtension>
            <ns3:hr>112</ns3:hr>
            <ns3:cad>51</ns3:cad>
          </ns3:TrackPointExtension>
        </extensions>
      </trkpt>
      <trkpt lat="29.42285648547112941741943359375" lon="83.2410215400159358978271484375">
        <ele>4053.199951171875</ele>
        <time>2026-08-21T03:41:25.000Z</time>
        <extensions>
          <ns3:TrackPointExtension>
            <ns3:hr>111</ns3:hr>
            <ns3:cad>47</ns3:cad>
          </ns3:TrackPointExtension>
        </extensions>
      </trkpt>
      <trkpt lat="29.4228523783385753631591796875" lon="83.241050541400909423828125">
        <ele>4053</ele>
        <time>2026-08-21T03:41:28.000Z</time>
        <extensions>
          <ns3:TrackPointExtension>
            <ns3:hr>111</ns3:hr>
            <ns3:cad>56</ns3:cad>
          </ns3:TrackPointExtension>
        </extensions>
      </trkpt>
      <trkpt lat="29.42285120487213134765625" lon="83.2410611025989055633544921875">
        <ele>4052.800048828125</ele>
        <time>2026-08-21T03:41:29.000Z</time>
        <extensions>
          <ns3:TrackPointExtension>
            <ns3:hr>110</ns3:hr>
            <ns3:cad>0</ns3:cad>
          </ns3:TrackPointExtension>
        </extensions>
      </trkpt>
      <trkpt lat="29.42285246215760707855224609375" lon="83.24108096770942211151123046875">
        <ele>4052.60009765625</ele>
        <time>2026-08-21T03:41:31.000Z</time>
        <extensions>
          <ns3:TrackPointExtension>
            <ns3:hr>109</ns3:hr>
            <ns3:cad>0</ns3:cad>
          </ns3:TrackPointExtension>
        </extensions>
      </trkpt>
      <trkpt lat="29.42284072749316692352294921875" lon="83.24110887944698333740234375">
        <ele>4052</ele>
        <time>2026-08-21T03:41:34.000Z</time>
        <extensions>
          <ns3:TrackPointExtension>
            <ns3:hr>110</ns3:hr>
            <ns3:cad>0</ns3:cad>
          </ns3:TrackPointExtension>
        </extensions>
      </trkpt>
      <trkpt lat="29.4228362850844860076904296875" lon="83.2411174289882183074951171875">
        <ele>4052</ele>
        <time>2026-08-21T03:41:35.000Z</time>
        <extensions>
          <ns3:TrackPointExtension>
            <ns3:hr>111</ns3:hr>
            <ns3:cad>0</ns3:cad>
          </ns3:TrackPointExtension>
        </extensions>
      </trkpt>
      <trkpt lat="29.4228191860020160675048828125" lon="83.24115757830440998077392578125">
        <ele>4051</ele>
        <time>2026-08-21T03:41:40.000Z</time>
        <extensions>
          <ns3:TrackPointExtension>
            <ns3:hr>110</ns3:hr>
            <ns3:cad>0</ns3:cad>
          </ns3:TrackPointExtension>
        </extensions>
      </trkpt>
      <trkpt lat="29.42281994037330150604248046875" lon="83.24116512201726436614990234375">
        <ele>4051</ele>
        <time>2026-08-21T03:41:41.000Z</time>
        <extensions>
          <ns3:TrackPointExtension>
            <ns3:hr>109</ns3:hr>
            <ns3:cad>0</ns3:cad>
          </ns3:TrackPointExtension>
        </extensions>
      </trkpt>
      <trkpt lat="29.42282907664775848388671875" lon="83.241190351545810699462890625">
        <ele>4050.800048828125</ele>
        <time>2026-08-21T03:41:44.000Z</time>
        <extensions>
          <ns3:TrackPointExtension>
            <ns3:hr>108</ns3:hr>
            <ns3:cad>0</ns3:cad>
          </ns3:TrackPointExtension>
        </extensions>
      </trkpt>
      <trkpt lat="29.42283268086612224578857421875" lon="83.24120275676250457763671875">
        <ele>4051</ele>
        <time>2026-08-21T03:41:45.000Z</time>
        <extensions>
          <ns3:TrackPointExtension>
            <ns3:hr>109</ns3:hr>
            <ns3:cad>0</ns3:cad>
          </ns3:TrackPointExtension>
        </extensions>
      </trkpt>
      <trkpt lat="29.42283553071320056915283203125" lon="83.2412579096853733062744140625">
        <ele>4050.800048828125</ele>
        <time>2026-08-21T03:41:50.000Z</time>
        <extensions>
          <ns3:TrackPointExtension>
            <ns3:hr>108</ns3:hr>
            <ns3:cad>0</ns3:cad>
          </ns3:TrackPointExtension>
        </extensions>
      </trkpt>
      <trkpt lat="29.42282371222972869873046875" lon="83.24128054082393646240234375">
        <ele>4050</ele>
        <time>2026-08-21T03:41:54.000Z</time>
        <extensions>
          <ns3:TrackPointExtension>
            <ns3:hr>108</ns3:hr>
            <ns3:cad>0</ns3:cad>
          </ns3:TrackPointExtension>
        </extensions>
      </trkpt>
      <trkpt lat="29.42282346077263355255126953125" lon="83.2412810437381267547607421875">
        <ele>4049.800048828125</ele>
        <time>2026-08-21T03:41:55.000Z</time>
        <extensions>
          <ns3:TrackPointExtension>
            <ns3:hr>108</ns3:hr>
            <ns3:cad>0</ns3:cad>
          </ns3:TrackPointExtension>
        </extensions>
      </trkpt>
      <trkpt lat="29.4228158332407474517822265625" lon="83.2412981428205966949462890625">
        <ele>4049.800048828125</ele>
        <time>2026-08-21T03:42:01.000Z</time>
        <extensions>
          <ns3:TrackPointExtension>
            <ns3:hr>108</ns3:hr>
            <ns3:cad>0</ns3:cad>
          </ns3:TrackPointExtension>
        </extensions>
      </trkpt>
      <trkpt lat="29.42280032671988010406494140625" lon="83.24133016169071197509765625">
        <ele>4049.199951171875</ele>
        <time>2026-08-21T03:42:05.000Z</time>
        <extensions>
          <ns3:TrackPointExtension>
            <ns3:hr>107</ns3:hr>
            <ns3:cad>0</ns3:cad>
          </ns3:TrackPointExtension>
        </extensions>
      </trkpt>
      <trkpt lat="29.422793872654438018798828125" lon="83.24135103262960910797119140625">
        <ele>4048.800048828125</ele>
        <time>2026-08-21T03:42:07.000Z</time>
        <extensions>
          <ns3:TrackPointExtension>
            <ns3:hr>108</ns3:hr>
            <ns3:cad>0</ns3:cad>
          </ns3:TrackPointExtension>
        </extensions>
      </trkpt>
      <trkpt lat="29.4227823056280612945556640625" lon="83.2413789443671703338623046875">
        <ele>4048.199951171875</ele>
        <time>2026-08-21T03:42:10.000Z</time>
        <extensions>
          <ns3:TrackPointExtension>
            <ns3:hr>108</ns3:hr>
            <ns3:cad>0</ns3:cad>
          </ns3:TrackPointExtension>
        </extensions>
      </trkpt>
      <trkpt lat="29.42277417518198490142822265625" lon="83.2414087839424610137939453125">
        <ele>4047.60009765625</ele>
        <time>2026-08-21T03:42:13.000Z</time>
        <extensions>
          <ns3:TrackPointExtension>
            <ns3:hr>107</ns3:hr>
            <ns3:cad>0</ns3:cad>
          </ns3:TrackPointExtension>
        </extensions>
      </trkpt>
      <trkpt lat="29.422771744430065155029296875" lon="83.24141959659755229949951171875">
        <ele>4047.39990234375</ele>
        <time>2026-08-21T03:42:14.000Z</time>
        <extensions>
          <ns3:TrackPointExtension>
            <ns3:hr>108</ns3:hr>
            <ns3:cad>0</ns3:cad>
          </ns3:TrackPointExtension>
        </extensions>
      </trkpt>
      <trkpt lat="29.4227688945829868316650390625" lon="83.24145094491541385650634765625">
        <ele>4046.199951171875</ele>
        <time>2026-08-21T03:42:17.000Z</time>
        <extensions>
          <ns3:TrackPointExtension>
            <ns3:hr>109</ns3:hr>
            <ns3:cad>0</ns3:cad>
          </ns3:TrackPointExtension>
        </extensions>
      </trkpt>
      <trkpt lat="29.42276797257363796234130859375" lon="83.24146284721791744232177734375">
        <ele>4046</ele>
        <time>2026-08-21T03:42:18.000Z</time>
        <extensions>
          <ns3:TrackPointExtension>
            <ns3:hr>109</ns3:hr>
            <ns3:cad>0</ns3:cad>
          </ns3:TrackPointExtension>
        </extensions>
      </trkpt>
      <trkpt lat="29.4227667152881622314453125" lon="83.2414932735264301300048828125">
        <ele>4045.199951171875</ele>
        <time>2026-08-21T03:42:21.000Z</time>
        <extensions>
          <ns3:TrackPointExtension>
            <ns3:hr>108</ns3:hr>
            <ns3:cad>0</ns3:cad>
          </ns3:TrackPointExtension>
        </extensions>
      </trkpt>
      <trkpt lat="29.42277216352522373199462890625" lon="83.24150928296148777008056640625">
        <ele>4044.39990234375</ele>
        <time>2026-08-21T03:42:23.000Z</time>
        <extensions>
          <ns3:TrackPointExtension>
            <ns3:hr>108</ns3:hr>
            <ns3:cad>0</ns3:cad>
          </ns3:TrackPointExtension>
        </extensions>
      </trkpt>
      <trkpt lat="29.42277383990585803985595703125" lon="83.2415177486836910247802734375">
        <ele>4044</ele>
        <time>2026-08-21T03:42:24.000Z</time>
        <extensions>
          <ns3:TrackPointExtension>
            <ns3:hr>108</ns3:hr>
            <ns3:cad>0</ns3:cad>
          </ns3:TrackPointExtension>
        </extensions>
      </trkpt>
      <trkpt lat="29.42277082242071628570556640625" lon="83.24155303649604320526123046875">
        <ele>4043</ele>
        <time>2026-08-21T03:42:30.000Z</time>
        <extensions>
          <ns3:TrackPointExtension>
            <ns3:hr>107</ns3:hr>
            <ns3:cad>0</ns3:cad>
          </ns3:TrackPointExtension>
        </extensions>
      </trkpt>
      <trkpt lat="29.42276470363140106201171875" lon="83.24157818220555782318115234375">
        <ele>4042</ele>
        <time>2026-08-21T03:42:34.000Z</time>
        <extensions>
          <ns3:TrackPointExtension>
            <ns3:hr>107</ns3:hr>
            <ns3:cad>0</ns3:cad>
          </ns3:TrackPointExtension>
        </extensions>
      </trkpt>
      <trkpt lat="29.42276461981236934661865234375" lon="83.2415794394910335540771484375">
        <ele>4042</ele>
        <time>2026-08-21T03:42:35.000Z</time>
        <extensions>
          <ns3:TrackPointExtension>
            <ns3:hr>107</ns3:hr>
            <ns3:cad>0</ns3:cad>
          </ns3:TrackPointExtension>
        </extensions>
      </trkpt>
      <trkpt lat="29.42275389097630977630615234375" lon="83.2415861450135707855224609375">
        <ele>4042</ele>
        <time>2026-08-21T03:42:42.000Z</time>
        <extensions>
          <ns3:TrackPointExtension>
            <ns3:hr>105</ns3:hr>
            <ns3:cad>0</ns3:cad>
          </ns3:TrackPointExtension>
        </extensions>
      </trkpt>
      <trkpt lat="29.4227414019405841827392578125" lon="83.24162327684462070465087890625">
        <ele>4040.800048828125</ele>
        <time>2026-08-21T03:42:46.000Z</time>
        <extensions>
          <ns3:TrackPointExtension>
            <ns3:hr>107</ns3:hr>
            <ns3:cad>0</ns3:cad>
          </ns3:TrackPointExtension>
        </extensions>
      </trkpt>
      <trkpt lat="29.42274081520736217498779296875" lon="83.24163367040455341339111328125">
        <ele>4040.39990234375</ele>
        <time>2026-08-21T03:42:47.000Z</time>
        <extensions>
          <ns3:TrackPointExtension>
            <ns3:hr>107</ns3:hr>
            <ns3:cad>0</ns3:cad>
          </ns3:TrackPointExtension>
        </extensions>
      </trkpt>
      <trkpt lat="29.42273913882672786712646484375" lon="83.24165328405797481536865234375">
        <ele>4039.800048828125</ele>
        <time>2026-08-21T03:42:49.000Z</time>
        <extensions>
          <ns3:TrackPointExtension>
            <ns3:hr>107</ns3:hr>
            <ns3:cad>0</ns3:cad>
          </ns3:TrackPointExtension>
        </extensions>
      </trkpt>
      <trkpt lat="29.422726146876811981201171875" lon="83.24170391075313091278076171875">
        <ele>4039.39990234375</ele>
        <time>2026-08-21T03:42:54.000Z</time>
        <extensions>
          <ns3:TrackPointExtension>
            <ns3:hr>107</ns3:hr>
            <ns3:cad>0</ns3:cad>
          </ns3:TrackPointExtension>
        </extensions>
      </trkpt>
      <trkpt lat="29.42271717824041843414306640625" lon="83.24173660017549991607666015625">
        <ele>4038.800048828125</ele>
        <time>2026-08-21T03:43:00.000Z</time>
        <extensions>
          <ns3:TrackPointExtension>
            <ns3:hr>105</ns3:hr>
            <ns3:cad>0</ns3:cad>
          </ns3:TrackPointExtension>
        </extensions>
      </trkpt>
      <trkpt lat="29.4227172620594501495361328125" lon="83.24174028821289539337158203125">
        <ele>4038.800048828125</ele>
        <time>2026-08-21T03:43:01.000Z</time>
        <extensions>
          <ns3:TrackPointExtension>
            <ns3:hr>104</ns3:hr>
            <ns3:cad>0</ns3:cad>
          </ns3:TrackPointExtension>
        </extensions>
      </trkpt>
      <trkpt lat="29.422702006995677947998046875" lon="83.24178974144160747528076171875">
        <ele>4038.60009765625</ele>
        <time>2026-08-21T03:43:06.000Z</time>
        <extensions>
          <ns3:TrackPointExtension>
            <ns3:hr>110</ns3:hr>
            <ns3:cad>0</ns3:cad>
          </ns3:TrackPointExtension>
        </extensions>
      </trkpt>
      <trkpt lat="29.42269940860569477081298828125" lon="83.2418029010295867919921875">
        <ele>4038.39990234375</ele>
        <time>2026-08-21T03:43:07.000Z</time>
        <extensions>
          <ns3:TrackPointExtension>
            <ns3:hr>113</ns3:hr>
            <ns3:cad>0</ns3:cad>
          </ns3:TrackPointExtension>
        </extensions>
      </trkpt>
      <trkpt lat="29.42269773222506046295166015625" lon="83.24181790463626384735107421875">
        <ele>4038.199951171875</ele>
        <time>2026-08-21T03:43:08.000Z</time>
        <extensions>
          <ns3:TrackPointExtension>
            <ns3:hr>115</ns3:hr>
            <ns3:cad>0</ns3:cad>
          </ns3:TrackPointExtension>
        </extensions>
      </trkpt>
      <trkpt lat="29.42269228398799896240234375" lon="83.24184355325996875762939453125">
        <ele>4037.39990234375</ele>
        <time>2026-08-21T03:43:10.000Z</time>
        <extensions>
          <ns3:TrackPointExtension>
            <ns3:hr>116</ns3:hr>
            <ns3:cad>0</ns3:cad>
          </ns3:TrackPointExtension>
        </extensions>
      </trkpt>
      <trkpt lat="29.4226850755512714385986328125" lon="83.241866268217563629150390625">
        <ele>4037.199951171875</ele>
        <time>2026-08-21T03:43:12.000Z</time>
        <extensions>
          <ns3:TrackPointExtension>
            <ns3:hr>116</ns3:hr>
            <ns3:cad>0</ns3:cad>
          </ns3:TrackPointExtension>
        </extensions>
      </trkpt>
      <trkpt lat="29.42267476581037044525146484375" lon="83.24191748164594173431396484375">
        <ele>4036.39990234375</ele>
        <time>2026-08-21T03:43:16.000Z</time>
        <extensions>
          <ns3:TrackPointExtension>
            <ns3:hr>116</ns3:hr>
            <ns3:cad>0</ns3:cad>
          </ns3:TrackPointExtension>
        </extensions>
      </trkpt>
      <trkpt lat="29.42266420461237430572509765625" lon="83.2419438846409320831298828125">
        <ele>4036</ele>
        <time>2026-08-21T03:43:18.000Z</time>
        <extensions>
          <ns3:TrackPointExtension>
            <ns3:hr>114</ns3:hr>
            <ns3:cad>0</ns3:cad>
          </ns3:TrackPointExtension>
        </extensions>
      </trkpt>
      <trkpt lat="29.42264777608215808868408203125" lon="83.2420253567397594451904296875">
        <ele>4035.199951171875</ele>
        <time>2026-08-21T03:43:24.000Z</time>
        <extensions>
          <ns3:TrackPointExtension>
            <ns3:hr>116</ns3:hr>
            <ns3:cad>0</ns3:cad>
          </ns3:TrackPointExtension>
        </extensions>
      </trkpt>
      <trkpt lat="29.42263453267514705657958984375" lon="83.24208964593708515167236328125">
        <ele>4034.199951171875</ele>
        <time>2026-08-21T03:43:29.000Z</time>
        <extensions>
          <ns3:TrackPointExtension>
            <ns3:hr>118</ns3:hr>
            <ns3:cad>0</ns3:cad>
          </ns3:TrackPointExtension>
        </extensions>
      </trkpt>
      <trkpt lat="29.42261408083140850067138671875" lon="83.242168016731739044189453125">
        <ele>4033.199951171875</ele>
        <time>2026-08-21T03:43:35.000Z</time>
        <extensions>
          <ns3:TrackPointExtension>
            <ns3:hr>118</ns3:hr>
            <ns3:cad>53</ns3:cad>
          </ns3:TrackPointExtension>
        </extensions>
      </trkpt>
      <trkpt lat="29.422610811889171600341796875" lon="83.24218050576746463775634765625">
        <ele>4033</ele>
        <time>2026-08-21T03:43:36.000Z</time>
        <extensions>
          <ns3:TrackPointExtension>
            <ns3:hr>117</ns3:hr>
            <ns3:cad>51</ns3:cad>
          </ns3:TrackPointExtension>
        </extensions>
      </trkpt>
      <trkpt lat="29.42260804586112499237060546875" lon="83.24220917187631130218505859375">
        <ele>4032.60009765625</ele>
        <time>2026-08-21T03:43:38.000Z</time>
        <extensions>
          <ns3:TrackPointExtension>
            <ns3:hr>117</ns3:hr>
            <ns3:cad>0</ns3:cad>
          </ns3:TrackPointExtension>
        </extensions>
      </trkpt>
      <trkpt lat="29.42260184325277805328369140625" lon="83.2422325573861598968505859375">
        <ele>4031.800048828125</ele>
        <time>2026-08-21T03:43:40.000Z</time>
        <extensions>
          <ns3:TrackPointExtension>
            <ns3:hr>115</ns3:hr>
            <ns3:cad>0</ns3:cad>
          </ns3:TrackPointExtension>
        </extensions>
      </trkpt>
      <trkpt lat="29.42259647883474826812744140625" lon="83.24225543998181819915771484375">
        <ele>4031.199951171875</ele>
        <time>2026-08-21T03:43:42.000Z</time>
        <extensions>
          <ns3:TrackPointExtension>
            <ns3:hr>112</ns3:hr>
            <ns3:cad>0</ns3:cad>
          </ns3:TrackPointExtension>
        </extensions>
      </trkpt>
      <trkpt lat="29.4225928746163845062255859375" lon="83.242279328405857086181640625">
        <ele>4031.39990234375</ele>
        <time>2026-08-21T03:43:44.000Z</time>
        <extensions>
          <ns3:TrackPointExtension>
            <ns3:hr>108</ns3:hr>
            <ns3:cad>0</ns3:cad>
          </ns3:TrackPointExtension>
        </extensions>
      </trkpt>
      <trkpt lat="29.4225888513028621673583984375" lon="83.2423043064773082733154296875">
        <ele>4031.800048828125</ele>
        <time>2026-08-21T03:43:46.000Z</time>
        <extensions>
          <ns3:TrackPointExtension>
            <ns3:hr>107</ns3:hr>
            <ns3:cad>0</ns3:cad>
          </ns3:TrackPointExtension>
        </extensions>
      </trkpt>
      <trkpt lat="29.4225764460861682891845703125" lon="83.24237949214875698089599609375">
        <ele>4030.60009765625</ele>
        <time>2026-08-21T03:43:52.000Z</time>
        <extensions>
          <ns3:TrackPointExtension>
            <ns3:hr>107</ns3:hr>
            <ns3:cad>51</ns3:cad>
          </ns3:TrackPointExtension>
        </extensions>
      </trkpt>
      <trkpt lat="29.42256630398333072662353515625" lon="83.242444954812526702880859375">
        <ele>4030.199951171875</ele>
        <time>2026-08-21T03:43:57.000Z</time>
        <extensions>
          <ns3:TrackPointExtension>
            <ns3:hr>106</ns3:hr>
            <ns3:cad>0</ns3:cad>
          </ns3:TrackPointExtension>
        </extensions>
      </trkpt>
      <trkpt lat="29.42255440168082714080810546875" lon="83.2424964196979999542236328125">
        <ele>4029.60009765625</ele>
        <time>2026-08-21T03:44:01.000Z</time>
        <extensions>
          <ns3:TrackPointExtension>
            <ns3:hr>103</ns3:hr>
            <ns3:cad>52</ns3:cad>
          </ns3:TrackPointExtension>
        </extensions>
      </trkpt>
      <trkpt lat="29.42254367284476757049560546875" lon="83.24251628480851650238037109375">
        <ele>4029.199951171875</ele>
        <time>2026-08-21T03:44:03.000Z</time>
        <extensions>
          <ns3:TrackPointExtension>
            <ns3:hr>103</ns3:hr>
            <ns3:cad>52</ns3:cad>
          </ns3:TrackPointExtension>
        </extensions>
      </trkpt>
      <trkpt lat="29.42252003587782382965087890625" lon="83.2425966672599315643310546875">
        <ele>4029</ele>
        <time>2026-08-21T03:44:09.000Z</time>
        <extensions>
          <ns3:TrackPointExtension>
            <ns3:hr>101</ns3:hr>
            <ns3:cad>0</ns3:cad>
          </ns3:TrackPointExtension>
        </extensions>
      </trkpt>
      <trkpt lat="29.42251534201204776763916015625" lon="83.24263128452003002166748046875">
        <ele>4028.39990234375</ele>
        <time>2026-08-21T03:44:11.000Z</time>
        <extensions>
          <ns3:TrackPointExtension>
            <ns3:hr>102</ns3:hr>
            <ns3:cad>0</ns3:cad>
          </ns3:TrackPointExtension>
        </extensions>
      </trkpt>
      <trkpt lat="29.422512911260128021240234375" lon="83.24266095645725727081298828125">
        <ele>4028</ele>
        <time>2026-08-21T03:44:13.000Z</time>
        <extensions>
          <ns3:TrackPointExtension>
            <ns3:hr>102</ns3:hr>
            <ns3:cad>0</ns3:cad>
          </ns3:TrackPointExtension>
        </extensions>
      </trkpt>
      <trkpt lat="29.42250746302306652069091796875" lon="83.24270169250667095184326171875">
        <ele>4027.39990234375</ele>
        <time>2026-08-21T03:44:16.000Z</time>
        <extensions>
          <ns3:TrackPointExtension>
            <ns3:hr>104</ns3:hr>
            <ns3:cad>0</ns3:cad>
          </ns3:TrackPointExtension>
        </extensions>
      </trkpt>
      <trkpt lat="29.4225050322711467742919921875" lon="83.242727927863597869873046875">
        <ele>4027</ele>
        <time>2026-08-21T03:44:18.000Z</time>
        <extensions>
          <ns3:TrackPointExtension>
            <ns3:hr>104</ns3:hr>
            <ns3:cad>45</ns3:cad>
          </ns3:TrackPointExtension>
        </extensions>
      </trkpt>
      <trkpt lat="29.4225036911666393280029296875" lon="83.24279104359447956085205078125">
        <ele>4027</ele>
        <time>2026-08-21T03:44:23.000Z</time>
        <extensions>
          <ns3:TrackPointExtension>
            <ns3:hr>105</ns3:hr>
            <ns3:cad>45</ns3:cad>
          </ns3:TrackPointExtension>
        </extensions>
      </trkpt>
      <trkpt lat="29.42250494845211505889892578125" lon="83.24284452013671398162841796875">
        <ele>4026.199951171875</ele>
        <time>2026-08-21T03:44:27.000Z</time>
        <extensions>
          <ns3:TrackPointExtension>
            <ns3:hr>105</ns3:hr>
            <ns3:cad>51</ns3:cad>
          </ns3:TrackPointExtension>
        </extensions>
      </trkpt>
      <trkpt lat="29.42250427789986133575439453125" lon="83.24287989176809787750244140625">
        <ele>4026</ele>
        <time>2026-08-21T03:44:30.000Z</time>
        <extensions>
          <ns3:TrackPointExtension>
            <ns3:hr>104</ns3:hr>
            <ns3:cad>0</ns3:cad>
          </ns3:TrackPointExtension>
        </extensions>
      </trkpt>
      <trkpt lat="29.42249941639602184295654296875" lon="83.242955915629863739013671875">
        <ele>4025.60009765625</ele>
        <time>2026-08-21T03:44:35.000Z</time>
        <extensions>
          <ns3:TrackPointExtension>
            <ns3:hr>104</ns3:hr>
            <ns3:cad>0</ns3:cad>
          </ns3:TrackPointExtension>
        </extensions>
      </trkpt>
      <trkpt lat="29.42248047329485416412353515625" lon="83.24304635636508464813232421875">
        <ele>4025.60009765625</ele>
        <time>2026-08-21T03:44:41.000Z</time>
        <extensions>
          <ns3:TrackPointExtension>
            <ns3:hr>104</ns3:hr>
            <ns3:cad>53</ns3:cad>
          </ns3:TrackPointExtension>
        </extensions>
      </trkpt>
      <trkpt lat="29.42247125320136547088623046875" lon="83.24310301803052425384521484375">
        <ele>4025.39990234375</ele>
        <time>2026-08-21T03:44:45.000Z</time>
        <extensions>
          <ns3:TrackPointExtension>
            <ns3:hr>105</ns3:hr>
            <ns3:cad>0</ns3:cad>
          </ns3:TrackPointExtension>
        </extensions>
      </trkpt>
      <trkpt lat="29.42245650105178356170654296875" lon="83.243184573948383331298828125">
        <ele>4025.39990234375</ele>
        <time>2026-08-21T03:44:50.000Z</time>
        <extensions>
          <ns3:TrackPointExtension>
            <ns3:hr>105</ns3:hr>
            <ns3:cad>0</ns3:cad>
          </ns3:TrackPointExtension>
        </extensions>
      </trkpt>
      <trkpt lat="29.42244191654026508331298828125" lon="83.24324819259345531463623046875">
        <ele>4025.199951171875</ele>
        <time>2026-08-21T03:44:55.000Z</time>
        <extensions>
          <ns3:TrackPointExtension>
            <ns3:hr>104</ns3:hr>
            <ns3:cad>0</ns3:cad>
          </ns3:TrackPointExtension>
        </extensions>
      </trkpt>
      <trkpt lat="29.42243822850286960601806640625" lon="83.2432588376104831695556640625">
        <ele>4025.199951171875</ele>
        <time>2026-08-21T03:44:56.000Z</time>
        <extensions>
          <ns3:TrackPointExtension>
            <ns3:hr>104</ns3:hr>
            <ns3:cad>0</ns3:cad>
          </ns3:TrackPointExtension>
        </extensions>
      </trkpt>
      <trkpt lat="29.422419033944606781005859375" lon="83.2433279044926166534423828125">
        <ele>4024.199951171875</ele>
        <time>2026-08-21T03:45:01.000Z</time>
        <extensions>
          <ns3:TrackPointExtension>
            <ns3:hr>104</ns3:hr>
            <ns3:cad>0</ns3:cad>
          </ns3:TrackPointExtension>
        </extensions>
      </trkpt>
      <trkpt lat="29.42241467535495758056640625" lon="83.243341147899627685546875">
        <ele>4024.199951171875</ele>
        <time>2026-08-21T03:45:02.000Z</time>
        <extensions>
          <ns3:TrackPointExtension>
            <ns3:hr>104</ns3:hr>
            <ns3:cad>0</ns3:cad>
          </ns3:TrackPointExtension>
        </extensions>
      </trkpt>
      <trkpt lat="29.42240403033792972564697265625" lon="83.24339856393635272979736328125">
        <ele>4024.199951171875</ele>
        <time>2026-08-21T03:45:06.000Z</time>
        <extensions>
          <ns3:TrackPointExtension>
            <ns3:hr>104</ns3:hr>
            <ns3:cad>0</ns3:cad>
          </ns3:TrackPointExtension>
        </extensions>
      </trkpt>
      <trkpt lat="29.42238743416965007781982421875" lon="83.24346612207591533660888671875">
        <ele>4024.199951171875</ele>
        <time>2026-08-21T03:45:11.000Z</time>
        <extensions>
          <ns3:TrackPointExtension>
            <ns3:hr>102</ns3:hr>
            <ns3:cad>0</ns3:cad>
          </ns3:TrackPointExtension>
        </extensions>
      </trkpt>
      <trkpt lat="29.42237871699035167694091796875" lon="83.24349344708025455474853515625">
        <ele>4024</ele>
        <time>2026-08-21T03:45:13.000Z</time>
        <extensions>
          <ns3:TrackPointExtension>
            <ns3:hr>106</ns3:hr>
            <ns3:cad>0</ns3:cad>
          </ns3:TrackPointExtension>
        </extensions>
      </trkpt>
      <trkpt lat="29.4223685748875141143798828125" lon="83.2435344345867633819580078125">
        <ele>4024.199951171875</ele>
        <time>2026-08-21T03:45:16.000Z</time>
        <extensions>
          <ns3:TrackPointExtension>
            <ns3:hr>109</ns3:hr>
            <ns3:cad>52</ns3:cad>
          </ns3:TrackPointExtension>
        </extensions>
      </trkpt>
      <trkpt lat="29.42236061207950115203857421875" lon="83.24359050951898097991943359375">
        <ele>4024.60009765625</ele>
        <time>2026-08-21T03:45:20.000Z</time>
        <extensions>
          <ns3:TrackPointExtension>
            <ns3:hr>109</ns3:hr>
            <ns3:cad>51</ns3:cad>
          </ns3:TrackPointExtension>
        </extensions>
      </trkpt>
      <trkpt lat="29.42235105670988559722900390625" lon="83.24365605600178241729736328125">
        <ele>4024</ele>
        <time>2026-08-21T03:45:25.000Z</time>
        <extensions>
          <ns3:TrackPointExtension>
            <ns3:hr>108</ns3:hr>
            <ns3:cad>0</ns3:cad>
          </ns3:TrackPointExtension>
        </extensions>
      </trkpt>
      <trkpt lat="29.42234585992991924285888671875" lon="83.2437459938228130340576171875">
        <ele>4023.60009765625</ele>
        <time>2026-08-21T03:45:31.000Z</time>
        <extensions>
          <ns3:TrackPointExtension>
            <ns3:hr>106</ns3:hr>
            <ns3:cad>0</ns3:cad>
          </ns3:TrackPointExtension>
        </extensions>
      </trkpt>
      <trkpt lat="29.422335885465145111083984375" lon="83.24379469268023967742919921875">
        <ele>4023.800048828125</ele>
        <time>2026-08-21T03:45:35.000Z</time>
        <extensions>
          <ns3:TrackPointExtension>
            <ns3:hr>108</ns3:hr>
            <ns3:cad>0</ns3:cad>
          </ns3:TrackPointExtension>
        </extensions>
      </trkpt>
      <trkpt lat="29.42232993431389331817626953125" lon="83.2438241131603717803955078125">
        <ele>4024</ele>
        <time>2026-08-21T03:45:37.000Z</time>
        <extensions>
          <ns3:TrackPointExtension>
            <ns3:hr>111</ns3:hr>
            <ns3:cad>0</ns3:cad>
          </ns3:TrackPointExtension>
        </extensions>
      </trkpt>
      <trkpt lat="29.4223219715058803558349609375" lon="83.243882618844509124755859375">
        <ele>4023.800048828125</ele>
        <time>2026-08-21T03:45:41.000Z</time>
        <extensions>
          <ns3:TrackPointExtension>
            <ns3:hr>114</ns3:hr>
            <ns3:cad>0</ns3:cad>
          </ns3:TrackPointExtension>
        </extensions>
      </trkpt>
      <trkpt lat="29.42230244167149066925048828125" lon="83.2439471594989299774169921875">
        <ele>4023.800048828125</ele>
        <time>2026-08-21T03:45:46.000Z</time>
        <extensions>
          <ns3:TrackPointExtension>
            <ns3:hr>115</ns3:hr>
            <ns3:cad>53</ns3:cad>
          </ns3:TrackPointExtension>
        </extensions>
      </trkpt>
      <trkpt lat="29.4222844205796718597412109375" lon="83.24402687139809131622314453125">
        <ele>4024</ele>
        <time>2026-08-21T03:45:51.000Z</time>
        <extensions>
          <ns3:TrackPointExtension>
            <ns3:hr>116</ns3:hr>
            <ns3:cad>52</ns3:cad>
          </ns3:TrackPointExtension>
        </extensions>
      </trkpt>
      <trkpt lat="29.42226455546915531158447265625" lon="83.2440822757780551910400390625">
        <ele>4023.39990234375</ele>
        <time>2026-08-21T03:45:55.000Z</time>
        <extensions>
          <ns3:TrackPointExtension>
            <ns3:hr>113</ns3:hr>
            <ns3:cad>0</ns3:cad>
          </ns3:TrackPointExtension>
        </extensions>
      </trkpt>
      <trkpt lat="29.42225416190922260284423828125" lon="83.2441040687263011932373046875">
        <ele>4023.800048828125</ele>
        <time>2026-08-21T03:45:57.000Z</time>
        <extensions>
          <ns3:TrackPointExtension>
            <ns3:hr>113</ns3:hr>
            <ns3:cad>0</ns3:cad>
          </ns3:TrackPointExtension>
        </extensions>
      </trkpt>
      <trkpt lat="29.4222334586083889007568359375" lon="83.24414975009858608245849609375">
        <ele>4024.199951171875</ele>
        <time>2026-08-21T03:46:01.000Z</time>
        <extensions>
          <ns3:TrackPointExtension>
            <ns3:hr>114</ns3:hr>
            <ns3:cad>0</ns3:cad>
          </ns3:TrackPointExtension>
        </extensions>
      </trkpt>
      <trkpt lat="29.42222348414361476898193359375" lon="83.2441711239516735076904296875">
        <ele>4024.39990234375</ele>
        <time>2026-08-21T03:46:03.000Z</time>
        <extensions>
          <ns3:TrackPointExtension>
            <ns3:hr>118</ns3:hr>
            <ns3:cad>0</ns3:cad>
          </ns3:TrackPointExtension>
        </extensions>
      </trkpt>
      <trkpt lat="29.42220604978501796722412109375" lon="83.244221918284893035888671875">
        <ele>4024</ele>
        <time>2026-08-21T03:46:07.000Z</time>
        <extensions>
          <ns3:TrackPointExtension>
            <ns3:hr>120</ns3:hr>
            <ns3:cad>0</ns3:cad>
          </ns3:TrackPointExtension>
        </extensions>
      </trkpt>
      <trkpt lat="29.42218811251223087310791015625" lon="83.24427061714231967926025390625">
        <ele>4023.800048828125</ele>
        <time>2026-08-21T03:46:11.000Z</time>
        <extensions>
          <ns3:TrackPointExtension>
            <ns3:hr>122</ns3:hr>
            <ns3:cad>0</ns3:cad>
          </ns3:TrackPointExtension>
        </extensions>
      </trkpt>
      <trkpt lat="29.4221633858978748321533203125" lon="83.2443377561867237091064453125">
        <ele>4023.199951171875</ele>
        <time>2026-08-21T03:46:16.000Z</time>
        <extensions>
          <ns3:TrackPointExtension>
            <ns3:hr>121</ns3:hr>
            <ns3:cad>0</ns3:cad>
          </ns3:TrackPointExtension>
        </extensions>
      </trkpt>
      <trkpt lat="29.4221576862037181854248046875" lon="83.24434957467019557952880859375">
        <ele>4023</ele>
        <time>2026-08-21T03:46:17.000Z</time>
        <extensions>
          <ns3:TrackPointExtension>
            <ns3:hr>121</ns3:hr>
            <ns3:cad>0</ns3:cad>
          </ns3:TrackPointExtension>
        </extensions>
      </trkpt>
      <trkpt lat="29.4221305288374423980712890625" lon="83.2444125227630138397216796875">
        <ele>4023</ele>
        <time>2026-08-21T03:46:22.000Z</time>
        <extensions>
          <ns3:TrackPointExtension>
            <ns3:hr>118</ns3:hr>
            <ns3:cad>0</ns3:cad>
          </ns3:TrackPointExtension>
        </extensions>
      </trkpt>
      <trkpt lat="29.42210747860372066497802734375" lon="83.24447949416935443878173828125">
        <ele>4023.199951171875</ele>
        <time>2026-08-21T03:46:27.000Z</time>
        <extensions>
          <ns3:TrackPointExtension>
            <ns3:hr>120</ns3:hr>
            <ns3:cad>0</ns3:cad>
          </ns3:TrackPointExtension>
        </extensions>
      </trkpt>
      <trkpt lat="29.42209674976766109466552734375" lon="83.244508914649486541748046875">
        <ele>4023</ele>
        <time>2026-08-21T03:46:29.000Z</time>
        <extensions>
          <ns3:TrackPointExtension>
            <ns3:hr>123</ns3:hr>
            <ns3:cad>0</ns3:cad>
          </ns3:TrackPointExtension>
        </extensions>
      </trkpt>
      <trkpt lat="29.4220916368067264556884765625" lon="83.2445218227803707122802734375">
        <ele>4023</ele>
        <time>2026-08-21T03:46:30.000Z</time>
        <extensions>
          <ns3:TrackPointExtension>
            <ns3:hr>127</ns3:hr>
            <ns3:cad>0</ns3:cad>
          </ns3:TrackPointExtension>
        </extensions>
      </trkpt>
      <trkpt lat="29.4220881164073944091796875" lon="83.2445335574448108673095703125">
        <ele>4022.800048828125</ele>
        <time>2026-08-21T03:46:31.000Z</time>
        <extensions>
          <ns3:TrackPointExtension>
            <ns3:hr>130</ns3:hr>
            <ns3:cad>0</ns3:cad>
          </ns3:TrackPointExtension>
        </extensions>
      </trkpt>
      <trkpt lat="29.42208400927484035491943359375" lon="83.24454621411859989166259765625">
        <ele>4022.60009765625</ele>
        <time>2026-08-21T03:46:32.000Z</time>
        <extensions>
          <ns3:TrackPointExtension>
            <ns3:hr>130</ns3:hr>
            <ns3:cad>0</ns3:cad>
          </ns3:TrackPointExtension>
        </extensions>
      </trkpt>
      <trkpt lat="29.4220738671720027923583984375" lon="83.24457303620874881744384765625">
        <ele>4022.39990234375</ele>
        <time>2026-08-21T03:46:34.000Z</time>
        <extensions>
          <ns3:TrackPointExtension>
            <ns3:hr>131</ns3:hr>
            <ns3:cad>0</ns3:cad>
          </ns3:TrackPointExtension>
        </extensions>
      </trkpt>
      <trkpt lat="29.4220527447760105133056640625" lon="83.2446213997900485992431640625">
        <ele>4021.800048828125</ele>
        <time>2026-08-21T03:46:38.000Z</time>
        <extensions>
          <ns3:TrackPointExtension>
            <ns3:hr>131</ns3:hr>
            <ns3:cad>0</ns3:cad>
          </ns3:TrackPointExtension>
        </extensions>
      </trkpt>
      <trkpt lat="29.42204142920672893524169921875" lon="83.24464847333729267120361328125">
        <ele>4021.60009765625</ele>
        <time>2026-08-21T03:46:40.000Z</time>
        <extensions>
          <ns3:TrackPointExtension>
            <ns3:hr>130</ns3:hr>
            <ns3:cad>52</ns3:cad>
          </ns3:TrackPointExtension>
        </extensions>
      </trkpt>
      <trkpt lat="29.42202047444880008697509765625" lon="83.24469893239438533782958984375">
        <ele>4021.60009765625</ele>
        <time>2026-08-21T03:46:44.000Z</time>
        <extensions>
          <ns3:TrackPointExtension>
            <ns3:hr>127</ns3:hr>
            <ns3:cad>18</ns3:cad>
          </ns3:TrackPointExtension>
        </extensions>
      </trkpt>
      <trkpt lat="29.42200857214629650115966796875" lon="83.24472072534263134002685546875">
        <ele>4021.39990234375</ele>
        <time>2026-08-21T03:46:46.000Z</time>
        <extensions>
          <ns3:TrackPointExtension>
            <ns3:hr>126</ns3:hr>
            <ns3:cad>18</ns3:cad>
          </ns3:TrackPointExtension>
        </extensions>
      </trkpt>
      <trkpt lat="29.42199415527284145355224609375" lon="83.24475911445915699005126953125">
        <ele>4020.800048828125</ele>
        <time>2026-08-21T03:46:49.000Z</time>
        <extensions>
          <ns3:TrackPointExtension>
            <ns3:hr>125</ns3:hr>
            <ns3:cad>52</ns3:cad>
          </ns3:TrackPointExtension>
        </extensions>
      </trkpt>
      <trkpt lat="29.421979822218418121337890625" lon="83.24479834176599979400634765625">
        <ele>4020.60009765625</ele>
        <time>2026-08-21T03:46:52.000Z</time>
        <extensions>
          <ns3:TrackPointExtension>
            <ns3:hr>123</ns3:hr>
            <ns3:cad>52</ns3:cad>
          </ns3:TrackPointExtension>
        </extensions>
      </trkpt>
      <trkpt lat="29.42196314223110675811767578125" lon="83.244834132492542266845703125">
        <ele>4021.199951171875</ele>
        <time>2026-08-21T03:46:55.000Z</time>
        <extensions>
          <ns3:TrackPointExtension>
            <ns3:hr>119</ns3:hr>
            <ns3:cad>52</ns3:cad>
          </ns3:TrackPointExtension>
        </extensions>
      </trkpt>
      <trkpt lat="29.42194118164479732513427734375" lon="83.244887106120586395263671875">
        <ele>4021.800048828125</ele>
        <time>2026-08-21T03:46:59.000Z</time>
        <extensions>
          <ns3:TrackPointExtension>
            <ns3:hr>116</ns3:hr>
            <ns3:cad>52</ns3:cad>
          </ns3:TrackPointExtension>
        </extensions>
      </trkpt>
      <trkpt lat="29.42190396599471569061279296875" lon="83.24494854547083377838134765625">
        <ele>4021.39990234375</ele>
        <time>2026-08-21T03:47:04.000Z</time>
        <extensions>
          <ns3:TrackPointExtension>
            <ns3:hr>113</ns3:hr>
            <ns3:cad>52</ns3:cad>
          </ns3:TrackPointExtension>
        </extensions>
      </trkpt>
      <trkpt lat="29.42189591936767101287841796875" lon="83.24496111832559108734130859375">
        <ele>4021.39990234375</ele>
        <time>2026-08-21T03:47:05.000Z</time>
        <extensions>
          <ns3:TrackPointExtension>
            <ns3:hr>112</ns3:hr>
            <ns3:cad>55</ns3:cad>
          </ns3:TrackPointExtension>
        </extensions>
      </trkpt>
      <trkpt lat="29.42184344865381717681884765625" lon="83.24504041112959384918212890625">
        <ele>4021</ele>
        <time>2026-08-21T03:47:12.000Z</time>
        <extensions>
          <ns3:TrackPointExtension>
            <ns3:hr>113</ns3:hr>
            <ns3:cad>53</ns3:cad>
          </ns3:TrackPointExtension>
        </extensions>
      </trkpt>
      <trkpt lat="29.42182752303779125213623046875" lon="83.24506052769720554351806640625">
        <ele>4020.60009765625</ele>
        <time>2026-08-21T03:47:14.000Z</time>
        <extensions>
          <ns3:TrackPointExtension>
            <ns3:hr>112</ns3:hr>
            <ns3:cad>53</ns3:cad>
          </ns3:TrackPointExtension>
        </extensions>
      </trkpt>
      <trkpt lat="29.42180388607084751129150390625" lon="83.2450897805392742156982421875">
        <ele>4020.39990234375</ele>
        <time>2026-08-21T03:47:17.000Z</time>
        <extensions>
          <ns3:TrackPointExtension>
            <ns3:hr>111</ns3:hr>
            <ns3:cad>0</ns3:cad>
          </ns3:TrackPointExtension>
        </extensions>
      </trkpt>
      <trkpt lat="29.42176155745983123779296875" lon="83.24515675194561481475830078125">
        <ele>4020.800048828125</ele>
        <time>2026-08-21T03:47:23.000Z</time>
        <extensions>
          <ns3:TrackPointExtension>
            <ns3:hr>110</ns3:hr>
            <ns3:cad>0</ns3:cad>
          </ns3:TrackPointExtension>
        </extensions>
      </trkpt>
      <trkpt lat="29.42171034403145313262939453125" lon="83.24523168615996837615966796875">
        <ele>4021.39990234375</ele>
        <time>2026-08-21T03:47:30.000Z</time>
        <extensions>
          <ns3:TrackPointExtension>
            <ns3:hr>109</ns3:hr>
            <ns3:cad>49</ns3:cad>
          </ns3:TrackPointExtension>
        </extensions>
      </trkpt>
      <trkpt lat="29.421692825853824615478515625" lon="83.2452513836324214935302734375">
        <ele>4021.60009765625</ele>
        <time>2026-08-21T03:47:32.000Z</time>
        <extensions>
          <ns3:TrackPointExtension>
            <ns3:hr>109</ns3:hr>
            <ns3:cad>49</ns3:cad>
          </ns3:TrackPointExtension>
        </extensions>
      </trkpt>
      <trkpt lat="29.42166474647819995880126953125" lon="83.2452817261219024658203125">
        <ele>4021.800048828125</ele>
        <time>2026-08-21T03:47:36.000Z</time>
        <extensions>
          <ns3:TrackPointExtension>
            <ns3:hr>111</ns3:hr>
            <ns3:cad>49</ns3:cad>
          </ns3:TrackPointExtension>
        </extensions>
      </trkpt>
      <trkpt lat="29.421617724001407623291015625" lon="83.24533746577799320220947265625">
        <ele>4022</ele>
        <time>2026-08-21T03:47:43.000Z</time>
        <extensions>
          <ns3:TrackPointExtension>
            <ns3:hr>110</ns3:hr>
            <ns3:cad>45</ns3:cad>
          </ns3:TrackPointExtension>
        </extensions>
      </trkpt>
      <trkpt lat="29.42158863879740238189697265625" lon="83.2453650422394275665283203125">
        <ele>4021.60009765625</ele>
        <time>2026-08-21T03:47:47.000Z</time>
        <extensions>
          <ns3:TrackPointExtension>
            <ns3:hr>107</ns3:hr>
            <ns3:cad>40</ns3:cad>
          </ns3:TrackPointExtension>
        </extensions>
      </trkpt>
      <trkpt lat="29.42157539539039134979248046875" lon="83.24538138695061206817626953125">
        <ele>4021.39990234375</ele>
        <time>2026-08-21T03:47:49.000Z</time>
        <extensions>
          <ns3:TrackPointExtension>
            <ns3:hr>107</ns3:hr>
            <ns3:cad>44</ns3:cad>
          </ns3:TrackPointExtension>
        </extensions>
      </trkpt>
      <trkpt lat="29.42152954638004302978515625" lon="83.24544710107147693634033203125">
        <ele>4021.60009765625</ele>
        <time>2026-08-21T03:47:55.000Z</time>
        <extensions>
          <ns3:TrackPointExtension>
            <ns3:hr>106</ns3:hr>
            <ns3:cad>0</ns3:cad>
          </ns3:TrackPointExtension>
        </extensions>
      </trkpt>
      <trkpt lat="29.42149509675800800323486328125" lon="83.24549269862473011016845703125">
        <ele>4021.60009765625</ele>
        <time>2026-08-21T03:48:00.000Z</time>
        <extensions>
          <ns3:TrackPointExtension>
            <ns3:hr>109</ns3:hr>
            <ns3:cad>0</ns3:cad>
          </ns3:TrackPointExtension>
        </extensions>
      </trkpt>
      <trkpt lat="29.4214898161590099334716796875" lon="83.2455048523843288421630859375">
        <ele>4021.60009765625</ele>
        <time>2026-08-21T03:48:01.000Z</time>
        <extensions>
          <ns3:TrackPointExtension>
            <ns3:hr>109</ns3:hr>
            <ns3:cad>0</ns3:cad>
          </ns3:TrackPointExtension>
        </extensions>
      </trkpt>
      <trkpt lat="29.42145955748856067657470703125" lon="83.24556511826813220977783203125">
        <ele>4021.800048828125</ele>
        <time>2026-08-21T03:48:06.000Z</time>
        <extensions>
          <ns3:TrackPointExtension>
            <ns3:hr>107</ns3:hr>
            <ns3:cad>0</ns3:cad>
          </ns3:TrackPointExtension>
        </extensions>
      </trkpt>
      <trkpt lat="29.4214214198291301727294921875" lon="83.24561641551554203033447265625">
        <ele>4021.60009765625</ele>
        <time>2026-08-21T03:48:11.000Z</time>
        <extensions>
          <ns3:TrackPointExtension>
            <ns3:hr>107</ns3:hr>
            <ns3:cad>0</ns3:cad>
          </ns3:TrackPointExtension>
        </extensions>
      </trkpt>
      <trkpt lat="29.4213826954364776611328125" lon="83.2456855662167072296142578125">
        <ele>4021.39990234375</ele>
        <time>2026-08-21T03:48:17.000Z</time>
        <extensions>
          <ns3:TrackPointExtension>
            <ns3:hr>107</ns3:hr>
            <ns3:cad>0</ns3:cad>
          </ns3:TrackPointExtension>
        </extensions>
      </trkpt>
      <trkpt lat="29.42134539596736431121826171875" lon="83.24575069360435009002685546875">
        <ele>4021.39990234375</ele>
        <time>2026-08-21T03:48:23.000Z</time>
        <extensions>
          <ns3:TrackPointExtension>
            <ns3:hr>109</ns3:hr>
            <ns3:cad>49</ns3:cad>
          </ns3:TrackPointExtension>
        </extensions>
      </trkpt>
      <trkpt lat="29.42131362855434417724609375" lon="83.24583903886377811431884765625">
        <ele>4021.199951171875</ele>
        <time>2026-08-21T03:48:30.000Z</time>
        <extensions>
          <ns3:TrackPointExtension>
            <ns3:hr>110</ns3:hr>
            <ns3:cad>50</ns3:cad>
          </ns3:TrackPointExtension>
        </extensions>
      </trkpt>
      <trkpt lat="29.4212950207293033599853515625" lon="83.24590441770851612091064453125">
        <ele>4021.199951171875</ele>
        <time>2026-08-21T03:48:35.000Z</time>
        <extensions>
          <ns3:TrackPointExtension>
            <ns3:hr>110</ns3:hr>
            <ns3:cad>50</ns3:cad>
          </ns3:TrackPointExtension>
        </extensions>
      </trkpt>
      <trkpt lat="29.42126375623047351837158203125" lon="83.24594967998564243316650390625">
        <ele>4021.800048828125</ele>
        <time>2026-08-21T03:48:39.000Z</time>
        <extensions>
          <ns3:TrackPointExtension>
            <ns3:hr>110</ns3:hr>
            <ns3:cad>50</ns3:cad>
          </ns3:TrackPointExtension>
        </extensions>
      </trkpt>
      <trkpt lat="29.42125537432730197906494140625" lon="83.245959989726543426513671875">
        <ele>4021.800048828125</ele>
        <time>2026-08-21T03:48:40.000Z</time>
        <extensions>
          <ns3:TrackPointExtension>
            <ns3:hr>110</ns3:hr>
            <ns3:cad>50</ns3:cad>
          </ns3:TrackPointExtension>
        </extensions>
      </trkpt>
      <trkpt lat="29.42120072431862354278564453125" lon="83.24601866304874420166015625">
        <ele>4021.60009765625</ele>
        <time>2026-08-21T03:48:46.000Z</time>
        <extensions>
          <ns3:TrackPointExtension>
            <ns3:hr>109</ns3:hr>
            <ns3:cad>0</ns3:cad>
          </ns3:TrackPointExtension>
        </extensions>
      </trkpt>
      <trkpt lat="29.4211776740849018096923828125" lon="83.246023356914520263671875">
        <ele>4021.60009765625</ele>
        <time>2026-08-21T03:48:48.000Z</time>
        <extensions>
          <ns3:TrackPointExtension>
            <ns3:hr>109</ns3:hr>
            <ns3:cad>0</ns3:cad>
          </ns3:TrackPointExtension>
        </extensions>
      </trkpt>
      <trkpt lat="29.421155713498592376708984375" lon="83.2460275478661060333251953125">
        <ele>4021.60009765625</ele>
        <time>2026-08-21T03:48:50.000Z</time>
        <extensions>
          <ns3:TrackPointExtension>
            <ns3:hr>109</ns3:hr>
            <ns3:cad>0</ns3:cad>
          </ns3:TrackPointExtension>
        </extensions>
      </trkpt>
      <trkpt lat="29.42111916840076446533203125" lon="83.2460386119782924652099609375">
        <ele>4022.60009765625</ele>
        <time>2026-08-21T03:48:54.000Z</time>
        <extensions>
          <ns3:TrackPointExtension>
            <ns3:hr>110</ns3:hr>
            <ns3:cad>0</ns3:cad>
          </ns3:TrackPointExtension>
        </extensions>
      </trkpt>
      <trkpt lat="29.42110433243215084075927734375" lon="83.24604204855859279632568359375">
        <ele>4023.199951171875</ele>
        <time>2026-08-21T03:48:56.000Z</time>
        <extensions>
          <ns3:TrackPointExtension>
            <ns3:hr>111</ns3:hr>
            <ns3:cad>65</ns3:cad>
          </ns3:TrackPointExtension>
        </extensions>
      </trkpt>
      <trkpt lat="29.42108698189258575439453125" lon="83.24604456312954425811767578125">
        <ele>4023.800048828125</ele>
        <time>2026-08-21T03:48:58.000Z</time>
        <extensions>
          <ns3:TrackPointExtension>
            <ns3:hr>111</ns3:hr>
            <ns3:cad>0</ns3:cad>
          </ns3:TrackPointExtension>
        </extensions>
      </trkpt>
      <trkpt lat="29.42105856724083423614501953125" lon="83.246051184833049774169921875">
        <ele>4024.60009765625</ele>
        <time>2026-08-21T03:49:02.000Z</time>
        <extensions>
          <ns3:TrackPointExtension>
            <ns3:hr>112</ns3:hr>
            <ns3:cad>0</ns3:cad>
          </ns3:TrackPointExtension>
        </extensions>
      </trkpt>
      <trkpt lat="29.42104632966220378875732421875" lon="83.2460587285459041595458984375">
        <ele>4025</ele>
        <time>2026-08-21T03:49:04.000Z</time>
        <extensions>
          <ns3:TrackPointExtension>
            <ns3:hr>114</ns3:hr>
            <ns3:cad>0</ns3:cad>
          </ns3:TrackPointExtension>
        </extensions>
      </trkpt>
      <trkpt lat="29.421031661331653594970703125" lon="83.24606384150683879852294921875">
        <ele>4025.199951171875</ele>
        <time>2026-08-21T03:49:06.000Z</time>
        <extensions>
          <ns3:TrackPointExtension>
            <ns3:hr>116</ns3:hr>
            <ns3:cad>0</ns3:cad>
          </ns3:TrackPointExtension>
        </extensions>
      </trkpt>
      <trkpt lat="29.4210060127079486846923828125" lon="83.24608395807445049285888671875">
        <ele>4025.60009765625</ele>
        <time>2026-08-21T03:49:09.000Z</time>
        <extensions>
          <ns3:TrackPointExtension>
            <ns3:hr>116</ns3:hr>
            <ns3:cad>0</ns3:cad>
          </ns3:TrackPointExtension>
        </extensions>
      </trkpt>
      <trkpt lat="29.4209865666925907135009765625" lon="83.2461078464984893798828125">
        <ele>4026.199951171875</ele>
        <time>2026-08-21T03:49:12.000Z</time>
        <extensions>
          <ns3:TrackPointExtension>
            <ns3:hr>117</ns3:hr>
            <ns3:cad>0</ns3:cad>
          </ns3:TrackPointExtension>
        </extensions>
      </trkpt>
      <trkpt lat="29.42097692750394344329833984375" lon="83.2461170665919780731201171875">
        <ele>4026.199951171875</ele>
        <time>2026-08-21T03:49:14.000Z</time>
        <extensions>
          <ns3:TrackPointExtension>
            <ns3:hr>118</ns3:hr>
            <ns3:cad>0</ns3:cad>
          </ns3:TrackPointExtension>
        </extensions>
      </trkpt>
      <trkpt lat="29.42097030580043792724609375" lon="83.246143721044063568115234375">
        <ele>4026.60009765625</ele>
        <time>2026-08-21T03:49:18.000Z</time>
        <extensions>
          <ns3:TrackPointExtension>
            <ns3:hr>119</ns3:hr>
            <ns3:cad>0</ns3:cad>
          </ns3:TrackPointExtension>
        </extensions>
      </trkpt>
      <trkpt lat="29.42095957696437835693359375" lon="83.24620298109948635101318359375">
        <ele>4026.60009765625</ele>
        <time>2026-08-21T03:49:23.000Z</time>
        <extensions>
          <ns3:TrackPointExtension>
            <ns3:hr>122</ns3:hr>
            <ns3:cad>0</ns3:cad>
          </ns3:TrackPointExtension>
        </extensions>
      </trkpt>
      <trkpt lat="29.42094641737639904022216796875" lon="83.246258385479450225830078125">
        <ele>4026.60009765625</ele>
        <time>2026-08-21T03:49:27.000Z</time>
        <extensions>
          <ns3:TrackPointExtension>
            <ns3:hr>123</ns3:hr>
            <ns3:cad>0</ns3:cad>
          </ns3:TrackPointExtension>
        </extensions>
      </trkpt>
      <trkpt lat="29.42093166522681713104248046875" lon="83.246322758495807647705078125">
        <ele>4027</ele>
        <time>2026-08-21T03:49:32.000Z</time>
        <extensions>
          <ns3:TrackPointExtension>
            <ns3:hr>120</ns3:hr>
            <ns3:cad>0</ns3:cad>
          </ns3:TrackPointExtension>
        </extensions>
      </trkpt>
      <trkpt lat="29.42092998884618282318115234375" lon="83.2463356666266918182373046875">
        <ele>4027.199951171875</ele>
        <time>2026-08-21T03:49:33.000Z</time>
        <extensions>
          <ns3:TrackPointExtension>
            <ns3:hr>119</ns3:hr>
            <ns3:cad>0</ns3:cad>
          </ns3:TrackPointExtension>
        </extensions>
      </trkpt>
      <trkpt lat="29.42091657780110836029052734375" lon="83.24639040045440196990966796875">
        <ele>4027.60009765625</ele>
        <time>2026-08-21T03:49:38.000Z</time>
        <extensions>
          <ns3:TrackPointExtension>
            <ns3:hr>120</ns3:hr>
            <ns3:cad>0</ns3:cad>
          </ns3:TrackPointExtension>
        </extensions>
      </trkpt>
      <trkpt lat="29.4209030829370021820068359375" lon="83.24645175598561763763427734375">
        <ele>4027.800048828125</ele>
        <time>2026-08-21T03:49:44.000Z</time>
        <extensions>
          <ns3:TrackPointExtension>
            <ns3:hr>122</ns3:hr>
            <ns3:cad>46</ns3:cad>
          </ns3:TrackPointExtension>
        </extensions>
      </trkpt>
      <trkpt lat="29.42090132273733615875244140625" lon="83.2465016283094882965087890625">
        <ele>4028</ele>
        <time>2026-08-21T03:49:48.000Z</time>
        <extensions>
          <ns3:TrackPointExtension>
            <ns3:hr>119</ns3:hr>
            <ns3:cad>46</ns3:cad>
          </ns3:TrackPointExtension>
        </extensions>
      </trkpt>
      <trkpt lat="29.42089880816638469696044921875" lon="83.24652484618127346038818359375">
        <ele>4028</ele>
        <time>2026-08-21T03:49:50.000Z</time>
        <extensions>
          <ns3:TrackPointExtension>
            <ns3:hr>118</ns3:hr>
            <ns3:cad>46</ns3:cad>
          </ns3:TrackPointExtension>
        </extensions>
      </trkpt>
      <trkpt lat="29.4208947010338306427001953125" lon="83.246562816202640533447265625">
        <ele>4028.199951171875</ele>
        <time>2026-08-21T03:49:53.000Z</time>
        <extensions>
          <ns3:TrackPointExtension>
            <ns3:hr>117</ns3:hr>
            <ns3:cad>45</ns3:cad>
          </ns3:TrackPointExtension>
        </extensions>
      </trkpt>
      <trkpt lat="29.4208926893770694732666015625" lon="83.246601037681102752685546875">
        <ele>4028.39990234375</ele>
        <time>2026-08-21T03:49:56.000Z</time>
        <extensions>
          <ns3:TrackPointExtension>
            <ns3:hr>117</ns3:hr>
            <ns3:cad>43</ns3:cad>
          </ns3:TrackPointExtension>
        </extensions>
      </trkpt>
      <trkpt lat="29.420893192291259765625" lon="83.24666063301265239715576171875">
        <ele>4028.800048828125</ele>
        <time>2026-08-21T03:50:01.000Z</time>
        <extensions>
          <ns3:TrackPointExtension>
            <ns3:hr>118</ns3:hr>
            <ns3:cad>0</ns3:cad>
          </ns3:TrackPointExtension>
        </extensions>
      </trkpt>
      <trkpt lat="29.42089193500578403472900390625" lon="83.2467282749712467193603515625">
        <ele>4029</ele>
        <time>2026-08-21T03:50:06.000Z</time>
        <extensions>
          <ns3:TrackPointExtension>
            <ns3:hr>117</ns3:hr>
            <ns3:cad>0</ns3:cad>
          </ns3:TrackPointExtension>
        </extensions>
      </trkpt>
      <trkpt lat="29.42089394666254520416259765625" lon="83.2467517443001270294189453125">
        <ele>4029.199951171875</ele>
        <time>2026-08-21T03:50:08.000Z</time>
        <extensions>
          <ns3:TrackPointExtension>
            <ns3:hr>117</ns3:hr>
            <ns3:cad>0</ns3:cad>
          </ns3:TrackPointExtension>
        </extensions>
      </trkpt>
      <trkpt lat="29.42089461721479892730712890625" lon="83.24677781201899051666259765625">
        <ele>4029.60009765625</ele>
        <time>2026-08-21T03:50:10.000Z</time>
        <extensions>
          <ns3:TrackPointExtension>
            <ns3:hr>119</ns3:hr>
            <ns3:cad>0</ns3:cad>
          </ns3:TrackPointExtension>
        </extensions>
      </trkpt>
      <trkpt lat="29.420900903642177581787109375" lon="83.2468248344957828521728515625">
        <ele>4029.800048828125</ele>
        <time>2026-08-21T03:50:14.000Z</time>
        <extensions>
          <ns3:TrackPointExtension>
            <ns3:hr>119</ns3:hr>
            <ns3:cad>0</ns3:cad>
          </ns3:TrackPointExtension>
        </extensions>
      </trkpt>
      <trkpt lat="29.420912303030490875244140625" lon="83.2468768022954463958740234375">
        <ele>4029.800048828125</ele>
        <time>2026-08-21T03:50:18.000Z</time>
        <extensions>
          <ns3:TrackPointExtension>
            <ns3:hr>119</ns3:hr>
            <ns3:cad>0</ns3:cad>
          </ns3:TrackPointExtension>
        </extensions>
      </trkpt>
      <trkpt lat="29.42092060111463069915771484375" lon="83.24694796465337276458740234375">
        <ele>4030.199951171875</ele>
        <time>2026-08-21T03:50:23.000Z</time>
        <extensions>
          <ns3:TrackPointExtension>
            <ns3:hr>119</ns3:hr>
            <ns3:cad>0</ns3:cad>
          </ns3:TrackPointExtension>
        </extensions>
      </trkpt>
      <trkpt lat="29.420920349657535552978515625" lon="83.24697646312415599822998046875">
        <ele>4030.199951171875</ele>
        <time>2026-08-21T03:50:25.000Z</time>
        <extensions>
          <ns3:TrackPointExtension>
            <ns3:hr>119</ns3:hr>
            <ns3:cad>0</ns3:cad>
          </ns3:TrackPointExtension>
        </extensions>
      </trkpt>
      <trkpt lat="29.4209144823253154754638671875" lon="83.24703446589410305023193359375">
        <ele>4030.199951171875</ele>
        <time>2026-08-21T03:50:29.000Z</time>
        <extensions>
          <ns3:TrackPointExtension>
            <ns3:hr>120</ns3:hr>
            <ns3:cad>0</ns3:cad>
          </ns3:TrackPointExtension>
        </extensions>
      </trkpt>
      <trkpt lat="29.42090601660311222076416015625" lon="83.24711577035486698150634765625">
        <ele>4029.800048828125</ele>
        <time>2026-08-21T03:50:35.000Z</time>
        <extensions>
          <ns3:TrackPointExtension>
            <ns3:hr>121</ns3:hr>
            <ns3:cad>47</ns3:cad>
          </ns3:TrackPointExtension>
        </extensions>
      </trkpt>
      <trkpt lat="29.42089009098708629608154296875" lon="83.24718584306538105010986328125">
        <ele>4030.39990234375</ele>
        <time>2026-08-21T03:50:40.000Z</time>
        <extensions>
          <ns3:TrackPointExtension>
            <ns3:hr>121</ns3:hr>
            <ns3:cad>0</ns3:cad>
          </ns3:TrackPointExtension>
        </extensions>
      </trkpt>
      <trkpt lat="29.42087240517139434814453125" lon="83.2472352124750614166259765625">
        <ele>4029.800048828125</ele>
        <time>2026-08-21T03:50:44.000Z</time>
        <extensions>
          <ns3:TrackPointExtension>
            <ns3:hr>122</ns3:hr>
            <ns3:cad>0</ns3:cad>
          </ns3:TrackPointExtension>
        </extensions>
      </trkpt>
      <trkpt lat="29.420851953327655792236328125" lon="83.24728600680828094482421875">
        <ele>4030</ele>
        <time>2026-08-21T03:50:48.000Z</time>
        <extensions>
          <ns3:TrackPointExtension>
            <ns3:hr>123</ns3:hr>
            <ns3:cad>0</ns3:cad>
          </ns3:TrackPointExtension>
        </extensions>
      </trkpt>
      <trkpt lat="29.42081985063850879669189453125" lon="83.24735968373715877532958984375">
        <ele>4030.199951171875</ele>
        <time>2026-08-21T03:50:54.000Z</time>
        <extensions>
          <ns3:TrackPointExtension>
            <ns3:hr>126</ns3:hr>
            <ns3:cad>0</ns3:cad>
          </ns3:TrackPointExtension>
        </extensions>
      </trkpt>
      <trkpt lat="29.42080358974635601043701171875" lon="83.2473994977772235870361328125">
        <ele>4030.199951171875</ele>
        <time>2026-08-21T03:50:57.000Z</time>
        <extensions>
          <ns3:TrackPointExtension>
            <ns3:hr>129</ns3:hr>
            <ns3:cad>0</ns3:cad>
          </ns3:TrackPointExtension>
        </extensions>
      </trkpt>
      <trkpt lat="29.42078498192131519317626953125" lon="83.24743864126503467559814453125">
        <ele>4030.199951171875</ele>
        <time>2026-08-21T03:51:00.000Z</time>
        <extensions>
          <ns3:TrackPointExtension>
            <ns3:hr>127</ns3:hr>
            <ns3:cad>0</ns3:cad>
          </ns3:TrackPointExtension>
        </extensions>
      </trkpt>
      <trkpt lat="29.42074826918542385101318359375" lon="83.24750703759491443634033203125">
        <ele>4030.199951171875</ele>
        <time>2026-08-21T03:51:06.000Z</time>
        <extensions>
          <ns3:TrackPointExtension>
            <ns3:hr>125</ns3:hr>
            <ns3:cad>0</ns3:cad>
          </ns3:TrackPointExtension>
        </extensions>
      </trkpt>
      <trkpt lat="29.4207146577537059783935546875" lon="83.2475731708109378814697265625">
        <ele>4030.39990234375</ele>
        <time>2026-08-21T03:51:11.000Z</time>
        <extensions>
          <ns3:TrackPointExtension>
            <ns3:hr>122</ns3:hr>
            <ns3:cad>52</ns3:cad>
          </ns3:TrackPointExtension>
        </extensions>
      </trkpt>
      <trkpt lat="29.42070485092699527740478515625" lon="83.24760108254849910736083984375">
        <ele>4030.60009765625</ele>
        <time>2026-08-21T03:51:13.000Z</time>
        <extensions>
          <ns3:TrackPointExtension>
            <ns3:hr>122</ns3:hr>
            <ns3:cad>50</ns3:cad>
          </ns3:TrackPointExtension>
        </extensions>
      </trkpt>
      <trkpt lat="29.42069227807223796844482421875" lon="83.24763746000826358795166015625">
        <ele>4030.800048828125</ele>
        <time>2026-08-21T03:51:16.000Z</time>
        <extensions>
          <ns3:TrackPointExtension>
            <ns3:hr>119</ns3:hr>
            <ns3:cad>53</ns3:cad>
          </ns3:TrackPointExtension>
        </extensions>
      </trkpt>
      <trkpt lat="29.42067149095237255096435546875" lon="83.2476888410747051239013671875">
        <ele>4030.800048828125</ele>
        <time>2026-08-21T03:51:20.000Z</time>
        <extensions>
          <ns3:TrackPointExtension>
            <ns3:hr>117</ns3:hr>
            <ns3:cad>51</ns3:cad>
          </ns3:TrackPointExtension>
        </extensions>
      </trkpt>
      <trkpt lat="29.42064969800412654876708984375" lon="83.24775539338588714599609375">
        <ele>4030.60009765625</ele>
        <time>2026-08-21T03:51:25.000Z</time>
        <extensions>
          <ns3:TrackPointExtension>
            <ns3:hr>116</ns3:hr>
            <ns3:cad>50</ns3:cad>
          </ns3:TrackPointExtension>
        </extensions>
      </trkpt>
      <trkpt lat="29.42061885260045528411865234375" lon="83.24783091433346271514892578125">
        <ele>4030.800048828125</ele>
        <time>2026-08-21T03:51:31.000Z</time>
        <extensions>
          <ns3:TrackPointExtension>
            <ns3:hr>115</ns3:hr>
            <ns3:cad>51</ns3:cad>
          </ns3:TrackPointExtension>
        </extensions>
      </trkpt>
      <trkpt lat="29.4205751828849315643310546875" lon="83.24793099425733089447021484375">
        <ele>4030.60009765625</ele>
        <time>2026-08-21T03:51:38.000Z</time>
        <extensions>
          <ns3:TrackPointExtension>
            <ns3:hr>114</ns3:hr>
            <ns3:cad>51</ns3:cad>
          </ns3:TrackPointExtension>
        </extensions>
      </trkpt>
      <trkpt lat="29.42052078433334827423095703125" lon="83.24802151881158351898193359375">
        <ele>4030.39990234375</ele>
        <time>2026-08-21T03:51:46.000Z</time>
        <extensions>
          <ns3:TrackPointExtension>
            <ns3:hr>115</ns3:hr>
            <ns3:cad>53</ns3:cad>
          </ns3:TrackPointExtension>
        </extensions>
      </trkpt>
      <trkpt lat="29.4204957224428653717041015625" lon="83.24804716743528842926025390625">
        <ele>4030.60009765625</ele>
        <time>2026-08-21T03:51:49.000Z</time>
        <extensions>
          <ns3:TrackPointExtension>
            <ns3:hr>120</ns3:hr>
            <ns3:cad>0</ns3:cad>
          </ns3:TrackPointExtension>
        </extensions>
      </trkpt>
      <trkpt lat="29.42047786898910999298095703125" lon="83.2480666972696781158447265625">
        <ele>4030.39990234375</ele>
        <time>2026-08-21T03:51:51.000Z</time>
        <extensions>
          <ns3:TrackPointExtension>
            <ns3:hr>124</ns3:hr>
            <ns3:cad>48</ns3:cad>
          </ns3:TrackPointExtension>
        </extensions>
      </trkpt>
      <trkpt lat="29.42044350318610668182373046875" lon="83.24809913523495197296142578125">
        <ele>4030</ele>
        <time>2026-08-21T03:51:55.000Z</time>
        <extensions>
          <ns3:TrackPointExtension>
            <ns3:hr>127</ns3:hr>
            <ns3:cad>47</ns3:cad>
          </ns3:TrackPointExtension>
        </extensions>
      </trkpt>
      <trkpt lat="29.42040704190731048583984375" lon="83.248133249580860137939453125">
        <ele>4030</ele>
        <time>2026-08-21T03:51:59.000Z</time>
        <extensions>
          <ns3:TrackPointExtension>
            <ns3:hr>127</ns3:hr>
            <ns3:cad>47</ns3:cad>
          </ns3:TrackPointExtension>
        </extensions>
      </trkpt>
      <trkpt lat="29.4203974865376949310302734375" lon="83.2481411285698413848876953125">
        <ele>4030.199951171875</ele>
        <time>2026-08-21T03:52:00.000Z</time>
        <extensions>
          <ns3:TrackPointExtension>
            <ns3:hr>123</ns3:hr>
            <ns3:cad>47</ns3:cad>
          </ns3:TrackPointExtension>
        </extensions>
      </trkpt>
      <trkpt lat="29.4203870929777622222900390625" lon="83.248151354491710662841796875">
        <ele>4030.199951171875</ele>
        <time>2026-08-21T03:52:01.000Z</time>
        <extensions>
          <ns3:TrackPointExtension>
            <ns3:hr>119</ns3:hr>
            <ns3:cad>47</ns3:cad>
          </ns3:TrackPointExtension>
        </extensions>
      </trkpt>
      <trkpt lat="29.42036689259111881256103515625" lon="83.24817256070673465728759765625">
        <ele>4030.199951171875</ele>
        <time>2026-08-21T03:52:03.000Z</time>
        <extensions>
          <ns3:TrackPointExtension>
            <ns3:hr>116</ns3:hr>
            <ns3:cad>0</ns3:cad>
          </ns3:TrackPointExtension>
        </extensions>
      </trkpt>
      <trkpt lat="29.4203572534024715423583984375" lon="83.24818328954279422760009765625">
        <ele>4030.199951171875</ele>
        <time>2026-08-21T03:52:04.000Z</time>
        <extensions>
          <ns3:TrackPointExtension>
            <ns3:hr>115</ns3:hr>
            <ns3:cad>0</ns3:cad>
          </ns3:TrackPointExtension>
        </extensions>
      </trkpt>
      <trkpt lat="29.42031928338110446929931640625" lon="83.248222433030605316162109375">
        <ele>4030.39990234375</ele>
        <time>2026-08-21T03:52:08.000Z</time>
        <extensions>
          <ns3:TrackPointExtension>
            <ns3:hr>112</ns3:hr>
            <ns3:cad>0</ns3:cad>
          </ns3:TrackPointExtension>
        </extensions>
      </trkpt>
      <trkpt lat="29.42030134610831737518310546875" lon="83.2482420466840267181396484375">
        <ele>4030.39990234375</ele>
        <time>2026-08-21T03:52:10.000Z</time>
        <extensions>
          <ns3:TrackPointExtension>
            <ns3:hr>111</ns3:hr>
            <ns3:cad>0</ns3:cad>
          </ns3:TrackPointExtension>
        </extensions>
      </trkpt>
      <trkpt lat="29.4202395714819431304931640625" lon="83.24830030091106891632080078125">
        <ele>4030.39990234375</ele>
        <time>2026-08-21T03:52:16.000Z</time>
        <extensions>
          <ns3:TrackPointExtension>
            <ns3:hr>110</ns3:hr>
            <ns3:cad>0</ns3:cad>
          </ns3:TrackPointExtension>
        </extensions>
      </trkpt>
      <trkpt lat="29.420177042484283447265625" lon="83.248341791331768035888671875">
        <ele>4031.199951171875</ele>
        <time>2026-08-21T03:52:22.000Z</time>
        <extensions>
          <ns3:TrackPointExtension>
            <ns3:hr>111</ns3:hr>
            <ns3:cad>0</ns3:cad>
          </ns3:TrackPointExtension>
        </extensions>
      </trkpt>
      <trkpt lat="29.4201188720762729644775390625" lon="83.24837456457316875457763671875">
        <ele>4031.199951171875</ele>
        <time>2026-08-21T03:52:27.000Z</time>
        <extensions>
          <ns3:TrackPointExtension>
            <ns3:hr>110</ns3:hr>
            <ns3:cad>0</ns3:cad>
          </ns3:TrackPointExtension>
        </extensions>
      </trkpt>
      <trkpt lat="29.4200565107166767120361328125" lon="83.24841312132775783538818359375">
        <ele>4031.39990234375</ele>
        <time>2026-08-21T03:52:33.000Z</time>
        <extensions>
          <ns3:TrackPointExtension>
            <ns3:hr>108</ns3:hr>
            <ns3:cad>0</ns3:cad>
          </ns3:TrackPointExtension>
        </extensions>
      </trkpt>
      <trkpt lat="29.4199790619313716888427734375" lon="83.24845653958618640899658203125">
        <ele>4031.60009765625</ele>
        <time>2026-08-21T03:52:40.000Z</time>
        <extensions>
          <ns3:TrackPointExtension>
            <ns3:hr>109</ns3:hr>
            <ns3:cad>49</ns3:cad>
          </ns3:TrackPointExtension>
        </extensions>
      </trkpt>
      <trkpt lat="29.41989432089030742645263671875" lon="83.2484965212643146514892578125">
        <ele>4032</ele>
        <time>2026-08-21T03:52:47.000Z</time>
        <extensions>
          <ns3:TrackPointExtension>
            <ns3:hr>107</ns3:hr>
            <ns3:cad>51</ns3:cad>
          </ns3:TrackPointExtension>
        </extensions>
      </trkpt>
      <trkpt lat="29.41982340998947620391845703125" lon="83.248521499335765838623046875">
        <ele>4031.800048828125</ele>
        <time>2026-08-21T03:52:53.000Z</time>
        <extensions>
          <ns3:TrackPointExtension>
            <ns3:hr>108</ns3:hr>
            <ns3:cad>51</ns3:cad>
          </ns3:TrackPointExtension>
        </extensions>
      </trkpt>
      <trkpt lat="29.41977647133171558380126953125" lon="83.24853180907666683197021484375">
        <ele>4032.39990234375</ele>
        <time>2026-08-21T03:52:57.000Z</time>
        <extensions>
          <ns3:TrackPointExtension>
            <ns3:hr>109</ns3:hr>
            <ns3:cad>50</ns3:cad>
          </ns3:TrackPointExtension>
        </extensions>
      </trkpt>
      <trkpt lat="29.4197276048362255096435546875" lon="83.24853784404695034027099609375">
        <ele>4032.39990234375</ele>
        <time>2026-08-21T03:53:01.000Z</time>
        <extensions>
          <ns3:TrackPointExtension>
            <ns3:hr>110</ns3:hr>
            <ns3:cad>50</ns3:cad>
          </ns3:TrackPointExtension>
        </extensions>
      </trkpt>
      <trkpt lat="29.41964722238481044769287109375" lon="83.24856542050838470458984375">
        <ele>4032.199951171875</ele>
        <time>2026-08-21T03:53:08.000Z</time>
        <extensions>
          <ns3:TrackPointExtension>
            <ns3:hr>110</ns3:hr>
            <ns3:cad>51</ns3:cad>
          </ns3:TrackPointExtension>
        </extensions>
      </trkpt>
      <trkpt lat="29.41958117298781871795654296875" lon="83.24861076660454273223876953125">
        <ele>4033</ele>
        <time>2026-08-21T03:53:15.000Z</time>
        <extensions>
          <ns3:TrackPointExtension>
            <ns3:hr>112</ns3:hr>
            <ns3:cad>52</ns3:cad>
          </ns3:TrackPointExtension>
        </extensions>
      </trkpt>
      <trkpt lat="29.419542364776134490966796875" lon="83.24863976798951625823974609375">
        <ele>4033.39990234375</ele>
        <time>2026-08-21T03:53:19.000Z</time>
        <extensions>
          <ns3:TrackPointExtension>
            <ns3:hr>112</ns3:hr>
            <ns3:cad>50</ns3:cad>
          </ns3:TrackPointExtension>
        </extensions>
      </trkpt>
      <trkpt lat="29.419498108327388763427734375" lon="83.2486688531935214996337890625">
        <ele>4033.39990234375</ele>
        <time>2026-08-21T03:53:23.000Z</time>
        <extensions>
          <ns3:TrackPointExtension>
            <ns3:hr>111</ns3:hr>
            <ns3:cad>50</ns3:cad>
          </ns3:TrackPointExtension>
        </extensions>
      </trkpt>
      <trkpt lat="29.419406913220882415771484375" lon="83.24870112352073192596435546875">
        <ele>4033.199951171875</ele>
        <time>2026-08-21T03:53:31.000Z</time>
        <extensions>
          <ns3:TrackPointExtension>
            <ns3:hr>114</ns3:hr>
            <ns3:cad>51</ns3:cad>
          </ns3:TrackPointExtension>
        </extensions>
      </trkpt>
      <trkpt lat="29.41939576528966426849365234375" lon="83.24870598502457141876220703125">
        <ele>4033.199951171875</ele>
        <time>2026-08-21T03:53:32.000Z</time>
        <extensions>
          <ns3:TrackPointExtension>
            <ns3:hr>114</ns3:hr>
            <ns3:cad>50</ns3:cad>
          </ns3:TrackPointExtension>
        </extensions>
      </trkpt>
      <trkpt lat="29.4192964397370815277099609375" lon="83.24873867444694042205810546875">
        <ele>4033.199951171875</ele>
        <time>2026-08-21T03:53:40.000Z</time>
        <extensions>
          <ns3:TrackPointExtension>
            <ns3:hr>115</ns3:hr>
            <ns3:cad>51</ns3:cad>
          </ns3:TrackPointExtension>
        </extensions>
      </trkpt>
      <trkpt lat="29.419219158589839935302734375" lon="83.2487650774419307708740234375">
        <ele>4033.199951171875</ele>
        <time>2026-08-21T03:53:47.000Z</time>
        <extensions>
          <ns3:TrackPointExtension>
            <ns3:hr>115</ns3:hr>
            <ns3:cad>51</ns3:cad>
          </ns3:TrackPointExtension>
        </extensions>
      </trkpt>
      <trkpt lat="29.41915218718349933624267578125" lon="83.2487982697784900665283203125">
        <ele>4033</ele>
        <time>2026-08-21T03:53:53.000Z</time>
        <extensions>
          <ns3:TrackPointExtension>
            <ns3:hr>113</ns3:hr>
            <ns3:cad>50</ns3:cad>
          </ns3:TrackPointExtension>
        </extensions>
      </trkpt>
      <trkpt lat="29.41908697597682476043701171875" lon="83.2488562725484371185302734375">
        <ele>4033.39990234375</ele>
        <time>2026-08-21T03:54:00.000Z</time>
        <extensions>
          <ns3:TrackPointExtension>
            <ns3:hr>113</ns3:hr>
            <ns3:cad>50</ns3:cad>
          </ns3:TrackPointExtension>
        </extensions>
      </trkpt>
      <trkpt lat="29.41903685219585895538330078125" lon="83.24890363030135631561279296875">
        <ele>4033.39990234375</ele>
        <time>2026-08-21T03:54:06.000Z</time>
        <extensions>
          <ns3:TrackPointExtension>
            <ns3:hr>112</ns3:hr>
            <ns3:cad>50</ns3:cad>
          </ns3:TrackPointExtension>
        </extensions>
      </trkpt>
      <trkpt lat="29.41899125464260578155517578125" lon="83.24895727448165416717529296875">
        <ele>4033.39990234375</ele>
        <time>2026-08-21T03:54:12.000Z</time>
        <extensions>
          <ns3:TrackPointExtension>
            <ns3:hr>114</ns3:hr>
            <ns3:cad>49</ns3:cad>
          </ns3:TrackPointExtension>
        </extensions>
      </trkpt>
      <trkpt lat="29.41894121468067169189453125" lon="83.24900723062455654144287109375">
        <ele>4033.60009765625</ele>
        <time>2026-08-21T03:54:18.000Z</time>
        <extensions>
          <ns3:TrackPointExtension>
            <ns3:hr>114</ns3:hr>
            <ns3:cad>48</ns3:cad>
          </ns3:TrackPointExtension>
        </extensions>
      </trkpt>
      <trkpt lat="29.41888832487165927886962890625" lon="83.24907059781253337860107421875">
        <ele>4032.800048828125</ele>
        <time>2026-08-21T03:54:25.000Z</time>
        <extensions>
          <ns3:TrackPointExtension>
            <ns3:hr>114</ns3:hr>
            <ns3:cad>44</ns3:cad>
          </ns3:TrackPointExtension>
        </extensions>
      </trkpt>
      <trkpt lat="29.41885630600154399871826171875" lon="83.24913647957146167755126953125">
        <ele>4032.60009765625</ele>
        <time>2026-08-21T03:54:31.000Z</time>
        <extensions>
          <ns3:TrackPointExtension>
            <ns3:hr>113</ns3:hr>
            <ns3:cad>0</ns3:cad>
          </ns3:TrackPointExtension>
        </extensions>
      </trkpt>
      <trkpt lat="29.4188364408910274505615234375" lon="83.24920638464391231536865234375">
        <ele>4032.800048828125</ele>
        <time>2026-08-21T03:54:36.000Z</time>
        <extensions>
          <ns3:TrackPointExtension>
            <ns3:hr>110</ns3:hr>
            <ns3:cad>52</ns3:cad>
          </ns3:TrackPointExtension>
        </extensions>
      </trkpt>
      <trkpt lat="29.4188319146633148193359375" lon="83.24921845458447933197021484375">
        <ele>4032.800048828125</ele>
        <time>2026-08-21T03:54:37.000Z</time>
        <extensions>
          <ns3:TrackPointExtension>
            <ns3:hr>109</ns3:hr>
            <ns3:cad>52</ns3:cad>
          </ns3:TrackPointExtension>
        </extensions>
      </trkpt>
      <trkpt lat="29.4188129715621471405029296875" lon="83.24926706962287425994873046875">
        <ele>4033</ele>
        <time>2026-08-21T03:54:41.000Z</time>
        <extensions>
          <ns3:TrackPointExtension>
            <ns3:hr>106</ns3:hr>
            <ns3:cad>0</ns3:cad>
          </ns3:TrackPointExtension>
        </extensions>
      </trkpt>
      <trkpt lat="29.41880702041089534759521484375" lon="83.249277882277965545654296875">
        <ele>4033</ele>
        <time>2026-08-21T03:54:42.000Z</time>
        <extensions>
          <ns3:TrackPointExtension>
            <ns3:hr>106</ns3:hr>
            <ns3:cad>0</ns3:cad>
          </ns3:TrackPointExtension>
        </extensions>
      </trkpt>
      <trkpt lat="29.4187673740088939666748046875" lon="83.24933747760951519012451171875">
        <ele>4033.800048828125</ele>
        <time>2026-08-21T03:54:47.000Z</time>
        <extensions>
          <ns3:TrackPointExtension>
            <ns3:hr>107</ns3:hr>
            <ns3:cad>0</ns3:cad>
          </ns3:TrackPointExtension>
        </extensions>
      </trkpt>
      <trkpt lat="29.41869470290839672088623046875" lon="83.24941090308129787445068359375">
        <ele>4032.60009765625</ele>
        <time>2026-08-21T03:54:55.000Z</time>
        <extensions>
          <ns3:TrackPointExtension>
            <ns3:hr>108</ns3:hr>
            <ns3:cad>53</ns3:cad>
          </ns3:TrackPointExtension>
        </extensions>
      </trkpt>
      <trkpt lat="29.41862404346466064453125" lon="83.24945901520550251007080078125">
        <ele>4033.60009765625</ele>
        <time>2026-08-21T03:55:01.000Z</time>
        <extensions>
          <ns3:TrackPointExtension>
            <ns3:hr>107</ns3:hr>
            <ns3:cad>54</ns3:cad>
          </ns3:TrackPointExtension>
        </extensions>
      </trkpt>
      <trkpt lat="29.41852337680757045745849609375" lon="83.2494892738759517669677734375">
        <ele>4032.800048828125</ele>
        <time>2026-08-21T03:55:09.000Z</time>
        <extensions>
          <ns3:TrackPointExtension>
            <ns3:hr>107</ns3:hr>
            <ns3:cad>53</ns3:cad>
          </ns3:TrackPointExtension>
        </extensions>
      </trkpt>
      <trkpt lat="29.41847258247435092926025390625" lon="83.24953713454306125640869140625">
        <ele>4033.800048828125</ele>
        <time>2026-08-21T03:55:15.000Z</time>
        <extensions>
          <ns3:TrackPointExtension>
            <ns3:hr>107</ns3:hr>
            <ns3:cad>53</ns3:cad>
          </ns3:TrackPointExtension>
        </extensions>
      </trkpt>
      <trkpt lat="29.41843503154814243316650390625" lon="83.249607123434543609619140625">
        <ele>4033.39990234375</ele>
        <time>2026-08-21T03:55:21.000Z</time>
        <extensions>
          <ns3:TrackPointExtension>
            <ns3:hr>109</ns3:hr>
            <ns3:cad>0</ns3:cad>
          </ns3:TrackPointExtension>
        </extensions>
      </trkpt>
      <trkpt lat="29.41841474734246730804443359375" lon="83.249660432338714599609375">
        <ele>4033.60009765625</ele>
        <time>2026-08-21T03:55:25.000Z</time>
        <extensions>
          <ns3:TrackPointExtension>
            <ns3:hr>112</ns3:hr>
            <ns3:cad>0</ns3:cad>
          </ns3:TrackPointExtension>
        </extensions>
      </trkpt>
      <trkpt lat="29.41841256804764270782470703125" lon="83.2496746815741062164306640625">
        <ele>4033.60009765625</ele>
        <time>2026-08-21T03:55:26.000Z</time>
        <extensions>
          <ns3:TrackPointExtension>
            <ns3:hr>115</ns3:hr>
            <ns3:cad>0</ns3:cad>
          </ns3:TrackPointExtension>
        </extensions>
      </trkpt>
      <trkpt lat="29.41840804181993007659912109375" lon="83.24970846064388751983642578125">
        <ele>4033.60009765625</ele>
        <time>2026-08-21T03:55:28.000Z</time>
        <extensions>
          <ns3:TrackPointExtension>
            <ns3:hr>119</ns3:hr>
            <ns3:cad>0</ns3:cad>
          </ns3:TrackPointExtension>
        </extensions>
      </trkpt>
      <trkpt lat="29.41840502433478832244873046875" lon="83.24974425137042999267578125">
        <ele>4033.60009765625</ele>
        <time>2026-08-21T03:55:30.000Z</time>
        <extensions>
          <ns3:TrackPointExtension>
            <ns3:hr>121</ns3:hr>
            <ns3:cad>0</ns3:cad>
          </ns3:TrackPointExtension>
        </extensions>
      </trkpt>
      <trkpt lat="29.4183918647468090057373046875" lon="83.2497963868081569671630859375">
        <ele>4033.60009765625</ele>
        <time>2026-08-21T03:55:34.000Z</time>
        <extensions>
          <ns3:TrackPointExtension>
            <ns3:hr>118</ns3:hr>
            <ns3:cad>0</ns3:cad>
          </ns3:TrackPointExtension>
        </extensions>
      </trkpt>
      <trkpt lat="29.4183905236423015594482421875" lon="83.24980619363486766815185546875">
        <ele>4033.60009765625</ele>
        <time>2026-08-21T03:55:35.000Z</time>
        <extensions>
          <ns3:TrackPointExtension>
            <ns3:hr>117</ns3:hr>
            <ns3:cad>0</ns3:cad>
          </ns3:TrackPointExtension>
        </extensions>
      </trkpt>
      <trkpt lat="29.41837820224463939666748046875" lon="83.24987676925957202911376953125">
        <ele>4033.800048828125</ele>
        <time>2026-08-21T03:55:40.000Z</time>
        <extensions>
          <ns3:TrackPointExtension>
            <ns3:hr>114</ns3:hr>
            <ns3:cad>0</ns3:cad>
          </ns3:TrackPointExtension>
        </extensions>
      </trkpt>
      <trkpt lat="29.41835825331509113311767578125" lon="83.24993778951466083526611328125">
        <ele>4034.39990234375</ele>
        <time>2026-08-21T03:55:45.000Z</time>
        <extensions>
          <ns3:TrackPointExtension>
            <ns3:hr>112</ns3:hr>
            <ns3:cad>0</ns3:cad>
          </ns3:TrackPointExtension>
        </extensions>
      </trkpt>
      <trkpt lat="29.4183196127414703369140625" lon="83.2499874942004680633544921875">
        <ele>4034.800048828125</ele>
        <time>2026-08-21T03:55:50.000Z</time>
        <extensions>
          <ns3:TrackPointExtension>
            <ns3:hr>110</ns3:hr>
            <ns3:cad>0</ns3:cad>
          </ns3:TrackPointExtension>
        </extensions>
      </trkpt>
      <trkpt lat="29.41828097216784954071044921875" lon="83.25002856552600860595703125">
        <ele>4035.199951171875</ele>
        <time>2026-08-21T03:55:54.000Z</time>
        <extensions>
          <ns3:TrackPointExtension>
            <ns3:hr>109</ns3:hr>
            <ns3:cad>0</ns3:cad>
          </ns3:TrackPointExtension>
        </extensions>
      </trkpt>
      <trkpt lat="29.41823906265199184417724609375" lon="83.25008112005889415740966796875">
        <ele>4035.39990234375</ele>
        <time>2026-08-21T03:55:59.000Z</time>
        <extensions>
          <ns3:TrackPointExtension>
            <ns3:hr>111</ns3:hr>
            <ns3:cad>0</ns3:cad>
          </ns3:TrackPointExtension>
        </extensions>
      </trkpt>
      <trkpt lat="29.41823151893913745880126953125" lon="83.250093273818492889404296875">
        <ele>4035.60009765625</ele>
        <time>2026-08-21T03:56:00.000Z</time>
        <extensions>
          <ns3:TrackPointExtension>
            <ns3:hr>111</ns3:hr>
            <ns3:cad>0</ns3:cad>
          </ns3:TrackPointExtension>
        </extensions>
      </trkpt>
      <trkpt lat="29.41820226609706878662109375" lon="83.2501417212188243865966796875">
        <ele>4036.199951171875</ele>
        <time>2026-08-21T03:56:04.000Z</time>
        <extensions>
          <ns3:TrackPointExtension>
            <ns3:hr>110</ns3:hr>
            <ns3:cad>0</ns3:cad>
          </ns3:TrackPointExtension>
        </extensions>
      </trkpt>
      <trkpt lat="29.4181766174733638763427734375" lon="83.2501812838017940521240234375">
        <ele>4036.199951171875</ele>
        <time>2026-08-21T03:56:08.000Z</time>
        <extensions>
          <ns3:TrackPointExtension>
            <ns3:hr>111</ns3:hr>
            <ns3:cad>0</ns3:cad>
          </ns3:TrackPointExtension>
        </extensions>
      </trkpt>
      <trkpt lat="29.41817183978855609893798828125" lon="83.25019008480012416839599609375">
        <ele>4036.199951171875</ele>
        <time>2026-08-21T03:56:09.000Z</time>
        <extensions>
          <ns3:TrackPointExtension>
            <ns3:hr>111</ns3:hr>
            <ns3:cad>0</ns3:cad>
          </ns3:TrackPointExtension>
        </extensions>
      </trkpt>
      <trkpt lat="29.41815541125833988189697265625" lon="83.25020936317741870880126953125">
        <ele>4036.60009765625</ele>
        <time>2026-08-21T03:56:11.000Z</time>
        <extensions>
          <ns3:TrackPointExtension>
            <ns3:hr>111</ns3:hr>
            <ns3:cad>0</ns3:cad>
          </ns3:TrackPointExtension>
        </extensions>
      </trkpt>
      <trkpt lat="29.41813328303396701812744140625" lon="83.25022579170763492584228515625">
        <ele>4036.800048828125</ele>
        <time>2026-08-21T03:56:13.000Z</time>
        <extensions>
          <ns3:TrackPointExtension>
            <ns3:hr>113</ns3:hr>
            <ns3:cad>0</ns3:cad>
          </ns3:TrackPointExtension>
        </extensions>
      </trkpt>
      <trkpt lat="29.41808349452912807464599609375" lon="83.25025563128292560577392578125">
        <ele>4037.199951171875</ele>
        <time>2026-08-21T03:56:17.000Z</time>
        <extensions>
          <ns3:TrackPointExtension>
            <ns3:hr>113</ns3:hr>
            <ns3:cad>0</ns3:cad>
          </ns3:TrackPointExtension>
        </extensions>
      </trkpt>
      <trkpt lat="29.41801442764699459075927734375" lon="83.25027457438409328460693359375">
        <ele>4037.60009765625</ele>
        <time>2026-08-21T03:56:23.000Z</time>
        <extensions>
          <ns3:TrackPointExtension>
            <ns3:hr>115</ns3:hr>
            <ns3:cad>47</ns3:cad>
          </ns3:TrackPointExtension>
        </extensions>
      </trkpt>
      <trkpt lat="29.41797067411243915557861328125" lon="83.25029888190329074859619140625">
        <ele>4037.800048828125</ele>
        <time>2026-08-21T03:56:27.000Z</time>
        <extensions>
          <ns3:TrackPointExtension>
            <ns3:hr>115</ns3:hr>
            <ns3:cad>0</ns3:cad>
          </ns3:TrackPointExtension>
        </extensions>
      </trkpt>
      <trkpt lat="29.41796111874282360076904296875" lon="83.25030860491096973419189453125">
        <ele>4037.800048828125</ele>
        <time>2026-08-21T03:56:28.000Z</time>
        <extensions>
          <ns3:TrackPointExtension>
            <ns3:hr>115</ns3:hr>
            <ns3:cad>49</ns3:cad>
          </ns3:TrackPointExtension>
        </extensions>
      </trkpt>
      <trkpt lat="29.41790998913347721099853515625" lon="83.2503690384328365325927734375">
        <ele>4037.60009765625</ele>
        <time>2026-08-21T03:56:34.000Z</time>
        <extensions>
          <ns3:TrackPointExtension>
            <ns3:hr>113</ns3:hr>
            <ns3:cad>50</ns3:cad>
          </ns3:TrackPointExtension>
        </extensions>
      </trkpt>
      <trkpt lat="29.4178792275488376617431640625" lon="83.25042125768959522247314453125">
        <ele>4038</ele>
        <time>2026-08-21T03:56:38.000Z</time>
        <extensions>
          <ns3:TrackPointExtension>
            <ns3:hr>111</ns3:hr>
            <ns3:cad>50</ns3:cad>
          </ns3:TrackPointExtension>
        </extensions>
      </trkpt>
      <trkpt lat="29.4178420118987560272216796875" lon="83.25048345141112804412841796875">
        <ele>4037.800048828125</ele>
        <time>2026-08-21T03:56:43.000Z</time>
        <extensions>
          <ns3:TrackPointExtension>
            <ns3:hr>110</ns3:hr>
            <ns3:cad>50</ns3:cad>
          </ns3:TrackPointExtension>
        </extensions>
      </trkpt>
      <trkpt lat="29.417810998857021331787109375" lon="83.25056391768157482147216796875">
        <ele>4037.199951171875</ele>
        <time>2026-08-21T03:56:49.000Z</time>
        <extensions>
          <ns3:TrackPointExtension>
            <ns3:hr>110</ns3:hr>
            <ns3:cad>0</ns3:cad>
          </ns3:TrackPointExtension>
        </extensions>
      </trkpt>
      <trkpt lat="29.417777471244335174560546875" lon="83.25062829069793224334716796875">
        <ele>4037.199951171875</ele>
        <time>2026-08-21T03:56:54.000Z</time>
        <extensions>
          <ns3:TrackPointExtension>
            <ns3:hr>113</ns3:hr>
            <ns3:cad>0</ns3:cad>
          </ns3:TrackPointExtension>
        </extensions>
      </trkpt>
      <trkpt lat="29.417771436274051666259765625" lon="83.25064019300043582916259765625">
        <ele>4037.39990234375</ele>
        <time>2026-08-21T03:56:55.000Z</time>
        <extensions>
          <ns3:TrackPointExtension>
            <ns3:hr>113</ns3:hr>
            <ns3:cad>0</ns3:cad>
          </ns3:TrackPointExtension>
        </extensions>
      </trkpt>
      <trkpt lat="29.41774989478290081024169921875" lon="83.250695429742336273193359375">
        <ele>4037.39990234375</ele>
        <time>2026-08-21T03:56:59.000Z</time>
        <extensions>
          <ns3:TrackPointExtension>
            <ns3:hr>115</ns3:hr>
            <ns3:cad>0</ns3:cad>
          </ns3:TrackPointExtension>
        </extensions>
      </trkpt>
      <trkpt lat="29.4177320413291454315185546875" lon="83.25076407752931118011474609375">
        <ele>4037.199951171875</ele>
        <time>2026-08-21T03:57:04.000Z</time>
        <extensions>
          <ns3:TrackPointExtension>
            <ns3:hr>113</ns3:hr>
            <ns3:cad>0</ns3:cad>
          </ns3:TrackPointExtension>
        </extensions>
      </trkpt>
      <trkpt lat="29.41772860474884510040283203125" lon="83.25083649717271327972412109375">
        <ele>4037.39990234375</ele>
        <time>2026-08-21T03:57:09.000Z</time>
        <extensions>
          <ns3:TrackPointExtension>
            <ns3:hr>113</ns3:hr>
            <ns3:cad>0</ns3:cad>
          </ns3:TrackPointExtension>
        </extensions>
      </trkpt>
      <trkpt lat="29.41772441379725933074951171875" lon="83.25089533813297748565673828125">
        <ele>4037</ele>
        <time>2026-08-21T03:57:13.000Z</time>
        <extensions>
          <ns3:TrackPointExtension>
            <ns3:hr>112</ns3:hr>
            <ns3:cad>53</ns3:cad>
          </ns3:TrackPointExtension>
        </extensions>
      </trkpt>
      <trkpt lat="29.41772273741662502288818359375" lon="83.25096256099641323089599609375">
        <ele>4037</ele>
        <time>2026-08-21T03:57:17.000Z</time>
        <extensions>
          <ns3:TrackPointExtension>
            <ns3:hr>111</ns3:hr>
            <ns3:cad>0</ns3:cad>
          </ns3:TrackPointExtension>
        </extensions>
      </trkpt>
      <trkpt lat="29.41770865581929683685302734375" lon="83.25104034505784511566162109375">
        <ele>4037.199951171875</ele>
        <time>2026-08-21T03:57:22.000Z</time>
        <extensions>
          <ns3:TrackPointExtension>
            <ns3:hr>112</ns3:hr>
            <ns3:cad>0</ns3:cad>
          </ns3:TrackPointExtension>
        </extensions>
      </trkpt>
      <trkpt lat="29.41770329140126705169677734375" lon="83.25111896730959415435791015625">
        <ele>4037.199951171875</ele>
        <time>2026-08-21T03:57:27.000Z</time>
        <extensions>
          <ns3:TrackPointExtension>
            <ns3:hr>109</ns3:hr>
            <ns3:cad>0</ns3:cad>
          </ns3:TrackPointExtension>
        </extensions>
      </trkpt>
      <trkpt lat="29.41770245321094989776611328125" lon="83.25114595703780651092529296875">
        <ele>4037.199951171875</ele>
        <time>2026-08-21T03:57:29.000Z</time>
        <extensions>
          <ns3:TrackPointExtension>
            <ns3:hr>109</ns3:hr>
            <ns3:cad>0</ns3:cad>
          </ns3:TrackPointExtension>
        </extensions>
      </trkpt>
      <trkpt lat="29.4177276827394962310791015625" lon="83.25122416019439697265625">
        <ele>4037</ele>
        <time>2026-08-21T03:57:35.000Z</time>
        <extensions>
          <ns3:TrackPointExtension>
            <ns3:hr>110</ns3:hr>
            <ns3:cad>0</ns3:cad>
          </ns3:TrackPointExtension>
        </extensions>
      </trkpt>
      <trkpt lat="29.41777755506336688995361328125" lon="83.2512789778411388397216796875">
        <ele>4037.199951171875</ele>
        <time>2026-08-21T03:57:41.000Z</time>
        <extensions>
          <ns3:TrackPointExtension>
            <ns3:hr>107</ns3:hr>
            <ns3:cad>50</ns3:cad>
          </ns3:TrackPointExtension>
        </extensions>
      </trkpt>
      <trkpt lat="29.41785366274416446685791015625" lon="83.25133572332561016082763671875">
        <ele>4037.60009765625</ele>
        <time>2026-08-21T03:57:48.000Z</time>
        <extensions>
          <ns3:TrackPointExtension>
            <ns3:hr>107</ns3:hr>
            <ns3:cad>51</ns3:cad>
          </ns3:TrackPointExtension>
        </extensions>
      </trkpt>
      <trkpt lat="29.417924322187900543212890625" lon="83.251369334757328033447265625">
        <ele>4037.800048828125</ele>
        <time>2026-08-21T03:57:54.000Z</time>
        <extensions>
          <ns3:TrackPointExtension>
            <ns3:hr>108</ns3:hr>
            <ns3:cad>51</ns3:cad>
          </ns3:TrackPointExtension>
        </extensions>
      </trkpt>
      <trkpt lat="29.4179851748049259185791015625" lon="83.25139515101909637451171875">
        <ele>4038.60009765625</ele>
        <time>2026-08-21T03:58:00.000Z</time>
        <extensions>
          <ns3:TrackPointExtension>
            <ns3:hr>109</ns3:hr>
            <ns3:cad>0</ns3:cad>
          </ns3:TrackPointExtension>
        </extensions>
      </trkpt>
      <trkpt lat="29.41799498163163661956787109375" lon="83.25140294618904590606689453125">
        <ele>4038.800048828125</ele>
        <time>2026-08-21T03:58:01.000Z</time>
        <extensions>
          <ns3:TrackPointExtension>
            <ns3:hr>108</ns3:hr>
            <ns3:cad>51</ns3:cad>
          </ns3:TrackPointExtension>
        </extensions>
      </trkpt>
      <trkpt lat="29.41803689114749431610107421875" lon="83.25147092342376708984375">
        <ele>4039</ele>
        <time>2026-08-21T03:58:08.000Z</time>
        <extensions>
          <ns3:TrackPointExtension>
            <ns3:hr>111</ns3:hr>
            <ns3:cad>50</ns3:cad>
          </ns3:TrackPointExtension>
        </extensions>
      </trkpt>
      <trkpt lat="29.4180388189852237701416015625" lon="83.25153538025915622711181640625">
        <ele>4039.199951171875</ele>
        <time>2026-08-21T03:58:15.000Z</time>
        <extensions>
          <ns3:TrackPointExtension>
            <ns3:hr>111</ns3:hr>
            <ns3:cad>0</ns3:cad>
          </ns3:TrackPointExtension>
        </extensions>
      </trkpt>
      <trkpt lat="29.41803940571844577789306640625" lon="83.25153328478336334228515625">
        <ele>4039.199951171875</ele>
        <time>2026-08-21T03:58:17.000Z</time>
        <extensions>
          <ns3:TrackPointExtension>
            <ns3:hr>112</ns3:hr>
            <ns3:cad>0</ns3:cad>
          </ns3:TrackPointExtension>
        </extensions>
      </trkpt>
      <trkpt lat="29.4180401600897312164306640625" lon="83.25153336860239505767822265625">
        <ele>4039.199951171875</ele>
        <time>2026-08-21T03:58:18.000Z</time>
        <extensions>
          <ns3:TrackPointExtension>
            <ns3:hr>113</ns3:hr>
            <ns3:cad>0</ns3:cad>
          </ns3:TrackPointExtension>
        </extensions>
      </trkpt>
      <trkpt lat="29.41803756169974803924560546875" lon="83.25153957121074199676513671875">
        <ele>4039.39990234375</ele>
        <time>2026-08-21T03:58:26.000Z</time>
        <extensions>
          <ns3:TrackPointExtension>
            <ns3:hr>114</ns3:hr>
            <ns3:cad>0</ns3:cad>
          </ns3:TrackPointExtension>
        </extensions>
      </trkpt>
      <trkpt lat="29.41799179650843143463134765625" lon="83.25155851431190967559814453125">
        <ele>4039.199951171875</ele>
        <time>2026-08-21T03:58:32.000Z</time>
        <extensions>
          <ns3:TrackPointExtension>
            <ns3:hr>114</ns3:hr>
            <ns3:cad>0</ns3:cad>
          </ns3:TrackPointExtension>
        </extensions>
      </trkpt>
      <trkpt lat="29.4179603643715381622314453125" lon="83.25157494284212589263916015625">
        <ele>4039</ele>
        <time>2026-08-21T03:58:35.000Z</time>
        <extensions>
          <ns3:TrackPointExtension>
            <ns3:hr>117</ns3:hr>
            <ns3:cad>41</ns3:cad>
          </ns3:TrackPointExtension>
        </extensions>
      </trkpt>
      <trkpt lat="29.4179211370646953582763671875" lon="83.251593969762325286865234375">
        <ele>4038.800048828125</ele>
        <time>2026-08-21T03:58:39.000Z</time>
        <extensions>
          <ns3:TrackPointExtension>
            <ns3:hr>118</ns3:hr>
            <ns3:cad>0</ns3:cad>
          </ns3:TrackPointExtension>
        </extensions>
      </trkpt>
      <trkpt lat="29.4178812392055988311767578125" lon="83.251591958105564117431640625">
        <ele>4039.199951171875</ele>
        <time>2026-08-21T03:58:46.000Z</time>
        <extensions>
          <ns3:TrackPointExtension>
            <ns3:hr>118</ns3:hr>
            <ns3:cad>0</ns3:cad>
          </ns3:TrackPointExtension>
        </extensions>
      </trkpt>
      <trkpt lat="29.41788065247237682342529296875" lon="83.25159070082008838653564453125">
        <ele>4039.39990234375</ele>
        <time>2026-08-21T03:58:49.000Z</time>
        <extensions>
          <ns3:TrackPointExtension>
            <ns3:hr>115</ns3:hr>
            <ns3:cad>0</ns3:cad>
          </ns3:TrackPointExtension>
        </extensions>
      </trkpt>
      <trkpt lat="29.4178802333772182464599609375" lon="83.251590617001056671142578125">
        <ele>4038.800048828125</ele>
        <time>2026-08-21T03:58:53.000Z</time>
        <extensions>
          <ns3:TrackPointExtension>
            <ns3:hr>112</ns3:hr>
            <ns3:cad>0</ns3:cad>
          </ns3:TrackPointExtension>
        </extensions>
      </trkpt>
      <trkpt lat="29.4178745336830615997314453125" lon="83.25159271247684955596923828125">
        <ele>4039.39990234375</ele>
        <time>2026-08-21T03:59:00.000Z</time>
        <extensions>
          <ns3:TrackPointExtension>
            <ns3:hr>112</ns3:hr>
            <ns3:cad>0</ns3:cad>
          </ns3:TrackPointExtension>
        </extensions>
      </trkpt>
      <trkpt lat="29.41787444986402988433837890625" lon="83.25159640051424503326416015625">
        <ele>4039.39990234375</ele>
        <time>2026-08-21T03:59:06.000Z</time>
        <extensions>
          <ns3:TrackPointExtension>
            <ns3:hr>114</ns3:hr>
            <ns3:cad>0</ns3:cad>
          </ns3:TrackPointExtension>
        </extensions>
      </trkpt>
      <trkpt lat="29.417827762663364410400390625" lon="83.2516390644013881683349609375">
        <ele>4039.39990234375</ele>
        <time>2026-08-21T03:59:13.000Z</time>
        <extensions>
          <ns3:TrackPointExtension>
            <ns3:hr>113</ns3:hr>
            <ns3:cad>0</ns3:cad>
          </ns3:TrackPointExtension>
        </extensions>
      </trkpt>
      <trkpt lat="29.41776196472346782684326171875" lon="83.25169958174228668212890625">
        <ele>4039</ele>
        <time>2026-08-21T03:59:21.000Z</time>
        <extensions>
          <ns3:TrackPointExtension>
            <ns3:hr>111</ns3:hr>
            <ns3:cad>50</ns3:cad>
          </ns3:TrackPointExtension>
        </extensions>
      </trkpt>
      <trkpt lat="29.41774302162230014801025390625" lon="83.25174023397266864776611328125">
        <ele>4039.800048828125</ele>
        <time>2026-08-21T03:59:25.000Z</time>
        <extensions>
          <ns3:TrackPointExtension>
            <ns3:hr>112</ns3:hr>
            <ns3:cad>51</ns3:cad>
          </ns3:TrackPointExtension>
        </extensions>
      </trkpt>
      <trkpt lat="29.41773296333849430084228515625" lon="83.25176353566348552703857421875">
        <ele>4040.199951171875</ele>
        <time>2026-08-21T03:59:27.000Z</time>
        <extensions>
          <ns3:TrackPointExtension>
            <ns3:hr>113</ns3:hr>
            <ns3:cad>51</ns3:cad>
          </ns3:TrackPointExtension>
        </extensions>
      </trkpt>
      <trkpt lat="29.41771603189408779144287109375" lon="83.25183846987783908843994140625">
        <ele>4039.199951171875</ele>
        <time>2026-08-21T03:59:33.000Z</time>
        <extensions>
          <ns3:TrackPointExtension>
            <ns3:hr>111</ns3:hr>
            <ns3:cad>49</ns3:cad>
          </ns3:TrackPointExtension>
        </extensions>
      </trkpt>
      <trkpt lat="29.4177025370299816131591796875" lon="83.25189060531556606292724609375">
        <ele>4039.800048828125</ele>
        <time>2026-08-21T03:59:38.000Z</time>
        <extensions>
          <ns3:TrackPointExtension>
            <ns3:hr>111</ns3:hr>
            <ns3:cad>50</ns3:cad>
          </ns3:TrackPointExtension>
        </extensions>
      </trkpt>
      <trkpt lat="29.417701028287410736083984375" lon="83.251913152635097503662109375">
        <ele>4039.60009765625</ele>
        <time>2026-08-21T03:59:41.000Z</time>
        <extensions>
          <ns3:TrackPointExtension>
            <ns3:hr>109</ns3:hr>
            <ns3:cad>0</ns3:cad>
          </ns3:TrackPointExtension>
        </extensions>
      </trkpt>
      <trkpt lat="29.417697004973888397216796875" lon="83.251933269202709197998046875">
        <ele>4039.39990234375</ele>
        <time>2026-08-21T03:59:43.000Z</time>
        <extensions>
          <ns3:TrackPointExtension>
            <ns3:hr>105</ns3:hr>
            <ns3:cad>0</ns3:cad>
          </ns3:TrackPointExtension>
        </extensions>
      </trkpt>
      <trkpt lat="29.41769541241228580474853515625" lon="83.25194324366748332977294921875">
        <ele>4039.39990234375</ele>
        <time>2026-08-21T03:59:44.000Z</time>
        <extensions>
          <ns3:TrackPointExtension>
            <ns3:hr>104</ns3:hr>
            <ns3:cad>0</ns3:cad>
          </ns3:TrackPointExtension>
        </extensions>
      </trkpt>
      <trkpt lat="29.41768300719559192657470703125" lon="83.25200409628450870513916015625">
        <ele>4039.800048828125</ele>
        <time>2026-08-21T03:59:49.000Z</time>
        <extensions>
          <ns3:TrackPointExtension>
            <ns3:hr>103</ns3:hr>
            <ns3:cad>0</ns3:cad>
          </ns3:TrackPointExtension>
        </extensions>
      </trkpt>
      <trkpt lat="29.4176515750586986541748046875" lon="83.25208741240203380584716796875">
        <ele>4039.39990234375</ele>
        <time>2026-08-21T03:59:56.000Z</time>
        <extensions>
          <ns3:TrackPointExtension>
            <ns3:hr>102</ns3:hr>
            <ns3:cad>0</ns3:cad>
          </ns3:TrackPointExtension>
        </extensions>
      </trkpt>
      <trkpt lat="29.4176249206066131591796875" lon="83.252180702984333038330078125">
        <ele>4039.39990234375</ele>
        <time>2026-08-21T04:00:02.000Z</time>
        <extensions>
          <ns3:TrackPointExtension>
            <ns3:hr>101</ns3:hr>
            <ns3:cad>0</ns3:cad>
          </ns3:TrackPointExtension>
        </extensions>
      </trkpt>
      <trkpt lat="29.4176063127815723419189453125" lon="83.252250440418720245361328125">
        <ele>4039.199951171875</ele>
        <time>2026-08-21T04:00:07.000Z</time>
        <extensions>
          <ns3:TrackPointExtension>
            <ns3:hr>100</ns3:hr>
            <ns3:cad>54</ns3:cad>
          </ns3:TrackPointExtension>
        </extensions>
      </trkpt>
      <trkpt lat="29.4175801612436771392822265625" lon="83.252343647181987762451171875">
        <ele>4038.800048828125</ele>
        <time>2026-08-21T04:00:13.000Z</time>
        <extensions>
          <ns3:TrackPointExtension>
            <ns3:hr>101</ns3:hr>
            <ns3:cad>54</ns3:cad>
          </ns3:TrackPointExtension>
        </extensions>
      </trkpt>
      <trkpt lat="29.4175623916089534759521484375" lon="83.25238890945911407470703125">
        <ele>4038.800048828125</ele>
        <time>2026-08-21T04:00:16.000Z</time>
        <extensions>
          <ns3:TrackPointExtension>
            <ns3:hr>104</ns3:hr>
            <ns3:cad>54</ns3:cad>
          </ns3:TrackPointExtension>
        </extensions>
      </trkpt>
      <trkpt lat="29.4175469689071178436279296875" lon="83.25243341736495494842529296875">
        <ele>4038.60009765625</ele>
        <time>2026-08-21T04:00:19.000Z</time>
        <extensions>
          <ns3:TrackPointExtension>
            <ns3:hr>103</ns3:hr>
            <ns3:cad>53</ns3:cad>
          </ns3:TrackPointExtension>
        </extensions>
      </trkpt>
      <trkpt lat="29.41751033999025821685791015625" lon="83.2525111176073551177978515625">
        <ele>4038.800048828125</ele>
        <time>2026-08-21T04:00:25.000Z</time>
        <extensions>
          <ns3:TrackPointExtension>
            <ns3:hr>103</ns3:hr>
            <ns3:cad>53</ns3:cad>
          </ns3:TrackPointExtension>
        </extensions>
      </trkpt>
      <trkpt lat="29.41747580654919147491455078125" lon="83.2525758258998394012451171875">
        <ele>4039.199951171875</ele>
        <time>2026-08-21T04:00:30.000Z</time>
        <extensions>
          <ns3:TrackPointExtension>
            <ns3:hr>103</ns3:hr>
            <ns3:cad>54</ns3:cad>
          </ns3:TrackPointExtension>
        </extensions>
      </trkpt>
      <trkpt lat="29.41743540577590465545654296875" lon="83.25266073457896709442138671875">
        <ele>4039.39990234375</ele>
        <time>2026-08-21T04:00:36.000Z</time>
        <extensions>
          <ns3:TrackPointExtension>
            <ns3:hr>105</ns3:hr>
            <ns3:cad>54</ns3:cad>
          </ns3:TrackPointExtension>
        </extensions>
      </trkpt>
      <trkpt lat="29.41739450208842754364013671875" lon="83.25274991802871227264404296875">
        <ele>4039.199951171875</ele>
        <time>2026-08-21T04:00:42.000Z</time>
        <extensions>
          <ns3:TrackPointExtension>
            <ns3:hr>107</ns3:hr>
            <ns3:cad>54</ns3:cad>
          </ns3:TrackPointExtension>
        </extensions>
      </trkpt>
      <trkpt lat="29.41735058091580867767333984375" lon="83.252823762595653533935546875">
        <ele>4039.199951171875</ele>
        <time>2026-08-21T04:00:48.000Z</time>
        <extensions>
          <ns3:TrackPointExtension>
            <ns3:hr>106</ns3:hr>
            <ns3:cad>54</ns3:cad>
          </ns3:TrackPointExtension>
        </extensions>
      </trkpt>
      <trkpt lat="29.4173350743949413299560546875" lon="83.252849578857421875">
        <ele>4039.199951171875</ele>
        <time>2026-08-21T04:00:50.000Z</time>
        <extensions>
          <ns3:TrackPointExtension>
            <ns3:hr>103</ns3:hr>
            <ns3:cad>54</ns3:cad>
          </ns3:TrackPointExtension>
        </extensions>
      </trkpt>
      <trkpt lat="29.417301379144191741943359375" lon="83.25290657579898834228515625">
        <ele>4039.39990234375</ele>
        <time>2026-08-21T04:00:55.000Z</time>
        <extensions>
          <ns3:TrackPointExtension>
            <ns3:hr>101</ns3:hr>
            <ns3:cad>56</ns3:cad>
          </ns3:TrackPointExtension>
        </extensions>
      </trkpt>
      <trkpt lat="29.41725083626806735992431640625" lon="83.252965249121189117431640625">
        <ele>4038.800048828125</ele>
        <time>2026-08-21T04:01:01.000Z</time>
        <extensions>
          <ns3:TrackPointExtension>
            <ns3:hr>99</ns3:hr>
            <ns3:cad>52</ns3:cad>
          </ns3:TrackPointExtension>
        </extensions>
      </trkpt>
      <trkpt lat="29.4172049872577190399169921875" lon="83.25301252305507659912109375">
        <ele>4038.60009765625</ele>
        <time>2026-08-21T04:01:06.000Z</time>
        <extensions>
          <ns3:TrackPointExtension>
            <ns3:hr>102</ns3:hr>
            <ns3:cad>60</ns3:cad>
          </ns3:TrackPointExtension>
        </extensions>
      </trkpt>
      <trkpt lat="29.41719585098326206207275390625" lon="83.25301998294889926910400390625">
        <ele>4038.39990234375</ele>
        <time>2026-08-21T04:01:07.000Z</time>
        <extensions>
          <ns3:TrackPointExtension>
            <ns3:hr>104</ns3:hr>
            <ns3:cad>0</ns3:cad>
          </ns3:TrackPointExtension>
        </extensions>
      </trkpt>
      <trkpt lat="29.4171697832643985748291015625" lon="83.2530455477535724639892578125">
        <ele>4038.199951171875</ele>
        <time>2026-08-21T04:01:10.000Z</time>
        <extensions>
          <ns3:TrackPointExtension>
            <ns3:hr>106</ns3:hr>
            <ns3:cad>0</ns3:cad>
          </ns3:TrackPointExtension>
        </extensions>
      </trkpt>
      <trkpt lat="29.4171526841819286346435546875" lon="83.2530646584928035736083984375">
        <ele>4038</ele>
        <time>2026-08-21T04:01:12.000Z</time>
        <extensions>
          <ns3:TrackPointExtension>
            <ns3:hr>109</ns3:hr>
            <ns3:cad>0</ns3:cad>
          </ns3:TrackPointExtension>
        </extensions>
      </trkpt>
      <trkpt lat="29.41713650710880756378173828125" lon="83.25308770872652530670166015625">
        <ele>4037.60009765625</ele>
        <time>2026-08-21T04:01:14.000Z</time>
        <extensions>
          <ns3:TrackPointExtension>
            <ns3:hr>110</ns3:hr>
            <ns3:cad>0</ns3:cad>
          </ns3:TrackPointExtension>
        </extensions>
      </trkpt>
      <trkpt lat="29.41708001308143138885498046875" lon="83.2531535066664218902587890625">
        <ele>4036.39990234375</ele>
        <time>2026-08-21T04:01:20.000Z</time>
        <extensions>
          <ns3:TrackPointExtension>
            <ns3:hr>109</ns3:hr>
            <ns3:cad>0</ns3:cad>
          </ns3:TrackPointExtension>
        </extensions>
      </trkpt>
      <trkpt lat="29.4170339964330196380615234375" lon="83.25320840813219547271728515625">
        <ele>4036.199951171875</ele>
        <time>2026-08-21T04:01:25.000Z</time>
        <extensions>
          <ns3:TrackPointExtension>
            <ns3:hr>107</ns3:hr>
            <ns3:cad>55</ns3:cad>
          </ns3:TrackPointExtension>
        </extensions>
      </trkpt>
      <trkpt lat="29.4170048274099826812744140625" lon="83.25323925353586673736572265625">
        <ele>4035.39990234375</ele>
        <time>2026-08-21T04:01:28.000Z</time>
        <extensions>
          <ns3:TrackPointExtension>
            <ns3:hr>106</ns3:hr>
            <ns3:cad>54</ns3:cad>
          </ns3:TrackPointExtension>
        </extensions>
      </trkpt>
      <trkpt lat="29.4169773347675800323486328125" lon="83.2532698474824428558349609375">
        <ele>4034.800048828125</ele>
        <time>2026-08-21T04:01:31.000Z</time>
        <extensions>
          <ns3:TrackPointExtension>
            <ns3:hr>107</ns3:hr>
            <ns3:cad>53</ns3:cad>
          </ns3:TrackPointExtension>
        </extensions>
      </trkpt>
      <trkpt lat="29.41692159511148929595947265625" lon="83.253336064517498016357421875">
        <ele>4034.60009765625</ele>
        <time>2026-08-21T04:01:37.000Z</time>
        <extensions>
          <ns3:TrackPointExtension>
            <ns3:hr>106</ns3:hr>
            <ns3:cad>55</ns3:cad>
          </ns3:TrackPointExtension>
        </extensions>
      </trkpt>
      <trkpt lat="29.41686476580798625946044921875" lon="83.25340253300964832305908203125">
        <ele>4034.60009765625</ele>
        <time>2026-08-21T04:01:43.000Z</time>
        <extensions>
          <ns3:TrackPointExtension>
            <ns3:hr>106</ns3:hr>
            <ns3:cad>54</ns3:cad>
          </ns3:TrackPointExtension>
        </extensions>
      </trkpt>
      <trkpt lat="29.4168489240109920501708984375" lon="83.253426253795623779296875">
        <ele>4034.199951171875</ele>
        <time>2026-08-21T04:01:45.000Z</time>
        <extensions>
          <ns3:TrackPointExtension>
            <ns3:hr>105</ns3:hr>
            <ns3:cad>53</ns3:cad>
          </ns3:TrackPointExtension>
        </extensions>
      </trkpt>
      <trkpt lat="29.41681967116892337799072265625" lon="83.25346657074987888336181640625">
        <ele>4033.800048828125</ele>
        <time>2026-08-21T04:01:49.000Z</time>
        <extensions>
          <ns3:TrackPointExtension>
            <ns3:hr>104</ns3:hr>
            <ns3:cad>0</ns3:cad>
          </ns3:TrackPointExtension>
        </extensions>
      </trkpt>
      <trkpt lat="29.416793771088123321533203125" lon="83.25350278057157993316650390625">
        <ele>4033.800048828125</ele>
        <time>2026-08-21T04:01:52.000Z</time>
        <extensions>
          <ns3:TrackPointExtension>
            <ns3:hr>101</ns3:hr>
            <ns3:cad>0</ns3:cad>
          </ns3:TrackPointExtension>
        </extensions>
      </trkpt>
      <trkpt lat="29.4167791865766048431396484375" lon="83.25352859683334827423095703125">
        <ele>4033.39990234375</ele>
        <time>2026-08-21T04:01:54.000Z</time>
        <extensions>
          <ns3:TrackPointExtension>
            <ns3:hr>101</ns3:hr>
            <ns3:cad>0</ns3:cad>
          </ns3:TrackPointExtension>
        </extensions>
      </trkpt>
      <trkpt lat="29.41677139140665531158447265625" lon="83.25354133732616901397705078125">
        <ele>4033.199951171875</ele>
        <time>2026-08-21T04:01:55.000Z</time>
        <extensions>
          <ns3:TrackPointExtension>
            <ns3:hr>101</ns3:hr>
            <ns3:cad>0</ns3:cad>
          </ns3:TrackPointExtension>
        </extensions>
      </trkpt>
      <trkpt lat="29.4167268835008144378662109375" lon="83.25362297706305980682373046875">
        <ele>4032.199951171875</ele>
        <time>2026-08-21T04:02:01.000Z</time>
        <extensions>
          <ns3:TrackPointExtension>
            <ns3:hr>101</ns3:hr>
            <ns3:cad>56</ns3:cad>
          </ns3:TrackPointExtension>
        </extensions>
      </trkpt>
      <trkpt lat="29.4166759215295314788818359375" lon="83.25369925238192081451416015625">
        <ele>4032</ele>
        <time>2026-08-21T04:02:07.000Z</time>
        <extensions>
          <ns3:TrackPointExtension>
            <ns3:hr>102</ns3:hr>
            <ns3:cad>55</ns3:cad>
          </ns3:TrackPointExtension>
        </extensions>
      </trkpt>
      <trkpt lat="29.41662034951150417327880859375" lon="83.2537774555385112762451171875">
        <ele>4031.60009765625</ele>
        <time>2026-08-21T04:02:13.000Z</time>
        <extensions>
          <ns3:TrackPointExtension>
            <ns3:hr>102</ns3:hr>
            <ns3:cad>53</ns3:cad>
          </ns3:TrackPointExtension>
        </extensions>
      </trkpt>
      <trkpt lat="29.4165649451315402984619140625" lon="83.2538481988012790679931640625">
        <ele>4031.60009765625</ele>
        <time>2026-08-21T04:02:19.000Z</time>
        <extensions>
          <ns3:TrackPointExtension>
            <ns3:hr>103</ns3:hr>
            <ns3:cad>53</ns3:cad>
          </ns3:TrackPointExtension>
        </extensions>
      </trkpt>
      <trkpt lat="29.41650887019932270050048828125" lon="83.25389220379292964935302734375">
        <ele>4031.39990234375</ele>
        <time>2026-08-21T04:02:24.000Z</time>
        <extensions>
          <ns3:TrackPointExtension>
            <ns3:hr>104</ns3:hr>
            <ns3:cad>53</ns3:cad>
          </ns3:TrackPointExtension>
        </extensions>
      </trkpt>
      <trkpt lat="29.41641113720834255218505859375" lon="83.253970406949520111083984375">
        <ele>4031.39990234375</ele>
        <time>2026-08-21T04:02:33.000Z</time>
        <extensions>
          <ns3:TrackPointExtension>
            <ns3:hr>105</ns3:hr>
            <ns3:cad>55</ns3:cad>
          </ns3:TrackPointExtension>
        </extensions>
      </trkpt>
      <trkpt lat="29.41634173505008220672607421875" lon="83.254013322293758392333984375">
        <ele>4032.800048828125</ele>
        <time>2026-08-21T04:02:39.000Z</time>
        <extensions>
          <ns3:TrackPointExtension>
            <ns3:hr>106</ns3:hr>
            <ns3:cad>53</ns3:cad>
          </ns3:TrackPointExtension>
        </extensions>
      </trkpt>
      <trkpt lat="29.416255652904510498046875" lon="83.254088424146175384521484375">
        <ele>4032.39990234375</ele>
        <time>2026-08-21T04:02:47.000Z</time>
        <extensions>
          <ns3:TrackPointExtension>
            <ns3:hr>108</ns3:hr>
            <ns3:cad>53</ns3:cad>
          </ns3:TrackPointExtension>
        </extensions>
      </trkpt>
      <trkpt lat="29.4162008352577686309814453125" lon="83.254145421087741851806640625">
        <ele>4031.800048828125</ele>
        <time>2026-08-21T04:02:53.000Z</time>
        <extensions>
          <ns3:TrackPointExtension>
            <ns3:hr>111</ns3:hr>
            <ns3:cad>53</ns3:cad>
          </ns3:TrackPointExtension>
        </extensions>
      </trkpt>
      <trkpt lat="29.41619060933589935302734375" lon="83.2541559822857379913330078125">
        <ele>4031.800048828125</ele>
        <time>2026-08-21T04:02:54.000Z</time>
        <extensions>
          <ns3:TrackPointExtension>
            <ns3:hr>110</ns3:hr>
            <ns3:cad>53</ns3:cad>
          </ns3:TrackPointExtension>
        </extensions>
      </trkpt>
      <trkpt lat="29.41611710004508495330810546875" lon="83.25424323789775371551513671875">
        <ele>4032.39990234375</ele>
        <time>2026-08-21T04:03:02.000Z</time>
        <extensions>
          <ns3:TrackPointExtension>
            <ns3:hr>109</ns3:hr>
            <ns3:cad>54</ns3:cad>
          </ns3:TrackPointExtension>
        </extensions>
      </trkpt>
      <trkpt lat="29.41606077365577220916748046875" lon="83.25429704971611499786376953125">
        <ele>4032.800048828125</ele>
        <time>2026-08-21T04:03:08.000Z</time>
        <extensions>
          <ns3:TrackPointExtension>
            <ns3:hr>109</ns3:hr>
            <ns3:cad>53</ns3:cad>
          </ns3:TrackPointExtension>
        </extensions>
      </trkpt>
      <trkpt lat="29.416031353175640106201171875" lon="83.25432621873915195465087890625">
        <ele>4033.199951171875</ele>
        <time>2026-08-21T04:03:11.000Z</time>
        <extensions>
          <ns3:TrackPointExtension>
            <ns3:hr>110</ns3:hr>
            <ns3:cad>53</ns3:cad>
          </ns3:TrackPointExtension>
        </extensions>
      </trkpt>
      <trkpt lat="29.41600327380001544952392578125" lon="83.2543524540960788726806640625">
        <ele>4033.60009765625</ele>
        <time>2026-08-21T04:03:14.000Z</time>
        <extensions>
          <ns3:TrackPointExtension>
            <ns3:hr>110</ns3:hr>
            <ns3:cad>52</ns3:cad>
          </ns3:TrackPointExtension>
        </extensions>
      </trkpt>
      <trkpt lat="29.41594962961971759796142578125" lon="83.2543856464326381683349609375">
        <ele>4034</ele>
        <time>2026-08-21T04:03:19.000Z</time>
        <extensions>
          <ns3:TrackPointExtension>
            <ns3:hr>113</ns3:hr>
            <ns3:cad>51</ns3:cad>
          </ns3:TrackPointExtension>
        </extensions>
      </trkpt>
      <trkpt lat="29.4159373082220554351806640625" lon="83.25439176522195339202880859375">
        <ele>4034.199951171875</ele>
        <time>2026-08-21T04:03:20.000Z</time>
        <extensions>
          <ns3:TrackPointExtension>
            <ns3:hr>113</ns3:hr>
            <ns3:cad>50</ns3:cad>
          </ns3:TrackPointExtension>
        </extensions>
      </trkpt>
      <trkpt lat="29.41592448391020298004150390625" lon="83.25439830310642719268798828125">
        <ele>4034.39990234375</ele>
        <time>2026-08-21T04:03:21.000Z</time>
        <extensions>
          <ns3:TrackPointExtension>
            <ns3:hr>113</ns3:hr>
            <ns3:cad>50</ns3:cad>
          </ns3:TrackPointExtension>
        </extensions>
      </trkpt>
      <trkpt lat="29.41585290245711803436279296875" lon="83.25443141162395477294921875">
        <ele>4034.60009765625</ele>
        <time>2026-08-21T04:03:27.000Z</time>
        <extensions>
          <ns3:TrackPointExtension>
            <ns3:hr>115</ns3:hr>
            <ns3:cad>51</ns3:cad>
          </ns3:TrackPointExtension>
        </extensions>
      </trkpt>
      <trkpt lat="29.415781237185001373291015625" lon="83.254459239542484283447265625">
        <ele>4035</ele>
        <time>2026-08-21T04:03:33.000Z</time>
        <extensions>
          <ns3:TrackPointExtension>
            <ns3:hr>116</ns3:hr>
            <ns3:cad>52</ns3:cad>
          </ns3:TrackPointExtension>
        </extensions>
      </trkpt>
      <trkpt lat="29.41573739983141422271728515625" lon="83.2544825412333011627197265625">
        <ele>4035.199951171875</ele>
        <time>2026-08-21T04:03:37.000Z</time>
        <extensions>
          <ns3:TrackPointExtension>
            <ns3:hr>117</ns3:hr>
            <ns3:cad>51</ns3:cad>
          </ns3:TrackPointExtension>
        </extensions>
      </trkpt>
      <trkpt lat="29.4157259166240692138671875" lon="83.254488743841648101806640625">
        <ele>4035.199951171875</ele>
        <time>2026-08-21T04:03:38.000Z</time>
        <extensions>
          <ns3:TrackPointExtension>
            <ns3:hr>116</ns3:hr>
            <ns3:cad>0</ns3:cad>
          </ns3:TrackPointExtension>
        </extensions>
      </trkpt>
      <trkpt lat="29.4156744517385959625244140625" lon="83.25451464392244815826416015625">
        <ele>4035.39990234375</ele>
        <time>2026-08-21T04:03:43.000Z</time>
        <extensions>
          <ns3:TrackPointExtension>
            <ns3:hr>117</ns3:hr>
            <ns3:cad>0</ns3:cad>
          </ns3:TrackPointExtension>
        </extensions>
      </trkpt>
      <trkpt lat="29.41561116836965084075927734375" lon="83.2545554637908935546875">
        <ele>4035.39990234375</ele>
        <time>2026-08-21T04:03:49.000Z</time>
        <extensions>
          <ns3:TrackPointExtension>
            <ns3:hr>116</ns3:hr>
            <ns3:cad>50</ns3:cad>
          </ns3:TrackPointExtension>
        </extensions>
      </trkpt>
      <trkpt lat="29.4155322946608066558837890625" lon="83.2546226866543292999267578125">
        <ele>4034.800048828125</ele>
        <time>2026-08-21T04:03:56.000Z</time>
        <extensions>
          <ns3:TrackPointExtension>
            <ns3:hr>116</ns3:hr>
            <ns3:cad>0</ns3:cad>
          </ns3:TrackPointExtension>
        </extensions>
      </trkpt>
      <trkpt lat="29.41546632908284664154052734375" lon="83.254691250622272491455078125">
        <ele>4034.800048828125</ele>
        <time>2026-08-21T04:04:03.000Z</time>
        <extensions>
          <ns3:TrackPointExtension>
            <ns3:hr>115</ns3:hr>
            <ns3:cad>0</ns3:cad>
          </ns3:TrackPointExtension>
        </extensions>
      </trkpt>
      <trkpt lat="29.41543179564177989959716796875" lon="83.25473047792911529541015625">
        <ele>4034.39990234375</ele>
        <time>2026-08-21T04:04:07.000Z</time>
        <extensions>
          <ns3:TrackPointExtension>
            <ns3:hr>114</ns3:hr>
            <ns3:cad>0</ns3:cad>
          </ns3:TrackPointExtension>
        </extensions>
      </trkpt>
      <trkpt lat="29.41536993719637393951416015625" lon="83.2547745667397975921630859375">
        <ele>4034.60009765625</ele>
        <time>2026-08-21T04:04:13.000Z</time>
        <extensions>
          <ns3:TrackPointExtension>
            <ns3:hr>113</ns3:hr>
            <ns3:cad>0</ns3:cad>
          </ns3:TrackPointExtension>
        </extensions>
      </trkpt>
      <trkpt lat="29.4153163768351078033447265625" lon="83.254801891744136810302734375">
        <ele>4034.800048828125</ele>
        <time>2026-08-21T04:04:18.000Z</time>
        <extensions>
          <ns3:TrackPointExtension>
            <ns3:hr>112</ns3:hr>
            <ns3:cad>49</ns3:cad>
          </ns3:TrackPointExtension>
        </extensions>
      </trkpt>
      <trkpt lat="29.4152538478374481201171875" lon="83.254831731319427490234375">
        <ele>4035</ele>
        <time>2026-08-21T04:04:23.000Z</time>
        <extensions>
          <ns3:TrackPointExtension>
            <ns3:hr>112</ns3:hr>
            <ns3:cad>49</ns3:cad>
          </ns3:TrackPointExtension>
        </extensions>
      </trkpt>
      <trkpt lat="29.4151876308023929595947265625" lon="83.25484673492610454559326171875">
        <ele>4035.199951171875</ele>
        <time>2026-08-21T04:04:28.000Z</time>
        <extensions>
          <ns3:TrackPointExtension>
            <ns3:hr>111</ns3:hr>
            <ns3:cad>0</ns3:cad>
          </ns3:TrackPointExtension>
        </extensions>
      </trkpt>
      <trkpt lat="29.41510624252259731292724609375" lon="83.254856877028942108154296875">
        <ele>4035</ele>
        <time>2026-08-21T04:04:34.000Z</time>
        <extensions>
          <ns3:TrackPointExtension>
            <ns3:hr>111</ns3:hr>
            <ns3:cad>0</ns3:cad>
          </ns3:TrackPointExtension>
        </extensions>
      </trkpt>
      <trkpt lat="29.4150380976498126983642578125" lon="83.25487104244530200958251953125">
        <ele>4035</ele>
        <time>2026-08-21T04:04:40.000Z</time>
        <extensions>
          <ns3:TrackPointExtension>
            <ns3:hr>111</ns3:hr>
            <ns3:cad>51</ns3:cad>
          </ns3:TrackPointExtension>
        </extensions>
      </trkpt>
      <trkpt lat="29.41497950814664363861083984375" lon="83.2548835314810276031494140625">
        <ele>4035.39990234375</ele>
        <time>2026-08-21T04:04:45.000Z</time>
        <extensions>
          <ns3:TrackPointExtension>
            <ns3:hr>111</ns3:hr>
            <ns3:cad>51</ns3:cad>
          </ns3:TrackPointExtension>
        </extensions>
      </trkpt>
      <trkpt lat="29.41489753313362598419189453125" lon="83.25490876100957393646240234375">
        <ele>4035.199951171875</ele>
        <time>2026-08-21T04:04:52.000Z</time>
        <extensions>
          <ns3:TrackPointExtension>
            <ns3:hr>112</ns3:hr>
            <ns3:cad>51</ns3:cad>
          </ns3:TrackPointExtension>
        </extensions>
      </trkpt>
      <trkpt lat="29.41484036855399608612060546875" lon="83.254968859255313873291015625">
        <ele>4035.199951171875</ele>
        <time>2026-08-21T04:04:59.000Z</time>
        <extensions>
          <ns3:TrackPointExtension>
            <ns3:hr>112</ns3:hr>
            <ns3:cad>52</ns3:cad>
          </ns3:TrackPointExtension>
        </extensions>
      </trkpt>
      <trkpt lat="29.4147925078868865966796875" lon="83.2550679333508014678955078125">
        <ele>4036</ele>
        <time>2026-08-21T04:05:07.000Z</time>
        <extensions>
          <ns3:TrackPointExtension>
            <ns3:hr>111</ns3:hr>
            <ns3:cad>50</ns3:cad>
          </ns3:TrackPointExtension>
        </extensions>
      </trkpt>
      <trkpt lat="29.414780437946319580078125" lon="83.2550924085080623626708984375">
        <ele>4036.39990234375</ele>
        <time>2026-08-21T04:05:09.000Z</time>
        <extensions>
          <ns3:TrackPointExtension>
            <ns3:hr>110</ns3:hr>
            <ns3:cad>50</ns3:cad>
          </ns3:TrackPointExtension>
        </extensions>
      </trkpt>
      <trkpt lat="29.414749257266521453857421875" lon="83.2551316358149051666259765625">
        <ele>4036.800048828125</ele>
        <time>2026-08-21T04:05:13.000Z</time>
        <extensions>
          <ns3:TrackPointExtension>
            <ns3:hr>112</ns3:hr>
            <ns3:cad>50</ns3:cad>
          </ns3:TrackPointExtension>
        </extensions>
      </trkpt>
      <trkpt lat="29.4147061742842197418212890625" lon="83.25519843958318233489990234375">
        <ele>4037.199951171875</ele>
        <time>2026-08-21T04:05:19.000Z</time>
        <extensions>
          <ns3:TrackPointExtension>
            <ns3:hr>113</ns3:hr>
            <ns3:cad>48</ns3:cad>
          </ns3:TrackPointExtension>
        </extensions>
      </trkpt>
      <trkpt lat="29.4146971218287944793701171875" lon="83.25520967133343219757080078125">
        <ele>4037.39990234375</ele>
        <time>2026-08-21T04:05:20.000Z</time>
        <extensions>
          <ns3:TrackPointExtension>
            <ns3:hr>113</ns3:hr>
            <ns3:cad>48</ns3:cad>
          </ns3:TrackPointExtension>
        </extensions>
      </trkpt>
      <trkpt lat="29.41466309130191802978515625" lon="83.25526851229369640350341796875">
        <ele>4037.39990234375</ele>
        <time>2026-08-21T04:05:25.000Z</time>
        <extensions>
          <ns3:TrackPointExtension>
            <ns3:hr>113</ns3:hr>
            <ns3:cad>49</ns3:cad>
          </ns3:TrackPointExtension>
        </extensions>
      </trkpt>
      <trkpt lat="29.41463149152696132659912109375" lon="83.25530757196247577667236328125">
        <ele>4037.39990234375</ele>
        <time>2026-08-21T04:05:29.000Z</time>
        <extensions>
          <ns3:TrackPointExtension>
            <ns3:hr>116</ns3:hr>
            <ns3:cad>49</ns3:cad>
          </ns3:TrackPointExtension>
        </extensions>
      </trkpt>
      <trkpt lat="29.41458907909691333770751953125" lon="83.25535484589636325836181640625">
        <ele>4038</ele>
        <time>2026-08-21T04:05:34.000Z</time>
        <extensions>
          <ns3:TrackPointExtension>
            <ns3:hr>116</ns3:hr>
            <ns3:cad>49</ns3:cad>
          </ns3:TrackPointExtension>
        </extensions>
      </trkpt>
      <trkpt lat="29.41451867111027240753173828125" lon="83.25540773570537567138671875">
        <ele>4038.199951171875</ele>
        <time>2026-08-21T04:05:41.000Z</time>
        <extensions>
          <ns3:TrackPointExtension>
            <ns3:hr>119</ns3:hr>
            <ns3:cad>49</ns3:cad>
          </ns3:TrackPointExtension>
        </extensions>
      </trkpt>
      <trkpt lat="29.41449101082980632781982421875" lon="83.25542944483458995819091796875">
        <ele>4038.39990234375</ele>
        <time>2026-08-21T04:05:44.000Z</time>
        <extensions>
          <ns3:TrackPointExtension>
            <ns3:hr>118</ns3:hr>
            <ns3:cad>48</ns3:cad>
          </ns3:TrackPointExtension>
        </extensions>
      </trkpt>
      <trkpt lat="29.4144617579877376556396484375" lon="83.2554504834115505218505859375">
        <ele>4038.60009765625</ele>
        <time>2026-08-21T04:05:47.000Z</time>
        <extensions>
          <ns3:TrackPointExtension>
            <ns3:hr>118</ns3:hr>
            <ns3:cad>50</ns3:cad>
          </ns3:TrackPointExtension>
        </extensions>
      </trkpt>
      <trkpt lat="29.41440937109291553497314453125" lon="83.25548308901488780975341796875">
        <ele>4039.199951171875</ele>
        <time>2026-08-21T04:05:52.000Z</time>
        <extensions>
          <ns3:TrackPointExtension>
            <ns3:hr>117</ns3:hr>
            <ns3:cad>0</ns3:cad>
          </ns3:TrackPointExtension>
        </extensions>
      </trkpt>
      <trkpt lat="29.4143665395677089691162109375" lon="83.2555188797414302825927734375">
        <ele>4039.199951171875</ele>
        <time>2026-08-21T04:05:57.000Z</time>
        <extensions>
          <ns3:TrackPointExtension>
            <ns3:hr>118</ns3:hr>
            <ns3:cad>0</ns3:cad>
          </ns3:TrackPointExtension>
        </extensions>
      </trkpt>
      <trkpt lat="29.4143581576645374298095703125" lon="83.25552600435912609100341796875">
        <ele>4039.39990234375</ele>
        <time>2026-08-21T04:05:58.000Z</time>
        <extensions>
          <ns3:TrackPointExtension>
            <ns3:hr>118</ns3:hr>
            <ns3:cad>0</ns3:cad>
          </ns3:TrackPointExtension>
        </extensions>
      </trkpt>
      <trkpt lat="29.41431281156837940216064453125" lon="83.25556204654276371002197265625">
        <ele>4040.60009765625</ele>
        <time>2026-08-21T04:06:03.000Z</time>
        <extensions>
          <ns3:TrackPointExtension>
            <ns3:hr>118</ns3:hr>
            <ns3:cad>49</ns3:cad>
          </ns3:TrackPointExtension>
        </extensions>
      </trkpt>
      <trkpt lat="29.414303004741668701171875" lon="83.25556908734142780303955078125">
        <ele>4040.800048828125</ele>
        <time>2026-08-21T04:06:04.000Z</time>
        <extensions>
          <ns3:TrackPointExtension>
            <ns3:hr>117</ns3:hr>
            <ns3:cad>49</ns3:cad>
          </ns3:TrackPointExtension>
        </extensions>
      </trkpt>
      <trkpt lat="29.4142471812665462493896484375" lon="83.25561736710369586944580078125">
        <ele>4040.800048828125</ele>
        <time>2026-08-21T04:06:10.000Z</time>
        <extensions>
          <ns3:TrackPointExtension>
            <ns3:hr>119</ns3:hr>
            <ns3:cad>47</ns3:cad>
          </ns3:TrackPointExtension>
        </extensions>
      </trkpt>
      <trkpt lat="29.4142106361687183380126953125" lon="83.255647122859954833984375">
        <ele>4041</ele>
        <time>2026-08-21T04:06:14.000Z</time>
        <extensions>
          <ns3:TrackPointExtension>
            <ns3:hr>117</ns3:hr>
            <ns3:cad>0</ns3:cad>
          </ns3:TrackPointExtension>
        </extensions>
      </trkpt>
      <trkpt lat="29.4141891784965991973876953125" lon="83.25566212646663188934326171875">
        <ele>4041.199951171875</ele>
        <time>2026-08-21T04:06:16.000Z</time>
        <extensions>
          <ns3:TrackPointExtension>
            <ns3:hr>117</ns3:hr>
            <ns3:cad>0</ns3:cad>
          </ns3:TrackPointExtension>
        </extensions>
      </trkpt>
      <trkpt lat="29.41416210494935512542724609375" lon="83.25568802654743194580078125">
        <ele>4041.60009765625</ele>
        <time>2026-08-21T04:06:19.000Z</time>
        <extensions>
          <ns3:TrackPointExtension>
            <ns3:hr>118</ns3:hr>
            <ns3:cad>46</ns3:cad>
          </ns3:TrackPointExtension>
        </extensions>
      </trkpt>
      <trkpt lat="29.414131008088588714599609375" lon="83.25571124441921710968017578125">
        <ele>4041.800048828125</ele>
        <time>2026-08-21T04:06:22.000Z</time>
        <extensions>
          <ns3:TrackPointExtension>
            <ns3:hr>118</ns3:hr>
            <ns3:cad>48</ns3:cad>
          </ns3:TrackPointExtension>
        </extensions>
      </trkpt>
      <trkpt lat="29.41406764090061187744140625" lon="83.25574711896479129791259765625">
        <ele>4042</ele>
        <time>2026-08-21T04:06:27.000Z</time>
        <extensions>
          <ns3:TrackPointExtension>
            <ns3:hr>119</ns3:hr>
            <ns3:cad>0</ns3:cad>
          </ns3:TrackPointExtension>
        </extensions>
      </trkpt>
      <trkpt lat="29.41400988958775997161865234375" lon="83.25577729381620883941650390625">
        <ele>4042.39990234375</ele>
        <time>2026-08-21T04:06:32.000Z</time>
        <extensions>
          <ns3:TrackPointExtension>
            <ns3:hr>120</ns3:hr>
            <ns3:cad>0</ns3:cad>
          </ns3:TrackPointExtension>
        </extensions>
      </trkpt>
      <trkpt lat="29.41393562592566013336181640625" lon="83.255808390676975250244140625">
        <ele>4042.39990234375</ele>
        <time>2026-08-21T04:06:39.000Z</time>
        <extensions>
          <ns3:TrackPointExtension>
            <ns3:hr>118</ns3:hr>
            <ns3:cad>0</ns3:cad>
          </ns3:TrackPointExtension>
        </extensions>
      </trkpt>
      <trkpt lat="29.41387862898409366607666015625" lon="83.2558254897594451904296875">
        <ele>4042.60009765625</ele>
        <time>2026-08-21T04:06:43.000Z</time>
        <extensions>
          <ns3:TrackPointExtension>
            <ns3:hr>118</ns3:hr>
            <ns3:cad>0</ns3:cad>
          </ns3:TrackPointExtension>
        </extensions>
      </trkpt>
      <trkpt lat="29.41384929232299327850341796875" lon="83.2558308541774749755859375">
        <ele>4042.800048828125</ele>
        <time>2026-08-21T04:06:45.000Z</time>
        <extensions>
          <ns3:TrackPointExtension>
            <ns3:hr>118</ns3:hr>
            <ns3:cad>0</ns3:cad>
          </ns3:TrackPointExtension>
        </extensions>
      </trkpt>
      <trkpt lat="29.41381224431097507476806640625" lon="83.25584518723189830780029296875">
        <ele>4043.199951171875</ele>
        <time>2026-08-21T04:06:48.000Z</time>
        <extensions>
          <ns3:TrackPointExtension>
            <ns3:hr>119</ns3:hr>
            <ns3:cad>0</ns3:cad>
          </ns3:TrackPointExtension>
        </extensions>
      </trkpt>
      <trkpt lat="29.41375155933201313018798828125" lon="83.2558786310255527496337890625">
        <ele>4043</ele>
        <time>2026-08-21T04:06:54.000Z</time>
        <extensions>
          <ns3:TrackPointExtension>
            <ns3:hr>120</ns3:hr>
            <ns3:cad>51</ns3:cad>
          </ns3:TrackPointExtension>
        </extensions>
      </trkpt>
      <trkpt lat="29.413664303719997406005859375" lon="83.25591861270368099212646484375">
        <ele>4043</ele>
        <time>2026-08-21T04:07:01.000Z</time>
        <extensions>
          <ns3:TrackPointExtension>
            <ns3:hr>120</ns3:hr>
            <ns3:cad>0</ns3:cad>
          </ns3:TrackPointExtension>
        </extensions>
      </trkpt>
      <trkpt lat="29.41362465731799602508544921875" lon="83.2559329457581043243408203125">
        <ele>4043.800048828125</ele>
        <time>2026-08-21T04:07:04.000Z</time>
        <extensions>
          <ns3:TrackPointExtension>
            <ns3:hr>120</ns3:hr>
            <ns3:cad>0</ns3:cad>
          </ns3:TrackPointExtension>
        </extensions>
      </trkpt>
      <trkpt lat="29.41361074335873126983642578125" lon="83.25593805871903896331787109375">
        <ele>4044</ele>
        <time>2026-08-21T04:07:05.000Z</time>
        <extensions>
          <ns3:TrackPointExtension>
            <ns3:hr>120</ns3:hr>
            <ns3:cad>0</ns3:cad>
          </ns3:TrackPointExtension>
        </extensions>
      </trkpt>
      <trkpt lat="29.41353044472634792327880859375" lon="83.255979716777801513671875">
        <ele>4043.800048828125</ele>
        <time>2026-08-21T04:07:12.000Z</time>
        <extensions>
          <ns3:TrackPointExtension>
            <ns3:hr>120</ns3:hr>
            <ns3:cad>0</ns3:cad>
          </ns3:TrackPointExtension>
        </extensions>
      </trkpt>
      <trkpt lat="29.413477890193462371826171875" lon="83.2560090534389019012451171875">
        <ele>4044</ele>
        <time>2026-08-21T04:07:17.000Z</time>
        <extensions>
          <ns3:TrackPointExtension>
            <ns3:hr>118</ns3:hr>
            <ns3:cad>53</ns3:cad>
          </ns3:TrackPointExtension>
        </extensions>
      </trkpt>
      <trkpt lat="29.41340513527393341064453125" lon="83.25604467652738094329833984375">
        <ele>4043.199951171875</ele>
        <time>2026-08-21T04:07:23.000Z</time>
        <extensions>
          <ns3:TrackPointExtension>
            <ns3:hr>117</ns3:hr>
            <ns3:cad>52</ns3:cad>
          </ns3:TrackPointExtension>
        </extensions>
      </trkpt>
      <trkpt lat="29.4133161194622516632080078125" lon="83.25607082806527614593505859375">
        <ele>4044.199951171875</ele>
        <time>2026-08-21T04:07:30.000Z</time>
        <extensions>
          <ns3:TrackPointExtension>
            <ns3:hr>117</ns3:hr>
            <ns3:cad>0</ns3:cad>
          </ns3:TrackPointExtension>
        </extensions>
      </trkpt>
      <trkpt lat="29.41324261017143726348876953125" lon="83.25608541257679462432861328125">
        <ele>4044.39990234375</ele>
        <time>2026-08-21T04:07:36.000Z</time>
        <extensions>
          <ns3:TrackPointExtension>
            <ns3:hr>116</ns3:hr>
            <ns3:cad>52</ns3:cad>
          </ns3:TrackPointExtension>
        </extensions>
      </trkpt>
      <trkpt lat="29.4131568633019924163818359375" lon="83.25611776672303676605224609375">
        <ele>4044.199951171875</ele>
        <time>2026-08-21T04:07:43.000Z</time>
        <extensions>
          <ns3:TrackPointExtension>
            <ns3:hr>116</ns3:hr>
            <ns3:cad>50</ns3:cad>
          </ns3:TrackPointExtension>
        </extensions>
      </trkpt>
      <trkpt lat="29.4130780734121799468994140625" lon="83.25614492408931255340576171875">
        <ele>4043.800048828125</ele>
        <time>2026-08-21T04:07:50.000Z</time>
        <extensions>
          <ns3:TrackPointExtension>
            <ns3:hr>115</ns3:hr>
            <ns3:cad>53</ns3:cad>
          </ns3:TrackPointExtension>
        </extensions>
      </trkpt>
      <trkpt lat="29.41300992853939533233642578125" lon="83.256169818341732025146484375">
        <ele>4044.800048828125</ele>
        <time>2026-08-21T04:07:55.000Z</time>
        <extensions>
          <ns3:TrackPointExtension>
            <ns3:hr>115</ns3:hr>
            <ns3:cad>53</ns3:cad>
          </ns3:TrackPointExtension>
        </extensions>
      </trkpt>
      <trkpt lat="29.41293868236243724822998046875" lon="83.25619203038513660430908203125">
        <ele>4044.800048828125</ele>
        <time>2026-08-21T04:08:01.000Z</time>
        <extensions>
          <ns3:TrackPointExtension>
            <ns3:hr>114</ns3:hr>
            <ns3:cad>50</ns3:cad>
          </ns3:TrackPointExtension>
        </extensions>
      </trkpt>
      <trkpt lat="29.41291236318647861480712890625" lon="83.25619689188897609710693359375">
        <ele>4045</ele>
        <time>2026-08-21T04:08:03.000Z</time>
        <extensions>
          <ns3:TrackPointExtension>
            <ns3:hr>114</ns3:hr>
            <ns3:cad>0</ns3:cad>
          </ns3:TrackPointExtension>
        </extensions>
      </trkpt>
      <trkpt lat="29.41287196241319179534912109375" lon="83.25620225630700588226318359375">
        <ele>4045.199951171875</ele>
        <time>2026-08-21T04:08:06.000Z</time>
        <extensions>
          <ns3:TrackPointExtension>
            <ns3:hr>114</ns3:hr>
            <ns3:cad>0</ns3:cad>
          </ns3:TrackPointExtension>
        </extensions>
      </trkpt>
      <trkpt lat="29.412791915237903594970703125" lon="83.25622036121785640716552734375">
        <ele>4045.199951171875</ele>
        <time>2026-08-21T04:08:13.000Z</time>
        <extensions>
          <ns3:TrackPointExtension>
            <ns3:hr>114</ns3:hr>
            <ns3:cad>0</ns3:cad>
          </ns3:TrackPointExtension>
        </extensions>
      </trkpt>
      <trkpt lat="29.412720501422882080078125" lon="83.256236203014850616455078125">
        <ele>4046</ele>
        <time>2026-08-21T04:08:19.000Z</time>
        <extensions>
          <ns3:TrackPointExtension>
            <ns3:hr>114</ns3:hr>
            <ns3:cad>52</ns3:cad>
          </ns3:TrackPointExtension>
        </extensions>
      </trkpt>
      <trkpt lat="29.412707425653934478759765625" lon="83.25623846612870693206787109375">
        <ele>4046.39990234375</ele>
        <time>2026-08-21T04:08:20.000Z</time>
        <extensions>
          <ns3:TrackPointExtension>
            <ns3:hr>114</ns3:hr>
            <ns3:cad>51</ns3:cad>
          </ns3:TrackPointExtension>
        </extensions>
      </trkpt>
      <trkpt lat="29.4126448966562747955322265625" lon="83.25624466873705387115478515625">
        <ele>4047</ele>
        <time>2026-08-21T04:08:25.000Z</time>
        <extensions>
          <ns3:TrackPointExtension>
            <ns3:hr>115</ns3:hr>
            <ns3:cad>51</ns3:cad>
          </ns3:TrackPointExtension>
        </extensions>
      </trkpt>
      <trkpt lat="29.4125718064606189727783203125" lon="83.2562430761754512786865234375">
        <ele>4046.199951171875</ele>
        <time>2026-08-21T04:08:31.000Z</time>
        <extensions>
          <ns3:TrackPointExtension>
            <ns3:hr>116</ns3:hr>
            <ns3:cad>52</ns3:cad>
          </ns3:TrackPointExtension>
        </extensions>
      </trkpt>
      <trkpt lat="29.41250399686396121978759765625" lon="83.25627408921718597412109375">
        <ele>4046.39990234375</ele>
        <time>2026-08-21T04:08:37.000Z</time>
        <extensions>
          <ns3:TrackPointExtension>
            <ns3:hr>116</ns3:hr>
            <ns3:cad>53</ns3:cad>
          </ns3:TrackPointExtension>
        </extensions>
      </trkpt>
      <trkpt lat="29.4124698825180530548095703125" lon="83.25629261322319507598876953125">
        <ele>4046.199951171875</ele>
        <time>2026-08-21T04:08:40.000Z</time>
        <extensions>
          <ns3:TrackPointExtension>
            <ns3:hr>119</ns3:hr>
            <ns3:cad>0</ns3:cad>
          </ns3:TrackPointExtension>
        </extensions>
      </trkpt>
      <trkpt lat="29.41243576817214488983154296875" lon="83.2563131488859653472900390625">
        <ele>4046.199951171875</ele>
        <time>2026-08-21T04:08:43.000Z</time>
        <extensions>
          <ns3:TrackPointExtension>
            <ns3:hr>120</ns3:hr>
            <ns3:cad>55</ns3:cad>
          </ns3:TrackPointExtension>
        </extensions>
      </trkpt>
      <trkpt lat="29.41239528357982635498046875" lon="83.25634961016476154327392578125">
        <ele>4046.60009765625</ele>
        <time>2026-08-21T04:08:47.000Z</time>
        <extensions>
          <ns3:TrackPointExtension>
            <ns3:hr>116</ns3:hr>
            <ns3:cad>54</ns3:cad>
          </ns3:TrackPointExtension>
        </extensions>
      </trkpt>
      <trkpt lat="29.41237592138350009918212890625" lon="83.2563671283423900604248046875">
        <ele>4046.39990234375</ele>
        <time>2026-08-21T04:08:49.000Z</time>
        <extensions>
          <ns3:TrackPointExtension>
            <ns3:hr>114</ns3:hr>
            <ns3:cad>54</ns3:cad>
          </ns3:TrackPointExtension>
        </extensions>
      </trkpt>
      <trkpt lat="29.41231305710971355438232421875" lon="83.25642772950232028961181640625">
        <ele>4046</ele>
        <time>2026-08-21T04:08:55.000Z</time>
        <extensions>
          <ns3:TrackPointExtension>
            <ns3:hr>113</ns3:hr>
            <ns3:cad>0</ns3:cad>
          </ns3:TrackPointExtension>
        </extensions>
      </trkpt>
      <trkpt lat="29.41224114038050174713134765625" lon="83.256494365632534027099609375">
        <ele>4045.39990234375</ele>
        <time>2026-08-21T04:09:02.000Z</time>
        <extensions>
          <ns3:TrackPointExtension>
            <ns3:hr>112</ns3:hr>
            <ns3:cad>0</ns3:cad>
          </ns3:TrackPointExtension>
        </extensions>
      </trkpt>
      <trkpt lat="29.41218665800988674163818359375" lon="83.25656066648662090301513671875">
        <ele>4045.800048828125</ele>
        <time>2026-08-21T04:09:08.000Z</time>
        <extensions>
          <ns3:TrackPointExtension>
            <ns3:hr>109</ns3:hr>
            <ns3:cad>58</ns3:cad>
          </ns3:TrackPointExtension>
        </extensions>
      </trkpt>
      <trkpt lat="29.41213435493409633636474609375" lon="83.25660609640181064605712890625">
        <ele>4045.800048828125</ele>
        <time>2026-08-21T04:09:13.000Z</time>
        <extensions>
          <ns3:TrackPointExtension>
            <ns3:hr>111</ns3:hr>
            <ns3:cad>0</ns3:cad>
          </ns3:TrackPointExtension>
        </extensions>
      </trkpt>
      <trkpt lat="29.41208414733409881591796875" lon="83.25664716772735118865966796875">
        <ele>4046</ele>
        <time>2026-08-21T04:09:18.000Z</time>
        <extensions>
          <ns3:TrackPointExtension>
            <ns3:hr>111</ns3:hr>
            <ns3:cad>0</ns3:cad>
          </ns3:TrackPointExtension>
        </extensions>
      </trkpt>
      <trkpt lat="29.41204391419887542724609375" lon="83.2566842995584011077880859375">
        <ele>4045.199951171875</ele>
        <time>2026-08-21T04:09:22.000Z</time>
        <extensions>
          <ns3:TrackPointExtension>
            <ns3:hr>110</ns3:hr>
            <ns3:cad>0</ns3:cad>
          </ns3:TrackPointExtension>
        </extensions>
      </trkpt>
      <trkpt lat="29.41203410737216472625732421875" lon="83.2566936872899532318115234375">
        <ele>4044.800048828125</ele>
        <time>2026-08-21T04:09:23.000Z</time>
        <extensions>
          <ns3:TrackPointExtension>
            <ns3:hr>105</ns3:hr>
            <ns3:cad>0</ns3:cad>
          </ns3:TrackPointExtension>
        </extensions>
      </trkpt>
      <trkpt lat="29.41202455200254917144775390625" lon="83.25670215301215648651123046875">
        <ele>4044.39990234375</ele>
        <time>2026-08-21T04:09:24.000Z</time>
        <extensions>
          <ns3:TrackPointExtension>
            <ns3:hr>102</ns3:hr>
            <ns3:cad>55</ns3:cad>
          </ns3:TrackPointExtension>
        </extensions>
      </trkpt>
      <trkpt lat="29.41201432608067989349365234375" lon="83.25671170838177204132080078125">
        <ele>4044</ele>
        <time>2026-08-21T04:09:25.000Z</time>
        <extensions>
          <ns3:TrackPointExtension>
            <ns3:hr>99</ns3:hr>
            <ns3:cad>55</ns3:cad>
          </ns3:TrackPointExtension>
        </extensions>
      </trkpt>
      <trkpt lat="29.4120025075972080230712890625" lon="83.25672076083719730377197265625">
        <ele>4043.800048828125</ele>
        <time>2026-08-21T04:09:26.000Z</time>
        <extensions>
          <ns3:TrackPointExtension>
            <ns3:hr>99</ns3:hr>
            <ns3:cad>55</ns3:cad>
          </ns3:TrackPointExtension>
        </extensions>
      </trkpt>
      <trkpt lat="29.4119555689394474029541015625" lon="83.2567543722689151763916015625">
        <ele>4043.39990234375</ele>
        <time>2026-08-21T04:09:30.000Z</time>
        <extensions>
          <ns3:TrackPointExtension>
            <ns3:hr>98</ns3:hr>
            <ns3:cad>55</ns3:cad>
          </ns3:TrackPointExtension>
        </extensions>
      </trkpt>
      <trkpt lat="29.41191340796649456024169921875" lon="83.256794773042201995849609375">
        <ele>4043.800048828125</ele>
        <time>2026-08-21T04:09:34.000Z</time>
        <extensions>
          <ns3:TrackPointExtension>
            <ns3:hr>97</ns3:hr>
            <ns3:cad>56</ns3:cad>
          </ns3:TrackPointExtension>
        </extensions>
      </trkpt>
      <trkpt lat="29.411884658038616180419921875" lon="83.25682318769395351409912109375">
        <ele>4043.800048828125</ele>
        <time>2026-08-21T04:09:37.000Z</time>
        <extensions>
          <ns3:TrackPointExtension>
            <ns3:hr>102</ns3:hr>
            <ns3:cad>0</ns3:cad>
          </ns3:TrackPointExtension>
        </extensions>
      </trkpt>
      <trkpt lat="29.4118593446910381317138671875" lon="83.25683508999645709991455078125">
        <ele>4043.39990234375</ele>
        <time>2026-08-21T04:09:39.000Z</time>
        <extensions>
          <ns3:TrackPointExtension>
            <ns3:hr>105</ns3:hr>
            <ns3:cad>0</ns3:cad>
          </ns3:TrackPointExtension>
        </extensions>
      </trkpt>
      <trkpt lat="29.41184786148369312286376953125" lon="83.2568405382335186004638671875">
        <ele>4043.199951171875</ele>
        <time>2026-08-21T04:09:40.000Z</time>
        <extensions>
          <ns3:TrackPointExtension>
            <ns3:hr>106</ns3:hr>
            <ns3:cad>0</ns3:cad>
          </ns3:TrackPointExtension>
        </extensions>
      </trkpt>
      <trkpt lat="29.4118040241301059722900390625" lon="83.25687046162784099578857421875">
        <ele>4043</ele>
        <time>2026-08-21T04:09:44.000Z</time>
        <extensions>
          <ns3:TrackPointExtension>
            <ns3:hr>108</ns3:hr>
            <ns3:cad>0</ns3:cad>
          </ns3:TrackPointExtension>
        </extensions>
      </trkpt>
      <trkpt lat="29.41173537634313106536865234375" lon="83.25693768449127674102783203125">
        <ele>4042</ele>
        <time>2026-08-21T04:09:51.000Z</time>
        <extensions>
          <ns3:TrackPointExtension>
            <ns3:hr>106</ns3:hr>
            <ns3:cad>54</ns3:cad>
          </ns3:TrackPointExtension>
        </extensions>
      </trkpt>
      <trkpt lat="29.4117259047925472259521484375" lon="83.2569484971463680267333984375">
        <ele>4042</ele>
        <time>2026-08-21T04:09:52.000Z</time>
        <extensions>
          <ns3:TrackPointExtension>
            <ns3:hr>107</ns3:hr>
            <ns3:cad>54</ns3:cad>
          </ns3:TrackPointExtension>
        </extensions>
      </trkpt>
      <trkpt lat="29.41167586483061313629150390625" lon="83.25699635781347751617431640625">
        <ele>4043</ele>
        <time>2026-08-21T04:09:57.000Z</time>
        <extensions>
          <ns3:TrackPointExtension>
            <ns3:hr>106</ns3:hr>
            <ns3:cad>51</ns3:cad>
          </ns3:TrackPointExtension>
        </extensions>
      </trkpt>
      <trkpt lat="29.4116658903658390045166015625" lon="83.25700423680245876312255859375">
        <ele>4043.199951171875</ele>
        <time>2026-08-21T04:09:58.000Z</time>
        <extensions>
          <ns3:TrackPointExtension>
            <ns3:hr>106</ns3:hr>
            <ns3:cad>51</ns3:cad>
          </ns3:TrackPointExtension>
        </extensions>
      </trkpt>
      <trkpt lat="29.41163144074380397796630859375" lon="83.25703105889260768890380859375">
        <ele>4043.800048828125</ele>
        <time>2026-08-21T04:10:01.000Z</time>
        <extensions>
          <ns3:TrackPointExtension>
            <ns3:hr>110</ns3:hr>
            <ns3:cad>52</ns3:cad>
          </ns3:TrackPointExtension>
        </extensions>
      </trkpt>
      <trkpt lat="29.41160981543362140655517578125" lon="83.25705033726990222930908203125">
        <ele>4044</ele>
        <time>2026-08-21T04:10:03.000Z</time>
        <extensions>
          <ns3:TrackPointExtension>
            <ns3:hr>111</ns3:hr>
            <ns3:cad>51</ns3:cad>
          </ns3:TrackPointExtension>
        </extensions>
      </trkpt>
      <trkpt lat="29.41160026006400585174560546875" lon="83.2570598088204860687255859375">
        <ele>4044.199951171875</ele>
        <time>2026-08-21T04:10:04.000Z</time>
        <extensions>
          <ns3:TrackPointExtension>
            <ns3:hr>111</ns3:hr>
            <ns3:cad>51</ns3:cad>
          </ns3:TrackPointExtension>
        </extensions>
      </trkpt>
      <trkpt lat="29.41155231557786464691162109375" lon="83.25711320154368877410888671875">
        <ele>4045</ele>
        <time>2026-08-21T04:10:09.000Z</time>
        <extensions>
          <ns3:TrackPointExtension>
            <ns3:hr>111</ns3:hr>
            <ns3:cad>52</ns3:cad>
          </ns3:TrackPointExtension>
        </extensions>
      </trkpt>
      <trkpt lat="29.4115103222429752349853515625" lon="83.25713901780545711517333984375">
        <ele>4044.60009765625</ele>
        <time>2026-08-21T04:10:13.000Z</time>
        <extensions>
          <ns3:TrackPointExtension>
            <ns3:hr>111</ns3:hr>
            <ns3:cad>52</ns3:cad>
          </ns3:TrackPointExtension>
        </extensions>
      </trkpt>
      <trkpt lat="29.41146992146968841552734375" lon="83.2571610622107982635498046875">
        <ele>4044.800048828125</ele>
        <time>2026-08-21T04:10:17.000Z</time>
        <extensions>
          <ns3:TrackPointExtension>
            <ns3:hr>111</ns3:hr>
            <ns3:cad>0</ns3:cad>
          </ns3:TrackPointExtension>
        </extensions>
      </trkpt>
      <trkpt lat="29.41142071969807147979736328125" lon="83.25719635002315044403076171875">
        <ele>4044.800048828125</ele>
        <time>2026-08-21T04:10:22.000Z</time>
        <extensions>
          <ns3:TrackPointExtension>
            <ns3:hr>112</ns3:hr>
            <ns3:cad>0</ns3:cad>
          </ns3:TrackPointExtension>
        </extensions>
      </trkpt>
      <trkpt lat="29.411375038325786590576171875" lon="83.25722082518041133880615234375">
        <ele>4045</ele>
        <time>2026-08-21T04:10:26.000Z</time>
        <extensions>
          <ns3:TrackPointExtension>
            <ns3:hr>112</ns3:hr>
            <ns3:cad>0</ns3:cad>
          </ns3:TrackPointExtension>
        </extensions>
      </trkpt>
      <trkpt lat="29.41136338748037815093994140625" lon="83.25722803361713886260986328125">
        <ele>4044.800048828125</ele>
        <time>2026-08-21T04:10:27.000Z</time>
        <extensions>
          <ns3:TrackPointExtension>
            <ns3:hr>111</ns3:hr>
            <ns3:cad>0</ns3:cad>
          </ns3:TrackPointExtension>
        </extensions>
      </trkpt>
      <trkpt lat="29.4113081507384777069091796875" lon="83.257267512381076812744140625">
        <ele>4044.60009765625</ele>
        <time>2026-08-21T04:10:32.000Z</time>
        <extensions>
          <ns3:TrackPointExtension>
            <ns3:hr>108</ns3:hr>
            <ns3:cad>0</ns3:cad>
          </ns3:TrackPointExtension>
        </extensions>
      </trkpt>
      <trkpt lat="29.41129834391176700592041015625" lon="83.25727589428424835205078125">
        <ele>4044.800048828125</ele>
        <time>2026-08-21T04:10:33.000Z</time>
        <extensions>
          <ns3:TrackPointExtension>
            <ns3:hr>108</ns3:hr>
            <ns3:cad>0</ns3:cad>
          </ns3:TrackPointExtension>
        </extensions>
      </trkpt>
      <trkpt lat="29.4112546741962432861328125" lon="83.25730699114501476287841796875">
        <ele>4044.39990234375</ele>
        <time>2026-08-21T04:10:37.000Z</time>
        <extensions>
          <ns3:TrackPointExtension>
            <ns3:hr>109</ns3:hr>
            <ns3:cad>54</ns3:cad>
          </ns3:TrackPointExtension>
        </extensions>
      </trkpt>
      <trkpt lat="29.41117512993514537811279296875" lon="83.25734705664217472076416015625">
        <ele>4044.39990234375</ele>
        <time>2026-08-21T04:10:44.000Z</time>
        <extensions>
          <ns3:TrackPointExtension>
            <ns3:hr>109</ns3:hr>
            <ns3:cad>52</ns3:cad>
          </ns3:TrackPointExtension>
        </extensions>
      </trkpt>
      <trkpt lat="29.41111947409808635711669921875" lon="83.25738050043582916259765625">
        <ele>4044.60009765625</ele>
        <time>2026-08-21T04:10:49.000Z</time>
        <extensions>
          <ns3:TrackPointExtension>
            <ns3:hr>111</ns3:hr>
            <ns3:cad>0</ns3:cad>
          </ns3:TrackPointExtension>
        </extensions>
      </trkpt>
      <trkpt lat="29.41106381826102733612060546875" lon="83.25741545297205448150634765625">
        <ele>4044</ele>
        <time>2026-08-21T04:10:54.000Z</time>
        <extensions>
          <ns3:TrackPointExtension>
            <ns3:hr>113</ns3:hr>
            <ns3:cad>53</ns3:cad>
          </ns3:TrackPointExtension>
        </extensions>
      </trkpt>
      <trkpt lat="29.4109939970076084136962890625" lon="83.25746054761111736297607421875">
        <ele>4044.39990234375</ele>
        <time>2026-08-21T04:11:00.000Z</time>
        <extensions>
          <ns3:TrackPointExtension>
            <ns3:hr>111</ns3:hr>
            <ns3:cad>53</ns3:cad>
          </ns3:TrackPointExtension>
        </extensions>
      </trkpt>
      <trkpt lat="29.4109376706182956695556640625" lon="83.25750254094600677490234375">
        <ele>4044</ele>
        <time>2026-08-21T04:11:05.000Z</time>
        <extensions>
          <ns3:TrackPointExtension>
            <ns3:hr>111</ns3:hr>
            <ns3:cad>0</ns3:cad>
          </ns3:TrackPointExtension>
        </extensions>
      </trkpt>
      <trkpt lat="29.4108652509748935699462890625" lon="83.25756691396236419677734375">
        <ele>4044</ele>
        <time>2026-08-21T04:11:12.000Z</time>
        <extensions>
          <ns3:TrackPointExtension>
            <ns3:hr>109</ns3:hr>
            <ns3:cad>0</ns3:cad>
          </ns3:TrackPointExtension>
        </extensions>
      </trkpt>
      <trkpt lat="29.4108106009662151336669921875" lon="83.25760656036436557769775390625">
        <ele>4044</ele>
        <time>2026-08-21T04:11:17.000Z</time>
        <extensions>
          <ns3:TrackPointExtension>
            <ns3:hr>109</ns3:hr>
            <ns3:cad>0</ns3:cad>
          </ns3:TrackPointExtension>
        </extensions>
      </trkpt>
      <trkpt lat="29.4107623212039470672607421875" lon="83.25763665139675140380859375">
        <ele>4044.39990234375</ele>
        <time>2026-08-21T04:11:21.000Z</time>
        <extensions>
          <ns3:TrackPointExtension>
            <ns3:hr>108</ns3:hr>
            <ns3:cad>0</ns3:cad>
          </ns3:TrackPointExtension>
        </extensions>
      </trkpt>
      <trkpt lat="29.41069669090211391448974609375" lon="83.257671855390071868896484375">
        <ele>4044.60009765625</ele>
        <time>2026-08-21T04:11:27.000Z</time>
        <extensions>
          <ns3:TrackPointExtension>
            <ns3:hr>107</ns3:hr>
            <ns3:cad>0</ns3:cad>
          </ns3:TrackPointExtension>
        </extensions>
      </trkpt>
      <trkpt lat="29.4106691144406795501708984375" lon="83.25769490562379360198974609375">
        <ele>4044.800048828125</ele>
        <time>2026-08-21T04:11:30.000Z</time>
        <extensions>
          <ns3:TrackPointExtension>
            <ns3:hr>110</ns3:hr>
            <ns3:cad>0</ns3:cad>
          </ns3:TrackPointExtension>
        </extensions>
      </trkpt>
      <trkpt lat="29.4106412865221500396728515625" lon="83.25771971605718135833740234375">
        <ele>4044.800048828125</ele>
        <time>2026-08-21T04:11:33.000Z</time>
        <extensions>
          <ns3:TrackPointExtension>
            <ns3:hr>111</ns3:hr>
            <ns3:cad>0</ns3:cad>
          </ns3:TrackPointExtension>
        </extensions>
      </trkpt>
      <trkpt lat="29.41057666204869747161865234375" lon="83.25777587480843067169189453125">
        <ele>4045</ele>
        <time>2026-08-21T04:11:39.000Z</time>
        <extensions>
          <ns3:TrackPointExtension>
            <ns3:hr>111</ns3:hr>
            <ns3:cad>0</ns3:cad>
          </ns3:TrackPointExtension>
        </extensions>
      </trkpt>
      <trkpt lat="29.41056459210813045501708984375" lon="83.25778283178806304931640625">
        <ele>4045</ele>
        <time>2026-08-21T04:11:40.000Z</time>
        <extensions>
          <ns3:TrackPointExtension>
            <ns3:hr>111</ns3:hr>
            <ns3:cad>0</ns3:cad>
          </ns3:TrackPointExtension>
        </extensions>
      </trkpt>
      <trkpt lat="29.4104994647204875946044921875" lon="83.25782801024615764617919921875">
        <ele>4045.199951171875</ele>
        <time>2026-08-21T04:11:46.000Z</time>
        <extensions>
          <ns3:TrackPointExtension>
            <ns3:hr>113</ns3:hr>
            <ns3:cad>53</ns3:cad>
          </ns3:TrackPointExtension>
        </extensions>
      </trkpt>
      <trkpt lat="29.4104441441595554351806640625" lon="83.25786589644849300384521484375">
        <ele>4045.60009765625</ele>
        <time>2026-08-21T04:11:51.000Z</time>
        <extensions>
          <ns3:TrackPointExtension>
            <ns3:hr>113</ns3:hr>
            <ns3:cad>52</ns3:cad>
          </ns3:TrackPointExtension>
        </extensions>
      </trkpt>
      <trkpt lat="29.41039024852216243743896484375" lon="83.25789992697536945343017578125">
        <ele>4045.60009765625</ele>
        <time>2026-08-21T04:11:56.000Z</time>
        <extensions>
          <ns3:TrackPointExtension>
            <ns3:hr>113</ns3:hr>
            <ns3:cad>52</ns3:cad>
          </ns3:TrackPointExtension>
        </extensions>
      </trkpt>
      <trkpt lat="29.41032906062901020050048828125" lon="83.25794569216668605804443359375">
        <ele>4045.60009765625</ele>
        <time>2026-08-21T04:12:02.000Z</time>
        <extensions>
          <ns3:TrackPointExtension>
            <ns3:hr>112</ns3:hr>
            <ns3:cad>0</ns3:cad>
          </ns3:TrackPointExtension>
        </extensions>
      </trkpt>
      <trkpt lat="29.41027357243001461029052734375" lon="83.2579868473112583160400390625">
        <ele>4046</ele>
        <time>2026-08-21T04:12:07.000Z</time>
        <extensions>
          <ns3:TrackPointExtension>
            <ns3:hr>112</ns3:hr>
            <ns3:cad>0</ns3:cad>
          </ns3:TrackPointExtension>
        </extensions>
      </trkpt>
      <trkpt lat="29.41020618192851543426513671875" lon="83.2580398209393024444580078125">
        <ele>4045.39990234375</ele>
        <time>2026-08-21T04:12:13.000Z</time>
        <extensions>
          <ns3:TrackPointExtension>
            <ns3:hr>112</ns3:hr>
            <ns3:cad>0</ns3:cad>
          </ns3:TrackPointExtension>
        </extensions>
      </trkpt>
      <trkpt lat="29.410170726478099822998046875" lon="83.25807963497936725616455078125">
        <ele>4046.199951171875</ele>
        <time>2026-08-21T04:12:17.000Z</time>
        <extensions>
          <ns3:TrackPointExtension>
            <ns3:hr>111</ns3:hr>
            <ns3:cad>0</ns3:cad>
          </ns3:TrackPointExtension>
        </extensions>
      </trkpt>
      <trkpt lat="29.41016091965138912200927734375" lon="83.25808868743479251861572265625">
        <ele>4046.39990234375</ele>
        <time>2026-08-21T04:12:18.000Z</time>
        <extensions>
          <ns3:TrackPointExtension>
            <ns3:hr>111</ns3:hr>
            <ns3:cad>0</ns3:cad>
          </ns3:TrackPointExtension>
        </extensions>
      </trkpt>
      <trkpt lat="29.41012320108711719512939453125" lon="83.258133195340633392333984375">
        <ele>4046.39990234375</ele>
        <time>2026-08-21T04:12:23.000Z</time>
        <extensions>
          <ns3:TrackPointExtension>
            <ns3:hr>111</ns3:hr>
            <ns3:cad>0</ns3:cad>
          </ns3:TrackPointExtension>
        </extensions>
      </trkpt>
      <trkpt lat="29.41007785499095916748046875" lon="83.25818038545548915863037109375">
        <ele>4046.60009765625</ele>
        <time>2026-08-21T04:12:28.000Z</time>
        <extensions>
          <ns3:TrackPointExtension>
            <ns3:hr>111</ns3:hr>
            <ns3:cad>0</ns3:cad>
          </ns3:TrackPointExtension>
        </extensions>
      </trkpt>
      <trkpt lat="29.41001390106976032257080078125" lon="83.25825431384146213531494140625">
        <ele>4047</ele>
        <time>2026-08-21T04:12:35.000Z</time>
        <extensions>
          <ns3:TrackPointExtension>
            <ns3:hr>112</ns3:hr>
            <ns3:cad>0</ns3:cad>
          </ns3:TrackPointExtension>
        </extensions>
      </trkpt>
      <trkpt lat="29.40995179116725921630859375" lon="83.25832338072359561920166015625">
        <ele>4047</ele>
        <time>2026-08-21T04:12:42.000Z</time>
        <extensions>
          <ns3:TrackPointExtension>
            <ns3:hr>113</ns3:hr>
            <ns3:cad>0</ns3:cad>
          </ns3:TrackPointExtension>
        </extensions>
      </trkpt>
      <trkpt lat="29.40993368625640869140625" lon="83.25834215618669986724853515625">
        <ele>4047.39990234375</ele>
        <time>2026-08-21T04:12:44.000Z</time>
        <extensions>
          <ns3:TrackPointExtension>
            <ns3:hr>113</ns3:hr>
            <ns3:cad>0</ns3:cad>
          </ns3:TrackPointExtension>
        </extensions>
      </trkpt>
      <trkpt lat="29.409901835024356842041015625" lon="83.25837300159037113189697265625">
        <ele>4047.800048828125</ele>
        <time>2026-08-21T04:12:47.000Z</time>
        <extensions>
          <ns3:TrackPointExtension>
            <ns3:hr>114</ns3:hr>
            <ns3:cad>0</ns3:cad>
          </ns3:TrackPointExtension>
        </extensions>
      </trkpt>
      <trkpt lat="29.40984576009213924407958984375" lon="83.25842245481908321380615234375">
        <ele>4047.60009765625</ele>
        <time>2026-08-21T04:12:53.000Z</time>
        <extensions>
          <ns3:TrackPointExtension>
            <ns3:hr>113</ns3:hr>
            <ns3:cad>0</ns3:cad>
          </ns3:TrackPointExtension>
        </extensions>
      </trkpt>
      <trkpt lat="29.40980267710983753204345703125" lon="83.25846922583878040313720703125">
        <ele>4048.39990234375</ele>
        <time>2026-08-21T04:12:58.000Z</time>
        <extensions>
          <ns3:TrackPointExtension>
            <ns3:hr>113</ns3:hr>
            <ns3:cad>0</ns3:cad>
          </ns3:TrackPointExtension>
        </extensions>
      </trkpt>
      <trkpt lat="29.4097846560180187225341796875" lon="83.25849227607250213623046875">
        <ele>4048.800048828125</ele>
        <time>2026-08-21T04:13:00.000Z</time>
        <extensions>
          <ns3:TrackPointExtension>
            <ns3:hr>114</ns3:hr>
            <ns3:cad>0</ns3:cad>
          </ns3:TrackPointExtension>
        </extensions>
      </trkpt>
      <trkpt lat="29.40974752418696880340576171875" lon="83.2585474289953708648681640625">
        <ele>4049</ele>
        <time>2026-08-21T04:13:05.000Z</time>
        <extensions>
          <ns3:TrackPointExtension>
            <ns3:hr>114</ns3:hr>
            <ns3:cad>53</ns3:cad>
          </ns3:TrackPointExtension>
        </extensions>
      </trkpt>
      <trkpt lat="29.4096964783966541290283203125" lon="83.25861557386815547943115234375">
        <ele>4049.39990234375</ele>
        <time>2026-08-21T04:13:11.000Z</time>
        <extensions>
          <ns3:TrackPointExtension>
            <ns3:hr>115</ns3:hr>
            <ns3:cad>51</ns3:cad>
          </ns3:TrackPointExtension>
        </extensions>
      </trkpt>
      <trkpt lat="29.4096844084560871124267578125" lon="83.25864155776798725128173828125">
        <ele>4049.39990234375</ele>
        <time>2026-08-21T04:13:13.000Z</time>
        <extensions>
          <ns3:TrackPointExtension>
            <ns3:hr>116</ns3:hr>
            <ns3:cad>51</ns3:cad>
          </ns3:TrackPointExtension>
        </extensions>
      </trkpt>
      <trkpt lat="29.409665800631046295166015625" lon="83.25867575593292713165283203125">
        <ele>4050</ele>
        <time>2026-08-21T04:13:16.000Z</time>
        <extensions>
          <ns3:TrackPointExtension>
            <ns3:hr>116</ns3:hr>
            <ns3:cad>49</ns3:cad>
          </ns3:TrackPointExtension>
        </extensions>
      </trkpt>
      <trkpt lat="29.40964601933956146240234375" lon="83.2587076909840106964111328125">
        <ele>4050.60009765625</ele>
        <time>2026-08-21T04:13:19.000Z</time>
        <extensions>
          <ns3:TrackPointExtension>
            <ns3:hr>117</ns3:hr>
            <ns3:cad>0</ns3:cad>
          </ns3:TrackPointExtension>
        </extensions>
      </trkpt>
      <trkpt lat="29.4096307642757892608642578125" lon="83.258737027645111083984375">
        <ele>4050.800048828125</ele>
        <time>2026-08-21T04:13:22.000Z</time>
        <extensions>
          <ns3:TrackPointExtension>
            <ns3:hr>117</ns3:hr>
            <ns3:cad>0</ns3:cad>
          </ns3:TrackPointExtension>
        </extensions>
      </trkpt>
      <trkpt lat="29.40961609594523906707763671875" lon="83.25878874398767948150634765625">
        <ele>4051.60009765625</ele>
        <time>2026-08-21T04:13:27.000Z</time>
        <extensions>
          <ns3:TrackPointExtension>
            <ns3:hr>117</ns3:hr>
            <ns3:cad>0</ns3:cad>
          </ns3:TrackPointExtension>
        </extensions>
      </trkpt>
      <trkpt lat="29.4096146710216999053955078125" lon="83.258795030415058135986328125">
        <ele>4051.60009765625</ele>
        <time>2026-08-21T04:13:28.000Z</time>
        <extensions>
          <ns3:TrackPointExtension>
            <ns3:hr>117</ns3:hr>
            <ns3:cad>0</ns3:cad>
          </ns3:TrackPointExtension>
        </extensions>
      </trkpt>
      <trkpt lat="29.40960871987044811248779296875" lon="83.2588210143148899078369140625">
        <ele>4051.60009765625</ele>
        <time>2026-08-21T04:13:31.000Z</time>
        <extensions>
          <ns3:TrackPointExtension>
            <ns3:hr>118</ns3:hr>
            <ns3:cad>0</ns3:cad>
          </ns3:TrackPointExtension>
        </extensions>
      </trkpt>
      <trkpt lat="29.40960603766143321990966796875" lon="83.25884490273892879486083984375">
        <ele>4052</ele>
        <time>2026-08-21T04:13:35.000Z</time>
        <extensions>
          <ns3:TrackPointExtension>
            <ns3:hr>118</ns3:hr>
            <ns3:cad>54</ns3:cad>
          </ns3:TrackPointExtension>
        </extensions>
      </trkpt>
      <trkpt lat="29.4096106477081775665283203125" lon="83.258856050670146942138671875">
        <ele>4052</ele>
        <time>2026-08-21T04:13:41.000Z</time>
        <extensions>
          <ns3:TrackPointExtension>
            <ns3:hr>118</ns3:hr>
            <ns3:cad>0</ns3:cad>
          </ns3:TrackPointExtension>
        </extensions>
      </trkpt>
      <trkpt lat="29.4096103124320507049560546875" lon="83.2588656060397624969482421875">
        <ele>4052.800048828125</ele>
        <time>2026-08-21T04:13:45.000Z</time>
        <extensions>
          <ns3:TrackPointExtension>
            <ns3:hr>118</ns3:hr>
            <ns3:cad>0</ns3:cad>
          </ns3:TrackPointExtension>
        </extensions>
      </trkpt>
      <trkpt lat="29.409606456756591796875" lon="83.25887172482907772064208984375">
        <ele>4053.39990234375</ele>
        <time>2026-08-21T04:13:48.000Z</time>
        <extensions>
          <ns3:TrackPointExtension>
            <ns3:hr>117</ns3:hr>
            <ns3:cad>0</ns3:cad>
          </ns3:TrackPointExtension>
        </extensions>
      </trkpt>
      <trkpt lat="29.40958810038864612579345703125" lon="83.25887725688517093658447265625">
        <ele>4053.800048828125</ele>
        <time>2026-08-21T04:13:51.000Z</time>
        <extensions>
          <ns3:TrackPointExtension>
            <ns3:hr>117</ns3:hr>
            <ns3:cad>0</ns3:cad>
          </ns3:TrackPointExtension>
        </extensions>
      </trkpt>
      <trkpt lat="29.4095818139612674713134765625" lon="83.25888094492256641387939453125">
        <ele>4054.39990234375</ele>
        <time>2026-08-21T04:13:54.000Z</time>
        <extensions>
          <ns3:TrackPointExtension>
            <ns3:hr>116</ns3:hr>
            <ns3:cad>0</ns3:cad>
          </ns3:TrackPointExtension>
        </extensions>
      </trkpt>
      <trkpt lat="29.40958005376160144805908203125" lon="83.2588810287415981292724609375">
        <ele>4054.39990234375</ele>
        <time>2026-08-21T04:13:56.000Z</time>
        <extensions>
          <ns3:TrackPointExtension>
            <ns3:hr>121</ns3:hr>
            <ns3:cad>0</ns3:cad>
          </ns3:TrackPointExtension>
        </extensions>
      </trkpt>
      <trkpt lat="29.40957963466644287109375" lon="83.25888119637966156005859375">
        <ele>4054.199951171875</ele>
        <time>2026-08-21T04:14:00.000Z</time>
        <extensions>
          <ns3:TrackPointExtension>
            <ns3:hr>120</ns3:hr>
            <ns3:cad>0</ns3:cad>
          </ns3:TrackPointExtension>
        </extensions>
      </trkpt>
      <trkpt lat="29.4095804728567600250244140625" lon="83.2588813640177249908447265625">
        <ele>4054</ele>
        <time>2026-08-21T04:14:09.000Z</time>
        <extensions>
          <ns3:TrackPointExtension>
            <ns3:hr>122</ns3:hr>
            <ns3:cad>0</ns3:cad>
          </ns3:TrackPointExtension>
        </extensions>
      </trkpt>
      <trkpt lat="29.40959832631051540374755859375" lon="83.25890667736530303955078125">
        <ele>4054.800048828125</ele>
        <time>2026-08-21T04:14:20.000Z</time>
        <extensions>
          <ns3:TrackPointExtension>
            <ns3:hr>121</ns3:hr>
            <ns3:cad>0</ns3:cad>
          </ns3:TrackPointExtension>
        </extensions>
      </trkpt>
      <trkpt lat="29.40960017032921314239501953125" lon="83.25890843756496906280517578125">
        <ele>4055</ele>
        <time>2026-08-21T04:14:21.000Z</time>
        <extensions>
          <ns3:TrackPointExtension>
            <ns3:hr>120</ns3:hr>
            <ns3:cad>0</ns3:cad>
          </ns3:TrackPointExtension>
        </extensions>
      </trkpt>
      <trkpt lat="29.40960042178630828857421875" lon="83.25890810228884220123291015625">
        <ele>4055.800048828125</ele>
        <time>2026-08-21T04:14:26.000Z</time>
        <extensions>
          <ns3:TrackPointExtension>
            <ns3:hr>119</ns3:hr>
            <ns3:cad>0</ns3:cad>
          </ns3:TrackPointExtension>
        </extensions>
      </trkpt>
      <trkpt lat="29.40960000269114971160888671875" lon="83.25890801846981048583984375">
        <ele>4055.800048828125</ele>
        <time>2026-08-21T04:14:30.000Z</time>
        <extensions>
          <ns3:TrackPointExtension>
            <ns3:hr>116</ns3:hr>
            <ns3:cad>0</ns3:cad>
          </ns3:TrackPointExtension>
        </extensions>
      </trkpt>
      <trkpt lat="29.40960042178630828857421875" lon="83.2589078508317470550537109375">
        <ele>4055.800048828125</ele>
        <time>2026-08-21T04:14:33.000Z</time>
        <extensions>
          <ns3:TrackPointExtension>
            <ns3:hr>113</ns3:hr>
            <ns3:cad>0</ns3:cad>
          </ns3:TrackPointExtension>
        </extensions>
      </trkpt>
      <trkpt lat="29.40960218198597431182861328125" lon="83.25890709646046161651611328125">
        <ele>4055.800048828125</ele>
        <time>2026-08-21T04:14:37.000Z</time>
        <extensions>
          <ns3:TrackPointExtension>
            <ns3:hr>111</ns3:hr>
            <ns3:cad>0</ns3:cad>
          </ns3:TrackPointExtension>
        </extensions>
      </trkpt>
      <trkpt lat="29.40960318781435489654541015625" lon="83.25890667736530303955078125">
        <ele>4055.800048828125</ele>
        <time>2026-08-21T04:14:39.000Z</time>
        <extensions>
          <ns3:TrackPointExtension>
            <ns3:hr>114</ns3:hr>
            <ns3:cad>0</ns3:cad>
          </ns3:TrackPointExtension>
        </extensions>
      </trkpt>
      <trkpt lat="29.4096042774617671966552734375" lon="83.25890609063208103179931640625">
        <ele>4055.800048828125</ele>
        <time>2026-08-21T04:14:41.000Z</time>
        <extensions>
          <ns3:TrackPointExtension>
            <ns3:hr>117</ns3:hr>
            <ns3:cad>0</ns3:cad>
          </ns3:TrackPointExtension>
        </extensions>
      </trkpt>
      <trkpt lat="29.409606792032718658447265625" lon="83.25890600681304931640625">
        <ele>4055.800048828125</ele>
        <time>2026-08-21T04:14:45.000Z</time>
        <extensions>
          <ns3:TrackPointExtension>
            <ns3:hr>114</ns3:hr>
            <ns3:cad>0</ns3:cad>
          </ns3:TrackPointExtension>
        </extensions>
      </trkpt>
      <trkpt lat="29.40960804931819438934326171875" lon="83.25892411172389984130859375">
        <ele>4055.60009765625</ele>
        <time>2026-08-21T04:14:51.000Z</time>
        <extensions>
          <ns3:TrackPointExtension>
            <ns3:hr>113</ns3:hr>
            <ns3:cad>0</ns3:cad>
          </ns3:TrackPointExtension>
        </extensions>
      </trkpt>
      <trkpt lat="29.4096009247004985809326171875" lon="83.25892536900937557220458984375">
        <ele>4055.60009765625</ele>
        <time>2026-08-21T04:15:00.000Z</time>
        <extensions>
          <ns3:TrackPointExtension>
            <ns3:hr>111</ns3:hr>
            <ns3:cad>0</ns3:cad>
          </ns3:TrackPointExtension>
        </extensions>
      </trkpt>
      <trkpt lat="29.4095989130437374114990234375" lon="83.2589296437799930572509765625">
        <ele>4055.60009765625</ele>
        <time>2026-08-21T04:15:03.000Z</time>
        <extensions>
          <ns3:TrackPointExtension>
            <ns3:hr>108</ns3:hr>
            <ns3:cad>0</ns3:cad>
          </ns3:TrackPointExtension>
        </extensions>
      </trkpt>
      <trkpt lat="29.40958139486610889434814453125" lon="83.25894422829151153564453125">
        <ele>4055.199951171875</ele>
        <time>2026-08-21T04:15:06.000Z</time>
        <extensions>
          <ns3:TrackPointExtension>
            <ns3:hr>107</ns3:hr>
            <ns3:cad>0</ns3:cad>
          </ns3:TrackPointExtension>
        </extensions>
      </trkpt>
      <trkpt lat="29.409561194479465484619140625" lon="83.258962668478488922119140625">
        <ele>4055</ele>
        <time>2026-08-21T04:15:11.000Z</time>
        <extensions>
          <ns3:TrackPointExtension>
            <ns3:hr>108</ns3:hr>
            <ns3:cad>0</ns3:cad>
          </ns3:TrackPointExtension>
        </extensions>
      </trkpt>
      <trkpt lat="29.409551806747913360595703125" lon="83.25896275229752063751220703125">
        <ele>4056</ele>
        <time>2026-08-21T04:15:18.000Z</time>
        <extensions>
          <ns3:TrackPointExtension>
            <ns3:hr>108</ns3:hr>
            <ns3:cad>0</ns3:cad>
          </ns3:TrackPointExtension>
        </extensions>
      </trkpt>
      <trkpt lat="29.40955004654824733734130859375" lon="83.258961997926235198974609375">
        <ele>4056</ele>
        <time>2026-08-21T04:15:19.000Z</time>
        <extensions>
          <ns3:TrackPointExtension>
            <ns3:hr>109</ns3:hr>
            <ns3:cad>0</ns3:cad>
          </ns3:TrackPointExtension>
        </extensions>
      </trkpt>
      <trkpt lat="29.4095472805202007293701171875" lon="83.25896032154560089111328125">
        <ele>4056</ele>
        <time>2026-08-21T04:15:25.000Z</time>
        <extensions>
          <ns3:TrackPointExtension>
            <ns3:hr>109</ns3:hr>
            <ns3:cad>0</ns3:cad>
          </ns3:TrackPointExtension>
        </extensions>
      </trkpt>
      <trkpt lat="29.40954367630183696746826171875" lon="83.258957974612712860107421875">
        <ele>4056.39990234375</ele>
        <time>2026-08-21T04:15:31.000Z</time>
        <extensions>
          <ns3:TrackPointExtension>
            <ns3:hr>112</ns3:hr>
            <ns3:cad>0</ns3:cad>
          </ns3:TrackPointExtension>
        </extensions>
      </trkpt>
      <trkpt lat="29.40954082645475864410400390625" lon="83.2589561305940151214599609375">
        <ele>4056.39990234375</ele>
        <time>2026-08-21T04:15:36.000Z</time>
        <extensions>
          <ns3:TrackPointExtension>
            <ns3:hr>114</ns3:hr>
            <ns3:cad>0</ns3:cad>
          </ns3:TrackPointExtension>
        </extensions>
      </trkpt>
      <trkpt lat="29.4095378927886486053466796875" lon="83.25895420275628566741943359375">
        <ele>4057</ele>
        <time>2026-08-21T04:15:43.000Z</time>
        <extensions>
          <ns3:TrackPointExtension>
            <ns3:hr>112</ns3:hr>
            <ns3:cad>0</ns3:cad>
          </ns3:TrackPointExtension>
        </extensions>
      </trkpt>
      <trkpt lat="29.40953747369349002838134765625" lon="83.25895386748015880584716796875">
        <ele>4057</ele>
        <time>2026-08-21T04:15:45.000Z</time>
        <extensions>
          <ns3:TrackPointExtension>
            <ns3:hr>112</ns3:hr>
            <ns3:cad>0</ns3:cad>
          </ns3:TrackPointExtension>
        </extensions>
      </trkpt>
      <trkpt lat="29.4095372222363948822021484375" lon="83.25895369984209537506103515625">
        <ele>4057.39990234375</ele>
        <time>2026-08-21T04:15:48.000Z</time>
        <extensions>
          <ns3:TrackPointExtension>
            <ns3:hr>109</ns3:hr>
            <ns3:cad>0</ns3:cad>
          </ns3:TrackPointExtension>
        </extensions>
      </trkpt>
      <trkpt lat="29.4095362164080142974853515625" lon="83.25895403511822223663330078125">
        <ele>4057.39990234375</ele>
        <time>2026-08-21T04:15:51.000Z</time>
        <extensions>
          <ns3:TrackPointExtension>
            <ns3:hr>105</ns3:hr>
            <ns3:cad>0</ns3:cad>
          </ns3:TrackPointExtension>
        </extensions>
      </trkpt>
      <trkpt lat="29.40953294746577739715576171875" lon="83.25895571149885654449462890625">
        <ele>4057.39990234375</ele>
        <time>2026-08-21T04:15:53.000Z</time>
        <extensions>
          <ns3:TrackPointExtension>
            <ns3:hr>102</ns3:hr>
            <ns3:cad>0</ns3:cad>
          </ns3:TrackPointExtension>
        </extensions>
      </trkpt>
      <trkpt lat="29.4095258228480815887451171875" lon="83.25896258465945720672607421875">
        <ele>4057.199951171875</ele>
        <time>2026-08-21T04:15:56.000Z</time>
        <extensions>
          <ns3:TrackPointExtension>
            <ns3:hr>103</ns3:hr>
            <ns3:cad>0</ns3:cad>
          </ns3:TrackPointExtension>
        </extensions>
      </trkpt>
      <trkpt lat="29.409501850605010986328125" lon="83.25895001180469989776611328125">
        <ele>4057.800048828125</ele>
        <time>2026-08-21T04:16:02.000Z</time>
        <extensions>
          <ns3:TrackPointExtension>
            <ns3:hr>104</ns3:hr>
            <ns3:cad>0</ns3:cad>
          </ns3:TrackPointExtension>
        </extensions>
      </trkpt>
      <trkpt lat="29.40947997383773326873779296875" lon="83.25895336456596851348876953125">
        <ele>4057</ele>
        <time>2026-08-21T04:16:07.000Z</time>
        <extensions>
          <ns3:TrackPointExtension>
            <ns3:hr>106</ns3:hr>
            <ns3:cad>0</ns3:cad>
          </ns3:TrackPointExtension>
        </extensions>
      </trkpt>
      <trkpt lat="29.40944887697696685791015625" lon="83.258989490568637847900390625">
        <ele>4056.39990234375</ele>
        <time>2026-08-21T04:16:13.000Z</time>
        <extensions>
          <ns3:TrackPointExtension>
            <ns3:hr>106</ns3:hr>
            <ns3:cad>0</ns3:cad>
          </ns3:TrackPointExtension>
        </extensions>
      </trkpt>
      <trkpt lat="29.409409649670124053955078125" lon="83.25903282500803470611572265625">
        <ele>4056.800048828125</ele>
        <time>2026-08-21T04:16:19.000Z</time>
        <extensions>
          <ns3:TrackPointExtension>
            <ns3:hr>105</ns3:hr>
            <ns3:cad>79</ns3:cad>
          </ns3:TrackPointExtension>
        </extensions>
      </trkpt>
      <trkpt lat="29.4093786366283893585205078125" lon="83.259043134748935699462890625">
        <ele>4056</ele>
        <time>2026-08-21T04:16:23.000Z</time>
        <extensions>
          <ns3:TrackPointExtension>
            <ns3:hr>104</ns3:hr>
            <ns3:cad>46</ns3:cad>
          </ns3:TrackPointExtension>
        </extensions>
      </trkpt>
      <trkpt lat="29.40936665050685405731201171875" lon="83.25904455967247486114501953125">
        <ele>4055.60009765625</ele>
        <time>2026-08-21T04:16:26.000Z</time>
        <extensions>
          <ns3:TrackPointExtension>
            <ns3:hr>102</ns3:hr>
            <ns3:cad>46</ns3:cad>
          </ns3:TrackPointExtension>
        </extensions>
      </trkpt>
      <trkpt lat="29.40936514176428318023681640625" lon="83.2590446434915065765380859375">
        <ele>4055.60009765625</ele>
        <time>2026-08-21T04:16:35.000Z</time>
        <extensions>
          <ns3:TrackPointExtension>
            <ns3:hr>99</ns3:hr>
            <ns3:cad>0</ns3:cad>
          </ns3:TrackPointExtension>
        </extensions>
      </trkpt>
      <trkpt lat="29.4093632139265537261962890625" lon="83.259044475853443145751953125">
        <ele>4055.60009765625</ele>
        <time>2026-08-21T04:16:37.000Z</time>
        <extensions>
          <ns3:TrackPointExtension>
            <ns3:hr>96</ns3:hr>
            <ns3:cad>0</ns3:cad>
          </ns3:TrackPointExtension>
        </extensions>
      </trkpt>
      <trkpt lat="29.40934284590184688568115234375" lon="83.25904238037765026092529296875">
        <ele>4055.800048828125</ele>
        <time>2026-08-21T04:16:42.000Z</time>
        <extensions>
          <ns3:TrackPointExtension>
            <ns3:hr>95</ns3:hr>
            <ns3:cad>0</ns3:cad>
          </ns3:TrackPointExtension>
        </extensions>
      </trkpt>
      <trkpt lat="29.40934150479733943939208984375" lon="83.2590401172637939453125">
        <ele>4056</ele>
        <time>2026-08-21T04:16:45.000Z</time>
        <extensions>
          <ns3:TrackPointExtension>
            <ns3:hr>99</ns3:hr>
            <ns3:cad>0</ns3:cad>
          </ns3:TrackPointExtension>
        </extensions>
      </trkpt>
      <trkpt lat="29.40934360027313232421875" lon="83.2590305618941783905029296875">
        <ele>4056</ele>
        <time>2026-08-21T04:16:47.000Z</time>
        <extensions>
          <ns3:TrackPointExtension>
            <ns3:hr>102</ns3:hr>
            <ns3:cad>0</ns3:cad>
          </ns3:TrackPointExtension>
        </extensions>
      </trkpt>
      <trkpt lat="29.40935407765209674835205078125" lon="83.25902176089584827423095703125">
        <ele>4056.199951171875</ele>
        <time>2026-08-21T04:16:49.000Z</time>
        <extensions>
          <ns3:TrackPointExtension>
            <ns3:hr>103</ns3:hr>
            <ns3:cad>0</ns3:cad>
          </ns3:TrackPointExtension>
        </extensions>
      </trkpt>
      <trkpt lat="29.40937503241002559661865234375" lon="83.25898923911154270172119140625">
        <ele>4056.60009765625</ele>
        <time>2026-08-21T04:16:56.000Z</time>
        <extensions>
          <ns3:TrackPointExtension>
            <ns3:hr>105</ns3:hr>
            <ns3:cad>43</ns3:cad>
          </ns3:TrackPointExtension>
        </extensions>
      </trkpt>
      <trkpt lat="29.40935273654758930206298828125" lon="83.25898119248449802398681640625">
        <ele>4054.800048828125</ele>
        <time>2026-08-21T04:17:02.000Z</time>
        <extensions>
          <ns3:TrackPointExtension>
            <ns3:hr>105</ns3:hr>
            <ns3:cad>48</ns3:cad>
          </ns3:TrackPointExtension>
        </extensions>
      </trkpt>
      <trkpt lat="29.4093437679111957550048828125" lon="83.2589799351990222930908203125">
        <ele>4054.60009765625</ele>
        <time>2026-08-21T04:17:03.000Z</time>
        <extensions>
          <ns3:TrackPointExtension>
            <ns3:hr>105</ns3:hr>
            <ns3:cad>48</ns3:cad>
          </ns3:TrackPointExtension>
        </extensions>
      </trkpt>
      <trkpt lat="29.40933211706578731536865234375" lon="83.25897415168583393096923828125">
        <ele>4053.800048828125</ele>
        <time>2026-08-21T04:17:05.000Z</time>
        <extensions>
          <ns3:TrackPointExtension>
            <ns3:hr>105</ns3:hr>
            <ns3:cad>48</ns3:cad>
          </ns3:TrackPointExtension>
        </extensions>
      </trkpt>
      <trkpt lat="29.40931803546845912933349609375" lon="83.25896811671555042266845703125">
        <ele>4053</ele>
        <time>2026-08-21T04:17:08.000Z</time>
        <extensions>
          <ns3:TrackPointExtension>
            <ns3:hr>103</ns3:hr>
            <ns3:cad>0</ns3:cad>
          </ns3:TrackPointExtension>
        </extensions>
      </trkpt>
      <trkpt lat="29.40931401215493679046630859375" lon="83.2589665241539478302001953125">
        <ele>4052.60009765625</ele>
        <time>2026-08-21T04:17:10.000Z</time>
        <extensions>
          <ns3:TrackPointExtension>
            <ns3:hr>103</ns3:hr>
            <ns3:cad>0</ns3:cad>
          </ns3:TrackPointExtension>
        </extensions>
      </trkpt>
      <trkpt lat="29.40930864773690700531005859375" lon="83.258976079523563385009765625">
        <ele>4052.199951171875</ele>
        <time>2026-08-21T04:17:14.000Z</time>
        <extensions>
          <ns3:TrackPointExtension>
            <ns3:hr>102</ns3:hr>
            <ns3:cad>0</ns3:cad>
          </ns3:TrackPointExtension>
        </extensions>
      </trkpt>
      <trkpt lat="29.4093078933656215667724609375" lon="83.25897867791354656219482421875">
        <ele>4052.199951171875</ele>
        <time>2026-08-21T04:17:19.000Z</time>
        <extensions>
          <ns3:TrackPointExtension>
            <ns3:hr>102</ns3:hr>
            <ns3:cad>0</ns3:cad>
          </ns3:TrackPointExtension>
        </extensions>
      </trkpt>
      <trkpt lat="29.40930797718465328216552734375" lon="83.258978761732578277587890625">
        <ele>4052.199951171875</ele>
        <time>2026-08-21T04:17:23.000Z</time>
        <extensions>
          <ns3:TrackPointExtension>
            <ns3:hr>105</ns3:hr>
            <ns3:cad>0</ns3:cad>
          </ns3:TrackPointExtension>
        </extensions>
      </trkpt>
      <trkpt lat="29.4093015231192111968994140625" lon="83.2589889876544475555419921875">
        <ele>4052.199951171875</ele>
        <time>2026-08-21T04:17:28.000Z</time>
        <extensions>
          <ns3:TrackPointExtension>
            <ns3:hr>107</ns3:hr>
            <ns3:cad>0</ns3:cad>
          </ns3:TrackPointExtension>
        </extensions>
      </trkpt>
      <trkpt lat="29.40928392112255096435546875" lon="83.25901254080235958099365234375">
        <ele>4051.800048828125</ele>
        <time>2026-08-21T04:17:33.000Z</time>
        <extensions>
          <ns3:TrackPointExtension>
            <ns3:hr>106</ns3:hr>
            <ns3:cad>0</ns3:cad>
          </ns3:TrackPointExtension>
        </extensions>
      </trkpt>
      <trkpt lat="29.4092646427452564239501953125" lon="83.25903366319835186004638671875">
        <ele>4052.39990234375</ele>
        <time>2026-08-21T04:17:38.000Z</time>
        <extensions>
          <ns3:TrackPointExtension>
            <ns3:hr>106</ns3:hr>
            <ns3:cad>0</ns3:cad>
          </ns3:TrackPointExtension>
        </extensions>
      </trkpt>
      <trkpt lat="29.40925248898565769195556640625" lon="83.25905361212790012359619140625">
        <ele>4052.199951171875</ele>
        <time>2026-08-21T04:17:44.000Z</time>
        <extensions>
          <ns3:TrackPointExtension>
            <ns3:hr>106</ns3:hr>
            <ns3:cad>0</ns3:cad>
          </ns3:TrackPointExtension>
        </extensions>
      </trkpt>
      <trkpt lat="29.4092425145208835601806640625" lon="83.25909820385277271270751953125">
        <ele>4052.60009765625</ele>
        <time>2026-08-21T04:17:50.000Z</time>
        <extensions>
          <ns3:TrackPointExtension>
            <ns3:hr>105</ns3:hr>
            <ns3:cad>0</ns3:cad>
          </ns3:TrackPointExtension>
        </extensions>
      </trkpt>
      <trkpt lat="29.40924142487347126007080078125" lon="83.259137012064456939697265625">
        <ele>4052.800048828125</ele>
        <time>2026-08-21T04:17:55.000Z</time>
        <extensions>
          <ns3:TrackPointExtension>
            <ns3:hr>104</ns3:hr>
            <ns3:cad>0</ns3:cad>
          </ns3:TrackPointExtension>
        </extensions>
      </trkpt>
      <trkpt lat="29.4092260859906673431396484375" lon="83.25916794128715991973876953125">
        <ele>4053.60009765625</ele>
        <time>2026-08-21T04:17:59.000Z</time>
        <extensions>
          <ns3:TrackPointExtension>
            <ns3:hr>104</ns3:hr>
            <ns3:cad>0</ns3:cad>
          </ns3:TrackPointExtension>
        </extensions>
      </trkpt>
      <trkpt lat="29.40921443514525890350341796875" lon="83.2591750659048557281494140625">
        <ele>4053.60009765625</ele>
        <time>2026-08-21T04:18:01.000Z</time>
        <extensions>
          <ns3:TrackPointExtension>
            <ns3:hr>103</ns3:hr>
            <ns3:cad>0</ns3:cad>
          </ns3:TrackPointExtension>
        </extensions>
      </trkpt>
      <trkpt lat="29.4092076458036899566650390625" lon="83.259178586304187774658203125">
        <ele>4053.800048828125</ele>
        <time>2026-08-21T04:18:03.000Z</time>
        <extensions>
          <ns3:TrackPointExtension>
            <ns3:hr>104</ns3:hr>
            <ns3:cad>0</ns3:cad>
          </ns3:TrackPointExtension>
        </extensions>
      </trkpt>
      <trkpt lat="29.40920823253691196441650390625" lon="83.25919627211987972259521484375">
        <ele>4054.800048828125</ele>
        <time>2026-08-21T04:18:07.000Z</time>
        <extensions>
          <ns3:TrackPointExtension>
            <ns3:hr>105</ns3:hr>
            <ns3:cad>0</ns3:cad>
          </ns3:TrackPointExtension>
        </extensions>
      </trkpt>
      <trkpt lat="29.4091974198818206787109375" lon="83.2592104375362396240234375">
        <ele>4055.199951171875</ele>
        <time>2026-08-21T04:18:09.000Z</time>
        <extensions>
          <ns3:TrackPointExtension>
            <ns3:hr>105</ns3:hr>
            <ns3:cad>75</ns3:cad>
          </ns3:TrackPointExtension>
        </extensions>
      </trkpt>
      <trkpt lat="29.40916950814425945281982421875" lon="83.25921789743006229400634765625">
        <ele>4055.39990234375</ele>
        <time>2026-08-21T04:18:12.000Z</time>
        <extensions>
          <ns3:TrackPointExtension>
            <ns3:hr>105</ns3:hr>
            <ns3:cad>73</ns3:cad>
          </ns3:TrackPointExtension>
        </extensions>
      </trkpt>
      <trkpt lat="29.409154169261455535888671875" lon="83.25921957381069660186767578125">
        <ele>4054.60009765625</ele>
        <time>2026-08-21T04:18:14.000Z</time>
        <extensions>
          <ns3:TrackPointExtension>
            <ns3:hr>107</ns3:hr>
            <ns3:cad>73</ns3:cad>
          </ns3:TrackPointExtension>
        </extensions>
      </trkpt>
      <trkpt lat="29.409140758216381072998046875" lon="83.2592211663722991943359375">
        <ele>4053.800048828125</ele>
        <time>2026-08-21T04:18:16.000Z</time>
        <extensions>
          <ns3:TrackPointExtension>
            <ns3:hr>111</ns3:hr>
            <ns3:cad>79</ns3:cad>
          </ns3:TrackPointExtension>
        </extensions>
      </trkpt>
      <trkpt lat="29.40912273712456226348876953125" lon="83.2592206634581089019775390625">
        <ele>4054.39990234375</ele>
        <time>2026-08-21T04:18:21.000Z</time>
        <extensions>
          <ns3:TrackPointExtension>
            <ns3:hr>111</ns3:hr>
            <ns3:cad>0</ns3:cad>
          </ns3:TrackPointExtension>
        </extensions>
      </trkpt>
      <trkpt lat="29.40911167301237583160400390625" lon="83.25921387411653995513916015625">
        <ele>4054.800048828125</ele>
        <time>2026-08-21T04:18:28.000Z</time>
        <extensions>
          <ns3:TrackPointExtension>
            <ns3:hr>110</ns3:hr>
            <ns3:cad>0</ns3:cad>
          </ns3:TrackPointExtension>
        </extensions>
      </trkpt>
      <trkpt lat="29.40910832025110721588134765625" lon="83.259214125573635101318359375">
        <ele>4054.800048828125</ele>
        <time>2026-08-21T04:18:31.000Z</time>
        <extensions>
          <ns3:TrackPointExtension>
            <ns3:hr>110</ns3:hr>
            <ns3:cad>0</ns3:cad>
          </ns3:TrackPointExtension>
        </extensions>
      </trkpt>
      <trkpt lat="29.409107901155948638916015625" lon="83.2592146284878253936767578125">
        <ele>4054.800048828125</ele>
        <time>2026-08-21T04:18:35.000Z</time>
        <extensions>
          <ns3:TrackPointExtension>
            <ns3:hr>113</ns3:hr>
            <ns3:cad>0</ns3:cad>
          </ns3:TrackPointExtension>
        </extensions>
      </trkpt>
      <trkpt lat="29.409107901155948638916015625" lon="83.25921571813523769378662109375">
        <ele>4054.800048828125</ele>
        <time>2026-08-21T04:18:42.000Z</time>
        <extensions>
          <ns3:TrackPointExtension>
            <ns3:hr>110</ns3:hr>
            <ns3:cad>0</ns3:cad>
          </ns3:TrackPointExtension>
        </extensions>
      </trkpt>
      <trkpt lat="29.409107901155948638916015625" lon="83.25921655632555484771728515625">
        <ele>4054.60009765625</ele>
        <time>2026-08-21T04:18:46.000Z</time>
        <extensions>
          <ns3:TrackPointExtension>
            <ns3:hr>107</ns3:hr>
            <ns3:cad>0</ns3:cad>
          </ns3:TrackPointExtension>
        </extensions>
      </trkpt>
      <trkpt lat="29.40910899080336093902587890625" lon="83.2592183165252208709716796875">
        <ele>4054.60009765625</ele>
        <time>2026-08-21T04:18:57.000Z</time>
        <extensions>
          <ns3:TrackPointExtension>
            <ns3:hr>104</ns3:hr>
            <ns3:cad>0</ns3:cad>
          </ns3:TrackPointExtension>
        </extensions>
      </trkpt>
      <trkpt lat="29.40912072546780109405517578125" lon="83.2592102698981761932373046875">
        <ele>4055</ele>
        <time>2026-08-21T04:19:02.000Z</time>
        <extensions>
          <ns3:TrackPointExtension>
            <ns3:hr>101</ns3:hr>
            <ns3:cad>0</ns3:cad>
          </ns3:TrackPointExtension>
        </extensions>
      </trkpt>
      <trkpt lat="29.40912860445678234100341796875" lon="83.25920683331787586212158203125">
        <ele>4054.39990234375</ele>
        <time>2026-08-21T04:19:08.000Z</time>
        <extensions>
          <ns3:TrackPointExtension>
            <ns3:hr>101</ns3:hr>
            <ns3:cad>0</ns3:cad>
          </ns3:TrackPointExtension>
        </extensions>
      </trkpt>
      <trkpt lat="29.40913732163608074188232421875" lon="83.25920850969851016998291015625">
        <ele>4054.39990234375</ele>
        <time>2026-08-21T04:19:14.000Z</time>
        <extensions>
          <ns3:TrackPointExtension>
            <ns3:hr>101</ns3:hr>
            <ns3:cad>0</ns3:cad>
          </ns3:TrackPointExtension>
        </extensions>
      </trkpt>
      <trkpt lat="29.40918694250285625457763671875" lon="83.2591898180544376373291015625">
        <ele>4054.800048828125</ele>
        <time>2026-08-21T04:19:20.000Z</time>
        <extensions>
          <ns3:TrackPointExtension>
            <ns3:hr>99</ns3:hr>
            <ns3:cad>73</ns3:cad>
          </ns3:TrackPointExtension>
        </extensions>
      </trkpt>
      <trkpt lat="29.4092270918190479278564453125" lon="83.25917481444776058197021484375">
        <ele>4054.39990234375</ele>
        <time>2026-08-21T04:19:29.000Z</time>
        <extensions>
          <ns3:TrackPointExtension>
            <ns3:hr>99</ns3:hr>
            <ns3:cad>77</ns3:cad>
          </ns3:TrackPointExtension>
        </extensions>
      </trkpt>
      <trkpt lat="29.40923471935093402862548828125" lon="83.25917900539934635162353515625">
        <ele>4054</ele>
        <time>2026-08-21T04:19:33.000Z</time>
        <extensions>
          <ns3:TrackPointExtension>
            <ns3:hr>100</ns3:hr>
            <ns3:cad>0</ns3:cad>
          </ns3:TrackPointExtension>
        </extensions>
      </trkpt>
      <trkpt lat="29.40923438407480716705322265625" lon="83.25917364098131656646728515625">
        <ele>4054.800048828125</ele>
        <time>2026-08-21T04:19:39.000Z</time>
        <extensions>
          <ns3:TrackPointExtension>
            <ns3:hr>102</ns3:hr>
            <ns3:cad>0</ns3:cad>
          </ns3:TrackPointExtension>
        </extensions>
      </trkpt>
      <trkpt lat="29.4092334620654582977294921875" lon="83.25917397625744342803955078125">
        <ele>4054.800048828125</ele>
        <time>2026-08-21T04:19:47.000Z</time>
        <extensions>
          <ns3:TrackPointExtension>
            <ns3:hr>99</ns3:hr>
            <ns3:cad>0</ns3:cad>
          </ns3:TrackPointExtension>
        </extensions>
      </trkpt>
      <trkpt lat="29.40923119895160198211669921875" lon="83.25917548500001430511474609375">
        <ele>4055</ele>
        <time>2026-08-21T04:19:58.000Z</time>
        <extensions>
          <ns3:TrackPointExtension>
            <ns3:hr>102</ns3:hr>
            <ns3:cad>0</ns3:cad>
          </ns3:TrackPointExtension>
        </extensions>
      </trkpt>
      <trkpt lat="29.40923052839934825897216796875" lon="83.259175904095172882080078125">
        <ele>4055</ele>
        <time>2026-08-21T04:20:01.000Z</time>
        <extensions>
          <ns3:TrackPointExtension>
            <ns3:hr>104</ns3:hr>
            <ns3:cad>0</ns3:cad>
          </ns3:TrackPointExtension>
        </extensions>
      </trkpt>
      <trkpt lat="29.40922834910452365875244140625" lon="83.25917749665677547454833984375">
        <ele>4054.800048828125</ele>
        <time>2026-08-21T04:20:14.000Z</time>
        <extensions>
          <ns3:TrackPointExtension>
            <ns3:hr>103</ns3:hr>
            <ns3:cad>0</ns3:cad>
          </ns3:TrackPointExtension>
        </extensions>
      </trkpt>
      <trkpt lat="29.4092277623713016510009765625" lon="83.2591782510280609130859375">
        <ele>4054.800048828125</ele>
        <time>2026-08-21T04:20:28.000Z</time>
        <extensions>
          <ns3:TrackPointExtension>
            <ns3:hr>100</ns3:hr>
            <ns3:cad>0</ns3:cad>
          </ns3:TrackPointExtension>
        </extensions>
      </trkpt>
      <trkpt lat="29.40922767855226993560791015625" lon="83.25917833484709262847900390625">
        <ele>4054.60009765625</ele>
        <time>2026-08-21T04:20:31.000Z</time>
        <extensions>
          <ns3:TrackPointExtension>
            <ns3:hr>98</ns3:hr>
            <ns3:cad>0</ns3:cad>
          </ns3:TrackPointExtension>
        </extensions>
      </trkpt>
      <trkpt lat="29.40921007655560970306396484375" lon="83.2591931708157062530517578125">
        <ele>4054.199951171875</ele>
        <time>2026-08-21T04:20:50.000Z</time>
        <extensions>
          <ns3:TrackPointExtension>
            <ns3:hr>100</ns3:hr>
            <ns3:cad>0</ns3:cad>
          </ns3:TrackPointExtension>
        </extensions>
      </trkpt>
      <trkpt lat="29.40918493084609508514404296875" lon="83.25919845141470432281494140625">
        <ele>4054</ele>
        <time>2026-08-21T04:20:56.000Z</time>
        <extensions>
          <ns3:TrackPointExtension>
            <ns3:hr>99</ns3:hr>
            <ns3:cad>0</ns3:cad>
          </ns3:TrackPointExtension>
        </extensions>
      </trkpt>
      <trkpt lat="29.40917772240936756134033203125" lon="83.25919727794826030731201171875">
        <ele>4053.800048828125</ele>
        <time>2026-08-21T04:21:00.000Z</time>
        <extensions>
          <ns3:TrackPointExtension>
            <ns3:hr>99</ns3:hr>
            <ns3:cad>0</ns3:cad>
          </ns3:TrackPointExtension>
        </extensions>
      </trkpt>
      <trkpt lat="29.409177638590335845947265625" lon="83.25919727794826030731201171875">
        <ele>4053</ele>
        <time>2026-08-21T04:21:04.000Z</time>
        <extensions>
          <ns3:TrackPointExtension>
            <ns3:hr>99</ns3:hr>
            <ns3:cad>0</ns3:cad>
          </ns3:TrackPointExtension>
        </extensions>
      </trkpt>
      <trkpt lat="29.4091737829148769378662109375" lon="83.2591968588531017303466796875">
        <ele>4054</ele>
        <time>2026-08-21T04:21:18.000Z</time>
        <extensions>
          <ns3:TrackPointExtension>
            <ns3:hr>99</ns3:hr>
            <ns3:cad>0</ns3:cad>
          </ns3:TrackPointExtension>
        </extensions>
      </trkpt>
      <trkpt lat="29.4091737829148769378662109375" lon="83.2591968588531017303466796875">
        <ele>4054.39990234375</ele>
        <time>2026-08-21T04:21:23.000Z</time>
        <extensions>
          <ns3:TrackPointExtension>
            <ns3:hr>102</ns3:hr>
            <ns3:cad>0</ns3:cad>
          </ns3:TrackPointExtension>
        </extensions>
      </trkpt>
      <trkpt lat="29.40917386673390865325927734375" lon="83.2591975294053554534912109375">
        <ele>4054.199951171875</ele>
        <time>2026-08-21T04:21:26.000Z</time>
        <extensions>
          <ns3:TrackPointExtension>
            <ns3:hr>105</ns3:hr>
            <ns3:cad>0</ns3:cad>
          </ns3:TrackPointExtension>
        </extensions>
      </trkpt>
      <trkpt lat="29.4091759622097015380859375" lon="83.2591978646814823150634765625">
        <ele>4054.199951171875</ele>
        <time>2026-08-21T04:21:31.000Z</time>
        <extensions>
          <ns3:TrackPointExtension>
            <ns3:hr>102</ns3:hr>
            <ns3:cad>0</ns3:cad>
          </ns3:TrackPointExtension>
        </extensions>
      </trkpt>
      <trkpt lat="29.40917554311454296112060546875" lon="83.25919794850051403045654296875">
        <ele>4054</ele>
        <time>2026-08-21T04:21:33.000Z</time>
        <extensions>
          <ns3:TrackPointExtension>
            <ns3:hr>98</ns3:hr>
            <ns3:cad>0</ns3:cad>
          </ns3:TrackPointExtension>
        </extensions>
      </trkpt>
      <trkpt lat="29.4091741181910037994384765625" lon="83.25919778086245059967041015625">
        <ele>4054</ele>
        <time>2026-08-21T04:21:34.000Z</time>
        <extensions>
          <ns3:TrackPointExtension>
            <ns3:hr>96</ns3:hr>
            <ns3:cad>0</ns3:cad>
          </ns3:TrackPointExtension>
        </extensions>
      </trkpt>
      <trkpt lat="29.40915375016629695892333984375" lon="83.25921890325844287872314453125">
        <ele>4054.39990234375</ele>
        <time>2026-08-21T04:21:41.000Z</time>
        <extensions>
          <ns3:TrackPointExtension>
            <ns3:hr>97</ns3:hr>
            <ns3:cad>0</ns3:cad>
          </ns3:TrackPointExtension>
        </extensions>
      </trkpt>
      <trkpt lat="29.40913530997931957244873046875" lon="83.2592344097793102264404296875">
        <ele>4054.800048828125</ele>
        <time>2026-08-21T04:21:45.000Z</time>
        <extensions>
          <ns3:TrackPointExtension>
            <ns3:hr>97</ns3:hr>
            <ns3:cad>0</ns3:cad>
          </ns3:TrackPointExtension>
        </extensions>
      </trkpt>
      <trkpt lat="29.40912441350519657135009765625" lon="83.2592377625405788421630859375">
        <ele>4054.800048828125</ele>
        <time>2026-08-21T04:21:53.000Z</time>
        <extensions>
          <ns3:TrackPointExtension>
            <ns3:hr>98</ns3:hr>
            <ns3:cad>0</ns3:cad>
          </ns3:TrackPointExtension>
        </extensions>
      </trkpt>
      <trkpt lat="29.409116618335247039794921875" lon="83.2592340745031833648681640625">
        <ele>4055.199951171875</ele>
        <time>2026-08-21T04:21:58.000Z</time>
        <extensions>
          <ns3:TrackPointExtension>
            <ns3:hr>96</ns3:hr>
            <ns3:cad>0</ns3:cad>
          </ns3:TrackPointExtension>
        </extensions>
      </trkpt>
      <trkpt lat="29.4091084040701389312744140625" lon="83.2592377625405788421630859375">
        <ele>4055</ele>
        <time>2026-08-21T04:22:11.000Z</time>
        <extensions>
          <ns3:TrackPointExtension>
            <ns3:hr>95</ns3:hr>
            <ns3:cad>0</ns3:cad>
          </ns3:TrackPointExtension>
        </extensions>
      </trkpt>
      <trkpt lat="29.4090711884200572967529296875" lon="83.25926416553556919097900390625">
        <ele>4054.800048828125</ele>
        <time>2026-08-21T04:22:17.000Z</time>
        <extensions>
          <ns3:TrackPointExtension>
            <ns3:hr>94</ns3:hr>
            <ns3:cad>0</ns3:cad>
          </ns3:TrackPointExtension>
        </extensions>
      </trkpt>
      <trkpt lat="29.40902500413358211517333984375" lon="83.25928763486444950103759765625">
        <ele>4055.60009765625</ele>
        <time>2026-08-21T04:22:24.000Z</time>
        <extensions>
          <ns3:TrackPointExtension>
            <ns3:hr>96</ns3:hr>
            <ns3:cad>0</ns3:cad>
          </ns3:TrackPointExtension>
        </extensions>
      </trkpt>
      <trkpt lat="29.4089548476040363311767578125" lon="83.2593165524303913116455078125">
        <ele>4055.199951171875</ele>
        <time>2026-08-21T04:22:31.000Z</time>
        <extensions>
          <ns3:TrackPointExtension>
            <ns3:hr>98</ns3:hr>
            <ns3:cad>0</ns3:cad>
          </ns3:TrackPointExtension>
        </extensions>
      </trkpt>
      <trkpt lat="29.4089350663125514984130859375" lon="83.25932510197162628173828125">
        <ele>4055.199951171875</ele>
        <time>2026-08-21T04:22:33.000Z</time>
        <extensions>
          <ns3:TrackPointExtension>
            <ns3:hr>101</ns3:hr>
            <ns3:cad>0</ns3:cad>
          </ns3:TrackPointExtension>
        </extensions>
      </trkpt>
      <trkpt lat="29.408892653882503509521484375" lon="83.25934697873890399932861328125">
        <ele>4055.199951171875</ele>
        <time>2026-08-21T04:22:37.000Z</time>
        <extensions>
          <ns3:TrackPointExtension>
            <ns3:hr>103</ns3:hr>
            <ns3:cad>0</ns3:cad>
          </ns3:TrackPointExtension>
        </extensions>
      </trkpt>
      <trkpt lat="29.40881880931556224822998046875" lon="83.25939257629215717315673828125">
        <ele>4055.60009765625</ele>
        <time>2026-08-21T04:22:44.000Z</time>
        <extensions>
          <ns3:TrackPointExtension>
            <ns3:hr>105</ns3:hr>
            <ns3:cad>48</ns3:cad>
          </ns3:TrackPointExtension>
        </extensions>
      </trkpt>
      <trkpt lat="29.4087704457342624664306640625" lon="83.2594251818954944610595703125">
        <ele>4055.39990234375</ele>
        <time>2026-08-21T04:22:49.000Z</time>
        <extensions>
          <ns3:TrackPointExtension>
            <ns3:hr>107</ns3:hr>
            <ns3:cad>47</ns3:cad>
          </ns3:TrackPointExtension>
        </extensions>
      </trkpt>
      <trkpt lat="29.40871856175363063812255859375" lon="83.25946566648781299591064453125">
        <ele>4055.60009765625</ele>
        <time>2026-08-21T04:22:55.000Z</time>
        <extensions>
          <ns3:TrackPointExtension>
            <ns3:hr>108</ns3:hr>
            <ns3:cad>50</ns3:cad>
          </ns3:TrackPointExtension>
        </extensions>
      </trkpt>
      <trkpt lat="29.408686123788356781005859375" lon="83.25948343612253665924072265625">
        <ele>4055.800048828125</ele>
        <time>2026-08-21T04:22:58.000Z</time>
        <extensions>
          <ns3:TrackPointExtension>
            <ns3:hr>107</ns3:hr>
            <ns3:cad>47</ns3:cad>
          </ns3:TrackPointExtension>
        </extensions>
      </trkpt>
      <trkpt lat="29.40865226089954376220703125" lon="83.25949634425342082977294921875">
        <ele>4056</ele>
        <time>2026-08-21T04:23:01.000Z</time>
        <extensions>
          <ns3:TrackPointExtension>
            <ns3:hr>105</ns3:hr>
            <ns3:cad>47</ns3:cad>
          </ns3:TrackPointExtension>
        </extensions>
      </trkpt>
      <trkpt lat="29.40859434194862842559814453125" lon="83.25951713137328624725341796875">
        <ele>4056</ele>
        <time>2026-08-21T04:23:06.000Z</time>
        <extensions>
          <ns3:TrackPointExtension>
            <ns3:hr>103</ns3:hr>
            <ns3:cad>51</ns3:cad>
          </ns3:TrackPointExtension>
        </extensions>
      </trkpt>
      <trkpt lat="29.40854094922542572021484375" lon="83.259532637894153594970703125">
        <ele>4056.39990234375</ele>
        <time>2026-08-21T04:23:11.000Z</time>
        <extensions>
          <ns3:TrackPointExtension>
            <ns3:hr>102</ns3:hr>
            <ns3:cad>51</ns3:cad>
          </ns3:TrackPointExtension>
        </extensions>
      </trkpt>
      <trkpt lat="29.4084785878658294677734375" lon="83.259555436670780181884765625">
        <ele>4057</ele>
        <time>2026-08-21T04:23:16.000Z</time>
        <extensions>
          <ns3:TrackPointExtension>
            <ns3:hr>102</ns3:hr>
            <ns3:cad>47</ns3:cad>
          </ns3:TrackPointExtension>
        </extensions>
      </trkpt>
      <trkpt lat="29.408466853201389312744140625" lon="83.259560801088809967041015625">
        <ele>4057</ele>
        <time>2026-08-21T04:23:17.000Z</time>
        <extensions>
          <ns3:TrackPointExtension>
            <ns3:hr>102</ns3:hr>
            <ns3:cad>47</ns3:cad>
          </ns3:TrackPointExtension>
        </extensions>
      </trkpt>
      <trkpt lat="29.408395774662494659423828125" lon="83.25960614718496799468994140625">
        <ele>4057.199951171875</ele>
        <time>2026-08-21T04:23:24.000Z</time>
        <extensions>
          <ns3:TrackPointExtension>
            <ns3:hr>103</ns3:hr>
            <ns3:cad>0</ns3:cad>
          </ns3:TrackPointExtension>
        </extensions>
      </trkpt>
      <trkpt lat="29.40833886153995990753173828125" lon="83.25964285992085933685302734375">
        <ele>4057.60009765625</ele>
        <time>2026-08-21T04:23:30.000Z</time>
        <extensions>
          <ns3:TrackPointExtension>
            <ns3:hr>105</ns3:hr>
            <ns3:cad>0</ns3:cad>
          </ns3:TrackPointExtension>
        </extensions>
      </trkpt>
      <trkpt lat="29.4082854688167572021484375" lon="83.2596977613866329193115234375">
        <ele>4057.60009765625</ele>
        <time>2026-08-21T04:23:36.000Z</time>
        <extensions>
          <ns3:TrackPointExtension>
            <ns3:hr>105</ns3:hr>
            <ns3:cad>0</ns3:cad>
          </ns3:TrackPointExtension>
        </extensions>
      </trkpt>
      <trkpt lat="29.40822939388453960418701171875" lon="83.2597601227462291717529296875">
        <ele>4057.60009765625</ele>
        <time>2026-08-21T04:23:43.000Z</time>
        <extensions>
          <ns3:TrackPointExtension>
            <ns3:hr>106</ns3:hr>
            <ns3:cad>0</ns3:cad>
          </ns3:TrackPointExtension>
        </extensions>
      </trkpt>
      <trkpt lat="29.40821170806884765625" lon="83.25977847911417484283447265625">
        <ele>4058.199951171875</ele>
        <time>2026-08-21T04:23:45.000Z</time>
        <extensions>
          <ns3:TrackPointExtension>
            <ns3:hr>106</ns3:hr>
            <ns3:cad>0</ns3:cad>
          </ns3:TrackPointExtension>
        </extensions>
      </trkpt>
      <trkpt lat="29.408162422478199005126953125" lon="83.25982323847711086273193359375">
        <ele>4058</ele>
        <time>2026-08-21T04:23:50.000Z</time>
        <extensions>
          <ns3:TrackPointExtension>
            <ns3:hr>107</ns3:hr>
            <ns3:cad>51</ns3:cad>
          </ns3:TrackPointExtension>
        </extensions>
      </trkpt>
      <trkpt lat="29.408111460506916046142578125" lon="83.259864561259746551513671875">
        <ele>4059.199951171875</ele>
        <time>2026-08-21T04:23:55.000Z</time>
        <extensions>
          <ns3:TrackPointExtension>
            <ns3:hr>107</ns3:hr>
            <ns3:cad>51</ns3:cad>
          </ns3:TrackPointExtension>
        </extensions>
      </trkpt>
      <trkpt lat="29.40810148604214191436767578125" lon="83.259871266782283782958984375">
        <ele>4059.39990234375</ele>
        <time>2026-08-21T04:23:56.000Z</time>
        <extensions>
          <ns3:TrackPointExtension>
            <ns3:hr>107</ns3:hr>
            <ns3:cad>49</ns3:cad>
          </ns3:TrackPointExtension>
        </extensions>
      </trkpt>
      <trkpt lat="29.408061504364013671875" lon="83.259893395006656646728515625">
        <ele>4059.199951171875</ele>
        <time>2026-08-21T04:24:00.000Z</time>
        <extensions>
          <ns3:TrackPointExtension>
            <ns3:hr>109</ns3:hr>
            <ns3:cad>0</ns3:cad>
          </ns3:TrackPointExtension>
        </extensions>
      </trkpt>
      <trkpt lat="29.40805236808955669403076171875" lon="83.25990035198628902435302734375">
        <ele>4059.199951171875</ele>
        <time>2026-08-21T04:24:01.000Z</time>
        <extensions>
          <ns3:TrackPointExtension>
            <ns3:hr>113</ns3:hr>
            <ns3:cad>0</ns3:cad>
          </ns3:TrackPointExtension>
        </extensions>
      </trkpt>
      <trkpt lat="29.40798313356935977935791015625" lon="83.25995382852852344512939453125">
        <ele>4060</ele>
        <time>2026-08-21T04:24:08.000Z</time>
        <extensions>
          <ns3:TrackPointExtension>
            <ns3:hr>114</ns3:hr>
            <ns3:cad>0</ns3:cad>
          </ns3:TrackPointExtension>
        </extensions>
      </trkpt>
      <trkpt lat="29.407961927354335784912109375" lon="83.259971849620342254638671875">
        <ele>4060.39990234375</ele>
        <time>2026-08-21T04:24:10.000Z</time>
        <extensions>
          <ns3:TrackPointExtension>
            <ns3:hr>115</ns3:hr>
            <ns3:cad>52</ns3:cad>
          </ns3:TrackPointExtension>
        </extensions>
      </trkpt>
      <trkpt lat="29.40793233923614025115966796875" lon="83.260000683367252349853515625">
        <ele>4060.39990234375</ele>
        <time>2026-08-21T04:24:13.000Z</time>
        <extensions>
          <ns3:TrackPointExtension>
            <ns3:hr>115</ns3:hr>
            <ns3:cad>53</ns3:cad>
          </ns3:TrackPointExtension>
        </extensions>
      </trkpt>
      <trkpt lat="29.40787064842879772186279296875" lon="83.26005876995623111724853515625">
        <ele>4060.199951171875</ele>
        <time>2026-08-21T04:24:20.000Z</time>
        <extensions>
          <ns3:TrackPointExtension>
            <ns3:hr>112</ns3:hr>
            <ns3:cad>0</ns3:cad>
          </ns3:TrackPointExtension>
        </extensions>
      </trkpt>
      <trkpt lat="29.4078608416020870208740234375" lon="83.26006815768778324127197265625">
        <ele>4060.39990234375</ele>
        <time>2026-08-21T04:24:21.000Z</time>
        <extensions>
          <ns3:TrackPointExtension>
            <ns3:hr>112</ns3:hr>
            <ns3:cad>50</ns3:cad>
          </ns3:TrackPointExtension>
        </extensions>
      </trkpt>
      <trkpt lat="29.4077978096902370452880859375" lon="83.26012037694454193115234375">
        <ele>4060.60009765625</ele>
        <time>2026-08-21T04:24:27.000Z</time>
        <extensions>
          <ns3:TrackPointExtension>
            <ns3:hr>109</ns3:hr>
            <ns3:cad>51</ns3:cad>
          </ns3:TrackPointExtension>
        </extensions>
      </trkpt>
      <trkpt lat="29.40773838199675083160400390625" lon="83.26016874052584171295166015625">
        <ele>4061</ele>
        <time>2026-08-21T04:24:33.000Z</time>
        <extensions>
          <ns3:TrackPointExtension>
            <ns3:hr>109</ns3:hr>
            <ns3:cad>53</ns3:cad>
          </ns3:TrackPointExtension>
        </extensions>
      </trkpt>
      <trkpt lat="29.4076734222471714019775390625" lon="83.26022674329578876495361328125">
        <ele>4060.60009765625</ele>
        <time>2026-08-21T04:24:40.000Z</time>
        <extensions>
          <ns3:TrackPointExtension>
            <ns3:hr>107</ns3:hr>
            <ns3:cad>0</ns3:cad>
          </ns3:TrackPointExtension>
        </extensions>
      </trkpt>
      <trkpt lat="29.40759857185184955596923828125" lon="83.26029396615922451019287109375">
        <ele>4060.60009765625</ele>
        <time>2026-08-21T04:24:48.000Z</time>
        <extensions>
          <ns3:TrackPointExtension>
            <ns3:hr>107</ns3:hr>
            <ns3:cad>51</ns3:cad>
          </ns3:TrackPointExtension>
        </extensions>
      </trkpt>
      <trkpt lat="29.40752950496971607208251953125" lon="83.260360769927501678466796875">
        <ele>4059.800048828125</ele>
        <time>2026-08-21T04:24:55.000Z</time>
        <extensions>
          <ns3:TrackPointExtension>
            <ns3:hr>107</ns3:hr>
            <ns3:cad>53</ns3:cad>
          </ns3:TrackPointExtension>
        </extensions>
      </trkpt>
      <trkpt lat="29.407505951821804046630859375" lon="83.260393626987934112548828125">
        <ele>4059.39990234375</ele>
        <time>2026-08-21T04:24:58.000Z</time>
        <extensions>
          <ns3:TrackPointExtension>
            <ns3:hr>107</ns3:hr>
            <ns3:cad>53</ns3:cad>
          </ns3:TrackPointExtension>
        </extensions>
      </trkpt>
      <trkpt lat="29.4074487872421741485595703125" lon="83.26045121066272258758544921875">
        <ele>4059.60009765625</ele>
        <time>2026-08-21T04:25:04.000Z</time>
        <extensions>
          <ns3:TrackPointExtension>
            <ns3:hr>107</ns3:hr>
            <ns3:cad>55</ns3:cad>
          </ns3:TrackPointExtension>
        </extensions>
      </trkpt>
      <trkpt lat="29.407393969595432281494140625" lon="83.260510973632335662841796875">
        <ele>4059</ele>
        <time>2026-08-21T04:25:10.000Z</time>
        <extensions>
          <ns3:TrackPointExtension>
            <ns3:hr>105</ns3:hr>
            <ns3:cad>53</ns3:cad>
          </ns3:TrackPointExtension>
        </extensions>
      </trkpt>
      <trkpt lat="29.40734208561480045318603515625" lon="83.260552883148193359375">
        <ele>4058.800048828125</ele>
        <time>2026-08-21T04:25:15.000Z</time>
        <extensions>
          <ns3:TrackPointExtension>
            <ns3:hr>107</ns3:hr>
            <ns3:cad>53</ns3:cad>
          </ns3:TrackPointExtension>
        </extensions>
      </trkpt>
      <trkpt lat="29.4072831608355045318603515625" lon="83.26060476712882518768310546875">
        <ele>4058.800048828125</ele>
        <time>2026-08-21T04:25:21.000Z</time>
        <extensions>
          <ns3:TrackPointExtension>
            <ns3:hr>106</ns3:hr>
            <ns3:cad>0</ns3:cad>
          </ns3:TrackPointExtension>
        </extensions>
      </trkpt>
      <trkpt lat="29.407249130308628082275390625" lon="83.26064868830144405364990234375">
        <ele>4058.39990234375</ele>
        <time>2026-08-21T04:25:25.000Z</time>
        <extensions>
          <ns3:TrackPointExtension>
            <ns3:hr>103</ns3:hr>
            <ns3:cad>54</ns3:cad>
          </ns3:TrackPointExtension>
        </extensions>
      </trkpt>
      <trkpt lat="29.40724049694836139678955078125" lon="83.260660506784915924072265625">
        <ele>4058.199951171875</ele>
        <time>2026-08-21T04:25:26.000Z</time>
        <extensions>
          <ns3:TrackPointExtension>
            <ns3:hr>104</ns3:hr>
            <ns3:cad>54</ns3:cad>
          </ns3:TrackPointExtension>
        </extensions>
      </trkpt>
      <trkpt lat="29.407222308218479156494140625" lon="83.26068121008574962615966796875">
        <ele>4057.800048828125</ele>
        <time>2026-08-21T04:25:28.000Z</time>
        <extensions>
          <ns3:TrackPointExtension>
            <ns3:hr>102</ns3:hr>
            <ns3:cad>53</ns3:cad>
          </ns3:TrackPointExtension>
        </extensions>
      </trkpt>
      <trkpt lat="29.4071782194077968597412109375" lon="83.26072647236287593841552734375">
        <ele>4058</ele>
        <time>2026-08-21T04:25:33.000Z</time>
        <extensions>
          <ns3:TrackPointExtension>
            <ns3:hr>101</ns3:hr>
            <ns3:cad>54</ns3:cad>
          </ns3:TrackPointExtension>
        </extensions>
      </trkpt>
      <trkpt lat="29.4071401655673980712890625" lon="83.26076318509876728057861328125">
        <ele>4058.39990234375</ele>
        <time>2026-08-21T04:25:37.000Z</time>
        <extensions>
          <ns3:TrackPointExtension>
            <ns3:hr>104</ns3:hr>
            <ns3:cad>52</ns3:cad>
          </ns3:TrackPointExtension>
        </extensions>
      </trkpt>
      <trkpt lat="29.40712197683751583099365234375" lon="83.2607793621718883514404296875">
        <ele>4058.60009765625</ele>
        <time>2026-08-21T04:25:39.000Z</time>
        <extensions>
          <ns3:TrackPointExtension>
            <ns3:hr>102</ns3:hr>
            <ns3:cad>51</ns3:cad>
          </ns3:TrackPointExtension>
        </extensions>
      </trkpt>
      <trkpt lat="29.4070457853376865386962890625" lon="83.26085639186203479766845703125">
        <ele>4058.199951171875</ele>
        <time>2026-08-21T04:25:47.000Z</time>
        <extensions>
          <ns3:TrackPointExtension>
            <ns3:hr>101</ns3:hr>
            <ns3:cad>52</ns3:cad>
          </ns3:TrackPointExtension>
        </extensions>
      </trkpt>
      <trkpt lat="29.4069958291947841644287109375" lon="83.260920010507106781005859375">
        <ele>4058</ele>
        <time>2026-08-21T04:25:53.000Z</time>
        <extensions>
          <ns3:TrackPointExtension>
            <ns3:hr>102</ns3:hr>
            <ns3:cad>53</ns3:cad>
          </ns3:TrackPointExtension>
        </extensions>
      </trkpt>
      <trkpt lat="29.40694495104253292083740234375" lon="83.26097734272480010986328125">
        <ele>4058</ele>
        <time>2026-08-21T04:25:59.000Z</time>
        <extensions>
          <ns3:TrackPointExtension>
            <ns3:hr>102</ns3:hr>
            <ns3:cad>52</ns3:cad>
          </ns3:TrackPointExtension>
        </extensions>
      </trkpt>
      <trkpt lat="29.40689784474670886993408203125" lon="83.261043392121791839599609375">
        <ele>4058</ele>
        <time>2026-08-21T04:26:05.000Z</time>
        <extensions>
          <ns3:TrackPointExtension>
            <ns3:hr>102</ns3:hr>
            <ns3:cad>50</ns3:cad>
          </ns3:TrackPointExtension>
        </extensions>
      </trkpt>
      <trkpt lat="29.40684637986123561859130859375" lon="83.26111723668873310089111328125">
        <ele>4058.199951171875</ele>
        <time>2026-08-21T04:26:12.000Z</time>
        <extensions>
          <ns3:TrackPointExtension>
            <ns3:hr>102</ns3:hr>
            <ns3:cad>51</ns3:cad>
          </ns3:TrackPointExtension>
        </extensions>
      </trkpt>
      <trkpt lat="29.4068080745637416839599609375" lon="83.26117758639156818389892578125">
        <ele>4058.199951171875</ele>
        <time>2026-08-21T04:26:17.000Z</time>
        <extensions>
          <ns3:TrackPointExtension>
            <ns3:hr>101</ns3:hr>
            <ns3:cad>0</ns3:cad>
          </ns3:TrackPointExtension>
        </extensions>
      </trkpt>
      <trkpt lat="29.4067621417343616485595703125" lon="83.26124480925500392913818359375">
        <ele>4058.199951171875</ele>
        <time>2026-08-21T04:26:23.000Z</time>
        <extensions>
          <ns3:TrackPointExtension>
            <ns3:hr>102</ns3:hr>
            <ns3:cad>52</ns3:cad>
          </ns3:TrackPointExtension>
        </extensions>
      </trkpt>
      <trkpt lat="29.40672433935105800628662109375" lon="83.261290825903415679931640625">
        <ele>4058.199951171875</ele>
        <time>2026-08-21T04:26:28.000Z</time>
        <extensions>
          <ns3:TrackPointExtension>
            <ns3:hr>103</ns3:hr>
            <ns3:cad>51</ns3:cad>
          </ns3:TrackPointExtension>
        </extensions>
      </trkpt>
      <trkpt lat="29.4066774845123291015625" lon="83.26136584393680095672607421875">
        <ele>4058.60009765625</ele>
        <time>2026-08-21T04:26:35.000Z</time>
        <extensions>
          <ns3:TrackPointExtension>
            <ns3:hr>104</ns3:hr>
            <ns3:cad>51</ns3:cad>
          </ns3:TrackPointExtension>
        </extensions>
      </trkpt>
      <trkpt lat="29.4066374190151691436767578125" lon="83.2614433765411376953125">
        <ele>4058.60009765625</ele>
        <time>2026-08-21T04:26:42.000Z</time>
        <extensions>
          <ns3:TrackPointExtension>
            <ns3:hr>104</ns3:hr>
            <ns3:cad>0</ns3:cad>
          </ns3:TrackPointExtension>
        </extensions>
      </trkpt>
      <trkpt lat="29.40658737905323505401611328125" lon="83.2615209929645061492919921875">
        <ele>4058.800048828125</ele>
        <time>2026-08-21T04:26:49.000Z</time>
        <extensions>
          <ns3:TrackPointExtension>
            <ns3:hr>105</ns3:hr>
            <ns3:cad>48</ns3:cad>
          </ns3:TrackPointExtension>
        </extensions>
      </trkpt>
      <trkpt lat="29.4065381772816181182861328125" lon="83.26160430908203125">
        <ele>4058.800048828125</ele>
        <time>2026-08-21T04:26:56.000Z</time>
        <extensions>
          <ns3:TrackPointExtension>
            <ns3:hr>105</ns3:hr>
            <ns3:cad>50</ns3:cad>
          </ns3:TrackPointExtension>
        </extensions>
      </trkpt>
      <trkpt lat="29.406510852277278900146484375" lon="83.26164714060723781585693359375">
        <ele>4059.199951171875</ele>
        <time>2026-08-21T04:27:00.000Z</time>
        <extensions>
          <ns3:TrackPointExtension>
            <ns3:hr>105</ns3:hr>
            <ns3:cad>50</ns3:cad>
          </ns3:TrackPointExtension>
        </extensions>
      </trkpt>
      <trkpt lat="29.406505487859249114990234375" lon="83.26165887527167797088623046875">
        <ele>4059.39990234375</ele>
        <time>2026-08-21T04:27:01.000Z</time>
        <extensions>
          <ns3:TrackPointExtension>
            <ns3:hr>104</ns3:hr>
            <ns3:cad>50</ns3:cad>
          </ns3:TrackPointExtension>
        </extensions>
      </trkpt>
      <trkpt lat="29.40645544789731502532958984375" lon="83.26175174675881862640380859375">
        <ele>4059.39990234375</ele>
        <time>2026-08-21T04:27:09.000Z</time>
        <extensions>
          <ns3:TrackPointExtension>
            <ns3:hr>102</ns3:hr>
            <ns3:cad>51</ns3:cad>
          </ns3:TrackPointExtension>
        </extensions>
      </trkpt>
      <trkpt lat="29.40642829053103923797607421875" lon="83.261817209422588348388671875">
        <ele>4059.60009765625</ele>
        <time>2026-08-21T04:27:14.000Z</time>
        <extensions>
          <ns3:TrackPointExtension>
            <ns3:hr>104</ns3:hr>
            <ns3:cad>52</ns3:cad>
          </ns3:TrackPointExtension>
        </extensions>
      </trkpt>
      <trkpt lat="29.406397528946399688720703125" lon="83.2618944905698299407958984375">
        <ele>4059.60009765625</ele>
        <time>2026-08-21T04:27:20.000Z</time>
        <extensions>
          <ns3:TrackPointExtension>
            <ns3:hr>106</ns3:hr>
            <ns3:cad>0</ns3:cad>
          </ns3:TrackPointExtension>
        </extensions>
      </trkpt>
      <trkpt lat="29.40636810846626758575439453125" lon="83.2619704306125640869140625">
        <ele>4060</ele>
        <time>2026-08-21T04:27:26.000Z</time>
        <extensions>
          <ns3:TrackPointExtension>
            <ns3:hr>108</ns3:hr>
            <ns3:cad>0</ns3:cad>
          </ns3:TrackPointExtension>
        </extensions>
      </trkpt>
      <trkpt lat="29.40634556114673614501953125" lon="83.2620383240282535552978515625">
        <ele>4060</ele>
        <time>2026-08-21T04:27:31.000Z</time>
        <extensions>
          <ns3:TrackPointExtension>
            <ns3:hr>107</ns3:hr>
            <ns3:cad>50</ns3:cad>
          </ns3:TrackPointExtension>
        </extensions>
      </trkpt>
      <trkpt lat="29.4063222594559192657470703125" lon="83.26211954466998577117919921875">
        <ele>4060</ele>
        <time>2026-08-21T04:27:37.000Z</time>
        <extensions>
          <ns3:TrackPointExtension>
            <ns3:hr>107</ns3:hr>
            <ns3:cad>52</ns3:cad>
          </ns3:TrackPointExtension>
        </extensions>
      </trkpt>
      <trkpt lat="29.4062987901270389556884765625" lon="83.26219682581722736358642578125">
        <ele>4060</ele>
        <time>2026-08-21T04:27:43.000Z</time>
        <extensions>
          <ns3:TrackPointExtension>
            <ns3:hr>108</ns3:hr>
            <ns3:cad>51</ns3:cad>
          </ns3:TrackPointExtension>
        </extensions>
      </trkpt>
      <trkpt lat="29.40626911818981170654296875" lon="83.26229388825595378875732421875">
        <ele>4059.60009765625</ele>
        <time>2026-08-21T04:27:50.000Z</time>
        <extensions>
          <ns3:TrackPointExtension>
            <ns3:hr>109</ns3:hr>
            <ns3:cad>0</ns3:cad>
          </ns3:TrackPointExtension>
        </extensions>
      </trkpt>
      <trkpt lat="29.406245984137058258056640625" lon="83.26237033121287822723388671875">
        <ele>4060.199951171875</ele>
        <time>2026-08-21T04:27:56.000Z</time>
        <extensions>
          <ns3:TrackPointExtension>
            <ns3:hr>106</ns3:hr>
            <ns3:cad>51</ns3:cad>
          </ns3:TrackPointExtension>
        </extensions>
      </trkpt>
      <trkpt lat="29.40621505491435527801513671875" lon="83.2624559104442596435546875">
        <ele>4060</ele>
        <time>2026-08-21T04:28:02.000Z</time>
        <extensions>
          <ns3:TrackPointExtension>
            <ns3:hr>104</ns3:hr>
            <ns3:cad>0</ns3:cad>
          </ns3:TrackPointExtension>
        </extensions>
      </trkpt>
      <trkpt lat="29.40618286840617656707763671875" lon="83.262518607079982757568359375">
        <ele>4060.199951171875</ele>
        <time>2026-08-21T04:28:07.000Z</time>
        <extensions>
          <ns3:TrackPointExtension>
            <ns3:hr>106</ns3:hr>
            <ns3:cad>52</ns3:cad>
          </ns3:TrackPointExtension>
        </extensions>
      </trkpt>
      <trkpt lat="29.4061640091240406036376953125" lon="83.262550123035907745361328125">
        <ele>4060.39990234375</ele>
        <time>2026-08-21T04:28:10.000Z</time>
        <extensions>
          <ns3:TrackPointExtension>
            <ns3:hr>107</ns3:hr>
            <ns3:cad>50</ns3:cad>
          </ns3:TrackPointExtension>
        </extensions>
      </trkpt>
      <trkpt lat="29.4061418808996677398681640625" lon="83.26258189044892787933349609375">
        <ele>4060.39990234375</ele>
        <time>2026-08-21T04:28:13.000Z</time>
        <extensions>
          <ns3:TrackPointExtension>
            <ns3:hr>108</ns3:hr>
            <ns3:cad>51</ns3:cad>
          </ns3:TrackPointExtension>
        </extensions>
      </trkpt>
      <trkpt lat="29.4060942716896533966064453125" lon="83.26264165341854095458984375">
        <ele>4060.800048828125</ele>
        <time>2026-08-21T04:28:19.000Z</time>
        <extensions>
          <ns3:TrackPointExtension>
            <ns3:hr>108</ns3:hr>
            <ns3:cad>51</ns3:cad>
          </ns3:TrackPointExtension>
        </extensions>
      </trkpt>
      <trkpt lat="29.40604976378381252288818359375" lon="83.26271952129900455474853515625">
        <ele>4060.800048828125</ele>
        <time>2026-08-21T04:28:25.000Z</time>
        <extensions>
          <ns3:TrackPointExtension>
            <ns3:hr>109</ns3:hr>
            <ns3:cad>50</ns3:cad>
          </ns3:TrackPointExtension>
        </extensions>
      </trkpt>
      <trkpt lat="29.40600760281085968017578125" lon="83.26278942637145519256591796875">
        <ele>4061.199951171875</ele>
        <time>2026-08-21T04:28:31.000Z</time>
        <extensions>
          <ns3:TrackPointExtension>
            <ns3:hr>108</ns3:hr>
            <ns3:cad>50</ns3:cad>
          </ns3:TrackPointExtension>
        </extensions>
      </trkpt>
      <trkpt lat="29.405968375504016876220703125" lon="83.26285581104457378387451171875">
        <ele>4061</ele>
        <time>2026-08-21T04:28:37.000Z</time>
        <extensions>
          <ns3:TrackPointExtension>
            <ns3:hr>108</ns3:hr>
            <ns3:cad>52</ns3:cad>
          </ns3:TrackPointExtension>
        </extensions>
      </trkpt>
      <trkpt lat="29.40594783984124660491943359375" lon="83.26289034448564052581787109375">
        <ele>4061.39990234375</ele>
        <time>2026-08-21T04:28:40.000Z</time>
        <extensions>
          <ns3:TrackPointExtension>
            <ns3:hr>107</ns3:hr>
            <ns3:cad>51</ns3:cad>
          </ns3:TrackPointExtension>
        </extensions>
      </trkpt>
      <trkpt lat="29.405927471816539764404296875" lon="83.2629268057644367218017578125">
        <ele>4061.39990234375</ele>
        <time>2026-08-21T04:28:43.000Z</time>
        <extensions>
          <ns3:TrackPointExtension>
            <ns3:hr>107</ns3:hr>
            <ns3:cad>50</ns3:cad>
          </ns3:TrackPointExtension>
        </extensions>
      </trkpt>
      <trkpt lat="29.40589201636612415313720703125" lon="83.26298053376376628875732421875">
        <ele>4061.60009765625</ele>
        <time>2026-08-21T04:28:48.000Z</time>
        <extensions>
          <ns3:TrackPointExtension>
            <ns3:hr>108</ns3:hr>
            <ns3:cad>50</ns3:cad>
          </ns3:TrackPointExtension>
        </extensions>
      </trkpt>
      <trkpt lat="29.40583116374909877777099609375" lon="83.26306016184389591217041015625">
        <ele>4062.199951171875</ele>
        <time>2026-08-21T04:28:56.000Z</time>
        <extensions>
          <ns3:TrackPointExtension>
            <ns3:hr>108</ns3:hr>
            <ns3:cad>0</ns3:cad>
          </ns3:TrackPointExtension>
        </extensions>
      </trkpt>
      <trkpt lat="29.4058226980268955230712890625" lon="83.26306938193738460540771484375">
        <ele>4062.39990234375</ele>
        <time>2026-08-21T04:28:57.000Z</time>
        <extensions>
          <ns3:TrackPointExtension>
            <ns3:hr>108</ns3:hr>
            <ns3:cad>0</ns3:cad>
          </ns3:TrackPointExtension>
        </extensions>
      </trkpt>
      <trkpt lat="29.4057841412723064422607421875" lon="83.26312101446092128753662109375">
        <ele>4063.60009765625</ele>
        <time>2026-08-21T04:29:02.000Z</time>
        <extensions>
          <ns3:TrackPointExtension>
            <ns3:hr>111</ns3:hr>
            <ns3:cad>0</ns3:cad>
          </ns3:TrackPointExtension>
        </extensions>
      </trkpt>
      <trkpt lat="29.405779279768466949462890625" lon="83.2631289772689342498779296875">
        <ele>4063.60009765625</ele>
        <time>2026-08-21T04:29:03.000Z</time>
        <extensions>
          <ns3:TrackPointExtension>
            <ns3:hr>111</ns3:hr>
            <ns3:cad>0</ns3:cad>
          </ns3:TrackPointExtension>
        </extensions>
      </trkpt>
      <trkpt lat="29.40575572662055492401123046875" lon="83.26316845603287220001220703125">
        <ele>4064.60009765625</ele>
        <time>2026-08-21T04:29:07.000Z</time>
        <extensions>
          <ns3:TrackPointExtension>
            <ns3:hr>113</ns3:hr>
            <ns3:cad>0</ns3:cad>
          </ns3:TrackPointExtension>
        </extensions>
      </trkpt>
      <trkpt lat="29.4057492725551128387451171875" lon="83.263180442154407501220703125">
        <ele>4065</ele>
        <time>2026-08-21T04:29:08.000Z</time>
        <extensions>
          <ns3:TrackPointExtension>
            <ns3:hr>112</ns3:hr>
            <ns3:cad>0</ns3:cad>
          </ns3:TrackPointExtension>
        </extensions>
      </trkpt>
      <trkpt lat="29.40571834333240985870361328125" lon="83.26322897337377071380615234375">
        <ele>4065</ele>
        <time>2026-08-21T04:29:13.000Z</time>
        <extensions>
          <ns3:TrackPointExtension>
            <ns3:hr>112</ns3:hr>
            <ns3:cad>50</ns3:cad>
          </ns3:TrackPointExtension>
        </extensions>
      </trkpt>
      <trkpt lat="29.40569722093641757965087890625" lon="83.26325328089296817779541015625">
        <ele>4065.39990234375</ele>
        <time>2026-08-21T04:29:16.000Z</time>
        <extensions>
          <ns3:TrackPointExtension>
            <ns3:hr>114</ns3:hr>
            <ns3:cad>0</ns3:cad>
          </ns3:TrackPointExtension>
        </extensions>
      </trkpt>
      <trkpt lat="29.405682049691677093505859375" lon="83.26327105052769184112548828125">
        <ele>4065.60009765625</ele>
        <time>2026-08-21T04:29:18.000Z</time>
        <extensions>
          <ns3:TrackPointExtension>
            <ns3:hr>115</ns3:hr>
            <ns3:cad>0</ns3:cad>
          </ns3:TrackPointExtension>
        </extensions>
      </trkpt>
      <trkpt lat="29.40567559562623500823974609375" lon="83.263280354440212249755859375">
        <ele>4065.60009765625</ele>
        <time>2026-08-21T04:29:19.000Z</time>
        <extensions>
          <ns3:TrackPointExtension>
            <ns3:hr>117</ns3:hr>
            <ns3:cad>0</ns3:cad>
          </ns3:TrackPointExtension>
        </extensions>
      </trkpt>
      <trkpt lat="29.40564441494643688201904296875" lon="83.2633303105831146240234375">
        <ele>4066.199951171875</ele>
        <time>2026-08-21T04:29:24.000Z</time>
        <extensions>
          <ns3:TrackPointExtension>
            <ns3:hr>119</ns3:hr>
            <ns3:cad>0</ns3:cad>
          </ns3:TrackPointExtension>
        </extensions>
      </trkpt>
      <trkpt lat="29.40560803748667240142822265625" lon="83.26339912600815296173095703125">
        <ele>4066.39990234375</ele>
        <time>2026-08-21T04:29:30.000Z</time>
        <extensions>
          <ns3:TrackPointExtension>
            <ns3:hr>120</ns3:hr>
            <ns3:cad>0</ns3:cad>
          </ns3:TrackPointExtension>
        </extensions>
      </trkpt>
      <trkpt lat="29.40559311769902706146240234375" lon="83.26342946849763393402099609375">
        <ele>4066.800048828125</ele>
        <time>2026-08-21T04:29:33.000Z</time>
        <extensions>
          <ns3:TrackPointExtension>
            <ns3:hr>120</ns3:hr>
            <ns3:cad>0</ns3:cad>
          </ns3:TrackPointExtension>
        </extensions>
      </trkpt>
      <trkpt lat="29.405582137405872344970703125" lon="83.2634484954178333282470703125">
        <ele>4067</ele>
        <time>2026-08-21T04:29:35.000Z</time>
        <extensions>
          <ns3:TrackPointExtension>
            <ns3:hr>120</ns3:hr>
            <ns3:cad>0</ns3:cad>
          </ns3:TrackPointExtension>
        </extensions>
      </trkpt>
      <trkpt lat="29.405530504882335662841796875" lon="83.26353793032467365264892578125">
        <ele>4067.60009765625</ele>
        <time>2026-08-21T04:29:43.000Z</time>
        <extensions>
          <ns3:TrackPointExtension>
            <ns3:hr>121</ns3:hr>
            <ns3:cad>0</ns3:cad>
          </ns3:TrackPointExtension>
        </extensions>
      </trkpt>
      <trkpt lat="29.405521117150783538818359375" lon="83.2635588012635707855224609375">
        <ele>4067.800048828125</ele>
        <time>2026-08-21T04:29:45.000Z</time>
        <extensions>
          <ns3:TrackPointExtension>
            <ns3:hr>121</ns3:hr>
            <ns3:cad>0</ns3:cad>
          </ns3:TrackPointExtension>
        </extensions>
      </trkpt>
      <trkpt lat="29.40550108440220355987548828125" lon="83.2635909877717494964599609375">
        <ele>4068</ele>
        <time>2026-08-21T04:29:48.000Z</time>
        <extensions>
          <ns3:TrackPointExtension>
            <ns3:hr>121</ns3:hr>
            <ns3:cad>0</ns3:cad>
          </ns3:TrackPointExtension>
        </extensions>
      </trkpt>
      <trkpt lat="29.405466131865978240966796875" lon="83.2636385969817638397216796875">
        <ele>4068.60009765625</ele>
        <time>2026-08-21T04:29:53.000Z</time>
        <extensions>
          <ns3:TrackPointExtension>
            <ns3:hr>121</ns3:hr>
            <ns3:cad>0</ns3:cad>
          </ns3:TrackPointExtension>
        </extensions>
      </trkpt>
      <trkpt lat="29.4054535590112209320068359375" lon="83.2636583782732486724853515625">
        <ele>4068.800048828125</ele>
        <time>2026-08-21T04:29:55.000Z</time>
        <extensions>
          <ns3:TrackPointExtension>
            <ns3:hr>121</ns3:hr>
            <ns3:cad>0</ns3:cad>
          </ns3:TrackPointExtension>
        </extensions>
      </trkpt>
      <trkpt lat="29.40543352626264095306396484375" lon="83.26368863694369792938232421875">
        <ele>4069.39990234375</ele>
        <time>2026-08-21T04:29:58.000Z</time>
        <extensions>
          <ns3:TrackPointExtension>
            <ns3:hr>121</ns3:hr>
            <ns3:cad>0</ns3:cad>
          </ns3:TrackPointExtension>
        </extensions>
      </trkpt>
      <trkpt lat="29.4054032675921916961669921875" lon="83.26372258365154266357421875">
        <ele>4069.39990234375</ele>
        <time>2026-08-21T04:30:02.000Z</time>
        <extensions>
          <ns3:TrackPointExtension>
            <ns3:hr>121</ns3:hr>
            <ns3:cad>0</ns3:cad>
          </ns3:TrackPointExtension>
        </extensions>
      </trkpt>
      <trkpt lat="29.4053677283227443695068359375" lon="83.26376910321414470672607421875">
        <ele>4070</ele>
        <time>2026-08-21T04:30:07.000Z</time>
        <extensions>
          <ns3:TrackPointExtension>
            <ns3:hr>121</ns3:hr>
            <ns3:cad>0</ns3:cad>
          </ns3:TrackPointExtension>
        </extensions>
      </trkpt>
      <trkpt lat="29.405332021415233612060546875" lon="83.2638156227767467498779296875">
        <ele>4070.39990234375</ele>
        <time>2026-08-21T04:30:12.000Z</time>
        <extensions>
          <ns3:TrackPointExtension>
            <ns3:hr>122</ns3:hr>
            <ns3:cad>0</ns3:cad>
          </ns3:TrackPointExtension>
        </extensions>
      </trkpt>
      <trkpt lat="29.40530176274478435516357421875" lon="83.263856358826160430908203125">
        <ele>4071.199951171875</ele>
        <time>2026-08-21T04:30:16.000Z</time>
        <extensions>
          <ns3:TrackPointExtension>
            <ns3:hr>122</ns3:hr>
            <ns3:cad>0</ns3:cad>
          </ns3:TrackPointExtension>
        </extensions>
      </trkpt>
      <trkpt lat="29.40529438666999340057373046875" lon="83.26386482454836368560791015625">
        <ele>4071.39990234375</ele>
        <time>2026-08-21T04:30:17.000Z</time>
        <extensions>
          <ns3:TrackPointExtension>
            <ns3:hr>121</ns3:hr>
            <ns3:cad>0</ns3:cad>
          </ns3:TrackPointExtension>
        </extensions>
      </trkpt>
      <trkpt lat="29.40526857040822505950927734375" lon="83.26390438713133335113525390625">
        <ele>4071.800048828125</ele>
        <time>2026-08-21T04:30:21.000Z</time>
        <extensions>
          <ns3:TrackPointExtension>
            <ns3:hr>122</ns3:hr>
            <ns3:cad>0</ns3:cad>
          </ns3:TrackPointExtension>
        </extensions>
      </trkpt>
      <trkpt lat="29.4052277505397796630859375" lon="83.26394394971430301666259765625">
        <ele>4072</ele>
        <time>2026-08-21T04:30:26.000Z</time>
        <extensions>
          <ns3:TrackPointExtension>
            <ns3:hr>124</ns3:hr>
            <ns3:cad>0</ns3:cad>
          </ns3:TrackPointExtension>
        </extensions>
      </trkpt>
      <trkpt lat="29.405210316181182861328125" lon="83.26395995914936065673828125">
        <ele>4072.199951171875</ele>
        <time>2026-08-21T04:30:28.000Z</time>
        <extensions>
          <ns3:TrackPointExtension>
            <ns3:hr>124</ns3:hr>
            <ns3:cad>0</ns3:cad>
          </ns3:TrackPointExtension>
        </extensions>
      </trkpt>
      <trkpt lat="29.40517804585397243499755859375" lon="83.2639980129897594451904296875">
        <ele>4072.60009765625</ele>
        <time>2026-08-21T04:30:32.000Z</time>
        <extensions>
          <ns3:TrackPointExtension>
            <ns3:hr>123</ns3:hr>
            <ns3:cad>50</ns3:cad>
          </ns3:TrackPointExtension>
        </extensions>
      </trkpt>
      <trkpt lat="29.4051213003695011138916015625" lon="83.26406129635870456695556640625">
        <ele>4073</ele>
        <time>2026-08-21T04:30:39.000Z</time>
        <extensions>
          <ns3:TrackPointExtension>
            <ns3:hr>123</ns3:hr>
            <ns3:cad>0</ns3:cad>
          </ns3:TrackPointExtension>
        </extensions>
      </trkpt>
      <trkpt lat="29.40508232451975345611572265625" lon="83.26412080787122249603271484375">
        <ele>4073.199951171875</ele>
        <time>2026-08-21T04:30:45.000Z</time>
        <extensions>
          <ns3:TrackPointExtension>
            <ns3:hr>122</ns3:hr>
            <ns3:cad>48</ns3:cad>
          </ns3:TrackPointExtension>
        </extensions>
      </trkpt>
      <trkpt lat="29.4050767086446285247802734375" lon="83.2641291059553623199462890625">
        <ele>4073.39990234375</ele>
        <time>2026-08-21T04:30:46.000Z</time>
        <extensions>
          <ns3:TrackPointExtension>
            <ns3:hr>122</ns3:hr>
            <ns3:cad>48</ns3:cad>
          </ns3:TrackPointExtension>
        </extensions>
      </trkpt>
      <trkpt lat="29.405041001737117767333984375" lon="83.2641690038144588470458984375">
        <ele>4073.800048828125</ele>
        <time>2026-08-21T04:30:51.000Z</time>
        <extensions>
          <ns3:TrackPointExtension>
            <ns3:hr>122</ns3:hr>
            <ns3:cad>47</ns3:cad>
          </ns3:TrackPointExtension>
        </extensions>
      </trkpt>
      <trkpt lat="29.40500504337251186370849609375" lon="83.26421300880610942840576171875">
        <ele>4074.39990234375</ele>
        <time>2026-08-21T04:30:56.000Z</time>
        <extensions>
          <ns3:TrackPointExtension>
            <ns3:hr>122</ns3:hr>
            <ns3:cad>0</ns3:cad>
          </ns3:TrackPointExtension>
        </extensions>
      </trkpt>
      <trkpt lat="29.40493748523294925689697265625" lon="83.2642786391079425811767578125">
        <ele>4075.60009765625</ele>
        <time>2026-08-21T04:31:04.000Z</time>
        <extensions>
          <ns3:TrackPointExtension>
            <ns3:hr>123</ns3:hr>
            <ns3:cad>0</ns3:cad>
          </ns3:TrackPointExtension>
        </extensions>
      </trkpt>
      <trkpt lat="29.4048859365284442901611328125" lon="83.2643198780715465545654296875">
        <ele>4076.199951171875</ele>
        <time>2026-08-21T04:31:09.000Z</time>
        <extensions>
          <ns3:TrackPointExtension>
            <ns3:hr>124</ns3:hr>
            <ns3:cad>0</ns3:cad>
          </ns3:TrackPointExtension>
        </extensions>
      </trkpt>
      <trkpt lat="29.404834471642971038818359375" lon="83.26436497271060943603515625">
        <ele>4076.60009765625</ele>
        <time>2026-08-21T04:31:15.000Z</time>
        <extensions>
          <ns3:TrackPointExtension>
            <ns3:hr>124</ns3:hr>
            <ns3:cad>0</ns3:cad>
          </ns3:TrackPointExtension>
        </extensions>
      </trkpt>
      <trkpt lat="29.40478317439556121826171875" lon="83.26441132463514804840087890625">
        <ele>4077.60009765625</ele>
        <time>2026-08-21T04:31:21.000Z</time>
        <extensions>
          <ns3:TrackPointExtension>
            <ns3:hr>124</ns3:hr>
            <ns3:cad>48</ns3:cad>
          </ns3:TrackPointExtension>
        </extensions>
      </trkpt>
      <trkpt lat="29.40472961403429508209228515625" lon="83.2644486241042613983154296875">
        <ele>4078.39990234375</ele>
        <time>2026-08-21T04:31:27.000Z</time>
        <extensions>
          <ns3:TrackPointExtension>
            <ns3:hr>126</ns3:hr>
            <ns3:cad>46</ns3:cad>
          </ns3:TrackPointExtension>
        </extensions>
      </trkpt>
      <trkpt lat="29.40471050329506397247314453125" lon="83.26445977203547954559326171875">
        <ele>4078.60009765625</ele>
        <time>2026-08-21T04:31:29.000Z</time>
        <extensions>
          <ns3:TrackPointExtension>
            <ns3:hr>125</ns3:hr>
            <ns3:cad>0</ns3:cad>
          </ns3:TrackPointExtension>
        </extensions>
      </trkpt>
      <trkpt lat="29.404702372848987579345703125" lon="83.26446580700576305389404296875">
        <ele>4078.800048828125</ele>
        <time>2026-08-21T04:31:30.000Z</time>
        <extensions>
          <ns3:TrackPointExtension>
            <ns3:hr>125</ns3:hr>
            <ns3:cad>0</ns3:cad>
          </ns3:TrackPointExtension>
        </extensions>
      </trkpt>
      <trkpt lat="29.4046854414045810699462890625" lon="83.2644801400601863861083984375">
        <ele>4079.39990234375</ele>
        <time>2026-08-21T04:31:32.000Z</time>
        <extensions>
          <ns3:TrackPointExtension>
            <ns3:hr>126</ns3:hr>
            <ns3:cad>0</ns3:cad>
          </ns3:TrackPointExtension>
        </extensions>
      </trkpt>
      <trkpt lat="29.40466088242828845977783203125" lon="83.26450201682746410369873046875">
        <ele>4079.800048828125</ele>
        <time>2026-08-21T04:31:35.000Z</time>
        <extensions>
          <ns3:TrackPointExtension>
            <ns3:hr>126</ns3:hr>
            <ns3:cad>0</ns3:cad>
          </ns3:TrackPointExtension>
        </extensions>
      </trkpt>
      <trkpt lat="29.4046435318887233734130859375" lon="83.26451743952929973602294921875">
        <ele>4079.800048828125</ele>
        <time>2026-08-21T04:31:37.000Z</time>
        <extensions>
          <ns3:TrackPointExtension>
            <ns3:hr>127</ns3:hr>
            <ns3:cad>0</ns3:cad>
          </ns3:TrackPointExtension>
        </extensions>
      </trkpt>
      <trkpt lat="29.40458293072879314422607421875" lon="83.2645587623119354248046875">
        <ele>4080.60009765625</ele>
        <time>2026-08-21T04:31:43.000Z</time>
        <extensions>
          <ns3:TrackPointExtension>
            <ns3:hr>126</ns3:hr>
            <ns3:cad>0</ns3:cad>
          </ns3:TrackPointExtension>
        </extensions>
      </trkpt>
      <trkpt lat="29.40456432290375232696533203125" lon="83.26457024551928043365478515625">
        <ele>4080.800048828125</ele>
        <time>2026-08-21T04:31:45.000Z</time>
        <extensions>
          <ns3:TrackPointExtension>
            <ns3:hr>126</ns3:hr>
            <ns3:cad>0</ns3:cad>
          </ns3:TrackPointExtension>
        </extensions>
      </trkpt>
      <trkpt lat="29.40454739145934581756591796875" lon="83.26457929797470569610595703125">
        <ele>4081</ele>
        <time>2026-08-21T04:31:47.000Z</time>
        <extensions>
          <ns3:TrackPointExtension>
            <ns3:hr>126</ns3:hr>
            <ns3:cad>0</ns3:cad>
          </ns3:TrackPointExtension>
        </extensions>
      </trkpt>
      <trkpt lat="29.4044986926019191741943359375" lon="83.2646112330257892608642578125">
        <ele>4081.39990234375</ele>
        <time>2026-08-21T04:31:52.000Z</time>
        <extensions>
          <ns3:TrackPointExtension>
            <ns3:hr>126</ns3:hr>
            <ns3:cad>0</ns3:cad>
          </ns3:TrackPointExtension>
        </extensions>
      </trkpt>
      <trkpt lat="29.4044598005712032318115234375" lon="83.2646323554217815399169921875">
        <ele>4082</ele>
        <time>2026-08-21T04:31:56.000Z</time>
        <extensions>
          <ns3:TrackPointExtension>
            <ns3:hr>126</ns3:hr>
            <ns3:cad>0</ns3:cad>
          </ns3:TrackPointExtension>
        </extensions>
      </trkpt>
      <trkpt lat="29.40443943254649639129638671875" lon="83.26464316807687282562255859375">
        <ele>4082.199951171875</ele>
        <time>2026-08-21T04:31:58.000Z</time>
        <extensions>
          <ns3:TrackPointExtension>
            <ns3:hr>126</ns3:hr>
            <ns3:cad>0</ns3:cad>
          </ns3:TrackPointExtension>
        </extensions>
      </trkpt>
      <trkpt lat="29.40439349971711635589599609375" lon="83.26467351056635379791259765625">
        <ele>4082.800048828125</ele>
        <time>2026-08-21T04:32:03.000Z</time>
        <extensions>
          <ns3:TrackPointExtension>
            <ns3:hr>128</ns3:hr>
            <ns3:cad>0</ns3:cad>
          </ns3:TrackPointExtension>
        </extensions>
      </trkpt>
      <trkpt lat="29.40438427962362766265869140625" lon="83.264679796993732452392578125">
        <ele>4083</ele>
        <time>2026-08-21T04:32:04.000Z</time>
        <extensions>
          <ns3:TrackPointExtension>
            <ns3:hr>127</ns3:hr>
            <ns3:cad>0</ns3:cad>
          </ns3:TrackPointExtension>
        </extensions>
      </trkpt>
      <trkpt lat="29.404351674020290374755859375" lon="83.26470485888421535491943359375">
        <ele>4084</ele>
        <time>2026-08-21T04:32:08.000Z</time>
        <extensions>
          <ns3:TrackPointExtension>
            <ns3:hr>127</ns3:hr>
            <ns3:cad>0</ns3:cad>
          </ns3:TrackPointExtension>
        </extensions>
      </trkpt>
      <trkpt lat="29.40434304066002368927001953125" lon="83.26471324078738689422607421875">
        <ele>4084</ele>
        <time>2026-08-21T04:32:09.000Z</time>
        <extensions>
          <ns3:TrackPointExtension>
            <ns3:hr>128</ns3:hr>
            <ns3:cad>0</ns3:cad>
          </ns3:TrackPointExtension>
        </extensions>
      </trkpt>
      <trkpt lat="29.40429543145000934600830078125" lon="83.2647478580474853515625">
        <ele>4084.39990234375</ele>
        <time>2026-08-21T04:32:14.000Z</time>
        <extensions>
          <ns3:TrackPointExtension>
            <ns3:hr>127</ns3:hr>
            <ns3:cad>0</ns3:cad>
          </ns3:TrackPointExtension>
        </extensions>
      </trkpt>
      <trkpt lat="29.4042355008423328399658203125" lon="83.2647902704775333404541015625">
        <ele>4085</ele>
        <time>2026-08-21T04:32:20.000Z</time>
        <extensions>
          <ns3:TrackPointExtension>
            <ns3:hr>126</ns3:hr>
            <ns3:cad>0</ns3:cad>
          </ns3:TrackPointExtension>
        </extensions>
      </trkpt>
      <trkpt lat="29.40419032238423824310302734375" lon="83.26482522301375865936279296875">
        <ele>4085.39990234375</ele>
        <time>2026-08-21T04:32:25.000Z</time>
        <extensions>
          <ns3:TrackPointExtension>
            <ns3:hr>126</ns3:hr>
            <ns3:cad>0</ns3:cad>
          </ns3:TrackPointExtension>
        </extensions>
      </trkpt>
      <trkpt lat="29.40412779338657855987548828125" lon="83.26487467624247074127197265625">
        <ele>4086</ele>
        <time>2026-08-21T04:32:32.000Z</time>
        <extensions>
          <ns3:TrackPointExtension>
            <ns3:hr>127</ns3:hr>
            <ns3:cad>0</ns3:cad>
          </ns3:TrackPointExtension>
        </extensions>
      </trkpt>
      <trkpt lat="29.4041080959141254425048828125" lon="83.2648878358304500579833984375">
        <ele>4086.199951171875</ele>
        <time>2026-08-21T04:32:34.000Z</time>
        <extensions>
          <ns3:TrackPointExtension>
            <ns3:hr>126</ns3:hr>
            <ns3:cad>0</ns3:cad>
          </ns3:TrackPointExtension>
        </extensions>
      </trkpt>
      <trkpt lat="29.40406861715018749237060546875" lon="83.26491541229188442230224609375">
        <ele>4086.60009765625</ele>
        <time>2026-08-21T04:32:38.000Z</time>
        <extensions>
          <ns3:TrackPointExtension>
            <ns3:hr>126</ns3:hr>
            <ns3:cad>0</ns3:cad>
          </ns3:TrackPointExtension>
        </extensions>
      </trkpt>
      <trkpt lat="29.40401011146605014801025390625" lon="83.264953382313251495361328125">
        <ele>4087</ele>
        <time>2026-08-21T04:32:44.000Z</time>
        <extensions>
          <ns3:TrackPointExtension>
            <ns3:hr>126</ns3:hr>
            <ns3:cad>0</ns3:cad>
          </ns3:TrackPointExtension>
        </extensions>
      </trkpt>
      <trkpt lat="29.40399200655519962310791015625" lon="83.26496872119605541229248046875">
        <ele>4087.199951171875</ele>
        <time>2026-08-21T04:32:46.000Z</time>
        <extensions>
          <ns3:TrackPointExtension>
            <ns3:hr>125</ns3:hr>
            <ns3:cad>0</ns3:cad>
          </ns3:TrackPointExtension>
        </extensions>
      </trkpt>
      <trkpt lat="29.40396367572247982025146484375" lon="83.26499403454363346099853515625">
        <ele>4087.800048828125</ele>
        <time>2026-08-21T04:32:49.000Z</time>
        <extensions>
          <ns3:TrackPointExtension>
            <ns3:hr>125</ns3:hr>
            <ns3:cad>0</ns3:cad>
          </ns3:TrackPointExtension>
        </extensions>
      </trkpt>
      <trkpt lat="29.40394087694585323333740234375" lon="83.26501565985381603240966796875">
        <ele>4088.199951171875</ele>
        <time>2026-08-21T04:32:52.000Z</time>
        <extensions>
          <ns3:TrackPointExtension>
            <ns3:hr>126</ns3:hr>
            <ns3:cad>0</ns3:cad>
          </ns3:TrackPointExtension>
        </extensions>
      </trkpt>
      <trkpt lat="29.40391816198825836181640625" lon="83.26503879390656948089599609375">
        <ele>4088.60009765625</ele>
        <time>2026-08-21T04:32:55.000Z</time>
        <extensions>
          <ns3:TrackPointExtension>
            <ns3:hr>126</ns3:hr>
            <ns3:cad>0</ns3:cad>
          </ns3:TrackPointExtension>
        </extensions>
      </trkpt>
      <trkpt lat="29.403874911367893218994140625" lon="83.26507785357534885406494140625">
        <ele>4089</ele>
        <time>2026-08-21T04:33:00.000Z</time>
        <extensions>
          <ns3:TrackPointExtension>
            <ns3:hr>126</ns3:hr>
            <ns3:cad>0</ns3:cad>
          </ns3:TrackPointExtension>
        </extensions>
      </trkpt>
      <trkpt lat="29.403846748173236846923828125" lon="83.26510098762810230255126953125">
        <ele>4089.199951171875</ele>
        <time>2026-08-21T04:33:03.000Z</time>
        <extensions>
          <ns3:TrackPointExtension>
            <ns3:hr>126</ns3:hr>
            <ns3:cad>0</ns3:cad>
          </ns3:TrackPointExtension>
        </extensions>
      </trkpt>
      <trkpt lat="29.4038221053779125213623046875" lon="83.26512445695698261260986328125">
        <ele>4089.800048828125</ele>
        <time>2026-08-21T04:33:06.000Z</time>
        <extensions>
          <ns3:TrackPointExtension>
            <ns3:hr>126</ns3:hr>
            <ns3:cad>0</ns3:cad>
          </ns3:TrackPointExtension>
        </extensions>
      </trkpt>
      <trkpt lat="29.4037874042987823486328125" lon="83.265173323452472686767578125">
        <ele>4090.39990234375</ele>
        <time>2026-08-21T04:33:11.000Z</time>
        <extensions>
          <ns3:TrackPointExtension>
            <ns3:hr>125</ns3:hr>
            <ns3:cad>48</ns3:cad>
          </ns3:TrackPointExtension>
        </extensions>
      </trkpt>
      <trkpt lat="29.40377290360629558563232421875" lon="83.26519134454429149627685546875">
        <ele>4090.39990234375</ele>
        <time>2026-08-21T04:33:13.000Z</time>
        <extensions>
          <ns3:TrackPointExtension>
            <ns3:hr>124</ns3:hr>
            <ns3:cad>46</ns3:cad>
          </ns3:TrackPointExtension>
        </extensions>
      </trkpt>
      <trkpt lat="29.4037377834320068359375" lon="83.2652338407933712005615234375">
        <ele>4091</ele>
        <time>2026-08-21T04:33:18.000Z</time>
        <extensions>
          <ns3:TrackPointExtension>
            <ns3:hr>124</ns3:hr>
            <ns3:cad>0</ns3:cad>
          </ns3:TrackPointExtension>
        </extensions>
      </trkpt>
      <trkpt lat="29.40370048396289348602294921875" lon="83.26527583412826061248779296875">
        <ele>4091.60009765625</ele>
        <time>2026-08-21T04:33:23.000Z</time>
        <extensions>
          <ns3:TrackPointExtension>
            <ns3:hr>125</ns3:hr>
            <ns3:cad>0</ns3:cad>
          </ns3:TrackPointExtension>
        </extensions>
      </trkpt>
      <trkpt lat="29.40369344316422939300537109375" lon="83.2652851380407810211181640625">
        <ele>4091.60009765625</ele>
        <time>2026-08-21T04:33:24.000Z</time>
        <extensions>
          <ns3:TrackPointExtension>
            <ns3:hr>125</ns3:hr>
            <ns3:cad>0</ns3:cad>
          </ns3:TrackPointExtension>
        </extensions>
      </trkpt>
      <trkpt lat="29.4036554731428623199462890625" lon="83.265329562127590179443359375">
        <ele>4092.39990234375</ele>
        <time>2026-08-21T04:33:29.000Z</time>
        <extensions>
          <ns3:TrackPointExtension>
            <ns3:hr>124</ns3:hr>
            <ns3:cad>0</ns3:cad>
          </ns3:TrackPointExtension>
        </extensions>
      </trkpt>
      <trkpt lat="29.4036373682320117950439453125" lon="83.26534423045814037322998046875">
        <ele>4092.60009765625</ele>
        <time>2026-08-21T04:33:31.000Z</time>
        <extensions>
          <ns3:TrackPointExtension>
            <ns3:hr>123</ns3:hr>
            <ns3:cad>0</ns3:cad>
          </ns3:TrackPointExtension>
        </extensions>
      </trkpt>
      <trkpt lat="29.4036090373992919921875" lon="83.26536116190254688262939453125">
        <ele>4093</ele>
        <time>2026-08-21T04:33:34.000Z</time>
        <extensions>
          <ns3:TrackPointExtension>
            <ns3:hr>124</ns3:hr>
            <ns3:cad>0</ns3:cad>
          </ns3:TrackPointExtension>
        </extensions>
      </trkpt>
      <trkpt lat="29.40356872044503688812255859375" lon="83.2653833739459514617919921875">
        <ele>4093.60009765625</ele>
        <time>2026-08-21T04:33:38.000Z</time>
        <extensions>
          <ns3:TrackPointExtension>
            <ns3:hr>124</ns3:hr>
            <ns3:cad>0</ns3:cad>
          </ns3:TrackPointExtension>
        </extensions>
      </trkpt>
      <trkpt lat="29.4035325944423675537109375" lon="83.26541447080671787261962890625">
        <ele>4093.800048828125</ele>
        <time>2026-08-21T04:33:42.000Z</time>
        <extensions>
          <ns3:TrackPointExtension>
            <ns3:hr>125</ns3:hr>
            <ns3:cad>0</ns3:cad>
          </ns3:TrackPointExtension>
        </extensions>
      </trkpt>
      <trkpt lat="29.40351574681699275970458984375" lon="83.2654303126037120819091796875">
        <ele>4094</ele>
        <time>2026-08-21T04:33:44.000Z</time>
        <extensions>
          <ns3:TrackPointExtension>
            <ns3:hr>125</ns3:hr>
            <ns3:cad>0</ns3:cad>
          </ns3:TrackPointExtension>
        </extensions>
      </trkpt>
      <trkpt lat="29.4034687243402004241943359375" lon="83.2654859684407711029052734375">
        <ele>4094.60009765625</ele>
        <time>2026-08-21T04:33:50.000Z</time>
        <extensions>
          <ns3:TrackPointExtension>
            <ns3:hr>126</ns3:hr>
            <ns3:cad>0</ns3:cad>
          </ns3:TrackPointExtension>
        </extensions>
      </trkpt>
      <trkpt lat="29.40346126444637775421142578125" lon="83.26549577526748180389404296875">
        <ele>4094.800048828125</ele>
        <time>2026-08-21T04:33:51.000Z</time>
        <extensions>
          <ns3:TrackPointExtension>
            <ns3:hr>126</ns3:hr>
            <ns3:cad>0</ns3:cad>
          </ns3:TrackPointExtension>
        </extensions>
      </trkpt>
      <trkpt lat="29.403425641357898712158203125" lon="83.26553039252758026123046875">
        <ele>4095</ele>
        <time>2026-08-21T04:33:55.000Z</time>
        <extensions>
          <ns3:TrackPointExtension>
            <ns3:hr>126</ns3:hr>
            <ns3:cad>0</ns3:cad>
          </ns3:TrackPointExtension>
        </extensions>
      </trkpt>
      <trkpt lat="29.4033775292336940765380859375" lon="83.2655684463679790496826171875">
        <ele>4095.60009765625</ele>
        <time>2026-08-21T04:34:00.000Z</time>
        <extensions>
          <ns3:TrackPointExtension>
            <ns3:hr>126</ns3:hr>
            <ns3:cad>0</ns3:cad>
          </ns3:TrackPointExtension>
        </extensions>
      </trkpt>
      <trkpt lat="29.40334157086908817291259765625" lon="83.26560138724744319915771484375">
        <ele>4096</ele>
        <time>2026-08-21T04:34:04.000Z</time>
        <extensions>
          <ns3:TrackPointExtension>
            <ns3:hr>126</ns3:hr>
            <ns3:cad>0</ns3:cad>
          </ns3:TrackPointExtension>
        </extensions>
      </trkpt>
      <trkpt lat="29.40333402715623378753662109375" lon="83.26560775749385356903076171875">
        <ele>4096</ele>
        <time>2026-08-21T04:34:05.000Z</time>
        <extensions>
          <ns3:TrackPointExtension>
            <ns3:hr>126</ns3:hr>
            <ns3:cad>0</ns3:cad>
          </ns3:TrackPointExtension>
        </extensions>
      </trkpt>
      <trkpt lat="29.4032963924109935760498046875" lon="83.26563877053558826446533203125">
        <ele>4096.60009765625</ele>
        <time>2026-08-21T04:34:09.000Z</time>
        <extensions>
          <ns3:TrackPointExtension>
            <ns3:hr>126</ns3:hr>
            <ns3:cad>0</ns3:cad>
          </ns3:TrackPointExtension>
        </extensions>
      </trkpt>
      <trkpt lat="29.40325138159096240997314453125" lon="83.26566710136830806732177734375">
        <ele>4097</ele>
        <time>2026-08-21T04:34:14.000Z</time>
        <extensions>
          <ns3:TrackPointExtension>
            <ns3:hr>126</ns3:hr>
            <ns3:cad>46</ns3:cad>
          </ns3:TrackPointExtension>
        </extensions>
      </trkpt>
      <trkpt lat="29.40323059447109699249267578125" lon="83.265676908195018768310546875">
        <ele>4097</ele>
        <time>2026-08-21T04:34:16.000Z</time>
        <extensions>
          <ns3:TrackPointExtension>
            <ns3:hr>126</ns3:hr>
            <ns3:cad>46</ns3:cad>
          </ns3:TrackPointExtension>
        </extensions>
      </trkpt>
      <trkpt lat="29.40317695029079914093017578125" lon="83.26570163480937480926513671875">
        <ele>4097.60009765625</ele>
        <time>2026-08-21T04:34:21.000Z</time>
        <extensions>
          <ns3:TrackPointExtension>
            <ns3:hr>126</ns3:hr>
            <ns3:cad>0</ns3:cad>
          </ns3:TrackPointExtension>
        </extensions>
      </trkpt>
      <trkpt lat="29.40315599553287029266357421875" lon="83.26570741832256317138671875">
        <ele>4098</ele>
        <time>2026-08-21T04:34:23.000Z</time>
        <extensions>
          <ns3:TrackPointExtension>
            <ns3:hr>125</ns3:hr>
            <ns3:cad>45</ns3:cad>
          </ns3:TrackPointExtension>
        </extensions>
      </trkpt>
      <trkpt lat="29.40308374352753162384033203125" lon="83.26571412384510040283203125">
        <ele>4098.7998046875</ele>
        <time>2026-08-21T04:34:29.000Z</time>
        <extensions>
          <ns3:TrackPointExtension>
            <ns3:hr>126</ns3:hr>
            <ns3:cad>0</ns3:cad>
          </ns3:TrackPointExtension>
        </extensions>
      </trkpt>
      <trkpt lat="29.40306178294122219085693359375" lon="83.26571353711187839508056640625">
        <ele>4099</ele>
        <time>2026-08-21T04:34:31.000Z</time>
        <extensions>
          <ns3:TrackPointExtension>
            <ns3:hr>126</ns3:hr>
            <ns3:cad>0</ns3:cad>
          </ns3:TrackPointExtension>
        </extensions>
      </trkpt>
      <trkpt lat="29.403016269207000732421875" lon="83.26570532284677028656005859375">
        <ele>4099.60009765625</ele>
        <time>2026-08-21T04:34:35.000Z</time>
        <extensions>
          <ns3:TrackPointExtension>
            <ns3:hr>127</ns3:hr>
            <ns3:cad>0</ns3:cad>
          </ns3:TrackPointExtension>
        </extensions>
      </trkpt>
      <trkpt lat="29.40296622924506664276123046875" lon="83.26566559262573719024658203125">
        <ele>4100</ele>
        <time>2026-08-21T04:34:40.000Z</time>
        <extensions>
          <ns3:TrackPointExtension>
            <ns3:hr>126</ns3:hr>
            <ns3:cad>48</ns3:cad>
          </ns3:TrackPointExtension>
        </extensions>
      </trkpt>
      <trkpt lat="29.40295784734189510345458984375" lon="83.26565570197999477386474609375">
        <ele>4100.2001953125</ele>
        <time>2026-08-21T04:34:41.000Z</time>
        <extensions>
          <ns3:TrackPointExtension>
            <ns3:hr>127</ns3:hr>
            <ns3:cad>48</ns3:cad>
          </ns3:TrackPointExtension>
        </extensions>
      </trkpt>
      <trkpt lat="29.402918033301830291748046875" lon="83.26560323126614093780517578125">
        <ele>4101</ele>
        <time>2026-08-21T04:34:46.000Z</time>
        <extensions>
          <ns3:TrackPointExtension>
            <ns3:hr>127</ns3:hr>
            <ns3:cad>0</ns3:cad>
          </ns3:TrackPointExtension>
        </extensions>
      </trkpt>
      <trkpt lat="29.40290101803839206695556640625" lon="83.26558428816497325897216796875">
        <ele>4101.2001953125</ele>
        <time>2026-08-21T04:34:48.000Z</time>
        <extensions>
          <ns3:TrackPointExtension>
            <ns3:hr>127</ns3:hr>
            <ns3:cad>0</ns3:cad>
          </ns3:TrackPointExtension>
        </extensions>
      </trkpt>
      <trkpt lat="29.402881823480129241943359375" lon="83.26556802727282047271728515625">
        <ele>4101.2001953125</ele>
        <time>2026-08-21T04:34:50.000Z</time>
        <extensions>
          <ns3:TrackPointExtension>
            <ns3:hr>127</ns3:hr>
            <ns3:cad>0</ns3:cad>
          </ns3:TrackPointExtension>
        </extensions>
      </trkpt>
      <trkpt lat="29.402826838195323944091796875" lon="83.26553248800337314605712890625">
        <ele>4101.39990234375</ele>
        <time>2026-08-21T04:34:55.000Z</time>
        <extensions>
          <ns3:TrackPointExtension>
            <ns3:hr>126</ns3:hr>
            <ns3:cad>0</ns3:cad>
          </ns3:TrackPointExtension>
        </extensions>
      </trkpt>
      <trkpt lat="29.40276757813990116119384765625" lon="83.26550222933292388916015625">
        <ele>4101.60009765625</ele>
        <time>2026-08-21T04:35:00.000Z</time>
        <extensions>
          <ns3:TrackPointExtension>
            <ns3:hr>125</ns3:hr>
            <ns3:cad>0</ns3:cad>
          </ns3:TrackPointExtension>
        </extensions>
      </trkpt>
      <trkpt lat="29.4027145206928253173828125" lon="83.2654809392988681793212890625">
        <ele>4101.39990234375</ele>
        <time>2026-08-21T04:35:05.000Z</time>
        <extensions>
          <ns3:TrackPointExtension>
            <ns3:hr>126</ns3:hr>
            <ns3:cad>0</ns3:cad>
          </ns3:TrackPointExtension>
        </extensions>
      </trkpt>
      <trkpt lat="29.40266012214124202728271484375" lon="83.2654618285596370697021484375">
        <ele>4102</ele>
        <time>2026-08-21T04:35:09.000Z</time>
        <extensions>
          <ns3:TrackPointExtension>
            <ns3:hr>125</ns3:hr>
            <ns3:cad>49</ns3:cad>
          </ns3:TrackPointExtension>
        </extensions>
      </trkpt>
      <trkpt lat="29.40261368639767169952392578125" lon="83.2654447294771671295166015625">
        <ele>4101.7998046875</ele>
        <time>2026-08-21T04:35:13.000Z</time>
        <extensions>
          <ns3:TrackPointExtension>
            <ns3:hr>128</ns3:hr>
            <ns3:cad>0</ns3:cad>
          </ns3:TrackPointExtension>
        </extensions>
      </trkpt>
      <trkpt lat="29.40259189344942569732666015625" lon="83.26543475501239299774169921875">
        <ele>4101.7998046875</ele>
        <time>2026-08-21T04:35:15.000Z</time>
        <extensions>
          <ns3:TrackPointExtension>
            <ns3:hr>128</ns3:hr>
            <ns3:cad>51</ns3:cad>
          </ns3:TrackPointExtension>
        </extensions>
      </trkpt>
      <trkpt lat="29.40256725065410137176513671875" lon="83.26542285270988941192626953125">
        <ele>4101.60009765625</ele>
        <time>2026-08-21T04:35:17.000Z</time>
        <extensions>
          <ns3:TrackPointExtension>
            <ns3:hr>125</ns3:hr>
            <ns3:cad>51</ns3:cad>
          </ns3:TrackPointExtension>
        </extensions>
      </trkpt>
      <trkpt lat="29.40252165310084819793701171875" lon="83.26539737172424793243408203125">
        <ele>4101.39990234375</ele>
        <time>2026-08-21T04:35:21.000Z</time>
        <extensions>
          <ns3:TrackPointExtension>
            <ns3:hr>122</ns3:hr>
            <ns3:cad>53</ns3:cad>
          </ns3:TrackPointExtension>
        </extensions>
      </trkpt>
      <trkpt lat="29.40245225094258785247802734375" lon="83.2653702981770038604736328125">
        <ele>4102</ele>
        <time>2026-08-21T04:35:27.000Z</time>
        <extensions>
          <ns3:TrackPointExtension>
            <ns3:hr>119</ns3:hr>
            <ns3:cad>53</ns3:cad>
          </ns3:TrackPointExtension>
        </extensions>
      </trkpt>
      <trkpt lat="29.40242928452789783477783203125" lon="83.26536267064511775970458984375">
        <ele>4102</ele>
        <time>2026-08-21T04:35:29.000Z</time>
        <extensions>
          <ns3:TrackPointExtension>
            <ns3:hr>119</ns3:hr>
            <ns3:cad>53</ns3:cad>
          </ns3:TrackPointExtension>
        </extensions>
      </trkpt>
      <trkpt lat="29.40236960537731647491455078125" lon="83.26534104533493518829345703125">
        <ele>4101.39990234375</ele>
        <time>2026-08-21T04:35:34.000Z</time>
        <extensions>
          <ns3:TrackPointExtension>
            <ns3:hr>118</ns3:hr>
            <ns3:cad>0</ns3:cad>
          </ns3:TrackPointExtension>
        </extensions>
      </trkpt>
      <trkpt lat="29.4023002870380878448486328125" lon="83.26531581580638885498046875">
        <ele>4101.39990234375</ele>
        <time>2026-08-21T04:35:39.000Z</time>
        <extensions>
          <ns3:TrackPointExtension>
            <ns3:hr>118</ns3:hr>
            <ns3:cad>0</ns3:cad>
          </ns3:TrackPointExtension>
        </extensions>
      </trkpt>
      <trkpt lat="29.40224471502006053924560546875" lon="83.265296705067157745361328125">
        <ele>4101.2001953125</ele>
        <time>2026-08-21T04:35:44.000Z</time>
        <extensions>
          <ns3:TrackPointExtension>
            <ns3:hr>116</ns3:hr>
            <ns3:cad>0</ns3:cad>
          </ns3:TrackPointExtension>
        </extensions>
      </trkpt>
      <trkpt lat="29.40217346884310245513916015625" lon="83.2652727328240871429443359375">
        <ele>4101</ele>
        <time>2026-08-21T04:35:50.000Z</time>
        <extensions>
          <ns3:TrackPointExtension>
            <ns3:hr>114</ns3:hr>
            <ns3:cad>53</ns3:cad>
          </ns3:TrackPointExtension>
        </extensions>
      </trkpt>
      <trkpt lat="29.4020855426788330078125" lon="83.26524632982909679412841796875">
        <ele>4101.39990234375</ele>
        <time>2026-08-21T04:35:57.000Z</time>
        <extensions>
          <ns3:TrackPointExtension>
            <ns3:hr>114</ns3:hr>
            <ns3:cad>52</ns3:cad>
          </ns3:TrackPointExtension>
        </extensions>
      </trkpt>
      <trkpt lat="29.40200968645513057708740234375" lon="83.2652294822037220001220703125">
        <ele>4102</ele>
        <time>2026-08-21T04:36:03.000Z</time>
        <extensions>
          <ns3:TrackPointExtension>
            <ns3:hr>114</ns3:hr>
            <ns3:cad>51</ns3:cad>
          </ns3:TrackPointExtension>
        </extensions>
      </trkpt>
      <trkpt lat="29.401937015354633331298828125" lon="83.26522118411958217620849609375">
        <ele>4101.7998046875</ele>
        <time>2026-08-21T04:36:09.000Z</time>
        <extensions>
          <ns3:TrackPointExtension>
            <ns3:hr>114</ns3:hr>
            <ns3:cad>0</ns3:cad>
          </ns3:TrackPointExtension>
        </extensions>
      </trkpt>
      <trkpt lat="29.40185797400772571563720703125" lon="83.26522654853761196136474609375">
        <ele>4102</ele>
        <time>2026-08-21T04:36:15.000Z</time>
        <extensions>
          <ns3:TrackPointExtension>
            <ns3:hr>113</ns3:hr>
            <ns3:cad>51</ns3:cad>
          </ns3:TrackPointExtension>
        </extensions>
      </trkpt>
      <trkpt lat="29.40177180804312229156494140625" lon="83.265223614871501922607421875">
        <ele>4102</ele>
        <time>2026-08-21T04:36:22.000Z</time>
        <extensions>
          <ns3:TrackPointExtension>
            <ns3:hr>113</ns3:hr>
            <ns3:cad>53</ns3:cad>
          </ns3:TrackPointExtension>
        </extensions>
      </trkpt>
      <trkpt lat="29.40174548886716365814208984375" lon="83.26522202230989933013916015625">
        <ele>4102.2001953125</ele>
        <time>2026-08-21T04:36:24.000Z</time>
        <extensions>
          <ns3:TrackPointExtension>
            <ns3:hr>113</ns3:hr>
            <ns3:cad>53</ns3:cad>
          </ns3:TrackPointExtension>
        </extensions>
      </trkpt>
      <trkpt lat="29.40170709975063800811767578125" lon="83.2652164064347743988037109375">
        <ele>4102.2001953125</ele>
        <time>2026-08-21T04:36:27.000Z</time>
        <extensions>
          <ns3:TrackPointExtension>
            <ns3:hr>114</ns3:hr>
            <ns3:cad>53</ns3:cad>
          </ns3:TrackPointExtension>
        </extensions>
      </trkpt>
      <trkpt lat="29.40163384191691875457763671875" lon="83.265199474990367889404296875">
        <ele>4101.60009765625</ele>
        <time>2026-08-21T04:36:33.000Z</time>
        <extensions>
          <ns3:TrackPointExtension>
            <ns3:hr>113</ns3:hr>
            <ns3:cad>51</ns3:cad>
          </ns3:TrackPointExtension>
        </extensions>
      </trkpt>
      <trkpt lat="29.40156242810189723968505859375" lon="83.26519050635397434234619140625">
        <ele>4102.39990234375</ele>
        <time>2026-08-21T04:36:39.000Z</time>
        <extensions>
          <ns3:TrackPointExtension>
            <ns3:hr>112</ns3:hr>
            <ns3:cad>52</ns3:cad>
          </ns3:TrackPointExtension>
        </extensions>
      </trkpt>
      <trkpt lat="29.40146754495799541473388671875" lon="83.2651825435459613800048828125">
        <ele>4102.39990234375</ele>
        <time>2026-08-21T04:36:46.000Z</time>
        <extensions>
          <ns3:TrackPointExtension>
            <ns3:hr>111</ns3:hr>
            <ns3:cad>53</ns3:cad>
          </ns3:TrackPointExtension>
        </extensions>
      </trkpt>
      <trkpt lat="29.40138808451592922210693359375" lon="83.2651815377175807952880859375">
        <ele>4102.60009765625</ele>
        <time>2026-08-21T04:36:52.000Z</time>
        <extensions>
          <ns3:TrackPointExtension>
            <ns3:hr>111</ns3:hr>
            <ns3:cad>53</ns3:cad>
          </ns3:TrackPointExtension>
        </extensions>
      </trkpt>
      <trkpt lat="29.40130434930324554443359375" lon="83.26518346555531024932861328125">
        <ele>4102</ele>
        <time>2026-08-21T04:36:59.000Z</time>
        <extensions>
          <ns3:TrackPointExtension>
            <ns3:hr>112</ns3:hr>
            <ns3:cad>53</ns3:cad>
          </ns3:TrackPointExtension>
        </extensions>
      </trkpt>
      <trkpt lat="29.40126872621476650238037109375" lon="83.2651889137923717498779296875">
        <ele>4101.7998046875</ele>
        <time>2026-08-21T04:37:02.000Z</time>
        <extensions>
          <ns3:TrackPointExtension>
            <ns3:hr>115</ns3:hr>
            <ns3:cad>53</ns3:cad>
          </ns3:TrackPointExtension>
        </extensions>
      </trkpt>
      <trkpt lat="29.401245675981044769287109375" lon="83.265194781124591827392578125">
        <ele>4101.60009765625</ele>
        <time>2026-08-21T04:37:04.000Z</time>
        <extensions>
          <ns3:TrackPointExtension>
            <ns3:hr>118</ns3:hr>
            <ns3:cad>52</ns3:cad>
          </ns3:TrackPointExtension>
        </extensions>
      </trkpt>
      <trkpt lat="29.4012082926928997039794921875" lon="83.2652006484568119049072265625">
        <ele>4101.60009765625</ele>
        <time>2026-08-21T04:37:07.000Z</time>
        <extensions>
          <ns3:TrackPointExtension>
            <ns3:hr>121</ns3:hr>
            <ns3:cad>55</ns3:cad>
          </ns3:TrackPointExtension>
        </extensions>
      </trkpt>
      <trkpt lat="29.4011697359383106231689453125" lon="83.26520307920873165130615234375">
        <ele>4102</ele>
        <time>2026-08-21T04:37:10.000Z</time>
        <extensions>
          <ns3:TrackPointExtension>
            <ns3:hr>124</ns3:hr>
            <ns3:cad>0</ns3:cad>
          </ns3:TrackPointExtension>
        </extensions>
      </trkpt>
      <trkpt lat="29.40113277174532413482666015625" lon="83.26520961709320545196533203125">
        <ele>4102.2001953125</ele>
        <time>2026-08-21T04:37:13.000Z</time>
        <extensions>
          <ns3:TrackPointExtension>
            <ns3:hr>123</ns3:hr>
            <ns3:cad>54</ns3:cad>
          </ns3:TrackPointExtension>
        </extensions>
      </trkpt>
      <trkpt lat="29.40105062909424304962158203125" lon="83.26522755436599254608154296875">
        <ele>4101.60009765625</ele>
        <time>2026-08-21T04:37:19.000Z</time>
        <extensions>
          <ns3:TrackPointExtension>
            <ns3:hr>124</ns3:hr>
            <ns3:cad>53</ns3:cad>
          </ns3:TrackPointExtension>
        </extensions>
      </trkpt>
      <trkpt lat="29.40099463798105716705322265625" lon="83.2652427256107330322265625">
        <ele>4101.60009765625</ele>
        <time>2026-08-21T04:37:24.000Z</time>
        <extensions>
          <ns3:TrackPointExtension>
            <ns3:hr>124</ns3:hr>
            <ns3:cad>54</ns3:cad>
          </ns3:TrackPointExtension>
        </extensions>
      </trkpt>
      <trkpt lat="29.40091467462480068206787109375" lon="83.26528270728886127471923828125">
        <ele>4101.2001953125</ele>
        <time>2026-08-21T04:37:31.000Z</time>
        <extensions>
          <ns3:TrackPointExtension>
            <ns3:hr>128</ns3:hr>
            <ns3:cad>53</ns3:cad>
          </ns3:TrackPointExtension>
        </extensions>
      </trkpt>
      <trkpt lat="29.4008906185626983642578125" lon="83.26529569923877716064453125">
        <ele>4101.2001953125</ele>
        <time>2026-08-21T04:37:33.000Z</time>
        <extensions>
          <ns3:TrackPointExtension>
            <ns3:hr>131</ns3:hr>
            <ns3:cad>0</ns3:cad>
          </ns3:TrackPointExtension>
        </extensions>
      </trkpt>
      <trkpt lat="29.40083236433565616607666015625" lon="83.2653272151947021484375">
        <ele>4100.60009765625</ele>
        <time>2026-08-21T04:37:38.000Z</time>
        <extensions>
          <ns3:TrackPointExtension>
            <ns3:hr>128</ns3:hr>
            <ns3:cad>53</ns3:cad>
          </ns3:TrackPointExtension>
        </extensions>
      </trkpt>
      <trkpt lat="29.40082096494734287261962890625" lon="83.2653320766985416412353515625">
        <ele>4100.7998046875</ele>
        <time>2026-08-21T04:37:39.000Z</time>
        <extensions>
          <ns3:TrackPointExtension>
            <ns3:hr>128</ns3:hr>
            <ns3:cad>53</ns3:cad>
          </ns3:TrackPointExtension>
        </extensions>
      </trkpt>
      <trkpt lat="29.40074904821813106536865234375" lon="83.26535931788384914398193359375">
        <ele>4100.7998046875</ele>
        <time>2026-08-21T04:37:45.000Z</time>
        <extensions>
          <ns3:TrackPointExtension>
            <ns3:hr>131</ns3:hr>
            <ns3:cad>52</ns3:cad>
          </ns3:TrackPointExtension>
        </extensions>
      </trkpt>
      <trkpt lat="29.40067361108958721160888671875" lon="83.26537574641406536102294921875">
        <ele>4100.7998046875</ele>
        <time>2026-08-21T04:37:51.000Z</time>
        <extensions>
          <ns3:TrackPointExtension>
            <ns3:hr>132</ns3:hr>
            <ns3:cad>53</ns3:cad>
          </ns3:TrackPointExtension>
        </extensions>
      </trkpt>
      <trkpt lat="29.40057621337473392486572265625" lon="83.2653941027820110321044921875">
        <ele>4100.60009765625</ele>
        <time>2026-08-21T04:37:59.000Z</time>
        <extensions>
          <ns3:TrackPointExtension>
            <ns3:hr>131</ns3:hr>
            <ns3:cad>0</ns3:cad>
          </ns3:TrackPointExtension>
        </extensions>
      </trkpt>
      <trkpt lat="29.4004733674228191375732421875" lon="83.2653974555432796478271484375">
        <ele>4100.7998046875</ele>
        <time>2026-08-21T04:38:07.000Z</time>
        <extensions>
          <ns3:TrackPointExtension>
            <ns3:hr>131</ns3:hr>
            <ns3:cad>55</ns3:cad>
          </ns3:TrackPointExtension>
        </extensions>
      </trkpt>
      <trkpt lat="29.40044562332332134246826171875" lon="83.26539938338100910186767578125">
        <ele>4101</ele>
        <time>2026-08-21T04:38:09.000Z</time>
        <extensions>
          <ns3:TrackPointExtension>
            <ns3:hr>128</ns3:hr>
            <ns3:cad>55</ns3:cad>
          </ns3:TrackPointExtension>
        </extensions>
      </trkpt>
      <trkpt lat="29.40039114095270633697509765625" lon="83.26539820991456508636474609375">
        <ele>4100.7998046875</ele>
        <time>2026-08-21T04:38:13.000Z</time>
        <extensions>
          <ns3:TrackPointExtension>
            <ns3:hr>127</ns3:hr>
            <ns3:cad>0</ns3:cad>
          </ns3:TrackPointExtension>
        </extensions>
      </trkpt>
      <trkpt lat="29.4003298692405223846435546875" lon="83.2653957791626453399658203125">
        <ele>4101.2001953125</ele>
        <time>2026-08-21T04:38:18.000Z</time>
        <extensions>
          <ns3:TrackPointExtension>
            <ns3:hr>129</ns3:hr>
            <ns3:cad>52</ns3:cad>
          </ns3:TrackPointExtension>
        </extensions>
      </trkpt>
      <trkpt lat="29.40026507712900638580322265625" lon="83.2653961144387722015380859375">
        <ele>4101</ele>
        <time>2026-08-21T04:38:23.000Z</time>
        <extensions>
          <ns3:TrackPointExtension>
            <ns3:hr>130</ns3:hr>
            <ns3:cad>52</ns3:cad>
          </ns3:TrackPointExtension>
        </extensions>
      </trkpt>
      <trkpt lat="29.4001853652298450469970703125" lon="83.265403993427753448486328125">
        <ele>4101</ele>
        <time>2026-08-21T04:38:29.000Z</time>
        <extensions>
          <ns3:TrackPointExtension>
            <ns3:hr>131</ns3:hr>
            <ns3:cad>51</ns3:cad>
          </ns3:TrackPointExtension>
        </extensions>
      </trkpt>
      <trkpt lat="29.40011437050998210906982421875" lon="83.26541799120604991912841796875">
        <ele>4101.39990234375</ele>
        <time>2026-08-21T04:38:35.000Z</time>
        <extensions>
          <ns3:TrackPointExtension>
            <ns3:hr>130</ns3:hr>
            <ns3:cad>0</ns3:cad>
          </ns3:TrackPointExtension>
        </extensions>
      </trkpt>
      <trkpt lat="29.4000529311597347259521484375" lon="83.26543156988918781280517578125">
        <ele>4101.2001953125</ele>
        <time>2026-08-21T04:38:40.000Z</time>
        <extensions>
          <ns3:TrackPointExtension>
            <ns3:hr>129</ns3:hr>
            <ns3:cad>0</ns3:cad>
          </ns3:TrackPointExtension>
        </extensions>
      </trkpt>
      <trkpt lat="29.39999350346624851226806640625" lon="83.265444226562976837158203125">
        <ele>4101.60009765625</ele>
        <time>2026-08-21T04:38:45.000Z</time>
        <extensions>
          <ns3:TrackPointExtension>
            <ns3:hr>130</ns3:hr>
            <ns3:cad>51</ns3:cad>
          </ns3:TrackPointExtension>
        </extensions>
      </trkpt>
      <trkpt lat="29.399928040802478790283203125" lon="83.26545638032257556915283203125">
        <ele>4101.7998046875</ele>
        <time>2026-08-21T04:38:51.000Z</time>
        <extensions>
          <ns3:TrackPointExtension>
            <ns3:hr>129</ns3:hr>
            <ns3:cad>51</ns3:cad>
          </ns3:TrackPointExtension>
        </extensions>
      </trkpt>
      <trkpt lat="29.3998789228498935699462890625" lon="83.2654668577015399932861328125">
        <ele>4102.2001953125</ele>
        <time>2026-08-21T04:38:55.000Z</time>
        <extensions>
          <ns3:TrackPointExtension>
            <ns3:hr>129</ns3:hr>
            <ns3:cad>0</ns3:cad>
          </ns3:TrackPointExtension>
        </extensions>
      </trkpt>
      <trkpt lat="29.3998541124165058135986328125" lon="83.26547230593860149383544921875">
        <ele>4102.60009765625</ele>
        <time>2026-08-21T04:38:57.000Z</time>
        <extensions>
          <ns3:TrackPointExtension>
            <ns3:hr>129</ns3:hr>
            <ns3:cad>0</ns3:cad>
          </ns3:TrackPointExtension>
        </extensions>
      </trkpt>
      <trkpt lat="29.3998284637928009033203125" lon="83.265477754175662994384765625">
        <ele>4103.2001953125</ele>
        <time>2026-08-21T04:38:59.000Z</time>
        <extensions>
          <ns3:TrackPointExtension>
            <ns3:hr>126</ns3:hr>
            <ns3:cad>0</ns3:cad>
          </ns3:TrackPointExtension>
        </extensions>
      </trkpt>
      <trkpt lat="29.399816058576107025146484375" lon="83.2654812745749950408935546875">
        <ele>4103.39990234375</ele>
        <time>2026-08-21T04:39:00.000Z</time>
        <extensions>
          <ns3:TrackPointExtension>
            <ns3:hr>126</ns3:hr>
            <ns3:cad>0</ns3:cad>
          </ns3:TrackPointExtension>
        </extensions>
      </trkpt>
      <trkpt lat="29.39978043548762798309326171875" lon="83.26549074612557888031005859375">
        <ele>4103.7998046875</ele>
        <time>2026-08-21T04:39:03.000Z</time>
        <extensions>
          <ns3:TrackPointExtension>
            <ns3:hr>128</ns3:hr>
            <ns3:cad>0</ns3:cad>
          </ns3:TrackPointExtension>
        </extensions>
      </trkpt>
      <trkpt lat="29.39973391592502593994140625" lon="83.2654997147619724273681640625">
        <ele>4104</ele>
        <time>2026-08-21T04:39:07.000Z</time>
        <extensions>
          <ns3:TrackPointExtension>
            <ns3:hr>131</ns3:hr>
            <ns3:cad>51</ns3:cad>
          </ns3:TrackPointExtension>
        </extensions>
      </trkpt>
      <trkpt lat="29.39971053041517734527587890625" lon="83.26550583355128765106201171875">
        <ele>4104</ele>
        <time>2026-08-21T04:39:09.000Z</time>
        <extensions>
          <ns3:TrackPointExtension>
            <ns3:hr>132</ns3:hr>
            <ns3:cad>51</ns3:cad>
          </ns3:TrackPointExtension>
        </extensions>
      </trkpt>
      <trkpt lat="29.399676583707332611083984375" lon="83.26551320962607860565185546875">
        <ele>4104.39990234375</ele>
        <time>2026-08-21T04:39:12.000Z</time>
        <extensions>
          <ns3:TrackPointExtension>
            <ns3:hr>132</ns3:hr>
            <ns3:cad>0</ns3:cad>
          </ns3:TrackPointExtension>
        </extensions>
      </trkpt>
      <trkpt lat="29.39964062534272670745849609375" lon="83.2655268721282482147216796875">
        <ele>4104.60009765625</ele>
        <time>2026-08-21T04:39:15.000Z</time>
        <extensions>
          <ns3:TrackPointExtension>
            <ns3:hr>133</ns3:hr>
            <ns3:cad>47</ns3:cad>
          </ns3:TrackPointExtension>
        </extensions>
      </trkpt>
      <trkpt lat="29.39956225454807281494140625" lon="83.26556668616831302642822265625">
        <ele>4105.2001953125</ele>
        <time>2026-08-21T04:39:22.000Z</time>
        <extensions>
          <ns3:TrackPointExtension>
            <ns3:hr>134</ns3:hr>
            <ns3:cad>0</ns3:cad>
          </ns3:TrackPointExtension>
        </extensions>
      </trkpt>
      <trkpt lat="29.399529062211513519287109375" lon="83.2655791752040386199951171875">
        <ele>4105.2001953125</ele>
        <time>2026-08-21T04:39:25.000Z</time>
        <extensions>
          <ns3:TrackPointExtension>
            <ns3:hr>129</ns3:hr>
            <ns3:cad>50</ns3:cad>
          </ns3:TrackPointExtension>
        </extensions>
      </trkpt>
      <trkpt lat="29.39951799809932708740234375" lon="83.26558403670787811279296875">
        <ele>4105.39990234375</ele>
        <time>2026-08-21T04:39:26.000Z</time>
        <extensions>
          <ns3:TrackPointExtension>
            <ns3:hr>123</ns3:hr>
            <ns3:cad>50</ns3:cad>
          </ns3:TrackPointExtension>
        </extensions>
      </trkpt>
      <trkpt lat="29.39950651489198207855224609375" lon="83.265588395297527313232421875">
        <ele>4105.39990234375</ele>
        <time>2026-08-21T04:39:27.000Z</time>
        <extensions>
          <ns3:TrackPointExtension>
            <ns3:hr>120</ns3:hr>
            <ns3:cad>51</ns3:cad>
          </ns3:TrackPointExtension>
        </extensions>
      </trkpt>
      <trkpt lat="29.39949377439916133880615234375" lon="83.26559149660170078277587890625">
        <ele>4105.39990234375</ele>
        <time>2026-08-21T04:39:28.000Z</time>
        <extensions>
          <ns3:TrackPointExtension>
            <ns3:hr>119</ns3:hr>
            <ns3:cad>51</ns3:cad>
          </ns3:TrackPointExtension>
        </extensions>
      </trkpt>
      <trkpt lat="29.39942671917378902435302734375" lon="83.26560222543776035308837890625">
        <ele>4106</ele>
        <time>2026-08-21T04:39:33.000Z</time>
        <extensions>
          <ns3:TrackPointExtension>
            <ns3:hr>117</ns3:hr>
            <ns3:cad>53</ns3:cad>
          </ns3:TrackPointExtension>
        </extensions>
      </trkpt>
      <trkpt lat="29.3993525393307209014892578125" lon="83.26562250964343547821044921875">
        <ele>4106.2001953125</ele>
        <time>2026-08-21T04:39:39.000Z</time>
        <extensions>
          <ns3:TrackPointExtension>
            <ns3:hr>119</ns3:hr>
            <ns3:cad>0</ns3:cad>
          </ns3:TrackPointExtension>
        </extensions>
      </trkpt>
      <trkpt lat="29.39932697452604770660400390625" lon="83.265630304813385009765625">
        <ele>4106.60009765625</ele>
        <time>2026-08-21T04:39:41.000Z</time>
        <extensions>
          <ns3:TrackPointExtension>
            <ns3:hr>119</ns3:hr>
            <ns3:cad>0</ns3:cad>
          </ns3:TrackPointExtension>
        </extensions>
      </trkpt>
      <trkpt lat="29.399292357265949249267578125" lon="83.26564212329685688018798828125">
        <ele>4107</ele>
        <time>2026-08-21T04:39:44.000Z</time>
        <extensions>
          <ns3:TrackPointExtension>
            <ns3:hr>119</ns3:hr>
            <ns3:cad>0</ns3:cad>
          </ns3:TrackPointExtension>
        </extensions>
      </trkpt>
      <trkpt lat="29.39921624958515167236328125" lon="83.26567581854760646820068359375">
        <ele>4106.60009765625</ele>
        <time>2026-08-21T04:39:50.000Z</time>
        <extensions>
          <ns3:TrackPointExtension>
            <ns3:hr>120</ns3:hr>
            <ns3:cad>0</ns3:cad>
          </ns3:TrackPointExtension>
        </extensions>
      </trkpt>
      <trkpt lat="29.39915095455944538116455078125" lon="83.26570465229451656341552734375">
        <ele>4106.39990234375</ele>
        <time>2026-08-21T04:39:56.000Z</time>
        <extensions>
          <ns3:TrackPointExtension>
            <ns3:hr>119</ns3:hr>
            <ns3:cad>51</ns3:cad>
          </ns3:TrackPointExtension>
        </extensions>
      </trkpt>
      <trkpt lat="29.39907275140285491943359375" lon="83.26575276441872119903564453125">
        <ele>4106.60009765625</ele>
        <time>2026-08-21T04:40:03.000Z</time>
        <extensions>
          <ns3:TrackPointExtension>
            <ns3:hr>118</ns3:hr>
            <ns3:cad>53</ns3:cad>
          </ns3:TrackPointExtension>
        </extensions>
      </trkpt>
      <trkpt lat="29.3990186043083667755126953125" lon="83.26578863896429538726806640625">
        <ele>4106.2001953125</ele>
        <time>2026-08-21T04:40:08.000Z</time>
        <extensions>
          <ns3:TrackPointExtension>
            <ns3:hr>116</ns3:hr>
            <ns3:cad>53</ns3:cad>
          </ns3:TrackPointExtension>
        </extensions>
      </trkpt>
      <trkpt lat="29.398950040340423583984375" lon="83.2658292911946773529052734375">
        <ele>4106</ele>
        <time>2026-08-21T04:40:14.000Z</time>
        <extensions>
          <ns3:TrackPointExtension>
            <ns3:hr>113</ns3:hr>
            <ns3:cad>53</ns3:cad>
          </ns3:TrackPointExtension>
        </extensions>
      </trkpt>
      <trkpt lat="29.398939646780490875244140625" lon="83.26583708636462688446044921875">
        <ele>4105.7998046875</ele>
        <time>2026-08-21T04:40:15.000Z</time>
        <extensions>
          <ns3:TrackPointExtension>
            <ns3:hr>113</ns3:hr>
            <ns3:cad>53</ns3:cad>
          </ns3:TrackPointExtension>
        </extensions>
      </trkpt>
      <trkpt lat="29.3989116512238979339599609375" lon="83.265864662826061248779296875">
        <ele>4105.39990234375</ele>
        <time>2026-08-21T04:40:18.000Z</time>
        <extensions>
          <ns3:TrackPointExtension>
            <ns3:hr>111</ns3:hr>
            <ns3:cad>54</ns3:cad>
          </ns3:TrackPointExtension>
        </extensions>
      </trkpt>
      <trkpt lat="29.3988801352679729461669921875" lon="83.2659053988754749298095703125">
        <ele>4104.7998046875</ele>
        <time>2026-08-21T04:40:22.000Z</time>
        <extensions>
          <ns3:TrackPointExtension>
            <ns3:hr>111</ns3:hr>
            <ns3:cad>54</ns3:cad>
          </ns3:TrackPointExtension>
        </extensions>
      </trkpt>
      <trkpt lat="29.39885054714977741241455078125" lon="83.2659959234297275543212890625">
        <ele>4104.60009765625</ele>
        <time>2026-08-21T04:40:29.000Z</time>
        <extensions>
          <ns3:TrackPointExtension>
            <ns3:hr>111</ns3:hr>
            <ns3:cad>53</ns3:cad>
          </ns3:TrackPointExtension>
        </extensions>
      </trkpt>
      <trkpt lat="29.39884032122790813446044921875" lon="83.26602928340435028076171875">
        <ele>4104.2001953125</ele>
        <time>2026-08-21T04:40:32.000Z</time>
        <extensions>
          <ns3:TrackPointExtension>
            <ns3:hr>110</ns3:hr>
            <ns3:cad>0</ns3:cad>
          </ns3:TrackPointExtension>
        </extensions>
      </trkpt>
      <trkpt lat="29.3988439254462718963623046875" lon="83.26604328118264675140380859375">
        <ele>4104</ele>
        <time>2026-08-21T04:40:34.000Z</time>
        <extensions>
          <ns3:TrackPointExtension>
            <ns3:hr>110</ns3:hr>
            <ns3:cad>0</ns3:cad>
          </ns3:TrackPointExtension>
        </extensions>
      </trkpt>
      <trkpt lat="29.39884417690336704254150390625" lon="83.26605920679867267608642578125">
        <ele>4104</ele>
        <time>2026-08-21T04:40:37.000Z</time>
        <extensions>
          <ns3:TrackPointExtension>
            <ns3:hr>109</ns3:hr>
            <ns3:cad>0</ns3:cad>
          </ns3:TrackPointExtension>
        </extensions>
      </trkpt>
      <trkpt lat="29.39883998595178127288818359375" lon="83.26607882045209407806396484375">
        <ele>4104.2001953125</ele>
        <time>2026-08-21T04:40:40.000Z</time>
        <extensions>
          <ns3:TrackPointExtension>
            <ns3:hr>109</ns3:hr>
            <ns3:cad>0</ns3:cad>
          </ns3:TrackPointExtension>
        </extensions>
      </trkpt>
      <trkpt lat="29.39882841892540454864501953125" lon="83.26610933057963848114013671875">
        <ele>4104.2001953125</ele>
        <time>2026-08-21T04:40:45.000Z</time>
        <extensions>
          <ns3:TrackPointExtension>
            <ns3:hr>108</ns3:hr>
            <ns3:cad>0</ns3:cad>
          </ns3:TrackPointExtension>
        </extensions>
      </trkpt>
      <trkpt lat="29.3988174386322498321533203125" lon="83.26614185236394405364990234375">
        <ele>4104.60009765625</ele>
        <time>2026-08-21T04:40:49.000Z</time>
        <extensions>
          <ns3:TrackPointExtension>
            <ns3:hr>109</ns3:hr>
            <ns3:cad>0</ns3:cad>
          </ns3:TrackPointExtension>
        </extensions>
      </trkpt>
      <trkpt lat="29.3988110683858394622802734375" lon="83.26619398780167102813720703125">
        <ele>4105.2001953125</ele>
        <time>2026-08-21T04:40:55.000Z</time>
        <extensions>
          <ns3:TrackPointExtension>
            <ns3:hr>108</ns3:hr>
            <ns3:cad>74</ns3:cad>
          </ns3:TrackPointExtension>
        </extensions>
      </trkpt>
      <trkpt lat="29.39881852827966213226318359375" lon="83.26621460728347301483154296875">
        <ele>4104.7998046875</ele>
        <time>2026-08-21T04:41:00.000Z</time>
        <extensions>
          <ns3:TrackPointExtension>
            <ns3:hr>107</ns3:hr>
            <ns3:cad>0</ns3:cad>
          </ns3:TrackPointExtension>
        </extensions>
      </trkpt>
      <trkpt lat="29.398822300136089324951171875" lon="83.2662463746964931488037109375">
        <ele>4105.2001953125</ele>
        <time>2026-08-21T04:41:04.000Z</time>
        <extensions>
          <ns3:TrackPointExtension>
            <ns3:hr>107</ns3:hr>
            <ns3:cad>0</ns3:cad>
          </ns3:TrackPointExtension>
        </extensions>
      </trkpt>
      <trkpt lat="29.39882104285061359405517578125" lon="83.26624930836260318756103515625">
        <ele>4105.2001953125</ele>
        <time>2026-08-21T04:41:05.000Z</time>
        <extensions>
          <ns3:TrackPointExtension>
            <ns3:hr>107</ns3:hr>
            <ns3:cad>0</ns3:cad>
          </ns3:TrackPointExtension>
        </extensions>
      </trkpt>
      <trkpt lat="29.39882556907832622528076171875" lon="83.26626590453088283538818359375">
        <ele>4105.39990234375</ele>
        <time>2026-08-21T04:41:09.000Z</time>
        <extensions>
          <ns3:TrackPointExtension>
            <ns3:hr>109</ns3:hr>
            <ns3:cad>0</ns3:cad>
          </ns3:TrackPointExtension>
        </extensions>
      </trkpt>
      <trkpt lat="29.39881534315645694732666015625" lon="83.26630018651485443115234375">
        <ele>4105.2001953125</ele>
        <time>2026-08-21T04:41:15.000Z</time>
        <extensions>
          <ns3:TrackPointExtension>
            <ns3:hr>110</ns3:hr>
            <ns3:cad>0</ns3:cad>
          </ns3:TrackPointExtension>
        </extensions>
      </trkpt>
      <trkpt lat="29.398812241852283477783203125" lon="83.2663110829889774322509765625">
        <ele>4105.7998046875</ele>
        <time>2026-08-21T04:41:21.000Z</time>
        <extensions>
          <ns3:TrackPointExtension>
            <ns3:hr>116</ns3:hr>
            <ns3:cad>0</ns3:cad>
          </ns3:TrackPointExtension>
        </extensions>
      </trkpt>
      <trkpt lat="29.39881215803325176239013671875" lon="83.266311585903167724609375">
        <ele>4105.7998046875</ele>
        <time>2026-08-21T04:41:22.000Z</time>
        <extensions>
          <ns3:TrackPointExtension>
            <ns3:hr>119</ns3:hr>
            <ns3:cad>0</ns3:cad>
          </ns3:TrackPointExtension>
        </extensions>
      </trkpt>
      <trkpt lat="29.39880511723458766937255859375" lon="83.2663182914257049560546875">
        <ele>4105.7998046875</ele>
        <time>2026-08-21T04:41:25.000Z</time>
        <extensions>
          <ns3:TrackPointExtension>
            <ns3:hr>122</ns3:hr>
            <ns3:cad>0</ns3:cad>
          </ns3:TrackPointExtension>
        </extensions>
      </trkpt>
      <trkpt lat="29.398794807493686676025390625" lon="83.2663265056908130645751953125">
        <ele>4105.60009765625</ele>
        <time>2026-08-21T04:41:29.000Z</time>
        <extensions>
          <ns3:TrackPointExtension>
            <ns3:hr>123</ns3:hr>
            <ns3:cad>0</ns3:cad>
          </ns3:TrackPointExtension>
        </extensions>
      </trkpt>
      <trkpt lat="29.39879287965595722198486328125" lon="83.266332037746906280517578125">
        <ele>4105.39990234375</ele>
        <time>2026-08-21T04:41:35.000Z</time>
        <extensions>
          <ns3:TrackPointExtension>
            <ns3:hr>121</ns3:hr>
            <ns3:cad>0</ns3:cad>
          </ns3:TrackPointExtension>
        </extensions>
      </trkpt>
      <trkpt lat="29.398792795836925506591796875" lon="83.266330026090145111083984375">
        <ele>4105.39990234375</ele>
        <time>2026-08-21T04:41:37.000Z</time>
        <extensions>
          <ns3:TrackPointExtension>
            <ns3:hr>116</ns3:hr>
            <ns3:cad>0</ns3:cad>
          </ns3:TrackPointExtension>
        </extensions>
      </trkpt>
      <trkpt lat="29.39879187382757663726806640625" lon="83.2663298584520816802978515625">
        <ele>4105.39990234375</ele>
        <time>2026-08-21T04:41:38.000Z</time>
        <extensions>
          <ns3:TrackPointExtension>
            <ns3:hr>113</ns3:hr>
            <ns3:cad>0</ns3:cad>
          </ns3:TrackPointExtension>
        </extensions>
      </trkpt>
      <trkpt lat="29.3987912870943546295166015625" lon="83.26632977463304996490478515625">
        <ele>4105.39990234375</ele>
        <time>2026-08-21T04:41:39.000Z</time>
        <extensions>
          <ns3:TrackPointExtension>
            <ns3:hr>110</ns3:hr>
            <ns3:cad>0</ns3:cad>
          </ns3:TrackPointExtension>
        </extensions>
      </trkpt>
      <trkpt lat="29.398784078657627105712890625" lon="83.2663288526237010955810546875">
        <ele>4105.39990234375</ele>
        <time>2026-08-21T04:41:42.000Z</time>
        <extensions>
          <ns3:TrackPointExtension>
            <ns3:hr>110</ns3:hr>
            <ns3:cad>0</ns3:cad>
          </ns3:TrackPointExtension>
        </extensions>
      </trkpt>
      <trkpt lat="29.3987528979778289794921875" lon="83.266323991119861602783203125">
        <ele>4105.60009765625</ele>
        <time>2026-08-21T04:41:45.000Z</time>
        <extensions>
          <ns3:TrackPointExtension>
            <ns3:hr>113</ns3:hr>
            <ns3:cad>0</ns3:cad>
          </ns3:TrackPointExtension>
        </extensions>
      </trkpt>
      <trkpt lat="29.398745186626911163330078125" lon="83.2663224823772907257080078125">
        <ele>4105.7998046875</ele>
        <time>2026-08-21T04:41:46.000Z</time>
        <extensions>
          <ns3:TrackPointExtension>
            <ns3:hr>114</ns3:hr>
            <ns3:cad>0</ns3:cad>
          </ns3:TrackPointExtension>
        </extensions>
      </trkpt>
      <trkpt lat="29.398733116686344146728515625" lon="83.2663120888173580169677734375">
        <ele>4105.60009765625</ele>
        <time>2026-08-21T04:41:49.000Z</time>
        <extensions>
          <ns3:TrackPointExtension>
            <ns3:hr>117</ns3:hr>
            <ns3:cad>0</ns3:cad>
          </ns3:TrackPointExtension>
        </extensions>
      </trkpt>
      <trkpt lat="29.398732446134090423583984375" lon="83.266311585903167724609375">
        <ele>4105.60009765625</ele>
        <time>2026-08-21T04:41:50.000Z</time>
        <extensions>
          <ns3:TrackPointExtension>
            <ns3:hr>116</ns3:hr>
            <ns3:cad>0</ns3:cad>
          </ns3:TrackPointExtension>
        </extensions>
      </trkpt>
      <trkpt lat="29.3987309373915195465087890625" lon="83.26631099916994571685791015625">
        <ele>4105.2001953125</ele>
        <time>2026-08-21T04:41:57.000Z</time>
        <extensions>
          <ns3:TrackPointExtension>
            <ns3:hr>117</ns3:hr>
            <ns3:cad>0</ns3:cad>
          </ns3:TrackPointExtension>
        </extensions>
      </trkpt>
      <trkpt lat="29.398728422820568084716796875" lon="83.26631133444607257843017578125">
        <ele>4105.7998046875</ele>
        <time>2026-08-21T04:42:01.000Z</time>
        <extensions>
          <ns3:TrackPointExtension>
            <ns3:hr>114</ns3:hr>
            <ns3:cad>0</ns3:cad>
          </ns3:TrackPointExtension>
        </extensions>
      </trkpt>
      <trkpt lat="29.398728422820568084716796875" lon="83.266311250627040863037109375">
        <ele>4106</ele>
        <time>2026-08-21T04:42:04.000Z</time>
        <extensions>
          <ns3:TrackPointExtension>
            <ns3:hr>114</ns3:hr>
            <ns3:cad>0</ns3:cad>
          </ns3:TrackPointExtension>
        </extensions>
      </trkpt>
      <trkpt lat="29.3987259082496166229248046875" lon="83.26632139272987842559814453125">
        <ele>4106</ele>
        <time>2026-08-21T04:42:13.000Z</time>
        <extensions>
          <ns3:TrackPointExtension>
            <ns3:hr>110</ns3:hr>
            <ns3:cad>0</ns3:cad>
          </ns3:TrackPointExtension>
        </extensions>
      </trkpt>
      <trkpt lat="29.39872984774410724639892578125" lon="83.2663244940340518951416015625">
        <ele>4106.2001953125</ele>
        <time>2026-08-21T04:42:17.000Z</time>
        <extensions>
          <ns3:TrackPointExtension>
            <ns3:hr>111</ns3:hr>
            <ns3:cad>0</ns3:cad>
          </ns3:TrackPointExtension>
        </extensions>
      </trkpt>
      <trkpt lat="29.39873286522924900054931640625" lon="83.2663251645863056182861328125">
        <ele>4106.60009765625</ele>
        <time>2026-08-21T04:42:19.000Z</time>
        <extensions>
          <ns3:TrackPointExtension>
            <ns3:hr>111</ns3:hr>
            <ns3:cad>0</ns3:cad>
          </ns3:TrackPointExtension>
        </extensions>
      </trkpt>
      <trkpt lat="29.3987306021153926849365234375" lon="83.2663236558437347412109375">
        <ele>4105.7998046875</ele>
        <time>2026-08-21T04:42:29.000Z</time>
        <extensions>
          <ns3:TrackPointExtension>
            <ns3:hr>108</ns3:hr>
            <ns3:cad>0</ns3:cad>
          </ns3:TrackPointExtension>
        </extensions>
      </trkpt>
      <trkpt lat="29.39872615970671176910400390625" lon="83.2663211412727832794189453125">
        <ele>4106</ele>
        <time>2026-08-21T04:42:30.000Z</time>
        <extensions>
          <ns3:TrackPointExtension>
            <ns3:hr>107</ns3:hr>
            <ns3:cad>0</ns3:cad>
          </ns3:TrackPointExtension>
        </extensions>
      </trkpt>
      <trkpt lat="29.3987202085554599761962890625" lon="83.2662928104400634765625">
        <ele>4106.60009765625</ele>
        <time>2026-08-21T04:42:36.000Z</time>
        <extensions>
          <ns3:TrackPointExtension>
            <ns3:hr>108</ns3:hr>
            <ns3:cad>0</ns3:cad>
          </ns3:TrackPointExtension>
        </extensions>
      </trkpt>
      <trkpt lat="29.39871878363192081451416015625" lon="83.2662906311452388763427734375">
        <ele>4106.2001953125</ele>
        <time>2026-08-21T04:42:49.000Z</time>
        <extensions>
          <ns3:TrackPointExtension>
            <ns3:hr>108</ns3:hr>
            <ns3:cad>0</ns3:cad>
          </ns3:TrackPointExtension>
        </extensions>
      </trkpt>
      <trkpt lat="29.3987185321748256683349609375" lon="83.266290463507175445556640625">
        <ele>4107.2001953125</ele>
        <time>2026-08-21T04:42:51.000Z</time>
        <extensions>
          <ns3:TrackPointExtension>
            <ns3:hr>104</ns3:hr>
            <ns3:cad>0</ns3:cad>
          </ns3:TrackPointExtension>
        </extensions>
      </trkpt>
      <trkpt lat="29.39871828071773052215576171875" lon="83.2662902958691120147705078125">
        <ele>4107.39990234375</ele>
        <time>2026-08-21T04:42:53.000Z</time>
        <extensions>
          <ns3:TrackPointExtension>
            <ns3:hr>104</ns3:hr>
            <ns3:cad>0</ns3:cad>
          </ns3:TrackPointExtension>
        </extensions>
      </trkpt>
      <trkpt lat="29.39871727488934993743896484375" lon="83.2662941515445709228515625">
        <ele>4106.60009765625</ele>
        <time>2026-08-21T04:43:11.000Z</time>
        <extensions>
          <ns3:TrackPointExtension>
            <ns3:hr>104</ns3:hr>
            <ns3:cad>0</ns3:cad>
          </ns3:TrackPointExtension>
        </extensions>
      </trkpt>
      <trkpt lat="29.39871861599385738372802734375" lon="83.26629616320133209228515625">
        <ele>4106.39990234375</ele>
        <time>2026-08-21T04:43:12.000Z</time>
        <extensions>
          <ns3:TrackPointExtension>
            <ns3:hr>104</ns3:hr>
            <ns3:cad>0</ns3:cad>
          </ns3:TrackPointExtension>
        </extensions>
      </trkpt>
      <trkpt lat="29.398722387850284576416015625" lon="83.26631116680800914764404296875">
        <ele>4107.39990234375</ele>
        <time>2026-08-21T04:43:17.000Z</time>
        <extensions>
          <ns3:TrackPointExtension>
            <ns3:hr>104</ns3:hr>
            <ns3:cad>0</ns3:cad>
          </ns3:TrackPointExtension>
        </extensions>
      </trkpt>
      <trkpt lat="29.39872272312641143798828125" lon="83.2663114182651042938232421875">
        <ele>4107.7998046875</ele>
        <time>2026-08-21T04:43:18.000Z</time>
        <extensions>
          <ns3:TrackPointExtension>
            <ns3:hr>104</ns3:hr>
            <ns3:cad>0</ns3:cad>
          </ns3:TrackPointExtension>
        </extensions>
      </trkpt>
      <trkpt lat="29.398723058402538299560546875" lon="83.26631049625575542449951171875">
        <ele>4107.60009765625</ele>
        <time>2026-08-21T04:43:25.000Z</time>
        <extensions>
          <ns3:TrackPointExtension>
            <ns3:hr>104</ns3:hr>
            <ns3:cad>0</ns3:cad>
          </ns3:TrackPointExtension>
        </extensions>
      </trkpt>
      <trkpt lat="29.39871962182223796844482421875" lon="83.2663120888173580169677734375">
        <ele>4107.2001953125</ele>
        <time>2026-08-21T04:43:31.000Z</time>
        <extensions>
          <ns3:TrackPointExtension>
            <ns3:hr>103</ns3:hr>
            <ns3:cad>0</ns3:cad>
          </ns3:TrackPointExtension>
        </extensions>
      </trkpt>
      <trkpt lat="29.39871878363192081451416015625" lon="83.2663117535412311553955078125">
        <ele>4106.7998046875</ele>
        <time>2026-08-21T04:43:41.000Z</time>
        <extensions>
          <ns3:TrackPointExtension>
            <ns3:hr>104</ns3:hr>
            <ns3:cad>0</ns3:cad>
          </ns3:TrackPointExtension>
        </extensions>
      </trkpt>
      <trkpt lat="29.3987185321748256683349609375" lon="83.266311585903167724609375">
        <ele>4107</ele>
        <time>2026-08-21T04:43:45.000Z</time>
        <extensions>
          <ns3:TrackPointExtension>
            <ns3:hr>101</ns3:hr>
            <ns3:cad>0</ns3:cad>
          </ns3:TrackPointExtension>
        </extensions>
      </trkpt>
      <trkpt lat="29.3987195380032062530517578125" lon="83.2663114182651042938232421875">
        <ele>4106.7998046875</ele>
        <time>2026-08-21T04:44:06.000Z</time>
        <extensions>
          <ns3:TrackPointExtension>
            <ns3:hr>102</ns3:hr>
            <ns3:cad>0</ns3:cad>
          </ns3:TrackPointExtension>
        </extensions>
      </trkpt>
      <trkpt lat="29.3987202085554599761962890625" lon="83.26631116680800914764404296875">
        <ele>4106.7998046875</ele>
        <time>2026-08-21T04:44:19.000Z</time>
        <extensions>
          <ns3:TrackPointExtension>
            <ns3:hr>99</ns3:hr>
            <ns3:cad>0</ns3:cad>
          </ns3:TrackPointExtension>
        </extensions>
      </trkpt>
      <trkpt lat="29.3987202085554599761962890625" lon="83.26631099916994571685791015625">
        <ele>4106.7998046875</ele>
        <time>2026-08-21T04:44:24.000Z</time>
        <extensions>
          <ns3:TrackPointExtension>
            <ns3:hr>98</ns3:hr>
            <ns3:cad>0</ns3:cad>
          </ns3:TrackPointExtension>
        </extensions>
      </trkpt>
      <trkpt lat="29.39872046001255512237548828125" lon="83.26631091535091400146484375">
        <ele>4106.7998046875</ele>
        <time>2026-08-21T04:44:30.000Z</time>
        <extensions>
          <ns3:TrackPointExtension>
            <ns3:hr>102</ns3:hr>
            <ns3:cad>0</ns3:cad>
          </ns3:TrackPointExtension>
        </extensions>
      </trkpt>
      <trkpt lat="29.39872062765061855316162109375" lon="83.26631083153188228607177734375">
        <ele>4106.7998046875</ele>
        <time>2026-08-21T04:44:36.000Z</time>
        <extensions>
          <ns3:TrackPointExtension>
            <ns3:hr>105</ns3:hr>
            <ns3:cad>0</ns3:cad>
          </ns3:TrackPointExtension>
        </extensions>
      </trkpt>
      <trkpt lat="29.398720376193523406982421875" lon="83.2663107477128505706787109375">
        <ele>4106.39990234375</ele>
        <time>2026-08-21T04:44:45.000Z</time>
        <extensions>
          <ns3:TrackPointExtension>
            <ns3:hr>103</ns3:hr>
            <ns3:cad>0</ns3:cad>
          </ns3:TrackPointExtension>
        </extensions>
      </trkpt>
      <trkpt lat="29.398720376193523406982421875" lon="83.26631083153188228607177734375">
        <ele>4106.39990234375</ele>
        <time>2026-08-21T04:44:46.000Z</time>
        <extensions>
          <ns3:TrackPointExtension>
            <ns3:hr>103</ns3:hr>
            <ns3:cad>0</ns3:cad>
          </ns3:TrackPointExtension>
        </extensions>
      </trkpt>
      <trkpt lat="29.39872029237449169158935546875" lon="83.266311585903167724609375">
        <ele>4106.60009765625</ele>
        <time>2026-08-21T04:44:51.000Z</time>
        <extensions>
          <ns3:TrackPointExtension>
            <ns3:hr>100</ns3:hr>
            <ns3:cad>0</ns3:cad>
          </ns3:TrackPointExtension>
        </extensions>
      </trkpt>
      <trkpt lat="29.3987228907644748687744140625" lon="83.26631703414022922515869140625">
        <ele>4106.7998046875</ele>
        <time>2026-08-21T04:44:55.000Z</time>
        <extensions>
          <ns3:TrackPointExtension>
            <ns3:hr>99</ns3:hr>
            <ns3:cad>0</ns3:cad>
          </ns3:TrackPointExtension>
        </extensions>
      </trkpt>
      <trkpt lat="29.39872800372540950775146484375" lon="83.26631988398730754852294921875">
        <ele>4107</ele>
        <time>2026-08-21T04:45:13.000Z</time>
        <extensions>
          <ns3:TrackPointExtension>
            <ns3:hr>99</ns3:hr>
            <ns3:cad>0</ns3:cad>
          </ns3:TrackPointExtension>
        </extensions>
      </trkpt>
      <trkpt lat="29.39872867427766323089599609375" lon="83.26632021926343441009521484375">
        <ele>4106</ele>
        <time>2026-08-21T04:45:22.000Z</time>
        <extensions>
          <ns3:TrackPointExtension>
            <ns3:hr>100</ns3:hr>
            <ns3:cad>0</ns3:cad>
          </ns3:TrackPointExtension>
        </extensions>
      </trkpt>
      <trkpt lat="29.39872942864894866943359375" lon="83.26631988398730754852294921875">
        <ele>4105.7998046875</ele>
        <time>2026-08-21T04:45:30.000Z</time>
        <extensions>
          <ns3:TrackPointExtension>
            <ns3:hr>96</ns3:hr>
            <ns3:cad>0</ns3:cad>
          </ns3:TrackPointExtension>
        </extensions>
      </trkpt>
      <trkpt lat="29.3987295962870121002197265625" lon="83.2663198001682758331298828125">
        <ele>4105.7998046875</ele>
        <time>2026-08-21T04:45:33.000Z</time>
        <extensions>
          <ns3:TrackPointExtension>
            <ns3:hr>93</ns3:hr>
            <ns3:cad>0</ns3:cad>
          </ns3:TrackPointExtension>
        </extensions>
      </trkpt>
      <trkpt lat="29.398723728954792022705078125" lon="83.26632575131952762603759765625">
        <ele>4106.39990234375</ele>
        <time>2026-08-21T04:45:39.000Z</time>
        <extensions>
          <ns3:TrackPointExtension>
            <ns3:hr>94</ns3:hr>
            <ns3:cad>0</ns3:cad>
          </ns3:TrackPointExtension>
        </extensions>
      </trkpt>
      <trkpt lat="29.398720376193523406982421875" lon="83.266329355537891387939453125">
        <ele>4107.39990234375</ele>
        <time>2026-08-21T04:45:42.000Z</time>
        <extensions>
          <ns3:TrackPointExtension>
            <ns3:hr>98</ns3:hr>
            <ns3:cad>0</ns3:cad>
          </ns3:TrackPointExtension>
        </extensions>
      </trkpt>
      <trkpt lat="29.39872012473642826080322265625" lon="83.26632960699498653411865234375">
        <ele>4107.60009765625</ele>
        <time>2026-08-21T04:45:43.000Z</time>
        <extensions>
          <ns3:TrackPointExtension>
            <ns3:hr>99</ns3:hr>
            <ns3:cad>0</ns3:cad>
          </ns3:TrackPointExtension>
        </extensions>
      </trkpt>
      <trkpt lat="29.39872004091739654541015625" lon="83.26632969081401824951171875">
        <ele>4107.60009765625</ele>
        <time>2026-08-21T04:45:44.000Z</time>
        <extensions>
          <ns3:TrackPointExtension>
            <ns3:hr>99</ns3:hr>
            <ns3:cad>0</ns3:cad>
          </ns3:TrackPointExtension>
        </extensions>
      </trkpt>
      <trkpt lat="29.3987195380032062530517578125" lon="83.2663291878998279571533203125">
        <ele>4107.39990234375</ele>
        <time>2026-08-21T04:45:58.000Z</time>
        <extensions>
          <ns3:TrackPointExtension>
            <ns3:hr>100</ns3:hr>
            <ns3:cad>0</ns3:cad>
          </ns3:TrackPointExtension>
        </extensions>
      </trkpt>
      <trkpt lat="29.39871878363192081451416015625" lon="83.2663285173475742340087890625">
        <ele>4107.39990234375</ele>
        <time>2026-08-21T04:46:06.000Z</time>
        <extensions>
          <ns3:TrackPointExtension>
            <ns3:hr>99</ns3:hr>
            <ns3:cad>0</ns3:cad>
          </ns3:TrackPointExtension>
        </extensions>
      </trkpt>
      <trkpt lat="29.39871710725128650665283203125" lon="83.2663301937282085418701171875">
        <ele>4107.60009765625</ele>
        <time>2026-08-21T04:46:21.000Z</time>
        <extensions>
          <ns3:TrackPointExtension>
            <ns3:hr>102</ns3:hr>
            <ns3:cad>0</ns3:cad>
          </ns3:TrackPointExtension>
        </extensions>
      </trkpt>
      <trkpt lat="29.39871710725128650665283203125" lon="83.26632969081401824951171875">
        <ele>4107.2001953125</ele>
        <time>2026-08-21T04:46:24.000Z</time>
        <extensions>
          <ns3:TrackPointExtension>
            <ns3:hr>99</ns3:hr>
            <ns3:cad>0</ns3:cad>
          </ns3:TrackPointExtension>
        </extensions>
      </trkpt>
      <trkpt lat="29.39870151691138744354248046875" lon="83.266338407993316650390625">
        <ele>4107</ele>
        <time>2026-08-21T04:46:34.000Z</time>
        <extensions>
          <ns3:TrackPointExtension>
            <ns3:hr>96</ns3:hr>
            <ns3:cad>0</ns3:cad>
          </ns3:TrackPointExtension>
        </extensions>
      </trkpt>
      <trkpt lat="29.39864669926464557647705078125" lon="83.26639682985842227935791015625">
        <ele>4108.39990234375</ele>
        <time>2026-08-21T04:46:40.000Z</time>
        <extensions>
          <ns3:TrackPointExtension>
            <ns3:hr>98</ns3:hr>
            <ns3:cad>0</ns3:cad>
          </ns3:TrackPointExtension>
        </extensions>
      </trkpt>
      <trkpt lat="29.39861007034778594970703125" lon="83.26642046682536602020263671875">
        <ele>4108.39990234375</ele>
        <time>2026-08-21T04:46:44.000Z</time>
        <extensions>
          <ns3:TrackPointExtension>
            <ns3:hr>98</ns3:hr>
            <ns3:cad>0</ns3:cad>
          </ns3:TrackPointExtension>
        </extensions>
      </trkpt>
      <trkpt lat="29.3986005149781703948974609375" lon="83.26642381958663463592529296875">
        <ele>4108.60009765625</ele>
        <time>2026-08-21T04:46:45.000Z</time>
        <extensions>
          <ns3:TrackPointExtension>
            <ns3:hr>99</ns3:hr>
            <ns3:cad>0</ns3:cad>
          </ns3:TrackPointExtension>
        </extensions>
      </trkpt>
      <trkpt lat="29.3985907919704914093017578125" lon="83.266425915062427520751953125">
        <ele>4108.7998046875</ele>
        <time>2026-08-21T04:46:46.000Z</time>
        <extensions>
          <ns3:TrackPointExtension>
            <ns3:hr>99</ns3:hr>
            <ns3:cad>44</ns3:cad>
          </ns3:TrackPointExtension>
        </extensions>
      </trkpt>
      <trkpt lat="29.3985465355217456817626953125" lon="83.266434632241725921630859375">
        <ele>4109.60009765625</ele>
        <time>2026-08-21T04:46:50.000Z</time>
        <extensions>
          <ns3:TrackPointExtension>
            <ns3:hr>98</ns3:hr>
            <ns3:cad>0</ns3:cad>
          </ns3:TrackPointExtension>
        </extensions>
      </trkpt>
      <trkpt lat="29.39853756688535213470458984375" lon="83.2664364762604236602783203125">
        <ele>4109.7998046875</ele>
        <time>2026-08-21T04:46:51.000Z</time>
        <extensions>
          <ns3:TrackPointExtension>
            <ns3:hr>98</ns3:hr>
            <ns3:cad>0</ns3:cad>
          </ns3:TrackPointExtension>
        </extensions>
      </trkpt>
      <trkpt lat="29.3985093198716640472412109375" lon="83.26644209213554859161376953125">
        <ele>4110.39990234375</ele>
        <time>2026-08-21T04:46:54.000Z</time>
        <extensions>
          <ns3:TrackPointExtension>
            <ns3:hr>101</ns3:hr>
            <ns3:cad>0</ns3:cad>
          </ns3:TrackPointExtension>
        </extensions>
      </trkpt>
      <trkpt lat="29.39847654663026332855224609375" lon="83.2664445228874683380126953125">
        <ele>4110.60009765625</ele>
        <time>2026-08-21T04:46:57.000Z</time>
        <extensions>
          <ns3:TrackPointExtension>
            <ns3:hr>103</ns3:hr>
            <ns3:cad>44</ns3:cad>
          </ns3:TrackPointExtension>
        </extensions>
      </trkpt>
      <trkpt lat="29.39844989217817783355712890625" lon="83.26644913293421268463134765625">
        <ele>4111</ele>
        <time>2026-08-21T04:47:00.000Z</time>
        <extensions>
          <ns3:TrackPointExtension>
            <ns3:hr>106</ns3:hr>
            <ns3:cad>0</ns3:cad>
          </ns3:TrackPointExtension>
        </extensions>
      </trkpt>
      <trkpt lat="29.398435056209564208984375" lon="83.2664508931338787078857421875">
        <ele>4111.39990234375</ele>
        <time>2026-08-21T04:47:02.000Z</time>
        <extensions>
          <ns3:TrackPointExtension>
            <ns3:hr>106</ns3:hr>
            <ns3:cad>0</ns3:cad>
          </ns3:TrackPointExtension>
        </extensions>
      </trkpt>
      <trkpt lat="29.39841820858418941497802734375" lon="83.26645315624773502349853515625">
        <ele>4111.7998046875</ele>
        <time>2026-08-21T04:47:04.000Z</time>
        <extensions>
          <ns3:TrackPointExtension>
            <ns3:hr>107</ns3:hr>
            <ns3:cad>0</ns3:cad>
          </ns3:TrackPointExtension>
        </extensions>
      </trkpt>
      <trkpt lat="29.3983929790556430816650390625" lon="83.26645768247544765472412109375">
        <ele>4112.39990234375</ele>
        <time>2026-08-21T04:47:07.000Z</time>
        <extensions>
          <ns3:TrackPointExtension>
            <ns3:hr>107</ns3:hr>
            <ns3:cad>0</ns3:cad>
          </ns3:TrackPointExtension>
        </extensions>
      </trkpt>
      <trkpt lat="29.39837076701223850250244140625" lon="83.2664636336266994476318359375">
        <ele>4112.7998046875</ele>
        <time>2026-08-21T04:47:10.000Z</time>
        <extensions>
          <ns3:TrackPointExtension>
            <ns3:hr>109</ns3:hr>
            <ns3:cad>0</ns3:cad>
          </ns3:TrackPointExtension>
        </extensions>
      </trkpt>
      <trkpt lat="29.39834729768335819244384765625" lon="83.266468159854412078857421875">
        <ele>4113.60009765625</ele>
        <time>2026-08-21T04:47:13.000Z</time>
        <extensions>
          <ns3:TrackPointExtension>
            <ns3:hr>111</ns3:hr>
            <ns3:cad>0</ns3:cad>
          </ns3:TrackPointExtension>
        </extensions>
      </trkpt>
      <trkpt lat="29.39834008924663066864013671875" lon="83.26647092588245868682861328125">
        <ele>4114</ele>
        <time>2026-08-21T04:47:14.000Z</time>
        <extensions>
          <ns3:TrackPointExtension>
            <ns3:hr>112</ns3:hr>
            <ns3:cad>0</ns3:cad>
          </ns3:TrackPointExtension>
        </extensions>
      </trkpt>
      <trkpt lat="29.3983037956058979034423828125" lon="83.266490958631038665771484375">
        <ele>4114.60009765625</ele>
        <time>2026-08-21T04:47:19.000Z</time>
        <extensions>
          <ns3:TrackPointExtension>
            <ns3:hr>114</ns3:hr>
            <ns3:cad>75</ns3:cad>
          </ns3:TrackPointExtension>
        </extensions>
      </trkpt>
      <trkpt lat="29.39826213754713535308837890625" lon="83.2665186189115047454833984375">
        <ele>4114.39990234375</ele>
        <time>2026-08-21T04:47:24.000Z</time>
        <extensions>
          <ns3:TrackPointExtension>
            <ns3:hr>114</ns3:hr>
            <ns3:cad>0</ns3:cad>
          </ns3:TrackPointExtension>
        </extensions>
      </trkpt>
      <trkpt lat="29.39822693355381488800048828125" lon="83.2665457762777805328369140625">
        <ele>4114.39990234375</ele>
        <time>2026-08-21T04:47:29.000Z</time>
        <extensions>
          <ns3:TrackPointExtension>
            <ns3:hr>112</ns3:hr>
            <ns3:cad>0</ns3:cad>
          </ns3:TrackPointExtension>
        </extensions>
      </trkpt>
      <trkpt lat="29.39819692634046077728271484375" lon="83.266572766005992889404296875">
        <ele>4115.2001953125</ele>
        <time>2026-08-21T04:47:33.000Z</time>
        <extensions>
          <ns3:TrackPointExtension>
            <ns3:hr>112</ns3:hr>
            <ns3:cad>0</ns3:cad>
          </ns3:TrackPointExtension>
        </extensions>
      </trkpt>
      <trkpt lat="29.39818896353244781494140625" lon="83.266579471528530120849609375">
        <ele>4115.2001953125</ele>
        <time>2026-08-21T04:47:34.000Z</time>
        <extensions>
          <ns3:TrackPointExtension>
            <ns3:hr>113</ns3:hr>
            <ns3:cad>0</ns3:cad>
          </ns3:TrackPointExtension>
        </extensions>
      </trkpt>
      <trkpt lat="29.3981440365314483642578125" lon="83.26662448234856128692626953125">
        <ele>4116.2001953125</ele>
        <time>2026-08-21T04:47:40.000Z</time>
        <extensions>
          <ns3:TrackPointExtension>
            <ns3:hr>113</ns3:hr>
            <ns3:cad>78</ns3:cad>
          </ns3:TrackPointExtension>
        </extensions>
      </trkpt>
      <trkpt lat="29.39813741482794284820556640625" lon="83.26663286425173282623291015625">
        <ele>4116.2001953125</ele>
        <time>2026-08-21T04:47:41.000Z</time>
        <extensions>
          <ns3:TrackPointExtension>
            <ns3:hr>113</ns3:hr>
            <ns3:cad>0</ns3:cad>
          </ns3:TrackPointExtension>
        </extensions>
      </trkpt>
      <trkpt lat="29.39810120500624179840087890625" lon="83.2666721753776073455810546875">
        <ele>4116.7998046875</ele>
        <time>2026-08-21T04:47:46.000Z</time>
        <extensions>
          <ns3:TrackPointExtension>
            <ns3:hr>114</ns3:hr>
            <ns3:cad>0</ns3:cad>
          </ns3:TrackPointExtension>
        </extensions>
      </trkpt>
      <trkpt lat="29.398050494492053985595703125" lon="83.2667278312146663665771484375">
        <ele>4116.7998046875</ele>
        <time>2026-08-21T04:47:53.000Z</time>
        <extensions>
          <ns3:TrackPointExtension>
            <ns3:hr>114</ns3:hr>
            <ns3:cad>0</ns3:cad>
          </ns3:TrackPointExtension>
        </extensions>
      </trkpt>
      <trkpt lat="29.398032724857330322265625" lon="83.26675272546708583831787109375">
        <ele>4117.2001953125</ele>
        <time>2026-08-21T04:47:56.000Z</time>
        <extensions>
          <ns3:TrackPointExtension>
            <ns3:hr>115</ns3:hr>
            <ns3:cad>0</ns3:cad>
          </ns3:TrackPointExtension>
        </extensions>
      </trkpt>
      <trkpt lat="29.398016631603240966796875" lon="83.2667720876634120941162109375">
        <ele>4118</ele>
        <time>2026-08-21T04:47:59.000Z</time>
        <extensions>
          <ns3:TrackPointExtension>
            <ns3:hr>116</ns3:hr>
            <ns3:cad>0</ns3:cad>
          </ns3:TrackPointExtension>
        </extensions>
      </trkpt>
      <trkpt lat="29.3980074115097522735595703125" lon="83.26678491197526454925537109375">
        <ele>4118.39990234375</ele>
        <time>2026-08-21T04:48:01.000Z</time>
        <extensions>
          <ns3:TrackPointExtension>
            <ns3:hr>116</ns3:hr>
            <ns3:cad>0</ns3:cad>
          </ns3:TrackPointExtension>
        </extensions>
      </trkpt>
      <trkpt lat="29.39797732047736644744873046875" lon="83.26682061888277530670166015625">
        <ele>4119.39990234375</ele>
        <time>2026-08-21T04:48:06.000Z</time>
        <extensions>
          <ns3:TrackPointExtension>
            <ns3:hr>117</ns3:hr>
            <ns3:cad>41</ns3:cad>
          </ns3:TrackPointExtension>
        </extensions>
      </trkpt>
      <trkpt lat="29.3979292921721935272216796875" lon="83.2668686471879482269287109375">
        <ele>4118.7998046875</ele>
        <time>2026-08-21T04:48:12.000Z</time>
        <extensions>
          <ns3:TrackPointExtension>
            <ns3:hr>116</ns3:hr>
            <ns3:cad>0</ns3:cad>
          </ns3:TrackPointExtension>
        </extensions>
      </trkpt>
      <trkpt lat="29.39790196716785430908203125" lon="83.26689672656357288360595703125">
        <ele>4118.60009765625</ele>
        <time>2026-08-21T04:48:18.000Z</time>
        <extensions>
          <ns3:TrackPointExtension>
            <ns3:hr>116</ns3:hr>
            <ns3:cad>0</ns3:cad>
          </ns3:TrackPointExtension>
        </extensions>
      </trkpt>
      <trkpt lat="29.397898614406585693359375" lon="83.266899995505809783935546875">
        <ele>4118.39990234375</ele>
        <time>2026-08-21T04:48:25.000Z</time>
        <extensions>
          <ns3:TrackPointExtension>
            <ns3:hr>116</ns3:hr>
            <ns3:cad>0</ns3:cad>
          </ns3:TrackPointExtension>
        </extensions>
      </trkpt>
      <trkpt lat="29.397877156734466552734375" lon="83.26693327166140079498291015625">
        <ele>4118.60009765625</ele>
        <time>2026-08-21T04:48:35.000Z</time>
        <extensions>
          <ns3:TrackPointExtension>
            <ns3:hr>114</ns3:hr>
            <ns3:cad>0</ns3:cad>
          </ns3:TrackPointExtension>
        </extensions>
      </trkpt>
      <trkpt lat="29.39785259775817394256591796875" lon="83.26695657335221767425537109375">
        <ele>4119.7998046875</ele>
        <time>2026-08-21T04:48:38.000Z</time>
        <extensions>
          <ns3:TrackPointExtension>
            <ns3:hr>114</ns3:hr>
            <ns3:cad>47</ns3:cad>
          </ns3:TrackPointExtension>
        </extensions>
      </trkpt>
      <trkpt lat="29.3978176452219486236572265625" lon="83.26699043624103069305419921875">
        <ele>4119.7998046875</ele>
        <time>2026-08-21T04:48:42.000Z</time>
        <extensions>
          <ns3:TrackPointExtension>
            <ns3:hr>114</ns3:hr>
            <ns3:cad>46</ns3:cad>
          </ns3:TrackPointExtension>
        </extensions>
      </trkpt>
      <trkpt lat="29.397767521440982818603515625" lon="83.26704558916389942169189453125">
        <ele>4119.60009765625</ele>
        <time>2026-08-21T04:48:48.000Z</time>
        <extensions>
          <ns3:TrackPointExtension>
            <ns3:hr>112</ns3:hr>
            <ns3:cad>49</ns3:cad>
          </ns3:TrackPointExtension>
        </extensions>
      </trkpt>
      <trkpt lat="29.3977083452045917510986328125" lon="83.2671127282083034515380859375">
        <ele>4119.60009765625</ele>
        <time>2026-08-21T04:48:54.000Z</time>
        <extensions>
          <ns3:TrackPointExtension>
            <ns3:hr>110</ns3:hr>
            <ns3:cad>50</ns3:cad>
          </ns3:TrackPointExtension>
        </extensions>
      </trkpt>
      <trkpt lat="29.39764740876853466033935546875" lon="83.2671833038330078125">
        <ele>4119.39990234375</ele>
        <time>2026-08-21T04:49:01.000Z</time>
        <extensions>
          <ns3:TrackPointExtension>
            <ns3:hr>111</ns3:hr>
            <ns3:cad>51</ns3:cad>
          </ns3:TrackPointExtension>
        </extensions>
      </trkpt>
      <trkpt lat="29.39759158529341220855712890625" lon="83.26723954640328884124755859375">
        <ele>4119.60009765625</ele>
        <time>2026-08-21T04:49:07.000Z</time>
        <extensions>
          <ns3:TrackPointExtension>
            <ns3:hr>111</ns3:hr>
            <ns3:cad>51</ns3:cad>
          </ns3:TrackPointExtension>
        </extensions>
      </trkpt>
      <trkpt lat="29.3975249491631984710693359375" lon="83.26729654334485530853271484375">
        <ele>4119.7998046875</ele>
        <time>2026-08-21T04:49:13.000Z</time>
        <extensions>
          <ns3:TrackPointExtension>
            <ns3:hr>109</ns3:hr>
            <ns3:cad>51</ns3:cad>
          </ns3:TrackPointExtension>
        </extensions>
      </trkpt>
      <trkpt lat="29.39746803604066371917724609375" lon="83.26734683476388454437255859375">
        <ele>4119.7998046875</ele>
        <time>2026-08-21T04:49:19.000Z</time>
        <extensions>
          <ns3:TrackPointExtension>
            <ns3:hr>108</ns3:hr>
            <ns3:cad>51</ns3:cad>
          </ns3:TrackPointExtension>
        </extensions>
      </trkpt>
      <trkpt lat="29.39741875045001506805419921875" lon="83.26740433461964130401611328125">
        <ele>4120</ele>
        <time>2026-08-21T04:49:25.000Z</time>
        <extensions>
          <ns3:TrackPointExtension>
            <ns3:hr>108</ns3:hr>
            <ns3:cad>50</ns3:cad>
          </ns3:TrackPointExtension>
        </extensions>
      </trkpt>
      <trkpt lat="29.397354461252689361572265625" lon="83.2674684561789035797119140625">
        <ele>4120.2001953125</ele>
        <time>2026-08-21T04:49:32.000Z</time>
        <extensions>
          <ns3:TrackPointExtension>
            <ns3:hr>107</ns3:hr>
            <ns3:cad>50</ns3:cad>
          </ns3:TrackPointExtension>
        </extensions>
      </trkpt>
      <trkpt lat="29.39730358310043811798095703125" lon="83.26751883141696453094482421875">
        <ele>4120.39990234375</ele>
        <time>2026-08-21T04:49:38.000Z</time>
        <extensions>
          <ns3:TrackPointExtension>
            <ns3:hr>105</ns3:hr>
            <ns3:cad>48</ns3:cad>
          </ns3:TrackPointExtension>
        </extensions>
      </trkpt>
      <trkpt lat="29.39726770855486392974853515625" lon="83.26754548586905002593994140625">
        <ele>4120.60009765625</ele>
        <time>2026-08-21T04:49:42.000Z</time>
        <extensions>
          <ns3:TrackPointExtension>
            <ns3:hr>108</ns3:hr>
            <ns3:cad>46</ns3:cad>
          </ns3:TrackPointExtension>
        </extensions>
      </trkpt>
      <trkpt lat="29.3972587399184703826904296875" lon="83.26755302958190441131591796875">
        <ele>4120.7998046875</ele>
        <time>2026-08-21T04:49:43.000Z</time>
        <extensions>
          <ns3:TrackPointExtension>
            <ns3:hr>108</ns3:hr>
            <ns3:cad>47</ns3:cad>
          </ns3:TrackPointExtension>
        </extensions>
      </trkpt>
      <trkpt lat="29.3972490169107913970947265625" lon="83.26756124384701251983642578125">
        <ele>4121</ele>
        <time>2026-08-21T04:49:44.000Z</time>
        <extensions>
          <ns3:TrackPointExtension>
            <ns3:hr>108</ns3:hr>
            <ns3:cad>47</ns3:cad>
          </ns3:TrackPointExtension>
        </extensions>
      </trkpt>
      <trkpt lat="29.39720769412815570831298828125" lon="83.2675923407077789306640625">
        <ele>4121</ele>
        <time>2026-08-21T04:49:49.000Z</time>
        <extensions>
          <ns3:TrackPointExtension>
            <ns3:hr>110</ns3:hr>
            <ns3:cad>0</ns3:cad>
          </ns3:TrackPointExtension>
        </extensions>
      </trkpt>
      <trkpt lat="29.3971752561628818511962890625" lon="83.267618156969547271728515625">
        <ele>4121.2001953125</ele>
        <time>2026-08-21T04:49:53.000Z</time>
        <extensions>
          <ns3:TrackPointExtension>
            <ns3:hr>110</ns3:hr>
            <ns3:cad>47</ns3:cad>
          </ns3:TrackPointExtension>
        </extensions>
      </trkpt>
      <trkpt lat="29.3971283175051212310791015625" lon="83.26766249723732471466064453125">
        <ele>4121.2001953125</ele>
        <time>2026-08-21T04:49:59.000Z</time>
        <extensions>
          <ns3:TrackPointExtension>
            <ns3:hr>110</ns3:hr>
            <ns3:cad>44</ns3:cad>
          </ns3:TrackPointExtension>
        </extensions>
      </trkpt>
      <trkpt lat="29.39709839411079883575439453125" lon="83.2676942646503448486328125">
        <ele>4121.39990234375</ele>
        <time>2026-08-21T04:50:03.000Z</time>
        <extensions>
          <ns3:TrackPointExtension>
            <ns3:hr>110</ns3:hr>
            <ns3:cad>44</ns3:cad>
          </ns3:TrackPointExtension>
        </extensions>
      </trkpt>
      <trkpt lat="29.3970569036900997161865234375" lon="83.26773273758590221405029296875">
        <ele>4121.60009765625</ele>
        <time>2026-08-21T04:50:08.000Z</time>
        <extensions>
          <ns3:TrackPointExtension>
            <ns3:hr>109</ns3:hr>
            <ns3:cad>0</ns3:cad>
          </ns3:TrackPointExtension>
        </extensions>
      </trkpt>
      <trkpt lat="29.39700937829911708831787109375" lon="83.26776375062763690948486328125">
        <ele>4121.7998046875</ele>
        <time>2026-08-21T04:50:13.000Z</time>
        <extensions>
          <ns3:TrackPointExtension>
            <ns3:hr>106</ns3:hr>
            <ns3:cad>0</ns3:cad>
          </ns3:TrackPointExtension>
        </extensions>
      </trkpt>
      <trkpt lat="29.397002421319484710693359375" lon="83.26777045615017414093017578125">
        <ele>4121.7998046875</ele>
        <time>2026-08-21T04:50:14.000Z</time>
        <extensions>
          <ns3:TrackPointExtension>
            <ns3:hr>106</ns3:hr>
            <ns3:cad>47</ns3:cad>
          </ns3:TrackPointExtension>
        </extensions>
      </trkpt>
      <trkpt lat="29.3969932012259960174560546875" lon="83.26777649112045764923095703125">
        <ele>4122</ele>
        <time>2026-08-21T04:50:15.000Z</time>
        <extensions>
          <ns3:TrackPointExtension>
            <ns3:hr>105</ns3:hr>
            <ns3:cad>47</ns3:cad>
          </ns3:TrackPointExtension>
        </extensions>
      </trkpt>
      <trkpt lat="29.39693846739828586578369140625" lon="83.26782259158790111541748046875">
        <ele>4122.2001953125</ele>
        <time>2026-08-21T04:50:21.000Z</time>
        <extensions>
          <ns3:TrackPointExtension>
            <ns3:hr>104</ns3:hr>
            <ns3:cad>45</ns3:cad>
          </ns3:TrackPointExtension>
        </extensions>
      </trkpt>
      <trkpt lat="29.39688582904636859893798828125" lon="83.2678613997995853424072265625">
        <ele>4122.2001953125</ele>
        <time>2026-08-21T04:50:27.000Z</time>
        <extensions>
          <ns3:TrackPointExtension>
            <ns3:hr>108</ns3:hr>
            <ns3:cad>46</ns3:cad>
          </ns3:TrackPointExtension>
        </extensions>
      </trkpt>
      <trkpt lat="29.39688012935221195220947265625" lon="83.26786634512245655059814453125">
        <ele>4122.2001953125</ele>
        <time>2026-08-21T04:50:28.000Z</time>
        <extensions>
          <ns3:TrackPointExtension>
            <ns3:hr>108</ns3:hr>
            <ns3:cad>46</ns3:cad>
          </ns3:TrackPointExtension>
        </extensions>
      </trkpt>
      <trkpt lat="29.39682774245738983154296875" lon="83.26790255494415760040283203125">
        <ele>4122.2001953125</ele>
        <time>2026-08-21T04:50:34.000Z</time>
        <extensions>
          <ns3:TrackPointExtension>
            <ns3:hr>109</ns3:hr>
            <ns3:cad>47</ns3:cad>
          </ns3:TrackPointExtension>
        </extensions>
      </trkpt>
      <trkpt lat="29.39677217043936252593994140625" lon="83.2679438777267932891845703125">
        <ele>4122.39990234375</ele>
        <time>2026-08-21T04:50:40.000Z</time>
        <extensions>
          <ns3:TrackPointExtension>
            <ns3:hr>109</ns3:hr>
            <ns3:cad>47</ns3:cad>
          </ns3:TrackPointExtension>
        </extensions>
      </trkpt>
      <trkpt lat="29.39672447741031646728515625" lon="83.26797916553914546966552734375">
        <ele>4122.39990234375</ele>
        <time>2026-08-21T04:50:45.000Z</time>
        <extensions>
          <ns3:TrackPointExtension>
            <ns3:hr>109</ns3:hr>
            <ns3:cad>47</ns3:cad>
          </ns3:TrackPointExtension>
        </extensions>
      </trkpt>
      <trkpt lat="29.3966730125248432159423828125" lon="83.26801604591310024261474609375">
        <ele>4122.39990234375</ele>
        <time>2026-08-21T04:50:51.000Z</time>
        <extensions>
          <ns3:TrackPointExtension>
            <ns3:hr>108</ns3:hr>
            <ns3:cad>48</ns3:cad>
          </ns3:TrackPointExtension>
        </extensions>
      </trkpt>
      <trkpt lat="29.39662565477192401885986328125" lon="83.26805426739156246185302734375">
        <ele>4122.39990234375</ele>
        <time>2026-08-21T04:50:56.000Z</time>
        <extensions>
          <ns3:TrackPointExtension>
            <ns3:hr>108</ns3:hr>
            <ns3:cad>46</ns3:cad>
          </ns3:TrackPointExtension>
        </extensions>
      </trkpt>
      <trkpt lat="29.39659263007342815399169921875" lon="83.2680719532072544097900390625">
        <ele>4122.7998046875</ele>
        <time>2026-08-21T04:51:00.000Z</time>
        <extensions>
          <ns3:TrackPointExtension>
            <ns3:hr>108</ns3:hr>
            <ns3:cad>0</ns3:cad>
          </ns3:TrackPointExtension>
        </extensions>
      </trkpt>
      <trkpt lat="29.396554492413997650146484375" lon="83.26809550635516643524169921875">
        <ele>4122.60009765625</ele>
        <time>2026-08-21T04:51:05.000Z</time>
        <extensions>
          <ns3:TrackPointExtension>
            <ns3:hr>107</ns3:hr>
            <ns3:cad>42</ns3:cad>
          </ns3:TrackPointExtension>
        </extensions>
      </trkpt>
      <trkpt lat="29.39648986794054508209228515625" lon="83.26814018189907073974609375">
        <ele>4122.39990234375</ele>
        <time>2026-08-21T04:51:11.000Z</time>
        <extensions>
          <ns3:TrackPointExtension>
            <ns3:hr>109</ns3:hr>
            <ns3:cad>47</ns3:cad>
          </ns3:TrackPointExtension>
        </extensions>
      </trkpt>
      <trkpt lat="29.39644326455891132354736328125" lon="83.26817630790174007415771484375">
        <ele>4122.7998046875</ele>
        <time>2026-08-21T04:51:16.000Z</time>
        <extensions>
          <ns3:TrackPointExtension>
            <ns3:hr>109</ns3:hr>
            <ns3:cad>49</ns3:cad>
          </ns3:TrackPointExtension>
        </extensions>
      </trkpt>
      <trkpt lat="29.39641023986041545867919921875" lon="83.26820245943963527679443359375">
        <ele>4123</ele>
        <time>2026-08-21T04:51:20.000Z</time>
        <extensions>
          <ns3:TrackPointExtension>
            <ns3:hr>109</ns3:hr>
            <ns3:cad>48</ns3:cad>
          </ns3:TrackPointExtension>
        </extensions>
      </trkpt>
      <trkpt lat="29.39638526178896427154541015625" lon="83.2682214863598346710205078125">
        <ele>4123</ele>
        <time>2026-08-21T04:51:22.000Z</time>
        <extensions>
          <ns3:TrackPointExtension>
            <ns3:hr>108</ns3:hr>
            <ns3:cad>48</ns3:cad>
          </ns3:TrackPointExtension>
        </extensions>
      </trkpt>
      <trkpt lat="29.39631686545908451080322265625" lon="83.268269933760166168212890625">
        <ele>4123</ele>
        <time>2026-08-21T04:51:28.000Z</time>
        <extensions>
          <ns3:TrackPointExtension>
            <ns3:hr>107</ns3:hr>
            <ns3:cad>50</ns3:cad>
          </ns3:TrackPointExtension>
        </extensions>
      </trkpt>
      <trkpt lat="29.39625333063304424285888671875" lon="83.26831796206533908843994140625">
        <ele>4123.60009765625</ele>
        <time>2026-08-21T04:51:34.000Z</time>
        <extensions>
          <ns3:TrackPointExtension>
            <ns3:hr>108</ns3:hr>
            <ns3:cad>49</ns3:cad>
          </ns3:TrackPointExtension>
        </extensions>
      </trkpt>
      <trkpt lat="29.396224915981292724609375" lon="83.26833941973745822906494140625">
        <ele>4123.60009765625</ele>
        <time>2026-08-21T04:51:37.000Z</time>
        <extensions>
          <ns3:TrackPointExtension>
            <ns3:hr>111</ns3:hr>
            <ns3:cad>50</ns3:cad>
          </ns3:TrackPointExtension>
        </extensions>
      </trkpt>
      <trkpt lat="29.396193064749240875244140625" lon="83.26836288906633853912353515625">
        <ele>4123.7998046875</ele>
        <time>2026-08-21T04:51:40.000Z</time>
        <extensions>
          <ns3:TrackPointExtension>
            <ns3:hr>112</ns3:hr>
            <ns3:cad>50</ns3:cad>
          </ns3:TrackPointExtension>
        </extensions>
      </trkpt>
      <trkpt lat="29.3961727805435657501220703125" lon="83.26837797649204730987548828125">
        <ele>4124</ele>
        <time>2026-08-21T04:51:42.000Z</time>
        <extensions>
          <ns3:TrackPointExtension>
            <ns3:hr>111</ns3:hr>
            <ns3:cad>50</ns3:cad>
          </ns3:TrackPointExtension>
        </extensions>
      </trkpt>
      <trkpt lat="29.39612575806677341461181640625" lon="83.26841971836984157562255859375">
        <ele>4124.2001953125</ele>
        <time>2026-08-21T04:51:47.000Z</time>
        <extensions>
          <ns3:TrackPointExtension>
            <ns3:hr>113</ns3:hr>
            <ns3:cad>50</ns3:cad>
          </ns3:TrackPointExtension>
        </extensions>
      </trkpt>
      <trkpt lat="29.39606725238263607025146484375" lon="83.2684685848653316497802734375">
        <ele>4124.60009765625</ele>
        <time>2026-08-21T04:51:53.000Z</time>
        <extensions>
          <ns3:TrackPointExtension>
            <ns3:hr>113</ns3:hr>
            <ns3:cad>48</ns3:cad>
          </ns3:TrackPointExtension>
        </extensions>
      </trkpt>
      <trkpt lat="29.3960054777562618255615234375" lon="83.26851376332342624664306640625">
        <ele>4124.39990234375</ele>
        <time>2026-08-21T04:51:59.000Z</time>
        <extensions>
          <ns3:TrackPointExtension>
            <ns3:hr>115</ns3:hr>
            <ns3:cad>48</ns3:cad>
          </ns3:TrackPointExtension>
        </extensions>
      </trkpt>
      <trkpt lat="29.39594303257763385772705078125" lon="83.26855466701090335845947265625">
        <ele>4124.39990234375</ele>
        <time>2026-08-21T04:52:05.000Z</time>
        <extensions>
          <ns3:TrackPointExtension>
            <ns3:hr>114</ns3:hr>
            <ns3:cad>50</ns3:cad>
          </ns3:TrackPointExtension>
        </extensions>
      </trkpt>
      <trkpt lat="29.39589123241603374481201171875" lon="83.26858752407133579254150390625">
        <ele>4124.60009765625</ele>
        <time>2026-08-21T04:52:10.000Z</time>
        <extensions>
          <ns3:TrackPointExtension>
            <ns3:hr>113</ns3:hr>
            <ns3:cad>49</ns3:cad>
          </ns3:TrackPointExtension>
        </extensions>
      </trkpt>
      <trkpt lat="29.39583675004541873931884765625" lon="83.26862121932208538055419921875">
        <ele>4124.7998046875</ele>
        <time>2026-08-21T04:52:15.000Z</time>
        <extensions>
          <ns3:TrackPointExtension>
            <ns3:hr>112</ns3:hr>
            <ns3:cad>48</ns3:cad>
          </ns3:TrackPointExtension>
        </extensions>
      </trkpt>
      <trkpt lat="29.39577271230518817901611328125" lon="83.26866195537149906158447265625">
        <ele>4124.7998046875</ele>
        <time>2026-08-21T04:52:21.000Z</time>
        <extensions>
          <ns3:TrackPointExtension>
            <ns3:hr>111</ns3:hr>
            <ns3:cad>48</ns3:cad>
          </ns3:TrackPointExtension>
        </extensions>
      </trkpt>
      <trkpt lat="29.39572175033390522003173828125" lon="83.26869782991707324981689453125">
        <ele>4125</ele>
        <time>2026-08-21T04:52:26.000Z</time>
        <extensions>
          <ns3:TrackPointExtension>
            <ns3:hr>111</ns3:hr>
            <ns3:cad>49</ns3:cad>
          </ns3:TrackPointExtension>
        </extensions>
      </trkpt>
      <trkpt lat="29.3956604786217212677001953125" lon="83.2687354646623134613037109375">
        <ele>4125</ele>
        <time>2026-08-21T04:52:32.000Z</time>
        <extensions>
          <ns3:TrackPointExtension>
            <ns3:hr>110</ns3:hr>
            <ns3:cad>49</ns3:cad>
          </ns3:TrackPointExtension>
        </extensions>
      </trkpt>
      <trkpt lat="29.39561228267848491668701171875" lon="83.26877192594110965728759765625">
        <ele>4125.39990234375</ele>
        <time>2026-08-21T04:52:37.000Z</time>
        <extensions>
          <ns3:TrackPointExtension>
            <ns3:hr>111</ns3:hr>
            <ns3:cad>50</ns3:cad>
          </ns3:TrackPointExtension>
        </extensions>
      </trkpt>
      <trkpt lat="29.3955206684768199920654296875" lon="83.26883294619619846343994140625">
        <ele>4125</ele>
        <time>2026-08-21T04:52:45.000Z</time>
        <extensions>
          <ns3:TrackPointExtension>
            <ns3:hr>113</ns3:hr>
            <ns3:cad>52</ns3:cad>
          </ns3:TrackPointExtension>
        </extensions>
      </trkpt>
      <trkpt lat="29.39545436762273311614990234375" lon="83.26887150295078754425048828125">
        <ele>4124.7998046875</ele>
        <time>2026-08-21T04:52:51.000Z</time>
        <extensions>
          <ns3:TrackPointExtension>
            <ns3:hr>112</ns3:hr>
            <ns3:cad>53</ns3:cad>
          </ns3:TrackPointExtension>
        </extensions>
      </trkpt>
      <trkpt lat="29.39539519138634204864501953125" lon="83.268902264535427093505859375">
        <ele>4125</ele>
        <time>2026-08-21T04:52:56.000Z</time>
        <extensions>
          <ns3:TrackPointExtension>
            <ns3:hr>111</ns3:hr>
            <ns3:cad>50</ns3:cad>
          </ns3:TrackPointExtension>
        </extensions>
      </trkpt>
      <trkpt lat="29.395324699580669403076171875" lon="83.26892481185495853424072265625">
        <ele>4125.2001953125</ele>
        <time>2026-08-21T04:53:02.000Z</time>
        <extensions>
          <ns3:TrackPointExtension>
            <ns3:hr>111</ns3:hr>
            <ns3:cad>50</ns3:cad>
          </ns3:TrackPointExtension>
        </extensions>
      </trkpt>
      <trkpt lat="29.39526057802140712738037109375" lon="83.2689423300325870513916015625">
        <ele>4125.7998046875</ele>
        <time>2026-08-21T04:53:08.000Z</time>
        <extensions>
          <ns3:TrackPointExtension>
            <ns3:hr>111</ns3:hr>
            <ns3:cad>49</ns3:cad>
          </ns3:TrackPointExtension>
        </extensions>
      </trkpt>
      <trkpt lat="29.39519905485212802886962890625" lon="83.2689550705254077911376953125">
        <ele>4125.60009765625</ele>
        <time>2026-08-21T04:53:13.000Z</time>
        <extensions>
          <ns3:TrackPointExtension>
            <ns3:hr>111</ns3:hr>
            <ns3:cad>49</ns3:cad>
          </ns3:TrackPointExtension>
        </extensions>
      </trkpt>
      <trkpt lat="29.3951364420354366302490234375" lon="83.26896688900887966156005859375">
        <ele>4125.7998046875</ele>
        <time>2026-08-21T04:53:18.000Z</time>
        <extensions>
          <ns3:TrackPointExtension>
            <ns3:hr>112</ns3:hr>
            <ns3:cad>50</ns3:cad>
          </ns3:TrackPointExtension>
        </extensions>
      </trkpt>
      <trkpt lat="29.3950610049068927764892578125" lon="83.26897141523659229278564453125">
        <ele>4126</ele>
        <time>2026-08-21T04:53:24.000Z</time>
        <extensions>
          <ns3:TrackPointExtension>
            <ns3:hr>112</ns3:hr>
            <ns3:cad>49</ns3:cad>
          </ns3:TrackPointExtension>
        </extensions>
      </trkpt>
      <trkpt lat="29.39500308595597743988037109375" lon="83.26896806247532367706298828125">
        <ele>4126.60009765625</ele>
        <time>2026-08-21T04:53:29.000Z</time>
        <extensions>
          <ns3:TrackPointExtension>
            <ns3:hr>112</ns3:hr>
            <ns3:cad>50</ns3:cad>
          </ns3:TrackPointExtension>
        </extensions>
      </trkpt>
      <trkpt lat="29.3949932791292667388916015625" lon="83.26895280741155147552490234375">
        <ele>4126.60009765625</ele>
        <time>2026-08-21T04:53:31.000Z</time>
        <extensions>
          <ns3:TrackPointExtension>
            <ns3:hr>112</ns3:hr>
            <ns3:cad>48</ns3:cad>
          </ns3:TrackPointExtension>
        </extensions>
      </trkpt>
      <trkpt lat="29.39499135129153728485107421875" lon="83.26893989928066730499267578125">
        <ele>4126.39990234375</ele>
        <time>2026-08-21T04:53:34.000Z</time>
        <extensions>
          <ns3:TrackPointExtension>
            <ns3:hr>112</ns3:hr>
            <ns3:cad>0</ns3:cad>
          </ns3:TrackPointExtension>
        </extensions>
      </trkpt>
      <trkpt lat="29.39499177038669586181640625" lon="83.26893889345228672027587890625">
        <ele>4126.2001953125</ele>
        <time>2026-08-21T04:53:41.000Z</time>
        <extensions>
          <ns3:TrackPointExtension>
            <ns3:hr>112</ns3:hr>
            <ns3:cad>0</ns3:cad>
          </ns3:TrackPointExtension>
        </extensions>
      </trkpt>
      <trkpt lat="29.3949924409389495849609375" lon="83.268939144909381866455078125">
        <ele>4126.39990234375</ele>
        <time>2026-08-21T04:53:44.000Z</time>
        <extensions>
          <ns3:TrackPointExtension>
            <ns3:hr>109</ns3:hr>
            <ns3:cad>0</ns3:cad>
          </ns3:TrackPointExtension>
        </extensions>
      </trkpt>
      <trkpt lat="29.39499353058636188507080078125" lon="83.26893939636647701263427734375">
        <ele>4126.7998046875</ele>
        <time>2026-08-21T04:53:52.000Z</time>
        <extensions>
          <ns3:TrackPointExtension>
            <ns3:hr>111</ns3:hr>
            <ns3:cad>0</ns3:cad>
          </ns3:TrackPointExtension>
        </extensions>
      </trkpt>
      <trkpt lat="29.3949949555099010467529296875" lon="83.2689393125474452972412109375">
        <ele>4127.2001953125</ele>
        <time>2026-08-21T04:53:54.000Z</time>
        <extensions>
          <ns3:TrackPointExtension>
            <ns3:hr>112</ns3:hr>
            <ns3:cad>0</ns3:cad>
          </ns3:TrackPointExtension>
        </extensions>
      </trkpt>
      <trkpt lat="29.3950036726891994476318359375" lon="83.26893604360520839691162109375">
        <ele>4127.7998046875</ele>
        <time>2026-08-21T04:54:00.000Z</time>
        <extensions>
          <ns3:TrackPointExtension>
            <ns3:hr>113</ns3:hr>
            <ns3:cad>0</ns3:cad>
          </ns3:TrackPointExtension>
        </extensions>
      </trkpt>
      <trkpt lat="29.3950076960027217864990234375" lon="83.268940150737762451171875">
        <ele>4127</ele>
        <time>2026-08-21T04:54:05.000Z</time>
        <extensions>
          <ns3:TrackPointExtension>
            <ns3:hr>114</ns3:hr>
            <ns3:cad>0</ns3:cad>
          </ns3:TrackPointExtension>
        </extensions>
      </trkpt>
      <trkpt lat="29.39500861801207065582275390625" lon="83.26894006691873073577880859375">
        <ele>4126.60009765625</ele>
        <time>2026-08-21T04:54:10.000Z</time>
        <extensions>
          <ns3:TrackPointExtension>
            <ns3:hr>111</ns3:hr>
            <ns3:cad>0</ns3:cad>
          </ns3:TrackPointExtension>
        </extensions>
      </trkpt>
      <trkpt lat="29.395008869469165802001953125" lon="83.26893989928066730499267578125">
        <ele>4126.7998046875</ele>
        <time>2026-08-21T04:54:12.000Z</time>
        <extensions>
          <ns3:TrackPointExtension>
            <ns3:hr>108</ns3:hr>
            <ns3:cad>0</ns3:cad>
          </ns3:TrackPointExtension>
        </extensions>
      </trkpt>
      <trkpt lat="29.39500912092626094818115234375" lon="83.2689396478235721588134765625">
        <ele>4127</ele>
        <time>2026-08-21T04:54:15.000Z</time>
        <extensions>
          <ns3:TrackPointExtension>
            <ns3:hr>105</ns3:hr>
            <ns3:cad>0</ns3:cad>
          </ns3:TrackPointExtension>
        </extensions>
      </trkpt>
      <trkpt lat="29.395009540021419525146484375" lon="83.268939144909381866455078125">
        <ele>4127.39990234375</ele>
        <time>2026-08-21T04:54:20.000Z</time>
        <extensions>
          <ns3:TrackPointExtension>
            <ns3:hr>102</ns3:hr>
            <ns3:cad>0</ns3:cad>
          </ns3:TrackPointExtension>
        </extensions>
      </trkpt>
      <trkpt lat="29.39500962384045124053955078125" lon="83.2689389772713184356689453125">
        <ele>4127.39990234375</ele>
        <time>2026-08-21T04:54:22.000Z</time>
        <extensions>
          <ns3:TrackPointExtension>
            <ns3:hr>97</ns3:hr>
            <ns3:cad>0</ns3:cad>
          </ns3:TrackPointExtension>
        </extensions>
      </trkpt>
      <trkpt lat="29.3950097076594829559326171875" lon="83.26893889345228672027587890625">
        <ele>4127.60009765625</ele>
        <time>2026-08-21T04:54:24.000Z</time>
        <extensions>
          <ns3:TrackPointExtension>
            <ns3:hr>93</ns3:hr>
            <ns3:cad>0</ns3:cad>
          </ns3:TrackPointExtension>
        </extensions>
      </trkpt>
      <trkpt lat="29.39500987529754638671875" lon="83.2689403183758258819580078125">
        <ele>4127.7998046875</ele>
        <time>2026-08-21T04:54:32.000Z</time>
        <extensions>
          <ns3:TrackPointExtension>
            <ns3:hr>98</ns3:hr>
            <ns3:cad>0</ns3:cad>
          </ns3:TrackPointExtension>
        </extensions>
      </trkpt>
      <trkpt lat="29.3949996493756771087646484375" lon="83.26895984821021556854248046875">
        <ele>4128</ele>
        <time>2026-08-21T04:54:37.000Z</time>
        <extensions>
          <ns3:TrackPointExtension>
            <ns3:hr>99</ns3:hr>
            <ns3:cad>0</ns3:cad>
          </ns3:TrackPointExtension>
        </extensions>
      </trkpt>
      <trkpt lat="29.394969977438449859619140625" lon="83.26897862367331981658935546875">
        <ele>4128.39990234375</ele>
        <time>2026-08-21T04:54:42.000Z</time>
        <extensions>
          <ns3:TrackPointExtension>
            <ns3:hr>100</ns3:hr>
            <ns3:cad>0</ns3:cad>
          </ns3:TrackPointExtension>
        </extensions>
      </trkpt>
      <trkpt lat="29.39495690166950225830078125" lon="83.26898432336747646331787109375">
        <ele>4129</ele>
        <time>2026-08-21T04:54:44.000Z</time>
        <extensions>
          <ns3:TrackPointExtension>
            <ns3:hr>100</ns3:hr>
            <ns3:cad>0</ns3:cad>
          </ns3:TrackPointExtension>
        </extensions>
      </trkpt>
      <trkpt lat="29.3949376232922077178955078125" lon="83.268989436328411102294921875">
        <ele>4129.2001953125</ele>
        <time>2026-08-21T04:54:47.000Z</time>
        <extensions>
          <ns3:TrackPointExtension>
            <ns3:hr>103</ns3:hr>
            <ns3:cad>0</ns3:cad>
          </ns3:TrackPointExtension>
        </extensions>
      </trkpt>
      <trkpt lat="29.3949268944561481475830078125" lon="83.26899086125195026397705078125">
        <ele>4129</ele>
        <time>2026-08-21T04:54:50.000Z</time>
        <extensions>
          <ns3:TrackPointExtension>
            <ns3:hr>105</ns3:hr>
            <ns3:cad>0</ns3:cad>
          </ns3:TrackPointExtension>
        </extensions>
      </trkpt>
      <trkpt lat="29.394898228347301483154296875" lon="83.2689963094890117645263671875">
        <ele>4129.2001953125</ele>
        <time>2026-08-21T04:54:56.000Z</time>
        <extensions>
          <ns3:TrackPointExtension>
            <ns3:hr>105</ns3:hr>
            <ns3:cad>0</ns3:cad>
          </ns3:TrackPointExtension>
        </extensions>
      </trkpt>
      <trkpt lat="29.3948695622384548187255859375" lon="83.26898507773876190185546875">
        <ele>4129</ele>
        <time>2026-08-21T04:55:02.000Z</time>
        <extensions>
          <ns3:TrackPointExtension>
            <ns3:hr>106</ns3:hr>
            <ns3:cad>0</ns3:cad>
          </ns3:TrackPointExtension>
        </extensions>
      </trkpt>
      <trkpt lat="29.3948232941329479217529296875" lon="83.26899287290871143341064453125">
        <ele>4128.7998046875</ele>
        <time>2026-08-21T04:55:10.000Z</time>
        <extensions>
          <ns3:TrackPointExtension>
            <ns3:hr>107</ns3:hr>
            <ns3:cad>62</ns3:cad>
          </ns3:TrackPointExtension>
        </extensions>
      </trkpt>
      <trkpt lat="29.3947964720427989959716796875" lon="83.26900125481188297271728515625">
        <ele>4129.39990234375</ele>
        <time>2026-08-21T04:55:13.000Z</time>
        <extensions>
          <ns3:TrackPointExtension>
            <ns3:hr>106</ns3:hr>
            <ns3:cad>69</ns3:cad>
          </ns3:TrackPointExtension>
        </extensions>
      </trkpt>
      <trkpt lat="29.39477643929421901702880859375" lon="83.26900561340153217315673828125">
        <ele>4129.60009765625</ele>
        <time>2026-08-21T04:55:15.000Z</time>
        <extensions>
          <ns3:TrackPointExtension>
            <ns3:hr>106</ns3:hr>
            <ns3:cad>45</ns3:cad>
          </ns3:TrackPointExtension>
        </extensions>
      </trkpt>
      <trkpt lat="29.39470804296433925628662109375" lon="83.26901215128600597381591796875">
        <ele>4129.7998046875</ele>
        <time>2026-08-21T04:55:21.000Z</time>
        <extensions>
          <ns3:TrackPointExtension>
            <ns3:hr>105</ns3:hr>
            <ns3:cad>44</ns3:cad>
          </ns3:TrackPointExtension>
        </extensions>
      </trkpt>
      <trkpt lat="29.394665546715259552001953125" lon="83.26902137137949466705322265625">
        <ele>4130</ele>
        <time>2026-08-21T04:55:25.000Z</time>
        <extensions>
          <ns3:TrackPointExtension>
            <ns3:hr>106</ns3:hr>
            <ns3:cad>43</ns3:cad>
          </ns3:TrackPointExtension>
        </extensions>
      </trkpt>
      <trkpt lat="29.39463629387319087982177734375" lon="83.26903025619685649871826171875">
        <ele>4130</ele>
        <time>2026-08-21T04:55:28.000Z</time>
        <extensions>
          <ns3:TrackPointExtension>
            <ns3:hr>103</ns3:hr>
            <ns3:cad>43</ns3:cad>
          </ns3:TrackPointExtension>
        </extensions>
      </trkpt>
      <trkpt lat="29.39460276626050472259521484375" lon="83.26903495006263256072998046875">
        <ele>4130.2001953125</ele>
        <time>2026-08-21T04:55:31.000Z</time>
        <extensions>
          <ns3:TrackPointExtension>
            <ns3:hr>103</ns3:hr>
            <ns3:cad>44</ns3:cad>
          </ns3:TrackPointExtension>
        </extensions>
      </trkpt>
      <trkpt lat="29.39454652369022369384765625" lon="83.26904517598450183868408203125">
        <ele>4130.39990234375</ele>
        <time>2026-08-21T04:55:36.000Z</time>
        <extensions>
          <ns3:TrackPointExtension>
            <ns3:hr>104</ns3:hr>
            <ns3:cad>46</ns3:cad>
          </ns3:TrackPointExtension>
        </extensions>
      </trkpt>
      <trkpt lat="29.3945265747606754302978515625" lon="83.26904903165996074676513671875">
        <ele>4130.39990234375</ele>
        <time>2026-08-21T04:55:38.000Z</time>
        <extensions>
          <ns3:TrackPointExtension>
            <ns3:hr>106</ns3:hr>
            <ns3:cad>45</ns3:cad>
          </ns3:TrackPointExtension>
        </extensions>
      </trkpt>
      <trkpt lat="29.39447334967553615570068359375" lon="83.26906428672373294830322265625">
        <ele>4130.2001953125</ele>
        <time>2026-08-21T04:55:43.000Z</time>
        <extensions>
          <ns3:TrackPointExtension>
            <ns3:hr>109</ns3:hr>
            <ns3:cad>47</ns3:cad>
          </ns3:TrackPointExtension>
        </extensions>
      </trkpt>
      <trkpt lat="29.39438869245350360870361328125" lon="83.26908842660486698150634765625">
        <ele>4130.7998046875</ele>
        <time>2026-08-21T04:55:51.000Z</time>
        <extensions>
          <ns3:TrackPointExtension>
            <ns3:hr>111</ns3:hr>
            <ns3:cad>0</ns3:cad>
          </ns3:TrackPointExtension>
        </extensions>
      </trkpt>
      <trkpt lat="29.394322223961353302001953125" lon="83.26909664086997509002685546875">
        <ele>4131.39990234375</ele>
        <time>2026-08-21T04:55:57.000Z</time>
        <extensions>
          <ns3:TrackPointExtension>
            <ns3:hr>109</ns3:hr>
            <ns3:cad>0</ns3:cad>
          </ns3:TrackPointExtension>
        </extensions>
      </trkpt>
      <trkpt lat="29.39427033998072147369384765625" lon="83.269106112420558929443359375">
        <ele>4131.39990234375</ele>
        <time>2026-08-21T04:56:02.000Z</time>
        <extensions>
          <ns3:TrackPointExtension>
            <ns3:hr>108</ns3:hr>
            <ns3:cad>0</ns3:cad>
          </ns3:TrackPointExtension>
        </extensions>
      </trkpt>
      <trkpt lat="29.39425860531628131866455078125" lon="83.26910988427698612213134765625">
        <ele>4131.60009765625</ele>
        <time>2026-08-21T04:56:03.000Z</time>
        <extensions>
          <ns3:TrackPointExtension>
            <ns3:hr>108</ns3:hr>
            <ns3:cad>0</ns3:cad>
          </ns3:TrackPointExtension>
        </extensions>
      </trkpt>
      <trkpt lat="29.3941993452608585357666015625" lon="83.26913067139685153961181640625">
        <ele>4132</ele>
        <time>2026-08-21T04:56:09.000Z</time>
        <extensions>
          <ns3:TrackPointExtension>
            <ns3:hr>109</ns3:hr>
            <ns3:cad>45</ns3:cad>
          </ns3:TrackPointExtension>
        </extensions>
      </trkpt>
      <trkpt lat="29.39413472078740596771240234375" lon="83.26915129087865352630615234375">
        <ele>4132.2001953125</ele>
        <time>2026-08-21T04:56:15.000Z</time>
        <extensions>
          <ns3:TrackPointExtension>
            <ns3:hr>109</ns3:hr>
            <ns3:cad>0</ns3:cad>
          </ns3:TrackPointExtension>
        </extensions>
      </trkpt>
      <trkpt lat="29.394080154597759246826171875" lon="83.26917978934943675994873046875">
        <ele>4132.60009765625</ele>
        <time>2026-08-21T04:56:21.000Z</time>
        <extensions>
          <ns3:TrackPointExtension>
            <ns3:hr>109</ns3:hr>
            <ns3:cad>45</ns3:cad>
          </ns3:TrackPointExtension>
        </extensions>
      </trkpt>
      <trkpt lat="29.39401318319141864776611328125" lon="83.26922220177948474884033203125">
        <ele>4133.2001953125</ele>
        <time>2026-08-21T04:56:28.000Z</time>
        <extensions>
          <ns3:TrackPointExtension>
            <ns3:hr>111</ns3:hr>
            <ns3:cad>45</ns3:cad>
          </ns3:TrackPointExtension>
        </extensions>
      </trkpt>
      <trkpt lat="29.3939857743680477142333984375" lon="83.26923645101487636566162109375">
        <ele>4133.7998046875</ele>
        <time>2026-08-21T04:56:31.000Z</time>
        <extensions>
          <ns3:TrackPointExtension>
            <ns3:hr>110</ns3:hr>
            <ns3:cad>0</ns3:cad>
          </ns3:TrackPointExtension>
        </extensions>
      </trkpt>
      <trkpt lat="29.393966160714626312255859375" lon="83.2692494429647922515869140625">
        <ele>4134</ele>
        <time>2026-08-21T04:56:33.000Z</time>
        <extensions>
          <ns3:TrackPointExtension>
            <ns3:hr>110</ns3:hr>
            <ns3:cad>45</ns3:cad>
          </ns3:TrackPointExtension>
        </extensions>
      </trkpt>
      <trkpt lat="29.3939356505870819091796875" lon="83.26927006244659423828125">
        <ele>4134</ele>
        <time>2026-08-21T04:56:36.000Z</time>
        <extensions>
          <ns3:TrackPointExtension>
            <ns3:hr>113</ns3:hr>
            <ns3:cad>0</ns3:cad>
          </ns3:TrackPointExtension>
        </extensions>
      </trkpt>
      <trkpt lat="29.39388276077806949615478515625" lon="83.26929747126996517181396484375">
        <ele>4134.39990234375</ele>
        <time>2026-08-21T04:56:41.000Z</time>
        <extensions>
          <ns3:TrackPointExtension>
            <ns3:hr>116</ns3:hr>
            <ns3:cad>0</ns3:cad>
          </ns3:TrackPointExtension>
        </extensions>
      </trkpt>
      <trkpt lat="29.3938256800174713134765625" lon="83.2693312503397464752197265625">
        <ele>4134.60009765625</ele>
        <time>2026-08-21T04:56:47.000Z</time>
        <extensions>
          <ns3:TrackPointExtension>
            <ns3:hr>115</ns3:hr>
            <ns3:cad>47</ns3:cad>
          </ns3:TrackPointExtension>
        </extensions>
      </trkpt>
      <trkpt lat="29.393772371113300323486328125" lon="83.26936687342822551727294921875">
        <ele>4134.39990234375</ele>
        <time>2026-08-21T04:56:52.000Z</time>
        <extensions>
          <ns3:TrackPointExtension>
            <ns3:hr>112</ns3:hr>
            <ns3:cad>46</ns3:cad>
          </ns3:TrackPointExtension>
        </extensions>
      </trkpt>
      <trkpt lat="29.39376273192465305328369140625" lon="83.26937198638916015625">
        <ele>4134.60009765625</ele>
        <time>2026-08-21T04:56:53.000Z</time>
        <extensions>
          <ns3:TrackPointExtension>
            <ns3:hr>112</ns3:hr>
            <ns3:cad>46</ns3:cad>
          </ns3:TrackPointExtension>
        </extensions>
      </trkpt>
      <trkpt lat="29.39375150017440319061279296875" lon="83.26937844045460224151611328125">
        <ele>4134.7998046875</ele>
        <time>2026-08-21T04:56:54.000Z</time>
        <extensions>
          <ns3:TrackPointExtension>
            <ns3:hr>112</ns3:hr>
            <ns3:cad>46</ns3:cad>
          </ns3:TrackPointExtension>
        </extensions>
      </trkpt>
      <trkpt lat="29.39368863590061664581298828125" lon="83.26941112987697124481201171875">
        <ele>4135.2001953125</ele>
        <time>2026-08-21T04:57:00.000Z</time>
        <extensions>
          <ns3:TrackPointExtension>
            <ns3:hr>111</ns3:hr>
            <ns3:cad>47</ns3:cad>
          </ns3:TrackPointExtension>
        </extensions>
      </trkpt>
      <trkpt lat="29.39363189041614532470703125" lon="83.26943778432905673980712890625">
        <ele>4135.60009765625</ele>
        <time>2026-08-21T04:57:06.000Z</time>
        <extensions>
          <ns3:TrackPointExtension>
            <ns3:hr>112</ns3:hr>
            <ns3:cad>47</ns3:cad>
          </ns3:TrackPointExtension>
        </extensions>
      </trkpt>
      <trkpt lat="29.3936216644942760467529296875" lon="83.26944331638514995574951171875">
        <ele>4135.7998046875</ele>
        <time>2026-08-21T04:57:07.000Z</time>
        <extensions>
          <ns3:TrackPointExtension>
            <ns3:hr>112</ns3:hr>
            <ns3:cad>47</ns3:cad>
          </ns3:TrackPointExtension>
        </extensions>
      </trkpt>
      <trkpt lat="29.39356106333434581756591796875" lon="83.26947533525526523590087890625">
        <ele>4136.39990234375</ele>
        <time>2026-08-21T04:57:13.000Z</time>
        <extensions>
          <ns3:TrackPointExtension>
            <ns3:hr>112</ns3:hr>
            <ns3:cad>47</ns3:cad>
          </ns3:TrackPointExtension>
        </extensions>
      </trkpt>
      <trkpt lat="29.39351680688560009002685546875" lon="83.26948874630033969879150390625">
        <ele>4136.7998046875</ele>
        <time>2026-08-21T04:57:17.000Z</time>
        <extensions>
          <ns3:TrackPointExtension>
            <ns3:hr>115</ns3:hr>
            <ns3:cad>47</ns3:cad>
          </ns3:TrackPointExtension>
        </extensions>
      </trkpt>
      <trkpt lat="29.39350591041147708892822265625" lon="83.2694925181567668914794921875">
        <ele>4137</ele>
        <time>2026-08-21T04:57:18.000Z</time>
        <extensions>
          <ns3:TrackPointExtension>
            <ns3:hr>115</ns3:hr>
            <ns3:cad>47</ns3:cad>
          </ns3:TrackPointExtension>
        </extensions>
      </trkpt>
      <trkpt lat="29.39343013800680637359619140625" lon="83.26950970105826854705810546875">
        <ele>4137.2001953125</ele>
        <time>2026-08-21T04:57:25.000Z</time>
        <extensions>
          <ns3:TrackPointExtension>
            <ns3:hr>116</ns3:hr>
            <ns3:cad>47</ns3:cad>
          </ns3:TrackPointExtension>
        </extensions>
      </trkpt>
      <trkpt lat="29.39336777664721012115478515625" lon="83.269529230892658233642578125">
        <ele>4138</ele>
        <time>2026-08-21T04:57:31.000Z</time>
        <extensions>
          <ns3:TrackPointExtension>
            <ns3:hr>117</ns3:hr>
            <ns3:cad>47</ns3:cad>
          </ns3:TrackPointExtension>
        </extensions>
      </trkpt>
      <trkpt lat="29.3933051638305187225341796875" lon="83.26956099830567836761474609375">
        <ele>4138.2001953125</ele>
        <time>2026-08-21T04:57:37.000Z</time>
        <extensions>
          <ns3:TrackPointExtension>
            <ns3:hr>116</ns3:hr>
            <ns3:cad>46</ns3:cad>
          </ns3:TrackPointExtension>
        </extensions>
      </trkpt>
      <trkpt lat="29.3932414613664150238037109375" lon="83.269601650536060333251953125">
        <ele>4138.39990234375</ele>
        <time>2026-08-21T04:57:44.000Z</time>
        <extensions>
          <ns3:TrackPointExtension>
            <ns3:hr>115</ns3:hr>
            <ns3:cad>0</ns3:cad>
          </ns3:TrackPointExtension>
        </extensions>
      </trkpt>
      <trkpt lat="29.393192343413829803466796875" lon="83.269636519253253936767578125">
        <ele>4139.2001953125</ele>
        <time>2026-08-21T04:57:49.000Z</time>
        <extensions>
          <ns3:TrackPointExtension>
            <ns3:hr>114</ns3:hr>
            <ns3:cad>0</ns3:cad>
          </ns3:TrackPointExtension>
        </extensions>
      </trkpt>
      <trkpt lat="29.39317381940782070159912109375" lon="83.2696507684886455535888671875">
        <ele>4139.39990234375</ele>
        <time>2026-08-21T04:57:51.000Z</time>
        <extensions>
          <ns3:TrackPointExtension>
            <ns3:hr>114</ns3:hr>
            <ns3:cad>50</ns3:cad>
          </ns3:TrackPointExtension>
        </extensions>
      </trkpt>
      <trkpt lat="29.39310575835406780242919921875" lon="83.269691504538059234619140625">
        <ele>4139.60009765625</ele>
        <time>2026-08-21T04:57:58.000Z</time>
        <extensions>
          <ns3:TrackPointExtension>
            <ns3:hr>114</ns3:hr>
            <ns3:cad>50</ns3:cad>
          </ns3:TrackPointExtension>
        </extensions>
      </trkpt>
      <trkpt lat="29.39305747859179973602294921875" lon="83.26972142793238162994384765625">
        <ele>4140.2001953125</ele>
        <time>2026-08-21T04:58:03.000Z</time>
        <extensions>
          <ns3:TrackPointExtension>
            <ns3:hr>113</ns3:hr>
            <ns3:cad>0</ns3:cad>
          </ns3:TrackPointExtension>
        </extensions>
      </trkpt>
      <trkpt lat="29.39303987659513950347900390625" lon="83.26972964219748973846435546875">
        <ele>4140.39990234375</ele>
        <time>2026-08-21T04:58:05.000Z</time>
        <extensions>
          <ns3:TrackPointExtension>
            <ns3:hr>114</ns3:hr>
            <ns3:cad>0</ns3:cad>
          </ns3:TrackPointExtension>
        </extensions>
      </trkpt>
      <trkpt lat="29.39299277029931545257568359375" lon="83.26975663192570209503173828125">
        <ele>4140.60009765625</ele>
        <time>2026-08-21T04:58:10.000Z</time>
        <extensions>
          <ns3:TrackPointExtension>
            <ns3:hr>115</ns3:hr>
            <ns3:cad>0</ns3:cad>
          </ns3:TrackPointExtension>
        </extensions>
      </trkpt>
      <trkpt lat="29.392937533557415008544921875" lon="83.2697935961186885833740234375">
        <ele>4141.2001953125</ele>
        <time>2026-08-21T04:58:16.000Z</time>
        <extensions>
          <ns3:TrackPointExtension>
            <ns3:hr>117</ns3:hr>
            <ns3:cad>0</ns3:cad>
          </ns3:TrackPointExtension>
        </extensions>
      </trkpt>
      <trkpt lat="29.39293024130165576934814453125" lon="83.26979770325124263763427734375">
        <ele>4141.39990234375</ele>
        <time>2026-08-21T04:58:17.000Z</time>
        <extensions>
          <ns3:TrackPointExtension>
            <ns3:hr>117</ns3:hr>
            <ns3:cad>0</ns3:cad>
          </ns3:TrackPointExtension>
        </extensions>
      </trkpt>
      <trkpt lat="29.39286838285624980926513671875" lon="83.2698301412165164947509765625">
        <ele>4141.60009765625</ele>
        <time>2026-08-21T04:58:23.000Z</time>
        <extensions>
          <ns3:TrackPointExtension>
            <ns3:hr>118</ns3:hr>
            <ns3:cad>44</ns3:cad>
          </ns3:TrackPointExtension>
        </extensions>
      </trkpt>
      <trkpt lat="29.39282580278813838958740234375" lon="83.2698572985827922821044921875">
        <ele>4142</ele>
        <time>2026-08-21T04:58:28.000Z</time>
        <extensions>
          <ns3:TrackPointExtension>
            <ns3:hr>117</ns3:hr>
            <ns3:cad>0</ns3:cad>
          </ns3:TrackPointExtension>
        </extensions>
      </trkpt>
      <trkpt lat="29.3927715718746185302734375" lon="83.269895352423191070556640625">
        <ele>4142.39990234375</ele>
        <time>2026-08-21T04:58:34.000Z</time>
        <extensions>
          <ns3:TrackPointExtension>
            <ns3:hr>118</ns3:hr>
            <ns3:cad>0</ns3:cad>
          </ns3:TrackPointExtension>
        </extensions>
      </trkpt>
      <trkpt lat="29.39276285469532012939453125" lon="83.26990147121250629425048828125">
        <ele>4142.39990234375</ele>
        <time>2026-08-21T04:58:35.000Z</time>
        <extensions>
          <ns3:TrackPointExtension>
            <ns3:hr>118</ns3:hr>
            <ns3:cad>0</ns3:cad>
          </ns3:TrackPointExtension>
        </extensions>
      </trkpt>
      <trkpt lat="29.3927412293851375579833984375" lon="83.269916474819183349609375">
        <ele>4142.60009765625</ele>
        <time>2026-08-21T04:58:38.000Z</time>
        <extensions>
          <ns3:TrackPointExtension>
            <ns3:hr>115</ns3:hr>
            <ns3:cad>46</ns3:cad>
          </ns3:TrackPointExtension>
        </extensions>
      </trkpt>
      <trkpt lat="29.39271130599081516265869140625" lon="83.26993164606392383575439453125">
        <ele>4143</ele>
        <time>2026-08-21T04:58:41.000Z</time>
        <extensions>
          <ns3:TrackPointExtension>
            <ns3:hr>112</ns3:hr>
            <ns3:cad>45</ns3:cad>
          </ns3:TrackPointExtension>
        </extensions>
      </trkpt>
      <trkpt lat="29.3927023373544216156005859375" lon="83.26993566937744617462158203125">
        <ele>4143.2001953125</ele>
        <time>2026-08-21T04:58:42.000Z</time>
        <extensions>
          <ns3:TrackPointExtension>
            <ns3:hr>112</ns3:hr>
            <ns3:cad>45</ns3:cad>
          </ns3:TrackPointExtension>
        </extensions>
      </trkpt>
      <trkpt lat="29.39268129877746105194091796875" lon="83.269947655498981475830078125">
        <ele>4143.60009765625</ele>
        <time>2026-08-21T04:58:44.000Z</time>
        <extensions>
          <ns3:TrackPointExtension>
            <ns3:hr>113</ns3:hr>
            <ns3:cad>45</ns3:cad>
          </ns3:TrackPointExtension>
        </extensions>
      </trkpt>
      <trkpt lat="29.3926463462412357330322265625" lon="83.2699726335704326629638671875">
        <ele>4143.7998046875</ele>
        <time>2026-08-21T04:58:48.000Z</time>
        <extensions>
          <ns3:TrackPointExtension>
            <ns3:hr>115</ns3:hr>
            <ns3:cad>0</ns3:cad>
          </ns3:TrackPointExtension>
        </extensions>
      </trkpt>
      <trkpt lat="29.3926098011434078216552734375" lon="83.26999065466225147247314453125">
        <ele>4144.39990234375</ele>
        <time>2026-08-21T04:58:52.000Z</time>
        <extensions>
          <ns3:TrackPointExtension>
            <ns3:hr>118</ns3:hr>
            <ns3:cad>0</ns3:cad>
          </ns3:TrackPointExtension>
        </extensions>
      </trkpt>
      <trkpt lat="29.39259043894708156585693359375" lon="83.27000289224088191986083984375">
        <ele>4144.60009765625</ele>
        <time>2026-08-21T04:58:54.000Z</time>
        <extensions>
          <ns3:TrackPointExtension>
            <ns3:hr>119</ns3:hr>
            <ns3:cad>0</ns3:cad>
          </ns3:TrackPointExtension>
        </extensions>
      </trkpt>
      <trkpt lat="29.392580799758434295654296875" lon="83.270005993545055389404296875">
        <ele>4144.60009765625</ele>
        <time>2026-08-21T04:58:55.000Z</time>
        <extensions>
          <ns3:TrackPointExtension>
            <ns3:hr>119</ns3:hr>
            <ns3:cad>0</ns3:cad>
          </ns3:TrackPointExtension>
        </extensions>
      </trkpt>
      <trkpt lat="29.3925725854933261871337890625" lon="83.2700081728398799896240234375">
        <ele>4144.7998046875</ele>
        <time>2026-08-21T04:58:56.000Z</time>
        <extensions>
          <ns3:TrackPointExtension>
            <ns3:hr>119</ns3:hr>
            <ns3:cad>0</ns3:cad>
          </ns3:TrackPointExtension>
        </extensions>
      </trkpt>
      <trkpt lat="29.3925383873283863067626953125" lon="83.270024098455905914306640625">
        <ele>4145.39990234375</ele>
        <time>2026-08-21T04:59:00.000Z</time>
        <extensions>
          <ns3:TrackPointExtension>
            <ns3:hr>118</ns3:hr>
            <ns3:cad>69</ns3:cad>
          </ns3:TrackPointExtension>
        </extensions>
      </trkpt>
      <trkpt lat="29.392516426742076873779296875" lon="83.27004061080515384674072265625">
        <ele>4145.7998046875</ele>
        <time>2026-08-21T04:59:03.000Z</time>
        <extensions>
          <ns3:TrackPointExtension>
            <ns3:hr>119</ns3:hr>
            <ns3:cad>0</ns3:cad>
          </ns3:TrackPointExtension>
        </extensions>
      </trkpt>
      <trkpt lat="29.39249505288898944854736328125" lon="83.27006609179079532623291015625">
        <ele>4146.39990234375</ele>
        <time>2026-08-21T04:59:06.000Z</time>
        <extensions>
          <ns3:TrackPointExtension>
            <ns3:hr>119</ns3:hr>
            <ns3:cad>0</ns3:cad>
          </ns3:TrackPointExtension>
        </extensions>
      </trkpt>
      <trkpt lat="29.39247317612171173095703125" lon="83.27009551227092742919921875">
        <ele>4146.7998046875</ele>
        <time>2026-08-21T04:59:09.000Z</time>
        <extensions>
          <ns3:TrackPointExtension>
            <ns3:hr>119</ns3:hr>
            <ns3:cad>0</ns3:cad>
          </ns3:TrackPointExtension>
        </extensions>
      </trkpt>
      <trkpt lat="29.39245180226862430572509765625" lon="83.27012157998979091644287109375">
        <ele>4147.2001953125</ele>
        <time>2026-08-21T04:59:12.000Z</time>
        <extensions>
          <ns3:TrackPointExtension>
            <ns3:hr>120</ns3:hr>
            <ns3:cad>0</ns3:cad>
          </ns3:TrackPointExtension>
        </extensions>
      </trkpt>
      <trkpt lat="29.39240385778248310089111328125" lon="83.27018964104354381561279296875">
        <ele>4147.39990234375</ele>
        <time>2026-08-21T04:59:19.000Z</time>
        <extensions>
          <ns3:TrackPointExtension>
            <ns3:hr>120</ns3:hr>
            <ns3:cad>0</ns3:cad>
          </ns3:TrackPointExtension>
        </extensions>
      </trkpt>
      <trkpt lat="29.39236211590468883514404296875" lon="83.2702468894422054290771484375">
        <ele>4147.60009765625</ele>
        <time>2026-08-21T04:59:25.000Z</time>
        <extensions>
          <ns3:TrackPointExtension>
            <ns3:hr>119</ns3:hr>
            <ns3:cad>0</ns3:cad>
          </ns3:TrackPointExtension>
        </extensions>
      </trkpt>
      <trkpt lat="29.39233479090034961700439453125" lon="83.27028402127325534820556640625">
        <ele>4147.7998046875</ele>
        <time>2026-08-21T04:59:29.000Z</time>
        <extensions>
          <ns3:TrackPointExtension>
            <ns3:hr>119</ns3:hr>
            <ns3:cad>46</ns3:cad>
          </ns3:TrackPointExtension>
        </extensions>
      </trkpt>
      <trkpt lat="29.39232892356812953948974609375" lon="83.27029307372868061065673828125">
        <ele>4147.7998046875</ele>
        <time>2026-08-21T04:59:30.000Z</time>
        <extensions>
          <ns3:TrackPointExtension>
            <ns3:hr>119</ns3:hr>
            <ns3:cad>46</ns3:cad>
          </ns3:TrackPointExtension>
        </extensions>
      </trkpt>
      <trkpt lat="29.39227410592138767242431640625" lon="83.270359039306640625">
        <ele>4147.7998046875</ele>
        <time>2026-08-21T04:59:37.000Z</time>
        <extensions>
          <ns3:TrackPointExtension>
            <ns3:hr>117</ns3:hr>
            <ns3:cad>47</ns3:cad>
          </ns3:TrackPointExtension>
        </extensions>
      </trkpt>
      <trkpt lat="29.392222724854946136474609375" lon="83.27040321193635463714599609375">
        <ele>4148</ele>
        <time>2026-08-21T04:59:43.000Z</time>
        <extensions>
          <ns3:TrackPointExtension>
            <ns3:hr>115</ns3:hr>
            <ns3:cad>0</ns3:cad>
          </ns3:TrackPointExtension>
        </extensions>
      </trkpt>
      <trkpt lat="29.39221375621855258941650390625" lon="83.27040689997375011444091796875">
        <ele>4148</ele>
        <time>2026-08-21T04:59:44.000Z</time>
        <extensions>
          <ns3:TrackPointExtension>
            <ns3:hr>115</ns3:hr>
            <ns3:cad>0</ns3:cad>
          </ns3:TrackPointExtension>
        </extensions>
      </trkpt>
      <trkpt lat="29.39217922277748584747314453125" lon="83.27043137513101100921630859375">
        <ele>4148.2001953125</ele>
        <time>2026-08-21T04:59:48.000Z</time>
        <extensions>
          <ns3:TrackPointExtension>
            <ns3:hr>113</ns3:hr>
            <ns3:cad>0</ns3:cad>
          </ns3:TrackPointExtension>
        </extensions>
      </trkpt>
      <trkpt lat="29.39213144592940807342529296875" lon="83.27047764323651790618896484375">
        <ele>4148.39990234375</ele>
        <time>2026-08-21T04:59:54.000Z</time>
        <extensions>
          <ns3:TrackPointExtension>
            <ns3:hr>112</ns3:hr>
            <ns3:cad>0</ns3:cad>
          </ns3:TrackPointExtension>
        </extensions>
      </trkpt>
      <trkpt lat="29.39207729883491992950439453125" lon="83.270516283810138702392578125">
        <ele>4148.60009765625</ele>
        <time>2026-08-21T05:00:00.000Z</time>
        <extensions>
          <ns3:TrackPointExtension>
            <ns3:hr>113</ns3:hr>
            <ns3:cad>0</ns3:cad>
          </ns3:TrackPointExtension>
        </extensions>
      </trkpt>
      <trkpt lat="29.39205969683825969696044921875" lon="83.2705275155603885650634765625">
        <ele>4148.7998046875</ele>
        <time>2026-08-21T05:00:02.000Z</time>
        <extensions>
          <ns3:TrackPointExtension>
            <ns3:hr>114</ns3:hr>
            <ns3:cad>0</ns3:cad>
          </ns3:TrackPointExtension>
        </extensions>
      </trkpt>
      <trkpt lat="29.39202533103525638580322265625" lon="83.2705476321280002593994140625">
        <ele>4149</ele>
        <time>2026-08-21T05:00:06.000Z</time>
        <extensions>
          <ns3:TrackPointExtension>
            <ns3:hr>116</ns3:hr>
            <ns3:cad>0</ns3:cad>
          </ns3:TrackPointExtension>
        </extensions>
      </trkpt>
      <trkpt lat="29.39198291860520839691162109375" lon="83.2705838419497013092041015625">
        <ele>4149.39990234375</ele>
        <time>2026-08-21T05:00:11.000Z</time>
        <extensions>
          <ns3:TrackPointExtension>
            <ns3:hr>115</ns3:hr>
            <ns3:cad>0</ns3:cad>
          </ns3:TrackPointExtension>
        </extensions>
      </trkpt>
      <trkpt lat="29.39196732826530933380126953125" lon="83.270597755908966064453125">
        <ele>4149.60009765625</ele>
        <time>2026-08-21T05:00:13.000Z</time>
        <extensions>
          <ns3:TrackPointExtension>
            <ns3:hr>112</ns3:hr>
            <ns3:cad>0</ns3:cad>
          </ns3:TrackPointExtension>
        </extensions>
      </trkpt>
      <trkpt lat="29.39194536767899990081787109375" lon="83.27061980031430721282958984375">
        <ele>4149.60009765625</ele>
        <time>2026-08-21T05:00:16.000Z</time>
        <extensions>
          <ns3:TrackPointExtension>
            <ns3:hr>110</ns3:hr>
            <ns3:cad>0</ns3:cad>
          </ns3:TrackPointExtension>
        </extensions>
      </trkpt>
      <trkpt lat="29.3919110856950283050537109375" lon="83.2706515677273273468017578125">
        <ele>4150</ele>
        <time>2026-08-21T05:00:21.000Z</time>
        <extensions>
          <ns3:TrackPointExtension>
            <ns3:hr>111</ns3:hr>
            <ns3:cad>0</ns3:cad>
          </ns3:TrackPointExtension>
        </extensions>
      </trkpt>
      <trkpt lat="29.39188870601356029510498046875" lon="83.27068199403584003448486328125">
        <ele>4150.60009765625</ele>
        <time>2026-08-21T05:00:26.000Z</time>
        <extensions>
          <ns3:TrackPointExtension>
            <ns3:hr>110</ns3:hr>
            <ns3:cad>0</ns3:cad>
          </ns3:TrackPointExtension>
        </extensions>
      </trkpt>
      <trkpt lat="29.3918648175895214080810546875" lon="83.27072172425687313079833984375">
        <ele>4150.60009765625</ele>
        <time>2026-08-21T05:00:30.000Z</time>
        <extensions>
          <ns3:TrackPointExtension>
            <ns3:hr>108</ns3:hr>
            <ns3:cad>0</ns3:cad>
          </ns3:TrackPointExtension>
        </extensions>
      </trkpt>
      <trkpt lat="29.3918406777083873748779296875" lon="83.27074720524251461029052734375">
        <ele>4151</ele>
        <time>2026-08-21T05:00:34.000Z</time>
        <extensions>
          <ns3:TrackPointExtension>
            <ns3:hr>108</ns3:hr>
            <ns3:cad>0</ns3:cad>
          </ns3:TrackPointExtension>
        </extensions>
      </trkpt>
      <trkpt lat="29.39183455891907215118408203125" lon="83.27075357548892498016357421875">
        <ele>4151.2001953125</ele>
        <time>2026-08-21T05:00:35.000Z</time>
        <extensions>
          <ns3:TrackPointExtension>
            <ns3:hr>108</ns3:hr>
            <ns3:cad>0</ns3:cad>
          </ns3:TrackPointExtension>
        </extensions>
      </trkpt>
      <trkpt lat="29.3917907215654850006103515625" lon="83.27080227434635162353515625">
        <ele>4150.2001953125</ele>
        <time>2026-08-21T05:00:42.000Z</time>
        <extensions>
          <ns3:TrackPointExtension>
            <ns3:hr>110</ns3:hr>
            <ns3:cad>0</ns3:cad>
          </ns3:TrackPointExtension>
        </extensions>
      </trkpt>
      <trkpt lat="29.39175928942859172821044921875" lon="83.2708409987390041351318359375">
        <ele>4151.60009765625</ele>
        <time>2026-08-21T05:00:47.000Z</time>
        <extensions>
          <ns3:TrackPointExtension>
            <ns3:hr>113</ns3:hr>
            <ns3:cad>0</ns3:cad>
          </ns3:TrackPointExtension>
        </extensions>
      </trkpt>
      <trkpt lat="29.39171905629336833953857421875" lon="83.27088668011128902435302734375">
        <ele>4152.2001953125</ele>
        <time>2026-08-21T05:00:52.000Z</time>
        <extensions>
          <ns3:TrackPointExtension>
            <ns3:hr>115</ns3:hr>
            <ns3:cad>0</ns3:cad>
          </ns3:TrackPointExtension>
        </extensions>
      </trkpt>
      <trkpt lat="29.3916991911828517913818359375" lon="83.2709104008972644805908203125">
        <ele>4152.2001953125</ele>
        <time>2026-08-21T05:00:55.000Z</time>
        <extensions>
          <ns3:TrackPointExtension>
            <ns3:hr>115</ns3:hr>
            <ns3:cad>0</ns3:cad>
          </ns3:TrackPointExtension>
        </extensions>
      </trkpt>
      <trkpt lat="29.39168619923293590545654296875" lon="83.270923979580402374267578125">
        <ele>4152.2001953125</ele>
        <time>2026-08-21T05:00:57.000Z</time>
        <extensions>
          <ns3:TrackPointExtension>
            <ns3:hr>115</ns3:hr>
            <ns3:cad>0</ns3:cad>
          </ns3:TrackPointExtension>
        </extensions>
      </trkpt>
      <trkpt lat="29.39165485091507434844970703125" lon="83.27096991240978240966796875">
        <ele>4152.60009765625</ele>
        <time>2026-08-21T05:01:02.000Z</time>
        <extensions>
          <ns3:TrackPointExtension>
            <ns3:hr>115</ns3:hr>
            <ns3:cad>0</ns3:cad>
          </ns3:TrackPointExtension>
        </extensions>
      </trkpt>
      <trkpt lat="29.39162165857851505279541015625" lon="83.27101542614400386810302734375">
        <ele>4153.2001953125</ele>
        <time>2026-08-21T05:01:07.000Z</time>
        <extensions>
          <ns3:TrackPointExtension>
            <ns3:hr>116</ns3:hr>
            <ns3:cad>0</ns3:cad>
          </ns3:TrackPointExtension>
        </extensions>
      </trkpt>
      <trkpt lat="29.39158896915614604949951171875" lon="83.271062113344669342041015625">
        <ele>4153.60009765625</ele>
        <time>2026-08-21T05:01:12.000Z</time>
        <extensions>
          <ns3:TrackPointExtension>
            <ns3:hr>116</ns3:hr>
            <ns3:cad>0</ns3:cad>
          </ns3:TrackPointExtension>
        </extensions>
      </trkpt>
      <trkpt lat="29.3915496580302715301513671875" lon="83.2711159251630306243896484375">
        <ele>4154</ele>
        <time>2026-08-21T05:01:19.000Z</time>
        <extensions>
          <ns3:TrackPointExtension>
            <ns3:hr>115</ns3:hr>
            <ns3:cad>0</ns3:cad>
          </ns3:TrackPointExtension>
        </extensions>
      </trkpt>
      <trkpt lat="29.39154555089771747589111328125" lon="83.27111986465752124786376953125">
        <ele>4154.2001953125</ele>
        <time>2026-08-21T05:01:20.000Z</time>
        <extensions>
          <ns3:TrackPointExtension>
            <ns3:hr>114</ns3:hr>
            <ns3:cad>0</ns3:cad>
          </ns3:TrackPointExtension>
        </extensions>
      </trkpt>
      <trkpt lat="29.391548819839954376220703125" lon="83.2711283303797245025634765625">
        <ele>4154.7998046875</ele>
        <time>2026-08-21T05:01:25.000Z</time>
        <extensions>
          <ns3:TrackPointExtension>
            <ns3:hr>113</ns3:hr>
            <ns3:cad>0</ns3:cad>
          </ns3:TrackPointExtension>
        </extensions>
      </trkpt>
      <trkpt lat="29.39155309461057186126708984375" lon="83.27112950384616851806640625">
        <ele>4154.7998046875</ele>
        <time>2026-08-21T05:01:26.000Z</time>
        <extensions>
          <ns3:TrackPointExtension>
            <ns3:hr>114</ns3:hr>
            <ns3:cad>0</ns3:cad>
          </ns3:TrackPointExtension>
        </extensions>
      </trkpt>
      <trkpt lat="29.39156466163694858551025390625" lon="83.27113763429224491119384765625">
        <ele>4154.39990234375</ele>
        <time>2026-08-21T05:01:30.000Z</time>
        <extensions>
          <ns3:TrackPointExtension>
            <ns3:hr>114</ns3:hr>
            <ns3:cad>42</ns3:cad>
          </ns3:TrackPointExtension>
        </extensions>
      </trkpt>
      <trkpt lat="29.39156164415180683135986328125" lon="83.27114718966186046600341796875">
        <ele>4154.39990234375</ele>
        <time>2026-08-21T05:01:42.000Z</time>
        <extensions>
          <ns3:TrackPointExtension>
            <ns3:hr>114</ns3:hr>
            <ns3:cad>0</ns3:cad>
          </ns3:TrackPointExtension>
        </extensions>
      </trkpt>
      <trkpt lat="29.391541443765163421630859375" lon="83.27117082662880420684814453125">
        <ele>4155.39990234375</ele>
        <time>2026-08-21T05:01:45.000Z</time>
        <extensions>
          <ns3:TrackPointExtension>
            <ns3:hr>114</ns3:hr>
            <ns3:cad>0</ns3:cad>
          </ns3:TrackPointExtension>
        </extensions>
      </trkpt>
      <trkpt lat="29.39152426086366176605224609375" lon="83.271188177168369293212890625">
        <ele>4155.60009765625</ele>
        <time>2026-08-21T05:01:47.000Z</time>
        <extensions>
          <ns3:TrackPointExtension>
            <ns3:hr>114</ns3:hr>
            <ns3:cad>0</ns3:cad>
          </ns3:TrackPointExtension>
        </extensions>
      </trkpt>
      <trkpt lat="29.3914707005023956298828125" lon="83.271237127482891082763671875">
        <ele>4155.39990234375</ele>
        <time>2026-08-21T05:01:53.000Z</time>
        <extensions>
          <ns3:TrackPointExtension>
            <ns3:hr>113</ns3:hr>
            <ns3:cad>43</ns3:cad>
          </ns3:TrackPointExtension>
        </extensions>
      </trkpt>
      <trkpt lat="29.391426779329776763916015625" lon="83.27129873447120189666748046875">
        <ele>4155.7998046875</ele>
        <time>2026-08-21T05:01:59.000Z</time>
        <extensions>
          <ns3:TrackPointExtension>
            <ns3:hr>110</ns3:hr>
            <ns3:cad>47</ns3:cad>
          </ns3:TrackPointExtension>
        </extensions>
      </trkpt>
      <trkpt lat="29.3914199061691761016845703125" lon="83.27130979858338832855224609375">
        <ele>4155.7998046875</ele>
        <time>2026-08-21T05:02:00.000Z</time>
        <extensions>
          <ns3:TrackPointExtension>
            <ns3:hr>110</ns3:hr>
            <ns3:cad>48</ns3:cad>
          </ns3:TrackPointExtension>
        </extensions>
      </trkpt>
      <trkpt lat="29.391355030238628387451171875" lon="83.27140711247920989990234375">
        <ele>4155.7998046875</ele>
        <time>2026-08-21T05:02:09.000Z</time>
        <extensions>
          <ns3:TrackPointExtension>
            <ns3:hr>109</ns3:hr>
            <ns3:cad>48</ns3:cad>
          </ns3:TrackPointExtension>
        </extensions>
      </trkpt>
      <trkpt lat="29.39130549319088459014892578125" lon="83.27146838419139385223388671875">
        <ele>4156</ele>
        <time>2026-08-21T05:02:16.000Z</time>
        <extensions>
          <ns3:TrackPointExtension>
            <ns3:hr>108</ns3:hr>
            <ns3:cad>48</ns3:cad>
          </ns3:TrackPointExtension>
        </extensions>
      </trkpt>
      <trkpt lat="29.391294009983539581298828125" lon="83.2714850641787052154541015625">
        <ele>4156.39990234375</ele>
        <time>2026-08-21T05:02:19.000Z</time>
        <extensions>
          <ns3:TrackPointExtension>
            <ns3:hr>108</ns3:hr>
            <ns3:cad>0</ns3:cad>
          </ns3:TrackPointExtension>
        </extensions>
      </trkpt>
      <trkpt lat="29.39127716235816478729248046875" lon="83.2715068571269512176513671875">
        <ele>4156.39990234375</ele>
        <time>2026-08-21T05:02:22.000Z</time>
        <extensions>
          <ns3:TrackPointExtension>
            <ns3:hr>108</ns3:hr>
            <ns3:cad>0</ns3:cad>
          </ns3:TrackPointExtension>
        </extensions>
      </trkpt>
      <trkpt lat="29.3912355042994022369384765625" lon="83.27155924402177333831787109375">
        <ele>4156.39990234375</ele>
        <time>2026-08-21T05:02:28.000Z</time>
        <extensions>
          <ns3:TrackPointExtension>
            <ns3:hr>105</ns3:hr>
            <ns3:cad>41</ns3:cad>
          </ns3:TrackPointExtension>
        </extensions>
      </trkpt>
      <trkpt lat="29.3912036530673503875732421875" lon="83.271605260670185089111328125">
        <ele>4156.7998046875</ele>
        <time>2026-08-21T05:02:33.000Z</time>
        <extensions>
          <ns3:TrackPointExtension>
            <ns3:hr>104</ns3:hr>
            <ns3:cad>47</ns3:cad>
          </ns3:TrackPointExtension>
        </extensions>
      </trkpt>
      <trkpt lat="29.39117205329239368438720703125" lon="83.2716510258615016937255859375">
        <ele>4157</ele>
        <time>2026-08-21T05:02:38.000Z</time>
        <extensions>
          <ns3:TrackPointExtension>
            <ns3:hr>107</ns3:hr>
            <ns3:cad>45</ns3:cad>
          </ns3:TrackPointExtension>
        </extensions>
      </trkpt>
      <trkpt lat="29.3911421298980712890625" lon="83.27169477939605712890625">
        <ele>4157.39990234375</ele>
        <time>2026-08-21T05:02:43.000Z</time>
        <extensions>
          <ns3:TrackPointExtension>
            <ns3:hr>107</ns3:hr>
            <ns3:cad>44</ns3:cad>
          </ns3:TrackPointExtension>
        </extensions>
      </trkpt>
      <trkpt lat="29.3911365978419780731201171875" lon="83.271704502403736114501953125">
        <ele>4157.60009765625</ele>
        <time>2026-08-21T05:02:44.000Z</time>
        <extensions>
          <ns3:TrackPointExtension>
            <ns3:hr>108</ns3:hr>
            <ns3:cad>44</ns3:cad>
          </ns3:TrackPointExtension>
        </extensions>
      </trkpt>
      <trkpt lat="29.3911094404757022857666015625" lon="83.27174817211925983428955078125">
        <ele>4157.39990234375</ele>
        <time>2026-08-21T05:02:49.000Z</time>
        <extensions>
          <ns3:TrackPointExtension>
            <ns3:hr>108</ns3:hr>
            <ns3:cad>45</ns3:cad>
          </ns3:TrackPointExtension>
        </extensions>
      </trkpt>
      <trkpt lat="29.391068704426288604736328125" lon="83.27180399559438228607177734375">
        <ele>4157.7998046875</ele>
        <time>2026-08-21T05:02:56.000Z</time>
        <extensions>
          <ns3:TrackPointExtension>
            <ns3:hr>109</ns3:hr>
            <ns3:cad>77</ns3:cad>
          </ns3:TrackPointExtension>
        </extensions>
      </trkpt>
      <trkpt lat="29.39104582183063030242919921875" lon="83.271824531257152557373046875">
        <ele>4158</ele>
        <time>2026-08-21T05:02:59.000Z</time>
        <extensions>
          <ns3:TrackPointExtension>
            <ns3:hr>112</ns3:hr>
            <ns3:cad>77</ns3:cad>
          </ns3:TrackPointExtension>
        </extensions>
      </trkpt>
      <trkpt lat="29.391032159328460693359375" lon="83.2718391157686710357666015625">
        <ele>4158.2001953125</ele>
        <time>2026-08-21T05:03:01.000Z</time>
        <extensions>
          <ns3:TrackPointExtension>
            <ns3:hr>115</ns3:hr>
            <ns3:cad>40</ns3:cad>
          </ns3:TrackPointExtension>
        </extensions>
      </trkpt>
      <trkpt lat="29.3910229392349720001220703125" lon="83.27185512520372867584228515625">
        <ele>4158.2001953125</ele>
        <time>2026-08-21T05:03:03.000Z</time>
        <extensions>
          <ns3:TrackPointExtension>
            <ns3:hr>114</ns3:hr>
            <ns3:cad>41</ns3:cad>
          </ns3:TrackPointExtension>
        </extensions>
      </trkpt>
      <trkpt lat="29.3910132162272930145263671875" lon="83.27187515795230865478515625">
        <ele>4158.39990234375</ele>
        <time>2026-08-21T05:03:05.000Z</time>
        <extensions>
          <ns3:TrackPointExtension>
            <ns3:hr>111</ns3:hr>
            <ns3:cad>42</ns3:cad>
          </ns3:TrackPointExtension>
        </extensions>
      </trkpt>
      <trkpt lat="29.3909877352416515350341796875" lon="83.2719313167035579681396484375">
        <ele>4159.2001953125</ele>
        <time>2026-08-21T05:03:11.000Z</time>
        <extensions>
          <ns3:TrackPointExtension>
            <ns3:hr>111</ns3:hr>
            <ns3:cad>42</ns3:cad>
          </ns3:TrackPointExtension>
        </extensions>
      </trkpt>
      <trkpt lat="29.3909666128456592559814453125" lon="83.27197867445647716522216796875">
        <ele>4159.60009765625</ele>
        <time>2026-08-21T05:03:16.000Z</time>
        <extensions>
          <ns3:TrackPointExtension>
            <ns3:hr>110</ns3:hr>
            <ns3:cad>43</ns3:cad>
          </ns3:TrackPointExtension>
        </extensions>
      </trkpt>
      <trkpt lat="29.3909575603902339935302734375" lon="83.271996863186359405517578125">
        <ele>4159.60009765625</ele>
        <time>2026-08-21T05:03:18.000Z</time>
        <extensions>
          <ns3:TrackPointExtension>
            <ns3:hr>110</ns3:hr>
            <ns3:cad>42</ns3:cad>
          </ns3:TrackPointExtension>
        </extensions>
      </trkpt>
      <trkpt lat="29.3909357674419879913330078125" lon="83.272052519023418426513671875">
        <ele>4160</ele>
        <time>2026-08-21T05:03:24.000Z</time>
        <extensions>
          <ns3:TrackPointExtension>
            <ns3:hr>111</ns3:hr>
            <ns3:cad>41</ns3:cad>
          </ns3:TrackPointExtension>
        </extensions>
      </trkpt>
      <trkpt lat="29.39092093147337436676025390625" lon="83.272116892039775848388671875">
        <ele>4160.39990234375</ele>
        <time>2026-08-21T05:03:30.000Z</time>
        <extensions>
          <ns3:TrackPointExtension>
            <ns3:hr>111</ns3:hr>
            <ns3:cad>43</ns3:cad>
          </ns3:TrackPointExtension>
        </extensions>
      </trkpt>
      <trkpt lat="29.3909168243408203125" lon="83.27213910408318042755126953125">
        <ele>4160.60009765625</ele>
        <time>2026-08-21T05:03:32.000Z</time>
        <extensions>
          <ns3:TrackPointExtension>
            <ns3:hr>111</ns3:hr>
            <ns3:cad>43</ns3:cad>
          </ns3:TrackPointExtension>
        </extensions>
      </trkpt>
      <trkpt lat="29.3909019045531749725341796875" lon="83.27219341881573200225830078125">
        <ele>4160.7998046875</ele>
        <time>2026-08-21T05:03:37.000Z</time>
        <extensions>
          <ns3:TrackPointExtension>
            <ns3:hr>114</ns3:hr>
            <ns3:cad>43</ns3:cad>
          </ns3:TrackPointExtension>
        </extensions>
      </trkpt>
      <trkpt lat="29.39089897088706493377685546875" lon="83.27220565639436244964599609375">
        <ele>4161</ele>
        <time>2026-08-21T05:03:38.000Z</time>
        <extensions>
          <ns3:TrackPointExtension>
            <ns3:hr>114</ns3:hr>
            <ns3:cad>43</ns3:cad>
          </ns3:TrackPointExtension>
        </extensions>
      </trkpt>
      <trkpt lat="29.39088941551744937896728515625" lon="83.2722625695168972015380859375">
        <ele>4161.39990234375</ele>
        <time>2026-08-21T05:03:44.000Z</time>
        <extensions>
          <ns3:TrackPointExtension>
            <ns3:hr>114</ns3:hr>
            <ns3:cad>43</ns3:cad>
          </ns3:TrackPointExtension>
        </extensions>
      </trkpt>
      <trkpt lat="29.390900395810604095458984375" lon="83.27229785732924938201904296875">
        <ele>4161.2001953125</ele>
        <time>2026-08-21T05:03:51.000Z</time>
        <extensions>
          <ns3:TrackPointExtension>
            <ns3:hr>112</ns3:hr>
            <ns3:cad>41</ns3:cad>
          </ns3:TrackPointExtension>
        </extensions>
      </trkpt>
      <trkpt lat="29.390888996422290802001953125" lon="83.2723259367048740386962890625">
        <ele>4160.7998046875</ele>
        <time>2026-08-21T05:03:58.000Z</time>
        <extensions>
          <ns3:TrackPointExtension>
            <ns3:hr>112</ns3:hr>
            <ns3:cad>0</ns3:cad>
          </ns3:TrackPointExtension>
        </extensions>
      </trkpt>
      <trkpt lat="29.3908797763288021087646484375" lon="83.27235166914761066436767578125">
        <ele>4161.60009765625</ele>
        <time>2026-08-21T05:04:00.000Z</time>
        <extensions>
          <ns3:TrackPointExtension>
            <ns3:hr>112</ns3:hr>
            <ns3:cad>0</ns3:cad>
          </ns3:TrackPointExtension>
        </extensions>
      </trkpt>
      <trkpt lat="29.39086116850376129150390625" lon="83.27240246348083019256591796875">
        <ele>4162.60009765625</ele>
        <time>2026-08-21T05:04:04.000Z</time>
        <extensions>
          <ns3:TrackPointExtension>
            <ns3:hr>111</ns3:hr>
            <ns3:cad>45</ns3:cad>
          </ns3:TrackPointExtension>
        </extensions>
      </trkpt>
      <trkpt lat="29.3908485956490039825439453125" lon="83.272468931972980499267578125">
        <ele>4162.39990234375</ele>
        <time>2026-08-21T05:04:09.000Z</time>
        <extensions>
          <ns3:TrackPointExtension>
            <ns3:hr>112</ns3:hr>
            <ns3:cad>48</ns3:cad>
          </ns3:TrackPointExtension>
        </extensions>
      </trkpt>
      <trkpt lat="29.39084566198289394378662109375" lon="83.27249617315828800201416015625">
        <ele>4162.7998046875</ele>
        <time>2026-08-21T05:04:11.000Z</time>
        <extensions>
          <ns3:TrackPointExtension>
            <ns3:hr>111</ns3:hr>
            <ns3:cad>46</ns3:cad>
          </ns3:TrackPointExtension>
        </extensions>
      </trkpt>
      <trkpt lat="29.39083099365234375" lon="83.27255803160369396209716796875">
        <ele>4163.2001953125</ele>
        <time>2026-08-21T05:04:17.000Z</time>
        <extensions>
          <ns3:TrackPointExtension>
            <ns3:hr>108</ns3:hr>
            <ns3:cad>47</ns3:cad>
          </ns3:TrackPointExtension>
        </extensions>
      </trkpt>
      <trkpt lat="29.3908251263201236724853515625" lon="83.27256314456462860107421875">
        <ele>4163.2001953125</ele>
        <time>2026-08-21T05:04:18.000Z</time>
        <extensions>
          <ns3:TrackPointExtension>
            <ns3:hr>108</ns3:hr>
            <ns3:cad>47</ns3:cad>
          </ns3:TrackPointExtension>
        </extensions>
      </trkpt>
      <trkpt lat="29.3907993100583553314208984375" lon="83.27258803881704807281494140625">
        <ele>4163.60009765625</ele>
        <time>2026-08-21T05:04:22.000Z</time>
        <extensions>
          <ns3:TrackPointExtension>
            <ns3:hr>107</ns3:hr>
            <ns3:cad>47</ns3:cad>
          </ns3:TrackPointExtension>
        </extensions>
      </trkpt>
      <trkpt lat="29.39078195951879024505615234375" lon="83.27261234633624553680419921875">
        <ele>4163</ele>
        <time>2026-08-21T05:04:28.000Z</time>
        <extensions>
          <ns3:TrackPointExtension>
            <ns3:hr>110</ns3:hr>
            <ns3:cad>41</ns3:cad>
          </ns3:TrackPointExtension>
        </extensions>
      </trkpt>
      <trkpt lat="29.39078112132847309112548828125" lon="83.27261276543140411376953125">
        <ele>4162.7998046875</ele>
        <time>2026-08-21T05:04:29.000Z</time>
        <extensions>
          <ns3:TrackPointExtension>
            <ns3:hr>110</ns3:hr>
            <ns3:cad>41</ns3:cad>
          </ns3:TrackPointExtension>
        </extensions>
      </trkpt>
      <trkpt lat="29.3907822109758853912353515625" lon="83.272612430155277252197265625">
        <ele>4161.60009765625</ele>
        <time>2026-08-21T05:04:35.000Z</time>
        <extensions>
          <ns3:TrackPointExtension>
            <ns3:hr>110</ns3:hr>
            <ns3:cad>0</ns3:cad>
          </ns3:TrackPointExtension>
        </extensions>
      </trkpt>
      <trkpt lat="29.3907822109758853912353515625" lon="83.27261301688849925994873046875">
        <ele>4161.7998046875</ele>
        <time>2026-08-21T05:04:39.000Z</time>
        <extensions>
          <ns3:TrackPointExtension>
            <ns3:hr>110</ns3:hr>
            <ns3:cad>0</ns3:cad>
          </ns3:TrackPointExtension>
        </extensions>
      </trkpt>
      <trkpt lat="29.39078212715685367584228515625" lon="83.2726136036217212677001953125">
        <ele>4162.2001953125</ele>
        <time>2026-08-21T05:04:42.000Z</time>
        <extensions>
          <ns3:TrackPointExtension>
            <ns3:hr>107</ns3:hr>
            <ns3:cad>0</ns3:cad>
          </ns3:TrackPointExtension>
        </extensions>
      </trkpt>
      <trkpt lat="29.390782378613948822021484375" lon="83.27261569909751415252685546875">
        <ele>4162.2001953125</ele>
        <time>2026-08-21T05:04:49.000Z</time>
        <extensions>
          <ns3:TrackPointExtension>
            <ns3:hr>107</ns3:hr>
            <ns3:cad>0</ns3:cad>
          </ns3:TrackPointExtension>
        </extensions>
      </trkpt>
      <trkpt lat="29.390783719718456268310546875" lon="83.27261787839233875274658203125">
        <ele>4162.7998046875</ele>
        <time>2026-08-21T05:04:52.000Z</time>
        <extensions>
          <ns3:TrackPointExtension>
            <ns3:hr>108</ns3:hr>
            <ns3:cad>0</ns3:cad>
          </ns3:TrackPointExtension>
        </extensions>
      </trkpt>
      <trkpt lat="29.3907805345952510833740234375" lon="83.2726162858307361602783203125">
        <ele>4164.2001953125</ele>
        <time>2026-08-21T05:04:55.000Z</time>
        <extensions>
          <ns3:TrackPointExtension>
            <ns3:hr>106</ns3:hr>
            <ns3:cad>0</ns3:cad>
          </ns3:TrackPointExtension>
        </extensions>
      </trkpt>
      <trkpt lat="29.39078028313815593719482421875" lon="83.27261687256395816802978515625">
        <ele>4165</ele>
        <time>2026-08-21T05:04:58.000Z</time>
        <extensions>
          <ns3:TrackPointExtension>
            <ns3:hr>105</ns3:hr>
            <ns3:cad>0</ns3:cad>
          </ns3:TrackPointExtension>
        </extensions>
      </trkpt>
      <trkpt lat="29.3907791934907436370849609375" lon="83.27260312624275684356689453125">
        <ele>4164</ele>
        <time>2026-08-21T05:05:10.000Z</time>
        <extensions>
          <ns3:TrackPointExtension>
            <ns3:hr>105</ns3:hr>
            <ns3:cad>64</ns3:cad>
          </ns3:TrackPointExtension>
        </extensions>
      </trkpt>
      <trkpt lat="29.390777684748172760009765625" lon="83.27259675599634647369384765625">
        <ele>4164.2001953125</ele>
        <time>2026-08-21T05:05:17.000Z</time>
        <extensions>
          <ns3:TrackPointExtension>
            <ns3:hr>105</ns3:hr>
            <ns3:cad>0</ns3:cad>
          </ns3:TrackPointExtension>
        </extensions>
      </trkpt>
      <trkpt lat="29.39077776856720447540283203125" lon="83.27259692363440990447998046875">
        <ele>4164.2001953125</ele>
        <time>2026-08-21T05:05:21.000Z</time>
        <extensions>
          <ns3:TrackPointExtension>
            <ns3:hr>102</ns3:hr>
            <ns3:cad>0</ns3:cad>
          </ns3:TrackPointExtension>
        </extensions>
      </trkpt>
      <trkpt lat="29.39077793620526790618896484375" lon="83.2725973427295684814453125">
        <ele>4164</ele>
        <time>2026-08-21T05:05:27.000Z</time>
        <extensions>
          <ns3:TrackPointExtension>
            <ns3:hr>99</ns3:hr>
            <ns3:cad>0</ns3:cad>
          </ns3:TrackPointExtension>
        </extensions>
      </trkpt>
      <trkpt lat="29.3907815404236316680908203125" lon="83.2725961692631244659423828125">
        <ele>4164.2001953125</ele>
        <time>2026-08-21T05:05:32.000Z</time>
        <extensions>
          <ns3:TrackPointExtension>
            <ns3:hr>100</ns3:hr>
            <ns3:cad>0</ns3:cad>
          </ns3:TrackPointExtension>
        </extensions>
      </trkpt>
      <trkpt lat="29.39078514464199542999267578125" lon="83.2725991867482662200927734375">
        <ele>4164.39990234375</ele>
        <time>2026-08-21T05:05:36.000Z</time>
        <extensions>
          <ns3:TrackPointExtension>
            <ns3:hr>100</ns3:hr>
            <ns3:cad>0</ns3:cad>
          </ns3:TrackPointExtension>
        </extensions>
      </trkpt>
      <trkpt lat="29.39078413881361484527587890625" lon="83.27259658835828304290771484375">
        <ele>4164.60009765625</ele>
        <time>2026-08-21T05:05:44.000Z</time>
        <extensions>
          <ns3:TrackPointExtension>
            <ns3:hr>100</ns3:hr>
            <ns3:cad>0</ns3:cad>
          </ns3:TrackPointExtension>
        </extensions>
      </trkpt>
      <trkpt lat="29.3907760083675384521484375" lon="83.27258326113224029541015625">
        <ele>4165</ele>
        <time>2026-08-21T05:05:50.000Z</time>
        <extensions>
          <ns3:TrackPointExtension>
            <ns3:hr>98</ns3:hr>
            <ns3:cad>0</ns3:cad>
          </ns3:TrackPointExtension>
        </extensions>
      </trkpt>
      <trkpt lat="29.39077458344399929046630859375" lon="83.272582590579986572265625">
        <ele>4165</ele>
        <time>2026-08-21T05:05:58.000Z</time>
        <extensions>
          <ns3:TrackPointExtension>
            <ns3:hr>101</ns3:hr>
            <ns3:cad>0</ns3:cad>
          </ns3:TrackPointExtension>
        </extensions>
      </trkpt>
      <trkpt lat="29.3907744996249675750732421875" lon="83.272582590579986572265625">
        <ele>4164.7998046875</ele>
        <time>2026-08-21T05:06:00.000Z</time>
        <extensions>
          <ns3:TrackPointExtension>
            <ns3:hr>102</ns3:hr>
            <ns3:cad>0</ns3:cad>
          </ns3:TrackPointExtension>
        </extensions>
      </trkpt>
      <trkpt lat="29.39077441580593585968017578125" lon="83.27258267439901828765869140625">
        <ele>4164.7998046875</ele>
        <time>2026-08-21T05:06:03.000Z</time>
        <extensions>
          <ns3:TrackPointExtension>
            <ns3:hr>97</ns3:hr>
            <ns3:cad>0</ns3:cad>
          </ns3:TrackPointExtension>
        </extensions>
      </trkpt>
      <trkpt lat="29.3907741643488407135009765625" lon="83.27258284203708171844482421875">
        <ele>4165</ele>
        <time>2026-08-21T05:06:10.000Z</time>
        <extensions>
          <ns3:TrackPointExtension>
            <ns3:hr>100</ns3:hr>
            <ns3:cad>0</ns3:cad>
          </ns3:TrackPointExtension>
        </extensions>
      </trkpt>
      <trkpt lat="29.39077408052980899810791015625" lon="83.27258284203708171844482421875">
        <ele>4165</ele>
        <time>2026-08-21T05:06:12.000Z</time>
        <extensions>
          <ns3:TrackPointExtension>
            <ns3:hr>99</ns3:hr>
            <ns3:cad>0</ns3:cad>
          </ns3:TrackPointExtension>
        </extensions>
      </trkpt>
      <trkpt lat="29.3907738290727138519287109375" lon="83.2725830934941768646240234375">
        <ele>4165.2001953125</ele>
        <time>2026-08-21T05:06:21.000Z</time>
        <extensions>
          <ns3:TrackPointExtension>
            <ns3:hr>102</ns3:hr>
            <ns3:cad>0</ns3:cad>
          </ns3:TrackPointExtension>
        </extensions>
      </trkpt>
      <trkpt lat="29.3907738290727138519287109375" lon="83.2725830934941768646240234375">
        <ele>4165</ele>
        <time>2026-08-21T05:06:22.000Z</time>
        <extensions>
          <ns3:TrackPointExtension>
            <ns3:hr>102</ns3:hr>
            <ns3:cad>0</ns3:cad>
          </ns3:TrackPointExtension>
        </extensions>
      </trkpt>
      <trkpt lat="29.39077374525368213653564453125" lon="83.27258326113224029541015625">
        <ele>4165.39990234375</ele>
        <time>2026-08-21T05:06:28.000Z</time>
        <extensions>
          <ns3:TrackPointExtension>
            <ns3:hr>100</ns3:hr>
            <ns3:cad>0</ns3:cad>
          </ns3:TrackPointExtension>
        </extensions>
      </trkpt>
      <trkpt lat="29.390773661434650421142578125" lon="83.27258334495127201080322265625">
        <ele>4166</ele>
        <time>2026-08-21T05:06:35.000Z</time>
        <extensions>
          <ns3:TrackPointExtension>
            <ns3:hr>100</ns3:hr>
            <ns3:cad>0</ns3:cad>
          </ns3:TrackPointExtension>
        </extensions>
      </trkpt>
      <trkpt lat="29.39077424816787242889404296875" lon="83.27258317731320858001708984375">
        <ele>4165.60009765625</ele>
        <time>2026-08-21T05:06:41.000Z</time>
        <extensions>
          <ns3:TrackPointExtension>
            <ns3:hr>97</ns3:hr>
            <ns3:cad>0</ns3:cad>
          </ns3:TrackPointExtension>
        </extensions>
      </trkpt>
      <trkpt lat="29.3907748349010944366455078125" lon="83.27258300967514514923095703125">
        <ele>4165.60009765625</ele>
        <time>2026-08-21T05:06:42.000Z</time>
        <extensions>
          <ns3:TrackPointExtension>
            <ns3:hr>92</ns3:hr>
            <ns3:cad>0</ns3:cad>
          </ns3:TrackPointExtension>
        </extensions>
      </trkpt>
      <trkpt lat="29.3907778523862361907958984375" lon="83.272581584751605987548828125">
        <ele>4165.7998046875</ele>
        <time>2026-08-21T05:06:44.000Z</time>
        <extensions>
          <ns3:TrackPointExtension>
            <ns3:hr>89</ns3:hr>
            <ns3:cad>0</ns3:cad>
          </ns3:TrackPointExtension>
        </extensions>
      </trkpt>
      <trkpt lat="29.39079687930643558502197265625" lon="83.272572197020053863525390625">
        <ele>4166</ele>
        <time>2026-08-21T05:06:47.000Z</time>
        <extensions>
          <ns3:TrackPointExtension>
            <ns3:hr>87</ns3:hr>
            <ns3:cad>0</ns3:cad>
          </ns3:TrackPointExtension>
        </extensions>
      </trkpt>
      <trkpt lat="29.3908200971782207489013671875" lon="83.27255937270820140838623046875">
        <ele>4166.39990234375</ele>
        <time>2026-08-21T05:06:50.000Z</time>
        <extensions>
          <ns3:TrackPointExtension>
            <ns3:hr>87</ns3:hr>
            <ns3:cad>0</ns3:cad>
          </ns3:TrackPointExtension>
        </extensions>
      </trkpt>
      <trkpt lat="29.39083971083164215087890625" lon="83.27254839241504669189453125">
        <ele>4166</ele>
        <time>2026-08-21T05:06:55.000Z</time>
        <extensions>
          <ns3:TrackPointExtension>
            <ns3:hr>88</ns3:hr>
            <ns3:cad>0</ns3:cad>
          </ns3:TrackPointExtension>
        </extensions>
      </trkpt>
      <trkpt lat="29.3908492662012577056884765625" lon="83.27256155200302600860595703125">
        <ele>4166.39990234375</ele>
        <time>2026-08-21T05:07:01.000Z</time>
        <extensions>
          <ns3:TrackPointExtension>
            <ns3:hr>85</ns3:hr>
            <ns3:cad>0</ns3:cad>
          </ns3:TrackPointExtension>
        </extensions>
      </trkpt>
      <trkpt lat="29.39081749878823757171630859375" lon="83.2726015336811542510986328125">
        <ele>4167</ele>
        <time>2026-08-21T05:07:07.000Z</time>
        <extensions>
          <ns3:TrackPointExtension>
            <ns3:hr>83</ns3:hr>
            <ns3:cad>66</ns3:cad>
          </ns3:TrackPointExtension>
        </extensions>
      </trkpt>
      <trkpt lat="29.3907818756997585296630859375" lon="83.2726397551596164703369140625">
        <ele>4166.60009765625</ele>
        <time>2026-08-21T05:07:12.000Z</time>
        <extensions>
          <ns3:TrackPointExtension>
            <ns3:hr>83</ns3:hr>
            <ns3:cad>0</ns3:cad>
          </ns3:TrackPointExtension>
        </extensions>
      </trkpt>
      <trkpt lat="29.3907480128109455108642578125" lon="83.272719718515872955322265625">
        <ele>4165.2001953125</ele>
        <time>2026-08-21T05:07:19.000Z</time>
        <extensions>
          <ns3:TrackPointExtension>
            <ns3:hr>81</ns3:hr>
            <ns3:cad>52</ns3:cad>
          </ns3:TrackPointExtension>
        </extensions>
      </trkpt>
      <trkpt lat="29.3907379545271396636962890625" lon="83.2727636396884918212890625">
        <ele>4164</ele>
        <time>2026-08-21T05:07:22.000Z</time>
        <extensions>
          <ns3:TrackPointExtension>
            <ns3:hr>80</ns3:hr>
            <ns3:cad>52</ns3:cad>
          </ns3:TrackPointExtension>
        </extensions>
      </trkpt>
      <trkpt lat="29.3907248787581920623779296875" lon="83.272827006876468658447265625">
        <ele>4163.60009765625</ele>
        <time>2026-08-21T05:07:27.000Z</time>
        <extensions>
          <ns3:TrackPointExtension>
            <ns3:hr>82</ns3:hr>
            <ns3:cad>52</ns3:cad>
          </ns3:TrackPointExtension>
        </extensions>
      </trkpt>
      <trkpt lat="29.390705935657024383544921875" lon="83.272889368236064910888671875">
        <ele>4164.60009765625</ele>
        <time>2026-08-21T05:07:32.000Z</time>
        <extensions>
          <ns3:TrackPointExtension>
            <ns3:hr>82</ns3:hr>
            <ns3:cad>0</ns3:cad>
          </ns3:TrackPointExtension>
        </extensions>
      </trkpt>
      <trkpt lat="29.39069109968841075897216796875" lon="83.27296036295592784881591796875">
        <ele>4163.60009765625</ele>
        <time>2026-08-21T05:07:37.000Z</time>
        <extensions>
          <ns3:TrackPointExtension>
            <ns3:hr>83</ns3:hr>
            <ns3:cad>0</ns3:cad>
          </ns3:TrackPointExtension>
        </extensions>
      </trkpt>
      <trkpt lat="29.3906873278319835662841796875" lon="83.272971175611019134521484375">
        <ele>4163.39990234375</ele>
        <time>2026-08-21T05:07:38.000Z</time>
        <extensions>
          <ns3:TrackPointExtension>
            <ns3:hr>83</ns3:hr>
            <ns3:cad>0</ns3:cad>
          </ns3:TrackPointExtension>
        </extensions>
      </trkpt>
      <trkpt lat="29.39067601226270198822021484375" lon="83.27302716672420501708984375">
        <ele>4163</ele>
        <time>2026-08-21T05:07:42.000Z</time>
        <extensions>
          <ns3:TrackPointExtension>
            <ns3:hr>81</ns3:hr>
            <ns3:cad>0</ns3:cad>
          </ns3:TrackPointExtension>
        </extensions>
      </trkpt>
      <trkpt lat="29.39067265950143337249755859375" lon="83.2730420865118503570556640625">
        <ele>4162.7998046875</ele>
        <time>2026-08-21T05:07:43.000Z</time>
        <extensions>
          <ns3:TrackPointExtension>
            <ns3:hr>80</ns3:hr>
            <ns3:cad>0</ns3:cad>
          </ns3:TrackPointExtension>
        </extensions>
      </trkpt>
      <trkpt lat="29.3906645290553569793701171875" lon="83.273114673793315887451171875">
        <ele>4162.39990234375</ele>
        <time>2026-08-21T05:07:48.000Z</time>
        <extensions>
          <ns3:TrackPointExtension>
            <ns3:hr>81</ns3:hr>
            <ns3:cad>52</ns3:cad>
          </ns3:TrackPointExtension>
        </extensions>
      </trkpt>
      <trkpt lat="29.39065388403832912445068359375" lon="83.2732021808624267578125">
        <ele>4162.39990234375</ele>
        <time>2026-08-21T05:07:54.000Z</time>
        <extensions>
          <ns3:TrackPointExtension>
            <ns3:hr>81</ns3:hr>
            <ns3:cad>52</ns3:cad>
          </ns3:TrackPointExtension>
        </extensions>
      </trkpt>
      <trkpt lat="29.39063854515552520751953125" lon="83.2732697390019893646240234375">
        <ele>4161.7998046875</ele>
        <time>2026-08-21T05:07:59.000Z</time>
        <extensions>
          <ns3:TrackPointExtension>
            <ns3:hr>81</ns3:hr>
            <ns3:cad>52</ns3:cad>
          </ns3:TrackPointExtension>
        </extensions>
      </trkpt>
      <trkpt lat="29.39063695259392261505126953125" lon="83.2732813060283660888671875">
        <ele>4161.60009765625</ele>
        <time>2026-08-21T05:08:00.000Z</time>
        <extensions>
          <ns3:TrackPointExtension>
            <ns3:hr>81</ns3:hr>
            <ns3:cad>52</ns3:cad>
          </ns3:TrackPointExtension>
        </extensions>
      </trkpt>
      <trkpt lat="29.39061717130243778228759765625" lon="83.27338297851383686065673828125">
        <ele>4161.7998046875</ele>
        <time>2026-08-21T05:08:07.000Z</time>
        <extensions>
          <ns3:TrackPointExtension>
            <ns3:hr>80</ns3:hr>
            <ns3:cad>54</ns3:cad>
          </ns3:TrackPointExtension>
        </extensions>
      </trkpt>
      <trkpt lat="29.39061029814183712005615234375" lon="83.27341072261333465576171875">
        <ele>4161</ele>
        <time>2026-08-21T05:08:09.000Z</time>
        <extensions>
          <ns3:TrackPointExtension>
            <ns3:hr>77</ns3:hr>
            <ns3:cad>54</ns3:cad>
          </ns3:TrackPointExtension>
        </extensions>
      </trkpt>
      <trkpt lat="29.39060308970510959625244140625" lon="83.273440562188625335693359375">
        <ele>4160.39990234375</ele>
        <time>2026-08-21T05:08:11.000Z</time>
        <extensions>
          <ns3:TrackPointExtension>
            <ns3:hr>75</ns3:hr>
            <ns3:cad>54</ns3:cad>
          </ns3:TrackPointExtension>
        </extensions>
      </trkpt>
      <trkpt lat="29.3905937857925891876220703125" lon="83.273467719554901123046875">
        <ele>4160.7998046875</ele>
        <time>2026-08-21T05:08:13.000Z</time>
        <extensions>
          <ns3:TrackPointExtension>
            <ns3:hr>74</ns3:hr>
            <ns3:cad>54</ns3:cad>
          </ns3:TrackPointExtension>
        </extensions>
      </trkpt>
      <trkpt lat="29.39055682159960269927978515625" lon="83.27353452332317829132080078125">
        <ele>4161.2001953125</ele>
        <time>2026-08-21T05:08:18.000Z</time>
        <extensions>
          <ns3:TrackPointExtension>
            <ns3:hr>74</ns3:hr>
            <ns3:cad>53</ns3:cad>
          </ns3:TrackPointExtension>
        </extensions>
      </trkpt>
      <trkpt lat="29.3905039317905902862548828125" lon="83.2736036740243434906005859375">
        <ele>4161</ele>
        <time>2026-08-21T05:08:24.000Z</time>
        <extensions>
          <ns3:TrackPointExtension>
            <ns3:hr>76</ns3:hr>
            <ns3:cad>53</ns3:cad>
          </ns3:TrackPointExtension>
        </extensions>
      </trkpt>
      <trkpt lat="29.39047568477690219879150390625" lon="83.2736311666667461395263671875">
        <ele>4161.2001953125</ele>
        <time>2026-08-21T05:08:27.000Z</time>
        <extensions>
          <ns3:TrackPointExtension>
            <ns3:hr>79</ns3:hr>
            <ns3:cad>53</ns3:cad>
          </ns3:TrackPointExtension>
        </extensions>
      </trkpt>
      <trkpt lat="29.39044483937323093414306640625" lon="83.27365622855722904205322265625">
        <ele>4161.60009765625</ele>
        <time>2026-08-21T05:08:30.000Z</time>
        <extensions>
          <ns3:TrackPointExtension>
            <ns3:hr>79</ns3:hr>
            <ns3:cad>53</ns3:cad>
          </ns3:TrackPointExtension>
        </extensions>
      </trkpt>
      <trkpt lat="29.39042271114885807037353515625" lon="83.27366955578327178955078125">
        <ele>4162.2001953125</ele>
        <time>2026-08-21T05:08:32.000Z</time>
        <extensions>
          <ns3:TrackPointExtension>
            <ns3:hr>79</ns3:hr>
            <ns3:cad>53</ns3:cad>
          </ns3:TrackPointExtension>
        </extensions>
      </trkpt>
      <trkpt lat="29.39038365148007869720458984375" lon="83.27368103899061679840087890625">
        <ele>4162.60009765625</ele>
        <time>2026-08-21T05:08:35.000Z</time>
        <extensions>
          <ns3:TrackPointExtension>
            <ns3:hr>80</ns3:hr>
            <ns3:cad>53</ns3:cad>
          </ns3:TrackPointExtension>
        </extensions>
      </trkpt>
      <trkpt lat="29.39033688046038150787353515625" lon="83.2736797817051410675048828125">
        <ele>4163.39990234375</ele>
        <time>2026-08-21T05:08:39.000Z</time>
        <extensions>
          <ns3:TrackPointExtension>
            <ns3:hr>81</ns3:hr>
            <ns3:cad>53</ns3:cad>
          </ns3:TrackPointExtension>
        </extensions>
      </trkpt>
      <trkpt lat="29.3903161771595478057861328125" lon="83.273675255477428436279296875">
        <ele>4163.60009765625</ele>
        <time>2026-08-21T05:08:41.000Z</time>
        <extensions>
          <ns3:TrackPointExtension>
            <ns3:hr>82</ns3:hr>
            <ns3:cad>53</ns3:cad>
          </ns3:TrackPointExtension>
        </extensions>
      </trkpt>
      <trkpt lat="29.39028038643300533294677734375" lon="83.2736621797084808349609375">
        <ele>4163.2001953125</ele>
        <time>2026-08-21T05:08:44.000Z</time>
        <extensions>
          <ns3:TrackPointExtension>
            <ns3:hr>84</ns3:hr>
            <ns3:cad>48</ns3:cad>
          </ns3:TrackPointExtension>
        </extensions>
      </trkpt>
      <trkpt lat="29.390246607363224029541015625" lon="83.273645751178264617919921875">
        <ele>4162.60009765625</ele>
        <time>2026-08-21T05:08:47.000Z</time>
        <extensions>
          <ns3:TrackPointExtension>
            <ns3:hr>85</ns3:hr>
            <ns3:cad>48</ns3:cad>
          </ns3:TrackPointExtension>
        </extensions>
      </trkpt>
      <trkpt lat="29.39021517522633075714111328125" lon="83.273619599640369415283203125">
        <ele>4163</ele>
        <time>2026-08-21T05:08:50.000Z</time>
        <extensions>
          <ns3:TrackPointExtension>
            <ns3:hr>88</ns3:hr>
            <ns3:cad>0</ns3:cad>
          </ns3:TrackPointExtension>
        </extensions>
      </trkpt>
      <trkpt lat="29.3901663087308406829833984375" lon="83.27354894019663333892822265625">
        <ele>4162.2001953125</ele>
        <time>2026-08-21T05:08:56.000Z</time>
        <extensions>
          <ns3:TrackPointExtension>
            <ns3:hr>89</ns3:hr>
            <ns3:cad>53</ns3:cad>
          </ns3:TrackPointExtension>
        </extensions>
      </trkpt>
      <trkpt lat="29.39014711417257785797119140625" lon="83.27348624356091022491455078125">
        <ele>4161.39990234375</ele>
        <time>2026-08-21T05:09:01.000Z</time>
        <extensions>
          <ns3:TrackPointExtension>
            <ns3:hr>88</ns3:hr>
            <ns3:cad>53</ns3:cad>
          </ns3:TrackPointExtension>
        </extensions>
      </trkpt>
      <trkpt lat="29.39014392904937267303466796875" lon="83.273473419249057769775390625">
        <ele>4161.39990234375</ele>
        <time>2026-08-21T05:09:02.000Z</time>
        <extensions>
          <ns3:TrackPointExtension>
            <ns3:hr>87</ns3:hr>
            <ns3:cad>53</ns3:cad>
          </ns3:TrackPointExtension>
        </extensions>
      </trkpt>
      <trkpt lat="29.390123896300792694091796875" lon="83.2734249718487262725830078125">
        <ele>4161.39990234375</ele>
        <time>2026-08-21T05:09:07.000Z</time>
        <extensions>
          <ns3:TrackPointExtension>
            <ns3:hr>88</ns3:hr>
            <ns3:cad>53</ns3:cad>
          </ns3:TrackPointExtension>
        </extensions>
      </trkpt>
      <trkpt lat="29.390087015926837921142578125" lon="83.27337090857326984405517578125">
        <ele>4162</ele>
        <time>2026-08-21T05:09:14.000Z</time>
        <extensions>
          <ns3:TrackPointExtension>
            <ns3:hr>88</ns3:hr>
            <ns3:cad>0</ns3:cad>
          </ns3:TrackPointExtension>
        </extensions>
      </trkpt>
      <trkpt lat="29.39006681554019451141357421875" lon="83.27334593050181865692138671875">
        <ele>4162.60009765625</ele>
        <time>2026-08-21T05:09:19.000Z</time>
        <extensions>
          <ns3:TrackPointExtension>
            <ns3:hr>85</ns3:hr>
            <ns3:cad>0</ns3:cad>
          </ns3:TrackPointExtension>
        </extensions>
      </trkpt>
      <trkpt lat="29.39002909697592258453369140625" lon="83.27330402098596096038818359375">
        <ele>4162.7998046875</ele>
        <time>2026-08-21T05:09:25.000Z</time>
        <extensions>
          <ns3:TrackPointExtension>
            <ns3:hr>85</ns3:hr>
            <ns3:cad>0</ns3:cad>
          </ns3:TrackPointExtension>
        </extensions>
      </trkpt>
      <trkpt lat="29.390011914074420928955078125" lon="83.27328658662736415863037109375">
        <ele>4163.2001953125</ele>
        <time>2026-08-21T05:09:28.000Z</time>
        <extensions>
          <ns3:TrackPointExtension>
            <ns3:hr>88</ns3:hr>
            <ns3:cad>0</ns3:cad>
          </ns3:TrackPointExtension>
        </extensions>
      </trkpt>
      <trkpt lat="29.38999607227742671966552734375" lon="83.2732797972857952117919921875">
        <ele>4163.7998046875</ele>
        <time>2026-08-21T05:09:31.000Z</time>
        <extensions>
          <ns3:TrackPointExtension>
            <ns3:hr>89</ns3:hr>
            <ns3:cad>0</ns3:cad>
          </ns3:TrackPointExtension>
        </extensions>
      </trkpt>
      <trkpt lat="29.38999037258327007293701171875" lon="83.27327937819063663482666015625">
        <ele>4163.7998046875</ele>
        <time>2026-08-21T05:09:32.000Z</time>
        <extensions>
          <ns3:TrackPointExtension>
            <ns3:hr>89</ns3:hr>
            <ns3:cad>0</ns3:cad>
          </ns3:TrackPointExtension>
        </extensions>
      </trkpt>
      <trkpt lat="29.38995885662734508514404296875" lon="83.2732948847115039825439453125">
        <ele>4164.39990234375</ele>
        <time>2026-08-21T05:09:38.000Z</time>
        <extensions>
          <ns3:TrackPointExtension>
            <ns3:hr>90</ns3:hr>
            <ns3:cad>0</ns3:cad>
          </ns3:TrackPointExtension>
        </extensions>
      </trkpt>
      <trkpt lat="29.3899450264871120452880859375" lon="83.27330117113888263702392578125">
        <ele>4164.7998046875</ele>
        <time>2026-08-21T05:09:41.000Z</time>
        <extensions>
          <ns3:TrackPointExtension>
            <ns3:hr>94</ns3:hr>
            <ns3:cad>0</ns3:cad>
          </ns3:TrackPointExtension>
        </extensions>
      </trkpt>
      <trkpt lat="29.3899337947368621826171875" lon="83.2733036018908023834228515625">
        <ele>4165</ele>
        <time>2026-08-21T05:09:43.000Z</time>
        <extensions>
          <ns3:TrackPointExtension>
            <ns3:hr>97</ns3:hr>
            <ns3:cad>0</ns3:cad>
          </ns3:TrackPointExtension>
        </extensions>
      </trkpt>
      <trkpt lat="29.38993220217525959014892578125" lon="83.27330435626208782196044921875">
        <ele>4165.60009765625</ele>
        <time>2026-08-21T05:09:45.000Z</time>
        <extensions>
          <ns3:TrackPointExtension>
            <ns3:hr>100</ns3:hr>
            <ns3:cad>0</ns3:cad>
          </ns3:TrackPointExtension>
        </extensions>
      </trkpt>
      <trkpt lat="29.3899289332330226898193359375" lon="83.27330402098596096038818359375">
        <ele>4165.7998046875</ele>
        <time>2026-08-21T05:09:46.000Z</time>
        <extensions>
          <ns3:TrackPointExtension>
            <ns3:hr>100</ns3:hr>
            <ns3:cad>0</ns3:cad>
          </ns3:TrackPointExtension>
        </extensions>
      </trkpt>
      <trkpt lat="29.3899222277104854583740234375" lon="83.27330075204372406005859375">
        <ele>4166.39990234375</ele>
        <time>2026-08-21T05:09:49.000Z</time>
        <extensions>
          <ns3:TrackPointExtension>
            <ns3:hr>101</ns3:hr>
            <ns3:cad>0</ns3:cad>
          </ns3:TrackPointExtension>
        </extensions>
      </trkpt>
      <trkpt lat="29.3899111635982990264892578125" lon="83.2732958905398845672607421875">
        <ele>4167</ele>
        <time>2026-08-21T05:09:53.000Z</time>
        <extensions>
          <ns3:TrackPointExtension>
            <ns3:hr>102</ns3:hr>
            <ns3:cad>0</ns3:cad>
          </ns3:TrackPointExtension>
        </extensions>
      </trkpt>
      <trkpt lat="29.38990672118961811065673828125" lon="83.2732938788831233978271484375">
        <ele>4167</ele>
        <time>2026-08-21T05:09:54.000Z</time>
        <extensions>
          <ns3:TrackPointExtension>
            <ns3:hr>103</ns3:hr>
            <ns3:cad>0</ns3:cad>
          </ns3:TrackPointExtension>
        </extensions>
      </trkpt>
      <trkpt lat="29.38988124020397663116455078125" lon="83.27328734099864959716796875">
        <ele>4168</ele>
        <time>2026-08-21T05:09:59.000Z</time>
        <extensions>
          <ns3:TrackPointExtension>
            <ns3:hr>104</ns3:hr>
            <ns3:cad>0</ns3:cad>
          </ns3:TrackPointExtension>
        </extensions>
      </trkpt>
      <trkpt lat="29.389855004847049713134765625" lon="83.27327317558228969573974609375">
        <ele>4168.7998046875</ele>
        <time>2026-08-21T05:10:04.000Z</time>
        <extensions>
          <ns3:TrackPointExtension>
            <ns3:hr>104</ns3:hr>
            <ns3:cad>0</ns3:cad>
          </ns3:TrackPointExtension>
        </extensions>
      </trkpt>
      <trkpt lat="29.38985156826674938201904296875" lon="83.2732727564871311187744140625">
        <ele>4169</ele>
        <time>2026-08-21T05:10:05.000Z</time>
        <extensions>
          <ns3:TrackPointExtension>
            <ns3:hr>104</ns3:hr>
            <ns3:cad>0</ns3:cad>
          </ns3:TrackPointExtension>
        </extensions>
      </trkpt>
      <trkpt lat="29.38982860185205936431884765625" lon="83.27326462604105472564697265625">
        <ele>4169.60009765625</ele>
        <time>2026-08-21T05:10:11.000Z</time>
        <extensions>
          <ns3:TrackPointExtension>
            <ns3:hr>103</ns3:hr>
            <ns3:cad>0</ns3:cad>
          </ns3:TrackPointExtension>
        </extensions>
      </trkpt>
      <trkpt lat="29.38982809893786907196044921875" lon="83.27326496131718158721923828125">
        <ele>4170</ele>
        <time>2026-08-21T05:10:16.000Z</time>
        <extensions>
          <ns3:TrackPointExtension>
            <ns3:hr>101</ns3:hr>
            <ns3:cad>0</ns3:cad>
          </ns3:TrackPointExtension>
        </extensions>
      </trkpt>
      <trkpt lat="29.389828182756900787353515625" lon="83.27326663769781589508056640625">
        <ele>4170.39990234375</ele>
        <time>2026-08-21T05:10:22.000Z</time>
        <extensions>
          <ns3:TrackPointExtension>
            <ns3:hr>104</ns3:hr>
            <ns3:cad>0</ns3:cad>
          </ns3:TrackPointExtension>
        </extensions>
      </trkpt>
      <trkpt lat="29.389828182756900787353515625" lon="83.2732670567929744720458984375">
        <ele>4170.39990234375</ele>
        <time>2026-08-21T05:10:23.000Z</time>
        <extensions>
          <ns3:TrackPointExtension>
            <ns3:hr>104</ns3:hr>
            <ns3:cad>0</ns3:cad>
          </ns3:TrackPointExtension>
        </extensions>
      </trkpt>
      <trkpt lat="29.38982851803302764892578125" lon="83.273270912468433380126953125">
        <ele>4170.7998046875</ele>
        <time>2026-08-21T05:10:31.000Z</time>
        <extensions>
          <ns3:TrackPointExtension>
            <ns3:hr>111</ns3:hr>
            <ns3:cad>0</ns3:cad>
          </ns3:TrackPointExtension>
        </extensions>
      </trkpt>
      <trkpt lat="29.38982860185205936431884765625" lon="83.27327149920165538787841796875">
        <ele>4170.7998046875</ele>
        <time>2026-08-21T05:10:32.000Z</time>
        <extensions>
          <ns3:TrackPointExtension>
            <ns3:hr>116</ns3:hr>
            <ns3:cad>0</ns3:cad>
          </ns3:TrackPointExtension>
        </extensions>
      </trkpt>
      <trkpt lat="29.38982860185205936431884765625" lon="83.2732720859348773956298828125">
        <ele>4170.7998046875</ele>
        <time>2026-08-21T05:10:33.000Z</time>
        <extensions>
          <ns3:TrackPointExtension>
            <ns3:hr>119</ns3:hr>
            <ns3:cad>0</ns3:cad>
          </ns3:TrackPointExtension>
        </extensions>
      </trkpt>
      <trkpt lat="29.3898286856710910797119140625" lon="83.27327267266809940338134765625">
        <ele>4170.7998046875</ele>
        <time>2026-08-21T05:10:34.000Z</time>
        <extensions>
          <ns3:TrackPointExtension>
            <ns3:hr>119</ns3:hr>
            <ns3:cad>0</ns3:cad>
          </ns3:TrackPointExtension>
        </extensions>
      </trkpt>
      <trkpt lat="29.38982717692852020263671875" lon="83.27327786944806575775146484375">
        <ele>4170.60009765625</ele>
        <time>2026-08-21T05:10:42.000Z</time>
        <extensions>
          <ns3:TrackPointExtension>
            <ns3:hr>116</ns3:hr>
            <ns3:cad>0</ns3:cad>
          </ns3:TrackPointExtension>
        </extensions>
      </trkpt>
      <trkpt lat="29.38982541672885417938232421875" lon="83.27327887527644634246826171875">
        <ele>4170</ele>
        <time>2026-08-21T05:10:48.000Z</time>
        <extensions>
          <ns3:TrackPointExtension>
            <ns3:hr>115</ns3:hr>
            <ns3:cad>0</ns3:cad>
          </ns3:TrackPointExtension>
        </extensions>
      </trkpt>
      <trkpt lat="29.38978023827075958251953125" lon="83.27328256331384181976318359375">
        <ele>4171</ele>
        <time>2026-08-21T05:10:56.000Z</time>
        <extensions>
          <ns3:TrackPointExtension>
            <ns3:hr>114</ns3:hr>
            <ns3:cad>0</ns3:cad>
          </ns3:TrackPointExtension>
        </extensions>
      </trkpt>
      <trkpt lat="29.3897599540650844573974609375" lon="83.2732858322560787200927734375">
        <ele>4171.60009765625</ele>
        <time>2026-08-21T05:11:00.000Z</time>
        <extensions>
          <ns3:TrackPointExtension>
            <ns3:hr>111</ns3:hr>
            <ns3:cad>0</ns3:cad>
          </ns3:TrackPointExtension>
        </extensions>
      </trkpt>
      <trkpt lat="29.3897505663335323333740234375" lon="83.2732888497412204742431640625">
        <ele>4171.7998046875</ele>
        <time>2026-08-21T05:11:02.000Z</time>
        <extensions>
          <ns3:TrackPointExtension>
            <ns3:hr>111</ns3:hr>
            <ns3:cad>0</ns3:cad>
          </ns3:TrackPointExtension>
        </extensions>
      </trkpt>
      <trkpt lat="29.38973690383136272430419921875" lon="83.27328926883637905120849609375">
        <ele>4172.2001953125</ele>
        <time>2026-08-21T05:11:05.000Z</time>
        <extensions>
          <ns3:TrackPointExtension>
            <ns3:hr>110</ns3:hr>
            <ns3:cad>0</ns3:cad>
          </ns3:TrackPointExtension>
        </extensions>
      </trkpt>
      <trkpt lat="29.38972399570047855377197265625" lon="83.27329262159764766693115234375">
        <ele>4172.60009765625</ele>
        <time>2026-08-21T05:11:07.000Z</time>
        <extensions>
          <ns3:TrackPointExtension>
            <ns3:hr>110</ns3:hr>
            <ns3:cad>0</ns3:cad>
          </ns3:TrackPointExtension>
        </extensions>
      </trkpt>
      <trkpt lat="29.3897066451609134674072265625" lon="83.2732992433011531829833984375">
        <ele>4173.2001953125</ele>
        <time>2026-08-21T05:11:10.000Z</time>
        <extensions>
          <ns3:TrackPointExtension>
            <ns3:hr>113</ns3:hr>
            <ns3:cad>0</ns3:cad>
          </ns3:TrackPointExtension>
        </extensions>
      </trkpt>
      <trkpt lat="29.38970203511416912078857421875" lon="83.27330351807177066802978515625">
        <ele>4173.39990234375</ele>
        <time>2026-08-21T05:11:11.000Z</time>
        <extensions>
          <ns3:TrackPointExtension>
            <ns3:hr>113</ns3:hr>
            <ns3:cad>0</ns3:cad>
          </ns3:TrackPointExtension>
        </extensions>
      </trkpt>
      <trkpt lat="29.38969415612518787384033203125" lon="83.27330938540399074554443359375">
        <ele>4173.7998046875</ele>
        <time>2026-08-21T05:11:14.000Z</time>
        <extensions>
          <ns3:TrackPointExtension>
            <ns3:hr>114</ns3:hr>
            <ns3:cad>0</ns3:cad>
          </ns3:TrackPointExtension>
        </extensions>
      </trkpt>
      <trkpt lat="29.389675296843051910400390625" lon="83.27331994660198688507080078125">
        <ele>4174.39990234375</ele>
        <time>2026-08-21T05:11:18.000Z</time>
        <extensions>
          <ns3:TrackPointExtension>
            <ns3:hr>115</ns3:hr>
            <ns3:cad>0</ns3:cad>
          </ns3:TrackPointExtension>
        </extensions>
      </trkpt>
      <trkpt lat="29.3896697647869586944580078125" lon="83.27332313172519207000732421875">
        <ele>4174.60009765625</ele>
        <time>2026-08-21T05:11:19.000Z</time>
        <extensions>
          <ns3:TrackPointExtension>
            <ns3:hr>115</ns3:hr>
            <ns3:cad>0</ns3:cad>
          </ns3:TrackPointExtension>
        </extensions>
      </trkpt>
      <trkpt lat="29.38964788801968097686767578125" lon="83.27333520166575908660888671875">
        <ele>4175.7998046875</ele>
        <time>2026-08-21T05:11:23.000Z</time>
        <extensions>
          <ns3:TrackPointExtension>
            <ns3:hr>115</ns3:hr>
            <ns3:cad>0</ns3:cad>
          </ns3:TrackPointExtension>
        </extensions>
      </trkpt>
      <trkpt lat="29.38964017666876316070556640625" lon="83.2733361236751079559326171875">
        <ele>4176.2001953125</ele>
        <time>2026-08-21T05:11:28.000Z</time>
        <extensions>
          <ns3:TrackPointExtension>
            <ns3:hr>115</ns3:hr>
            <ns3:cad>0</ns3:cad>
          </ns3:TrackPointExtension>
        </extensions>
      </trkpt>
      <trkpt lat="29.3896426074206829071044921875" lon="83.27333201654255390167236328125">
        <ele>4177</ele>
        <time>2026-08-21T05:11:34.000Z</time>
        <extensions>
          <ns3:TrackPointExtension>
            <ns3:hr>116</ns3:hr>
            <ns3:cad>0</ns3:cad>
          </ns3:TrackPointExtension>
        </extensions>
      </trkpt>
      <trkpt lat="29.38963598571717739105224609375" lon="83.27332899905741214752197265625">
        <ele>4176.7998046875</ele>
        <time>2026-08-21T05:11:42.000Z</time>
        <extensions>
          <ns3:TrackPointExtension>
            <ns3:hr>113</ns3:hr>
            <ns3:cad>0</ns3:cad>
          </ns3:TrackPointExtension>
        </extensions>
      </trkpt>
      <trkpt lat="29.3896348960697650909423828125" lon="83.27332698740065097808837890625">
        <ele>4176</ele>
        <time>2026-08-21T05:11:48.000Z</time>
        <extensions>
          <ns3:TrackPointExtension>
            <ns3:hr>113</ns3:hr>
            <ns3:cad>0</ns3:cad>
          </ns3:TrackPointExtension>
        </extensions>
      </trkpt>
      <trkpt lat="29.3896369077265262603759765625" lon="83.27332916669547557830810546875">
        <ele>4175.60009765625</ele>
        <time>2026-08-21T05:12:00.000Z</time>
        <extensions>
          <ns3:TrackPointExtension>
            <ns3:hr>111</ns3:hr>
            <ns3:cad>0</ns3:cad>
          </ns3:TrackPointExtension>
        </extensions>
      </trkpt>
      <trkpt lat="29.389631710946559906005859375" lon="83.27333117835223674774169921875">
        <ele>4176.7998046875</ele>
        <time>2026-08-21T05:12:06.000Z</time>
        <extensions>
          <ns3:TrackPointExtension>
            <ns3:hr>112</ns3:hr>
            <ns3:cad>0</ns3:cad>
          </ns3:TrackPointExtension>
        </extensions>
      </trkpt>
      <trkpt lat="29.38963263295590877532958984375" lon="83.273333944380283355712890625">
        <ele>4176.7998046875</ele>
        <time>2026-08-21T05:12:15.000Z</time>
        <extensions>
          <ns3:TrackPointExtension>
            <ns3:hr>111</ns3:hr>
            <ns3:cad>0</ns3:cad>
          </ns3:TrackPointExtension>
        </extensions>
      </trkpt>
      <trkpt lat="29.3896253407001495361328125" lon="83.27334358356893062591552734375">
        <ele>4177</ele>
        <time>2026-08-21T05:12:19.000Z</time>
        <extensions>
          <ns3:TrackPointExtension>
            <ns3:hr>109</ns3:hr>
            <ns3:cad>0</ns3:cad>
          </ns3:TrackPointExtension>
        </extensions>
      </trkpt>
      <trkpt lat="29.38961637206375598907470703125" lon="83.27334525994956493377685546875">
        <ele>4177.39990234375</ele>
        <time>2026-08-21T05:12:22.000Z</time>
        <extensions>
          <ns3:TrackPointExtension>
            <ns3:hr>106</ns3:hr>
            <ns3:cad>0</ns3:cad>
          </ns3:TrackPointExtension>
        </extensions>
      </trkpt>
      <trkpt lat="29.3896063975989818572998046875" lon="83.27334593050181865692138671875">
        <ele>4177.39990234375</ele>
        <time>2026-08-21T05:12:23.000Z</time>
        <extensions>
          <ns3:TrackPointExtension>
            <ns3:hr>107</ns3:hr>
            <ns3:cad>0</ns3:cad>
          </ns3:TrackPointExtension>
        </extensions>
      </trkpt>
      <trkpt lat="29.389565996825695037841796875" lon="83.2733582518994808197021484375">
        <ele>4176</ele>
        <time>2026-08-21T05:12:28.000Z</time>
        <extensions>
          <ns3:TrackPointExtension>
            <ns3:hr>107</ns3:hr>
            <ns3:cad>43</ns3:cad>
          </ns3:TrackPointExtension>
        </extensions>
      </trkpt>
      <trkpt lat="29.389555267989635467529296875" lon="83.2733632810413837432861328125">
        <ele>4176</ele>
        <time>2026-08-21T05:12:29.000Z</time>
        <extensions>
          <ns3:TrackPointExtension>
            <ns3:hr>107</ns3:hr>
            <ns3:cad>43</ns3:cad>
          </ns3:TrackPointExtension>
        </extensions>
      </trkpt>
      <trkpt lat="29.3895095027983188629150390625" lon="83.273376859724521636962890625">
        <ele>4176.7998046875</ele>
        <time>2026-08-21T05:12:34.000Z</time>
        <extensions>
          <ns3:TrackPointExtension>
            <ns3:hr>107</ns3:hr>
            <ns3:cad>40</ns3:cad>
          </ns3:TrackPointExtension>
        </extensions>
      </trkpt>
      <trkpt lat="29.3894541822373867034912109375" lon="83.273397646844387054443359375">
        <ele>4176.7998046875</ele>
        <time>2026-08-21T05:12:40.000Z</time>
        <extensions>
          <ns3:TrackPointExtension>
            <ns3:hr>107</ns3:hr>
            <ns3:cad>44</ns3:cad>
          </ns3:TrackPointExtension>
        </extensions>
      </trkpt>
      <trkpt lat="29.3894092552363872528076171875" lon="83.27340728603303432464599609375">
        <ele>4176.2001953125</ele>
        <time>2026-08-21T05:12:45.000Z</time>
        <extensions>
          <ns3:TrackPointExtension>
            <ns3:hr>107</ns3:hr>
            <ns3:cad>47</ns3:cad>
          </ns3:TrackPointExtension>
        </extensions>
      </trkpt>
      <trkpt lat="29.3893571197986602783203125" lon="83.27341868542134761810302734375">
        <ele>4175.60009765625</ele>
        <time>2026-08-21T05:12:51.000Z</time>
        <extensions>
          <ns3:TrackPointExtension>
            <ns3:hr>107</ns3:hr>
            <ns3:cad>46</ns3:cad>
          </ns3:TrackPointExtension>
        </extensions>
      </trkpt>
      <trkpt lat="29.389303810894489288330078125" lon="83.27343285083770751953125">
        <ele>4175</ele>
        <time>2026-08-21T05:12:57.000Z</time>
        <extensions>
          <ns3:TrackPointExtension>
            <ns3:hr>109</ns3:hr>
            <ns3:cad>46</ns3:cad>
          </ns3:TrackPointExtension>
        </extensions>
      </trkpt>
      <trkpt lat="29.38929467462003231048583984375" lon="83.27343544922769069671630859375">
        <ele>4175</ele>
        <time>2026-08-21T05:12:58.000Z</time>
        <extensions>
          <ns3:TrackPointExtension>
            <ns3:hr>109</ns3:hr>
            <ns3:cad>46</ns3:cad>
          </ns3:TrackPointExtension>
        </extensions>
      </trkpt>
      <trkpt lat="29.38924874179065227508544921875" lon="83.27345556579530239105224609375">
        <ele>4174.60009765625</ele>
        <time>2026-08-21T05:13:03.000Z</time>
        <extensions>
          <ns3:TrackPointExtension>
            <ns3:hr>108</ns3:hr>
            <ns3:cad>47</ns3:cad>
          </ns3:TrackPointExtension>
        </extensions>
      </trkpt>
      <trkpt lat="29.3891953490674495697021484375" lon="83.2734930329024791717529296875">
        <ele>4174.39990234375</ele>
        <time>2026-08-21T05:13:09.000Z</time>
        <extensions>
          <ns3:TrackPointExtension>
            <ns3:hr>107</ns3:hr>
            <ns3:cad>47</ns3:cad>
          </ns3:TrackPointExtension>
        </extensions>
      </trkpt>
      <trkpt lat="29.38915603794157505035400390625" lon="83.27351273037493228912353515625">
        <ele>4174</ele>
        <time>2026-08-21T05:13:13.000Z</time>
        <extensions>
          <ns3:TrackPointExtension>
            <ns3:hr>110</ns3:hr>
            <ns3:cad>0</ns3:cad>
          </ns3:TrackPointExtension>
        </extensions>
      </trkpt>
      <trkpt lat="29.3891447223722934722900390625" lon="83.2735165022313594818115234375">
        <ele>4173.7998046875</ele>
        <time>2026-08-21T05:13:14.000Z</time>
        <extensions>
          <ns3:TrackPointExtension>
            <ns3:hr>110</ns3:hr>
            <ns3:cad>0</ns3:cad>
          </ns3:TrackPointExtension>
        </extensions>
      </trkpt>
      <trkpt lat="29.38913508318364620208740234375" lon="83.2735208608210086822509765625">
        <ele>4173.7998046875</ele>
        <time>2026-08-21T05:13:15.000Z</time>
        <extensions>
          <ns3:TrackPointExtension>
            <ns3:hr>110</ns3:hr>
            <ns3:cad>0</ns3:cad>
          </ns3:TrackPointExtension>
        </extensions>
      </trkpt>
      <trkpt lat="29.3890920840203762054443359375" lon="83.2735382951796054840087890625">
        <ele>4173.7998046875</ele>
        <time>2026-08-21T05:13:20.000Z</time>
        <extensions>
          <ns3:TrackPointExtension>
            <ns3:hr>110</ns3:hr>
            <ns3:cad>47</ns3:cad>
          </ns3:TrackPointExtension>
        </extensions>
      </trkpt>
      <trkpt lat="29.38905914314091205596923828125" lon="83.27354894019663333892822265625">
        <ele>4174</ele>
        <time>2026-08-21T05:13:24.000Z</time>
        <extensions>
          <ns3:TrackPointExtension>
            <ns3:hr>109</ns3:hr>
            <ns3:cad>44</ns3:cad>
          </ns3:TrackPointExtension>
        </extensions>
      </trkpt>
      <trkpt lat="29.38904187642037868499755859375" lon="83.27354491688311100006103515625">
        <ele>4173.39990234375</ele>
        <time>2026-08-21T05:13:29.000Z</time>
        <extensions>
          <ns3:TrackPointExtension>
            <ns3:hr>107</ns3:hr>
            <ns3:cad>0</ns3:cad>
          </ns3:TrackPointExtension>
        </extensions>
      </trkpt>
      <trkpt lat="29.38903952948749065399169921875" lon="83.27354525215923786163330078125">
        <ele>4173</ele>
        <time>2026-08-21T05:13:35.000Z</time>
        <extensions>
          <ns3:TrackPointExtension>
            <ns3:hr>105</ns3:hr>
            <ns3:cad>0</ns3:cad>
          </ns3:TrackPointExtension>
        </extensions>
      </trkpt>
      <trkpt lat="29.38904070295393466949462890625" lon="83.27353888191282749176025390625">
        <ele>4172.7998046875</ele>
        <time>2026-08-21T05:13:36.000Z</time>
        <extensions>
          <ns3:TrackPointExtension>
            <ns3:hr>104</ns3:hr>
            <ns3:cad>0</ns3:cad>
          </ns3:TrackPointExtension>
        </extensions>
      </trkpt>
      <trkpt lat="29.38904053531587123870849609375" lon="83.27353267930448055267333984375">
        <ele>4172.7998046875</ele>
        <time>2026-08-21T05:13:39.000Z</time>
        <extensions>
          <ns3:TrackPointExtension>
            <ns3:hr>102</ns3:hr>
            <ns3:cad>0</ns3:cad>
          </ns3:TrackPointExtension>
        </extensions>
      </trkpt>
      <trkpt lat="29.389041624963283538818359375" lon="83.2735295780003070831298828125">
        <ele>4173</ele>
        <time>2026-08-21T05:13:43.000Z</time>
        <extensions>
          <ns3:TrackPointExtension>
            <ns3:hr>100</ns3:hr>
            <ns3:cad>0</ns3:cad>
          </ns3:TrackPointExtension>
        </extensions>
      </trkpt>
      <trkpt lat="29.3890216760337352752685546875" lon="83.27351876534521579742431640625">
        <ele>4172.7998046875</ele>
        <time>2026-08-21T05:13:47.000Z</time>
        <extensions>
          <ns3:TrackPointExtension>
            <ns3:hr>96</ns3:hr>
            <ns3:cad>0</ns3:cad>
          </ns3:TrackPointExtension>
        </extensions>
      </trkpt>
      <trkpt lat="29.38902025111019611358642578125" lon="83.27349781058728694915771484375">
        <ele>4172.39990234375</ele>
        <time>2026-08-21T05:13:50.000Z</time>
        <extensions>
          <ns3:TrackPointExtension>
            <ns3:hr>94</ns3:hr>
            <ns3:cad>41</ns3:cad>
          </ns3:TrackPointExtension>
        </extensions>
      </trkpt>
      <trkpt lat="29.3890164792537689208984375" lon="83.2734930329024791717529296875">
        <ele>4171.60009765625</ele>
        <time>2026-08-21T05:13:54.000Z</time>
        <extensions>
          <ns3:TrackPointExtension>
            <ns3:hr>93</ns3:hr>
            <ns3:cad>0</ns3:cad>
          </ns3:TrackPointExtension>
        </extensions>
      </trkpt>
      <trkpt lat="29.3890163116157054901123046875" lon="83.27349278144538402557373046875">
        <ele>4171</ele>
        <time>2026-08-21T05:13:57.000Z</time>
        <extensions>
          <ns3:TrackPointExtension>
            <ns3:hr>94</ns3:hr>
            <ns3:cad>0</ns3:cad>
          </ns3:TrackPointExtension>
        </extensions>
      </trkpt>
      <trkpt lat="29.38901253975927829742431640625" lon="83.27349144034087657928466796875">
        <ele>4171</ele>
        <time>2026-08-21T05:14:05.000Z</time>
        <extensions>
          <ns3:TrackPointExtension>
            <ns3:hr>97</ns3:hr>
            <ns3:cad>0</ns3:cad>
          </ns3:TrackPointExtension>
        </extensions>
      </trkpt>
      <trkpt lat="29.3890099413692951202392578125" lon="83.27349009923636913299560546875">
        <ele>4172</ele>
        <time>2026-08-21T05:14:09.000Z</time>
        <extensions>
          <ns3:TrackPointExtension>
            <ns3:hr>97</ns3:hr>
            <ns3:cad>0</ns3:cad>
          </ns3:TrackPointExtension>
        </extensions>
      </trkpt>
      <trkpt lat="29.38901002518832683563232421875" lon="83.2734913565218448638916015625">
        <ele>4172.60009765625</ele>
        <time>2026-08-21T05:14:12.000Z</time>
        <extensions>
          <ns3:TrackPointExtension>
            <ns3:hr>97</ns3:hr>
            <ns3:cad>0</ns3:cad>
          </ns3:TrackPointExtension>
        </extensions>
      </trkpt>
      <trkpt lat="29.3890102766454219818115234375" lon="83.2734923623502254486083984375">
        <ele>4171.60009765625</ele>
        <time>2026-08-21T05:14:16.000Z</time>
        <extensions>
          <ns3:TrackPointExtension>
            <ns3:hr>98</ns3:hr>
            <ns3:cad>0</ns3:cad>
          </ns3:TrackPointExtension>
        </extensions>
      </trkpt>
      <trkpt lat="29.3890109471976757049560546875" lon="83.2735040970146656036376953125">
        <ele>4172.39990234375</ele>
        <time>2026-08-21T05:14:28.000Z</time>
        <extensions>
          <ns3:TrackPointExtension>
            <ns3:hr>98</ns3:hr>
            <ns3:cad>0</ns3:cad>
          </ns3:TrackPointExtension>
        </extensions>
      </trkpt>
      <trkpt lat="29.3890111148357391357421875" lon="83.2735047675669193267822265625">
        <ele>4172.60009765625</ele>
        <time>2026-08-21T05:14:30.000Z</time>
        <extensions>
          <ns3:TrackPointExtension>
            <ns3:hr>99</ns3:hr>
            <ns3:cad>0</ns3:cad>
          </ns3:TrackPointExtension>
        </extensions>
      </trkpt>
      <trkpt lat="29.38901186920702457427978515625" lon="83.27350518666207790374755859375">
        <ele>4172.60009765625</ele>
        <time>2026-08-21T05:14:38.000Z</time>
        <extensions>
          <ns3:TrackPointExtension>
            <ns3:hr>100</ns3:hr>
            <ns3:cad>0</ns3:cad>
          </ns3:TrackPointExtension>
        </extensions>
      </trkpt>
      <trkpt lat="29.38901237212121486663818359375" lon="83.273505270481109619140625">
        <ele>4172.39990234375</ele>
        <time>2026-08-21T05:14:45.000Z</time>
        <extensions>
          <ns3:TrackPointExtension>
            <ns3:hr>97</ns3:hr>
            <ns3:cad>0</ns3:cad>
          </ns3:TrackPointExtension>
        </extensions>
      </trkpt>
      <trkpt lat="29.38901337794959545135498046875" lon="83.27350535430014133453369140625">
        <ele>4172.60009765625</ele>
        <time>2026-08-21T05:14:47.000Z</time>
        <extensions>
          <ns3:TrackPointExtension>
            <ns3:hr>97</ns3:hr>
            <ns3:cad>0</ns3:cad>
          </ns3:TrackPointExtension>
        </extensions>
      </trkpt>
      <trkpt lat="29.3890042416751384735107421875" lon="83.2735178433358669281005859375">
        <ele>4172.39990234375</ele>
        <time>2026-08-21T05:14:52.000Z</time>
        <extensions>
          <ns3:TrackPointExtension>
            <ns3:hr>96</ns3:hr>
            <ns3:cad>0</ns3:cad>
          </ns3:TrackPointExtension>
        </extensions>
      </trkpt>
      <trkpt lat="29.38900373876094818115234375" lon="83.27352111227810382843017578125">
        <ele>4171.7998046875</ele>
        <time>2026-08-21T05:14:58.000Z</time>
        <extensions>
          <ns3:TrackPointExtension>
            <ns3:hr>96</ns3:hr>
            <ns3:cad>0</ns3:cad>
          </ns3:TrackPointExtension>
        </extensions>
      </trkpt>
      <trkpt lat="29.3890045769512653350830078125" lon="83.27352094464004039764404296875">
        <ele>4171.60009765625</ele>
        <time>2026-08-21T05:15:07.000Z</time>
        <extensions>
          <ns3:TrackPointExtension>
            <ns3:hr>94</ns3:hr>
            <ns3:cad>0</ns3:cad>
          </ns3:TrackPointExtension>
        </extensions>
      </trkpt>
      <trkpt lat="29.38900449313223361968994140625" lon="83.2735211960971355438232421875">
        <ele>4172</ele>
        <time>2026-08-21T05:15:13.000Z</time>
        <extensions>
          <ns3:TrackPointExtension>
            <ns3:hr>96</ns3:hr>
            <ns3:cad>0</ns3:cad>
          </ns3:TrackPointExtension>
        </extensions>
      </trkpt>
      <trkpt lat="29.389004074037075042724609375" lon="83.27352195046842098236083984375">
        <ele>4172</ele>
        <time>2026-08-21T05:15:32.000Z</time>
        <extensions>
          <ns3:TrackPointExtension>
            <ns3:hr>96</ns3:hr>
            <ns3:cad>0</ns3:cad>
          </ns3:TrackPointExtension>
        </extensions>
      </trkpt>
      <trkpt lat="29.3889985419809818267822265625" lon="83.27351205982267856597900390625">
        <ele>4172</ele>
        <time>2026-08-21T05:15:44.000Z</time>
        <extensions>
          <ns3:TrackPointExtension>
            <ns3:hr>96</ns3:hr>
            <ns3:cad>0</ns3:cad>
          </ns3:TrackPointExtension>
        </extensions>
      </trkpt>
      <trkpt lat="29.38899711705744266510009765625" lon="83.273512981832027435302734375">
        <ele>4172.39990234375</ele>
        <time>2026-08-21T05:15:54.000Z</time>
        <extensions>
          <ns3:TrackPointExtension>
            <ns3:hr>92</ns3:hr>
            <ns3:cad>0</ns3:cad>
          </ns3:TrackPointExtension>
        </extensions>
      </trkpt>
      <trkpt lat="29.38899661414325237274169921875" lon="83.27351323328912258148193359375">
        <ele>4172</ele>
        <time>2026-08-21T05:15:57.000Z</time>
        <extensions>
          <ns3:TrackPointExtension>
            <ns3:hr>97</ns3:hr>
            <ns3:cad>0</ns3:cad>
          </ns3:TrackPointExtension>
        </extensions>
      </trkpt>
      <trkpt lat="29.3889965303242206573486328125" lon="83.273513317108154296875">
        <ele>4172</ele>
        <time>2026-08-21T05:15:58.000Z</time>
        <extensions>
          <ns3:TrackPointExtension>
            <ns3:hr>98</ns3:hr>
            <ns3:cad>0</ns3:cad>
          </ns3:TrackPointExtension>
        </extensions>
      </trkpt>
      <trkpt lat="29.38899099826812744140625" lon="83.273514322936534881591796875">
        <ele>4171.60009765625</ele>
        <time>2026-08-21T05:16:12.000Z</time>
        <extensions>
          <ns3:TrackPointExtension>
            <ns3:hr>98</ns3:hr>
            <ns3:cad>0</ns3:cad>
          </ns3:TrackPointExtension>
        </extensions>
      </trkpt>
      <trkpt lat="29.38896141014993190765380859375" lon="83.27353167347609996795654296875">
        <ele>4171.60009765625</ele>
        <time>2026-08-21T05:16:17.000Z</time>
        <extensions>
          <ns3:TrackPointExtension>
            <ns3:hr>98</ns3:hr>
            <ns3:cad>0</ns3:cad>
          </ns3:TrackPointExtension>
        </extensions>
      </trkpt>
      <trkpt lat="29.388935677707195281982421875" lon="83.27354139648377895355224609375">
        <ele>4171.2001953125</ele>
        <time>2026-08-21T05:16:22.000Z</time>
        <extensions>
          <ns3:TrackPointExtension>
            <ns3:hr>99</ns3:hr>
            <ns3:cad>0</ns3:cad>
          </ns3:TrackPointExtension>
        </extensions>
      </trkpt>
      <trkpt lat="29.38892285339534282684326171875" lon="83.27353142201900482177734375">
        <ele>4170.60009765625</ele>
        <time>2026-08-21T05:16:29.000Z</time>
        <extensions>
          <ns3:TrackPointExtension>
            <ns3:hr>99</ns3:hr>
            <ns3:cad>0</ns3:cad>
          </ns3:TrackPointExtension>
        </extensions>
      </trkpt>
      <trkpt lat="29.3889199197292327880859375" lon="83.2735173404216766357421875">
        <ele>4170.7998046875</ele>
        <time>2026-08-21T05:16:32.000Z</time>
        <extensions>
          <ns3:TrackPointExtension>
            <ns3:hr>95</ns3:hr>
            <ns3:cad>0</ns3:cad>
          </ns3:TrackPointExtension>
        </extensions>
      </trkpt>
      <trkpt lat="29.3889197520911693572998046875" lon="83.273516334593296051025390625">
        <ele>4170.7998046875</ele>
        <time>2026-08-21T05:16:33.000Z</time>
        <extensions>
          <ns3:TrackPointExtension>
            <ns3:hr>90</ns3:hr>
            <ns3:cad>0</ns3:cad>
          </ns3:TrackPointExtension>
        </extensions>
      </trkpt>
      <trkpt lat="29.38891966827213764190673828125" lon="83.2735158316791057586669921875">
        <ele>4171</ele>
        <time>2026-08-21T05:16:34.000Z</time>
        <extensions>
          <ns3:TrackPointExtension>
            <ns3:hr>89</ns3:hr>
            <ns3:cad>0</ns3:cad>
          </ns3:TrackPointExtension>
        </extensions>
      </trkpt>
      <trkpt lat="29.38891950063407421112060546875" lon="83.27351558022201061248779296875">
        <ele>4171</ele>
        <time>2026-08-21T05:16:37.000Z</time>
        <extensions>
          <ns3:TrackPointExtension>
            <ns3:hr>92</ns3:hr>
            <ns3:cad>0</ns3:cad>
          </ns3:TrackPointExtension>
        </extensions>
      </trkpt>
      <trkpt lat="29.38891765661537647247314453125" lon="83.27351926825940608978271484375">
        <ele>4170.7998046875</ele>
        <time>2026-08-21T05:16:42.000Z</time>
        <extensions>
          <ns3:TrackPointExtension>
            <ns3:hr>91</ns3:hr>
            <ns3:cad>0</ns3:cad>
          </ns3:TrackPointExtension>
        </extensions>
      </trkpt>
      <trkpt lat="29.3889083527028560638427734375" lon="83.27353234402835369110107421875">
        <ele>4170</ele>
        <time>2026-08-21T05:16:48.000Z</time>
        <extensions>
          <ns3:TrackPointExtension>
            <ns3:hr>91</ns3:hr>
            <ns3:cad>0</ns3:cad>
          </ns3:TrackPointExtension>
        </extensions>
      </trkpt>
      <trkpt lat="29.38890843652188777923583984375" lon="83.27353334985673427581787109375">
        <ele>4169.60009765625</ele>
        <time>2026-08-21T05:16:51.000Z</time>
        <extensions>
          <ns3:TrackPointExtension>
            <ns3:hr>91</ns3:hr>
            <ns3:cad>0</ns3:cad>
          </ns3:TrackPointExtension>
        </extensions>
      </trkpt>
      <trkpt lat="29.388908855617046356201171875" lon="83.2735346071422100067138671875">
        <ele>4170</ele>
        <time>2026-08-21T05:16:56.000Z</time>
        <extensions>
          <ns3:TrackPointExtension>
            <ns3:hr>91</ns3:hr>
            <ns3:cad>0</ns3:cad>
          </ns3:TrackPointExtension>
        </extensions>
      </trkpt>
      <trkpt lat="29.38890994526445865631103515625" lon="83.2735359482467174530029296875">
        <ele>4169</ele>
        <time>2026-08-21T05:17:04.000Z</time>
        <extensions>
          <ns3:TrackPointExtension>
            <ns3:hr>88</ns3:hr>
            <ns3:cad>0</ns3:cad>
          </ns3:TrackPointExtension>
        </extensions>
      </trkpt>
      <trkpt lat="29.38891028054058551788330078125" lon="83.27353603206574916839599609375">
        <ele>4169</ele>
        <time>2026-08-21T05:17:07.000Z</time>
        <extensions>
          <ns3:TrackPointExtension>
            <ns3:hr>83</ns3:hr>
            <ns3:cad>0</ns3:cad>
          </ns3:TrackPointExtension>
        </extensions>
      </trkpt>
      <trkpt lat="29.3889103643596172332763671875" lon="83.2735359482467174530029296875">
        <ele>4169</ele>
        <time>2026-08-21T05:17:08.000Z</time>
        <extensions>
          <ns3:TrackPointExtension>
            <ns3:hr>80</ns3:hr>
            <ns3:cad>0</ns3:cad>
          </ns3:TrackPointExtension>
        </extensions>
      </trkpt>
      <trkpt lat="29.38891078345477581024169921875" lon="83.27353586442768573760986328125">
        <ele>4168.7998046875</ele>
        <time>2026-08-21T05:17:11.000Z</time>
        <extensions>
          <ns3:TrackPointExtension>
            <ns3:hr>81</ns3:hr>
            <ns3:cad>0</ns3:cad>
          </ns3:TrackPointExtension>
        </extensions>
      </trkpt>
      <trkpt lat="29.38891111873090267181396484375" lon="83.2735359482467174530029296875">
        <ele>4168.60009765625</ele>
        <time>2026-08-21T05:17:14.000Z</time>
        <extensions>
          <ns3:TrackPointExtension>
            <ns3:hr>82</ns3:hr>
            <ns3:cad>0</ns3:cad>
          </ns3:TrackPointExtension>
        </extensions>
      </trkpt>
      <trkpt lat="29.38891145400702953338623046875" lon="83.27353586442768573760986328125">
        <ele>4168.60009765625</ele>
        <time>2026-08-21T05:17:17.000Z</time>
        <extensions>
          <ns3:TrackPointExtension>
            <ns3:hr>86</ns3:hr>
            <ns3:cad>0</ns3:cad>
          </ns3:TrackPointExtension>
        </extensions>
      </trkpt>
      <trkpt lat="29.388912878930568695068359375" lon="83.27353603206574916839599609375">
        <ele>4168.39990234375</ele>
        <time>2026-08-21T05:17:32.000Z</time>
        <extensions>
          <ns3:TrackPointExtension>
            <ns3:hr>87</ns3:hr>
            <ns3:cad>0</ns3:cad>
          </ns3:TrackPointExtension>
        </extensions>
      </trkpt>
      <trkpt lat="29.38891296274960041046142578125" lon="83.273536451160907745361328125">
        <ele>4169.60009765625</ele>
        <time>2026-08-21T05:17:40.000Z</time>
        <extensions>
          <ns3:TrackPointExtension>
            <ns3:hr>87</ns3:hr>
            <ns3:cad>0</ns3:cad>
          </ns3:TrackPointExtension>
        </extensions>
      </trkpt>
      <trkpt lat="29.38891313038766384124755859375" lon="83.273536451160907745361328125">
        <ele>4169.60009765625</ele>
        <time>2026-08-21T05:17:41.000Z</time>
        <extensions>
          <ns3:TrackPointExtension>
            <ns3:hr>87</ns3:hr>
            <ns3:cad>0</ns3:cad>
          </ns3:TrackPointExtension>
        </extensions>
      </trkpt>
      <trkpt lat="29.38891346566379070281982421875" lon="83.27353678643703460693359375">
        <ele>4169.39990234375</ele>
        <time>2026-08-21T05:17:46.000Z</time>
        <extensions>
          <ns3:TrackPointExtension>
            <ns3:hr>90</ns3:hr>
            <ns3:cad>0</ns3:cad>
          </ns3:TrackPointExtension>
        </extensions>
      </trkpt>
      <trkpt lat="29.38891363330185413360595703125" lon="83.27353687025606632232666015625">
        <ele>4169.60009765625</ele>
        <time>2026-08-21T05:17:48.000Z</time>
        <extensions>
          <ns3:TrackPointExtension>
            <ns3:hr>93</ns3:hr>
            <ns3:cad>0</ns3:cad>
          </ns3:TrackPointExtension>
        </extensions>
      </trkpt>
      <trkpt lat="29.38891413621604442596435546875" lon="83.27354072593152523040771484375">
        <ele>4169.60009765625</ele>
        <time>2026-08-21T05:18:01.000Z</time>
        <extensions>
          <ns3:TrackPointExtension>
            <ns3:hr>91</ns3:hr>
            <ns3:cad>0</ns3:cad>
          </ns3:TrackPointExtension>
        </extensions>
      </trkpt>
      <trkpt lat="29.388914890587329864501953125" lon="83.273542486131191253662109375">
        <ele>4168.60009765625</ele>
        <time>2026-08-21T05:18:10.000Z</time>
        <extensions>
          <ns3:TrackPointExtension>
            <ns3:hr>91</ns3:hr>
            <ns3:cad>0</ns3:cad>
          </ns3:TrackPointExtension>
        </extensions>
      </trkpt>
      <trkpt lat="29.3889200873672962188720703125" lon="83.2735347747802734375">
        <ele>4169.39990234375</ele>
        <time>2026-08-21T05:18:17.000Z</time>
        <extensions>
          <ns3:TrackPointExtension>
            <ns3:hr>91</ns3:hr>
            <ns3:cad>0</ns3:cad>
          </ns3:TrackPointExtension>
        </extensions>
      </trkpt>
      <trkpt lat="29.3889150582253932952880859375" lon="83.27353351749479770660400390625">
        <ele>4170.2001953125</ele>
        <time>2026-08-21T05:18:20.000Z</time>
        <extensions>
          <ns3:TrackPointExtension>
            <ns3:hr>87</ns3:hr>
            <ns3:cad>0</ns3:cad>
          </ns3:TrackPointExtension>
        </extensions>
      </trkpt>
      <trkpt lat="29.3889106996357440948486328125" lon="83.273537121713161468505859375">
        <ele>4170.2001953125</ele>
        <time>2026-08-21T05:18:26.000Z</time>
        <extensions>
          <ns3:TrackPointExtension>
            <ns3:hr>87</ns3:hr>
            <ns3:cad>0</ns3:cad>
          </ns3:TrackPointExtension>
        </extensions>
      </trkpt>
      <trkpt lat="29.38891028054058551788330078125" lon="83.2735372893512248992919921875">
        <ele>4170.39990234375</ele>
        <time>2026-08-21T05:18:29.000Z</time>
        <extensions>
          <ns3:TrackPointExtension>
            <ns3:hr>90</ns3:hr>
            <ns3:cad>0</ns3:cad>
          </ns3:TrackPointExtension>
        </extensions>
      </trkpt>
      <trkpt lat="29.3889100290834903717041015625" lon="83.27353737317025661468505859375">
        <ele>4170.60009765625</ele>
        <time>2026-08-21T05:18:32.000Z</time>
        <extensions>
          <ns3:TrackPointExtension>
            <ns3:hr>93</ns3:hr>
            <ns3:cad>0</ns3:cad>
          </ns3:TrackPointExtension>
        </extensions>
      </trkpt>
      <trkpt lat="29.3889100290834903717041015625" lon="83.273537121713161468505859375">
        <ele>4170.7998046875</ele>
        <time>2026-08-21T05:18:33.000Z</time>
        <extensions>
          <ns3:TrackPointExtension>
            <ns3:hr>95</ns3:hr>
            <ns3:cad>0</ns3:cad>
          </ns3:TrackPointExtension>
        </extensions>
      </trkpt>
      <trkpt lat="29.38890743069350719451904296875" lon="83.2735396362841129302978515625">
        <ele>4171</ele>
        <time>2026-08-21T05:18:35.000Z</time>
        <extensions>
          <ns3:TrackPointExtension>
            <ns3:hr>98</ns3:hr>
            <ns3:cad>0</ns3:cad>
          </ns3:TrackPointExtension>
        </extensions>
      </trkpt>
      <trkpt lat="29.38889519311487674713134765625" lon="83.2735577411949634552001953125">
        <ele>4171.7998046875</ele>
        <time>2026-08-21T05:18:39.000Z</time>
        <extensions>
          <ns3:TrackPointExtension>
            <ns3:hr>98</ns3:hr>
            <ns3:cad>0</ns3:cad>
          </ns3:TrackPointExtension>
        </extensions>
      </trkpt>
      <trkpt lat="29.38886954449117183685302734375" lon="83.27360778115689754486083984375">
        <ele>4171.60009765625</ele>
        <time>2026-08-21T05:18:45.000Z</time>
        <extensions>
          <ns3:TrackPointExtension>
            <ns3:hr>99</ns3:hr>
            <ns3:cad>42</ns3:cad>
          </ns3:TrackPointExtension>
        </extensions>
      </trkpt>
      <trkpt lat="29.38883450813591480255126953125" lon="83.2736435718834400177001953125">
        <ele>4171.2001953125</ele>
        <time>2026-08-21T05:18:50.000Z</time>
        <extensions>
          <ns3:TrackPointExtension>
            <ns3:hr>102</ns3:hr>
            <ns3:cad>45</ns3:cad>
          </ns3:TrackPointExtension>
        </extensions>
      </trkpt>
      <trkpt lat="29.3888260424137115478515625" lon="83.2736506126821041107177734375">
        <ele>4171</ele>
        <time>2026-08-21T05:18:51.000Z</time>
        <extensions>
          <ns3:TrackPointExtension>
            <ns3:hr>102</ns3:hr>
            <ns3:cad>45</ns3:cad>
          </ns3:TrackPointExtension>
        </extensions>
      </trkpt>
      <trkpt lat="29.38881774432957172393798828125" lon="83.27365756966173648834228515625">
        <ele>4170.7998046875</ele>
        <time>2026-08-21T05:18:52.000Z</time>
        <extensions>
          <ns3:TrackPointExtension>
            <ns3:hr>102</ns3:hr>
            <ns3:cad>47</ns3:cad>
          </ns3:TrackPointExtension>
        </extensions>
      </trkpt>
      <trkpt lat="29.3887732364237308502197265625" lon="83.2736935280263423919677734375">
        <ele>4170.39990234375</ele>
        <time>2026-08-21T05:18:57.000Z</time>
        <extensions>
          <ns3:TrackPointExtension>
            <ns3:hr>103</ns3:hr>
            <ns3:cad>47</ns3:cad>
          </ns3:TrackPointExtension>
        </extensions>
      </trkpt>
      <trkpt lat="29.388730823993682861328125" lon="83.2737290672957897186279296875">
        <ele>4170.2001953125</ele>
        <time>2026-08-21T05:19:02.000Z</time>
        <extensions>
          <ns3:TrackPointExtension>
            <ns3:hr>101</ns3:hr>
            <ns3:cad>48</ns3:cad>
          </ns3:TrackPointExtension>
        </extensions>
      </trkpt>
      <trkpt lat="29.38870199024677276611328125" lon="83.2737528719007968902587890625">
        <ele>4169.60009765625</ele>
        <time>2026-08-21T05:19:06.000Z</time>
        <extensions>
          <ns3:TrackPointExtension>
            <ns3:hr>102</ns3:hr>
            <ns3:cad>45</ns3:cad>
          </ns3:TrackPointExtension>
        </extensions>
      </trkpt>
      <trkpt lat="29.38867592252790927886962890625" lon="83.27377240173518657684326171875">
        <ele>4169.2001953125</ele>
        <time>2026-08-21T05:19:09.000Z</time>
        <extensions>
          <ns3:TrackPointExtension>
            <ns3:hr>102</ns3:hr>
            <ns3:cad>45</ns3:cad>
          </ns3:TrackPointExtension>
        </extensions>
      </trkpt>
      <trkpt lat="29.38863602466881275177001953125" lon="83.2738078571856021881103515625">
        <ele>4168.7998046875</ele>
        <time>2026-08-21T05:19:14.000Z</time>
        <extensions>
          <ns3:TrackPointExtension>
            <ns3:hr>101</ns3:hr>
            <ns3:cad>47</ns3:cad>
          </ns3:TrackPointExtension>
        </extensions>
      </trkpt>
      <trkpt lat="29.38861540518701076507568359375" lon="83.27382923103868961334228515625">
        <ele>4168.60009765625</ele>
        <time>2026-08-21T05:19:17.000Z</time>
        <extensions>
          <ns3:TrackPointExtension>
            <ns3:hr>99</ns3:hr>
            <ns3:cad>48</ns3:cad>
          </ns3:TrackPointExtension>
        </extensions>
      </trkpt>
      <trkpt lat="29.38857684843242168426513671875" lon="83.27387466095387935638427734375">
        <ele>4168</ele>
        <time>2026-08-21T05:19:22.000Z</time>
        <extensions>
          <ns3:TrackPointExtension>
            <ns3:hr>99</ns3:hr>
            <ns3:cad>49</ns3:cad>
          </ns3:TrackPointExtension>
        </extensions>
      </trkpt>
      <trkpt lat="29.388548098504543304443359375" lon="83.2739107869565486907958984375">
        <ele>4167.60009765625</ele>
        <time>2026-08-21T05:19:26.000Z</time>
        <extensions>
          <ns3:TrackPointExtension>
            <ns3:hr>100</ns3:hr>
            <ns3:cad>48</ns3:cad>
          </ns3:TrackPointExtension>
        </extensions>
      </trkpt>
      <trkpt lat="29.38852630555629730224609375" lon="83.27393651939928531646728515625">
        <ele>4167.39990234375</ele>
        <time>2026-08-21T05:19:29.000Z</time>
        <extensions>
          <ns3:TrackPointExtension>
            <ns3:hr>100</ns3:hr>
            <ns3:cad>47</ns3:cad>
          </ns3:TrackPointExtension>
        </extensions>
      </trkpt>
      <trkpt lat="29.3884865753352642059326171875" lon="83.2739879004657268524169921875">
        <ele>4166.60009765625</ele>
        <time>2026-08-21T05:19:35.000Z</time>
        <extensions>
          <ns3:TrackPointExtension>
            <ns3:hr>99</ns3:hr>
            <ns3:cad>47</ns3:cad>
          </ns3:TrackPointExtension>
        </extensions>
      </trkpt>
      <trkpt lat="29.3884802050888538360595703125" lon="83.273997120559215545654296875">
        <ele>4166.39990234375</ele>
        <time>2026-08-21T05:19:36.000Z</time>
        <extensions>
          <ns3:TrackPointExtension>
            <ns3:hr>98</ns3:hr>
            <ns3:cad>47</ns3:cad>
          </ns3:TrackPointExtension>
        </extensions>
      </trkpt>
      <trkpt lat="29.38843385316431522369384765625" lon="83.2740516029298305511474609375">
        <ele>4166</ele>
        <time>2026-08-21T05:19:42.000Z</time>
        <extensions>
          <ns3:TrackPointExtension>
            <ns3:hr>98</ns3:hr>
            <ns3:cad>47</ns3:cad>
          </ns3:TrackPointExtension>
        </extensions>
      </trkpt>
      <trkpt lat="29.3883859924972057342529296875" lon="83.27410566620528697967529296875">
        <ele>4165.7998046875</ele>
        <time>2026-08-21T05:19:48.000Z</time>
        <extensions>
          <ns3:TrackPointExtension>
            <ns3:hr>100</ns3:hr>
            <ns3:cad>47</ns3:cad>
          </ns3:TrackPointExtension>
        </extensions>
      </trkpt>
      <trkpt lat="29.38837199471890926361083984375" lon="83.274123184382915496826171875">
        <ele>4165.39990234375</ele>
        <time>2026-08-21T05:19:50.000Z</time>
        <extensions>
          <ns3:TrackPointExtension>
            <ns3:hr>99</ns3:hr>
            <ns3:cad>47</ns3:cad>
          </ns3:TrackPointExtension>
        </extensions>
      </trkpt>
      <trkpt lat="29.388334862887859344482421875" lon="83.27415478415787220001220703125">
        <ele>4164.7998046875</ele>
        <time>2026-08-21T05:19:55.000Z</time>
        <extensions>
          <ns3:TrackPointExtension>
            <ns3:hr>98</ns3:hr>
            <ns3:cad>48</ns3:cad>
          </ns3:TrackPointExtension>
        </extensions>
      </trkpt>
      <trkpt lat="29.388281889259815216064453125" lon="83.2741771638393402099609375">
        <ele>4164.2001953125</ele>
        <time>2026-08-21T05:20:01.000Z</time>
        <extensions>
          <ns3:TrackPointExtension>
            <ns3:hr>97</ns3:hr>
            <ns3:cad>47</ns3:cad>
          </ns3:TrackPointExtension>
        </extensions>
      </trkpt>
      <trkpt lat="29.3882240541279315948486328125" lon="83.27418462373316287994384765625">
        <ele>4163.2001953125</ele>
        <time>2026-08-21T05:20:07.000Z</time>
        <extensions>
          <ns3:TrackPointExtension>
            <ns3:hr>96</ns3:hr>
            <ns3:cad>47</ns3:cad>
          </ns3:TrackPointExtension>
        </extensions>
      </trkpt>
      <trkpt lat="29.388202764093875885009765625" lon="83.27419459819793701171875">
        <ele>4163</ele>
        <time>2026-08-21T05:20:09.000Z</time>
        <extensions>
          <ns3:TrackPointExtension>
            <ns3:hr>96</ns3:hr>
            <ns3:cad>46</ns3:cad>
          </ns3:TrackPointExtension>
        </extensions>
      </trkpt>
      <trkpt lat="29.38818541355431079864501953125" lon="83.27420591376721858978271484375">
        <ele>4162.60009765625</ele>
        <time>2026-08-21T05:20:11.000Z</time>
        <extensions>
          <ns3:TrackPointExtension>
            <ns3:hr>96</ns3:hr>
            <ns3:cad>45</ns3:cad>
          </ns3:TrackPointExtension>
        </extensions>
      </trkpt>
      <trkpt lat="29.3881472758948802947998046875" lon="83.2742460630834102630615234375">
        <ele>4162.2001953125</ele>
        <time>2026-08-21T05:20:16.000Z</time>
        <extensions>
          <ns3:TrackPointExtension>
            <ns3:hr>95</ns3:hr>
            <ns3:cad>0</ns3:cad>
          </ns3:TrackPointExtension>
        </extensions>
      </trkpt>
      <trkpt lat="29.38811014406383037567138671875" lon="83.274283446371555328369140625">
        <ele>4162.2001953125</ele>
        <time>2026-08-21T05:20:21.000Z</time>
        <extensions>
          <ns3:TrackPointExtension>
            <ns3:hr>96</ns3:hr>
            <ns3:cad>47</ns3:cad>
          </ns3:TrackPointExtension>
        </extensions>
      </trkpt>
      <trkpt lat="29.38805826008319854736328125" lon="83.274333737790584564208984375">
        <ele>4162</ele>
        <time>2026-08-21T05:20:28.000Z</time>
        <extensions>
          <ns3:TrackPointExtension>
            <ns3:hr>95</ns3:hr>
            <ns3:cad>47</ns3:cad>
          </ns3:TrackPointExtension>
        </extensions>
      </trkpt>
      <trkpt lat="29.38801526091992855072021484375" lon="83.27436349354684352874755859375">
        <ele>4162</ele>
        <time>2026-08-21T05:20:33.000Z</time>
        <extensions>
          <ns3:TrackPointExtension>
            <ns3:hr>93</ns3:hr>
            <ns3:cad>45</ns3:cad>
          </ns3:TrackPointExtension>
        </extensions>
      </trkpt>
      <trkpt lat="29.3879702500998973846435546875" lon="83.27439735643565654754638671875">
        <ele>4161.60009765625</ele>
        <time>2026-08-21T05:20:38.000Z</time>
        <extensions>
          <ns3:TrackPointExtension>
            <ns3:hr>93</ns3:hr>
            <ns3:cad>46</ns3:cad>
          </ns3:TrackPointExtension>
        </extensions>
      </trkpt>
      <trkpt lat="29.387919791042804718017578125" lon="83.27443398535251617431640625">
        <ele>4161.39990234375</ele>
        <time>2026-08-21T05:20:44.000Z</time>
        <extensions>
          <ns3:TrackPointExtension>
            <ns3:hr>93</ns3:hr>
            <ns3:cad>45</ns3:cad>
          </ns3:TrackPointExtension>
        </extensions>
      </trkpt>
      <trkpt lat="29.3878954835236072540283203125" lon="83.27445770613849163055419921875">
        <ele>4161.2001953125</ele>
        <time>2026-08-21T05:20:47.000Z</time>
        <extensions>
          <ns3:TrackPointExtension>
            <ns3:hr>93</ns3:hr>
            <ns3:cad>45</ns3:cad>
          </ns3:TrackPointExtension>
        </extensions>
      </trkpt>
      <trkpt lat="29.38787318766117095947265625" lon="83.27448226511478424072265625">
        <ele>4160.7998046875</ele>
        <time>2026-08-21T05:20:50.000Z</time>
        <extensions>
          <ns3:TrackPointExtension>
            <ns3:hr>93</ns3:hr>
            <ns3:cad>47</ns3:cad>
          </ns3:TrackPointExtension>
        </extensions>
      </trkpt>
      <trkpt lat="29.3878193758428096771240234375" lon="83.27451453544199466705322265625">
        <ele>4160.60009765625</ele>
        <time>2026-08-21T05:20:56.000Z</time>
        <extensions>
          <ns3:TrackPointExtension>
            <ns3:hr>92</ns3:hr>
            <ns3:cad>47</ns3:cad>
          </ns3:TrackPointExtension>
        </extensions>
      </trkpt>
      <trkpt lat="29.38777503557503223419189453125" lon="83.27454772777855396270751953125">
        <ele>4159.7998046875</ele>
        <time>2026-08-21T05:21:01.000Z</time>
        <extensions>
          <ns3:TrackPointExtension>
            <ns3:hr>91</ns3:hr>
            <ns3:cad>45</ns3:cad>
          </ns3:TrackPointExtension>
        </extensions>
      </trkpt>
      <trkpt lat="29.3877573497593402862548828125" lon="83.2745607197284698486328125">
        <ele>4158.7998046875</ele>
        <time>2026-08-21T05:21:03.000Z</time>
        <extensions>
          <ns3:TrackPointExtension>
            <ns3:hr>91</ns3:hr>
            <ns3:cad>47</ns3:cad>
          </ns3:TrackPointExtension>
        </extensions>
      </trkpt>
      <trkpt lat="29.38774821348488330841064453125" lon="83.274567089974880218505859375">
        <ele>4158.39990234375</ele>
        <time>2026-08-21T05:21:04.000Z</time>
        <extensions>
          <ns3:TrackPointExtension>
            <ns3:hr>90</ns3:hr>
            <ns3:cad>47</ns3:cad>
          </ns3:TrackPointExtension>
        </extensions>
      </trkpt>
      <trkpt lat="29.38771150074899196624755859375" lon="83.27459223568439483642578125">
        <ele>4159.60009765625</ele>
        <time>2026-08-21T05:21:08.000Z</time>
        <extensions>
          <ns3:TrackPointExtension>
            <ns3:hr>91</ns3:hr>
            <ns3:cad>47</ns3:cad>
          </ns3:TrackPointExtension>
        </extensions>
      </trkpt>
      <trkpt lat="29.38769272528588771820068359375" lon="83.2746054790914058685302734375">
        <ele>4160.60009765625</ele>
        <time>2026-08-21T05:21:10.000Z</time>
        <extensions>
          <ns3:TrackPointExtension>
            <ns3:hr>90</ns3:hr>
            <ns3:cad>47</ns3:cad>
          </ns3:TrackPointExtension>
        </extensions>
      </trkpt>
      <trkpt lat="29.3876835890114307403564453125" lon="83.274612687528133392333984375">
        <ele>4160.60009765625</ele>
        <time>2026-08-21T05:21:11.000Z</time>
        <extensions>
          <ns3:TrackPointExtension>
            <ns3:hr>90</ns3:hr>
            <ns3:cad>45</ns3:cad>
          </ns3:TrackPointExtension>
        </extensions>
      </trkpt>
      <trkpt lat="29.38764226622879505157470703125" lon="83.27463515102863311767578125">
        <ele>4160.39990234375</ele>
        <time>2026-08-21T05:21:15.000Z</time>
        <extensions>
          <ns3:TrackPointExtension>
            <ns3:hr>90</ns3:hr>
            <ns3:cad>45</ns3:cad>
          </ns3:TrackPointExtension>
        </extensions>
      </trkpt>
      <trkpt lat="29.38759113661944866180419921875" lon="83.2746752165257930755615234375">
        <ele>4160.39990234375</ele>
        <time>2026-08-21T05:21:21.000Z</time>
        <extensions>
          <ns3:TrackPointExtension>
            <ns3:hr>91</ns3:hr>
            <ns3:cad>48</ns3:cad>
          </ns3:TrackPointExtension>
        </extensions>
      </trkpt>
      <trkpt lat="29.38754486851394176483154296875" lon="83.274703212082386016845703125">
        <ele>4160.60009765625</ele>
        <time>2026-08-21T05:21:26.000Z</time>
        <extensions>
          <ns3:TrackPointExtension>
            <ns3:hr>94</ns3:hr>
            <ns3:cad>45</ns3:cad>
          </ns3:TrackPointExtension>
        </extensions>
      </trkpt>
      <trkpt lat="29.38749943859875202178955078125" lon="83.2747302018105983734130859375">
        <ele>4160.39990234375</ele>
        <time>2026-08-21T05:21:31.000Z</time>
        <extensions>
          <ns3:TrackPointExtension>
            <ns3:hr>96</ns3:hr>
            <ns3:cad>47</ns3:cad>
          </ns3:TrackPointExtension>
        </extensions>
      </trkpt>
      <trkpt lat="29.387439005076885223388671875" lon="83.27476079575717449188232421875">
        <ele>4160.60009765625</ele>
        <time>2026-08-21T05:21:37.000Z</time>
        <extensions>
          <ns3:TrackPointExtension>
            <ns3:hr>99</ns3:hr>
            <ns3:cad>47</ns3:cad>
          </ns3:TrackPointExtension>
        </extensions>
      </trkpt>
      <trkpt lat="29.38739147968590259552001953125" lon="83.27479365281760692596435546875">
        <ele>4160.60009765625</ele>
        <time>2026-08-21T05:21:42.000Z</time>
        <extensions>
          <ns3:TrackPointExtension>
            <ns3:hr>99</ns3:hr>
            <ns3:cad>48</ns3:cad>
          </ns3:TrackPointExtension>
        </extensions>
      </trkpt>
      <trkpt lat="29.38733666203916072845458984375" lon="83.27483120374381542205810546875">
        <ele>4160.7998046875</ele>
        <time>2026-08-21T05:21:48.000Z</time>
        <extensions>
          <ns3:TrackPointExtension>
            <ns3:hr>98</ns3:hr>
            <ns3:cad>47</ns3:cad>
          </ns3:TrackPointExtension>
        </extensions>
      </trkpt>
      <trkpt lat="29.3872886337339878082275390625" lon="83.27485601417720317840576171875">
        <ele>4161</ele>
        <time>2026-08-21T05:21:53.000Z</time>
        <extensions>
          <ns3:TrackPointExtension>
            <ns3:hr>96</ns3:hr>
            <ns3:cad>45</ns3:cad>
          </ns3:TrackPointExtension>
        </extensions>
      </trkpt>
      <trkpt lat="29.3872390128672122955322265625" lon="83.27488970942795276641845703125">
        <ele>4161</ele>
        <time>2026-08-21T05:21:59.000Z</time>
        <extensions>
          <ns3:TrackPointExtension>
            <ns3:hr>96</ns3:hr>
            <ns3:cad>47</ns3:cad>
          </ns3:TrackPointExtension>
        </extensions>
      </trkpt>
      <trkpt lat="29.38718126155436038970947265625" lon="83.27492038719356060028076171875">
        <ele>4160.7998046875</ele>
        <time>2026-08-21T05:22:05.000Z</time>
        <extensions>
          <ns3:TrackPointExtension>
            <ns3:hr>94</ns3:hr>
            <ns3:cad>47</ns3:cad>
          </ns3:TrackPointExtension>
        </extensions>
      </trkpt>
      <trkpt lat="29.387140609323978424072265625" lon="83.274949304759502410888671875">
        <ele>4161</ele>
        <time>2026-08-21T05:22:10.000Z</time>
        <extensions>
          <ns3:TrackPointExtension>
            <ns3:hr>92</ns3:hr>
            <ns3:cad>46</ns3:cad>
          </ns3:TrackPointExtension>
        </extensions>
      </trkpt>
      <trkpt lat="29.387095682322978973388671875" lon="83.27498107217252254486083984375">
        <ele>4161</ele>
        <time>2026-08-21T05:22:15.000Z</time>
        <extensions>
          <ns3:TrackPointExtension>
            <ns3:hr>91</ns3:hr>
            <ns3:cad>45</ns3:cad>
          </ns3:TrackPointExtension>
        </extensions>
      </trkpt>
      <trkpt lat="29.38703943975269794464111328125" lon="83.27501644380390644073486328125">
        <ele>4161</ele>
        <time>2026-08-21T05:22:21.000Z</time>
        <extensions>
          <ns3:TrackPointExtension>
            <ns3:hr>90</ns3:hr>
            <ns3:cad>47</ns3:cad>
          </ns3:TrackPointExtension>
        </extensions>
      </trkpt>
      <trkpt lat="29.38698562793433666229248046875" lon="83.27504728920757770538330078125">
        <ele>4161.39990234375</ele>
        <time>2026-08-21T05:22:27.000Z</time>
        <extensions>
          <ns3:TrackPointExtension>
            <ns3:hr>89</ns3:hr>
            <ns3:cad>46</ns3:cad>
          </ns3:TrackPointExtension>
        </extensions>
      </trkpt>
      <trkpt lat="29.38694648444652557373046875" lon="83.2750778831541538238525390625">
        <ele>4161.60009765625</ele>
        <time>2026-08-21T05:22:32.000Z</time>
        <extensions>
          <ns3:TrackPointExtension>
            <ns3:hr>88</ns3:hr>
            <ns3:cad>46</ns3:cad>
          </ns3:TrackPointExtension>
        </extensions>
      </trkpt>
      <trkpt lat="29.386913292109966278076171875" lon="83.27510898001492023468017578125">
        <ele>4161.7998046875</ele>
        <time>2026-08-21T05:22:36.000Z</time>
        <extensions>
          <ns3:TrackPointExtension>
            <ns3:hr>90</ns3:hr>
            <ns3:cad>46</ns3:cad>
          </ns3:TrackPointExtension>
        </extensions>
      </trkpt>
      <trkpt lat="29.3868926726281642913818359375" lon="83.27513781376183032989501953125">
        <ele>4161.7998046875</ele>
        <time>2026-08-21T05:22:39.000Z</time>
        <extensions>
          <ns3:TrackPointExtension>
            <ns3:hr>93</ns3:hr>
            <ns3:cad>46</ns3:cad>
          </ns3:TrackPointExtension>
        </extensions>
      </trkpt>
      <trkpt lat="29.3868692032992839813232421875" lon="83.275165557861328125">
        <ele>4161.60009765625</ele>
        <time>2026-08-21T05:22:42.000Z</time>
        <extensions>
          <ns3:TrackPointExtension>
            <ns3:hr>95</ns3:hr>
            <ns3:cad>47</ns3:cad>
          </ns3:TrackPointExtension>
        </extensions>
      </trkpt>
      <trkpt lat="29.386814720928668975830078125" lon="83.2752029411494731903076171875">
        <ele>4161.60009765625</ele>
        <time>2026-08-21T05:22:48.000Z</time>
        <extensions>
          <ns3:TrackPointExtension>
            <ns3:hr>97</ns3:hr>
            <ns3:cad>47</ns3:cad>
          </ns3:TrackPointExtension>
        </extensions>
      </trkpt>
      <trkpt lat="29.386777170002460479736328125" lon="83.27522599138319492340087890625">
        <ele>4161.39990234375</ele>
        <time>2026-08-21T05:22:52.000Z</time>
        <extensions>
          <ns3:TrackPointExtension>
            <ns3:hr>100</ns3:hr>
            <ns3:cad>46</ns3:cad>
          </ns3:TrackPointExtension>
        </extensions>
      </trkpt>
      <trkpt lat="29.38675738871097564697265625" lon="83.27523957006633281707763671875">
        <ele>4161.2001953125</ele>
        <time>2026-08-21T05:22:54.000Z</time>
        <extensions>
          <ns3:TrackPointExtension>
            <ns3:hr>101</ns3:hr>
            <ns3:cad>46</ns3:cad>
          </ns3:TrackPointExtension>
        </extensions>
      </trkpt>
      <trkpt lat="29.38669628463685512542724609375" lon="83.27528265304863452911376953125">
        <ele>4161</ele>
        <time>2026-08-21T05:23:00.000Z</time>
        <extensions>
          <ns3:TrackPointExtension>
            <ns3:hr>102</ns3:hr>
            <ns3:cad>48</ns3:cad>
          </ns3:TrackPointExtension>
        </extensions>
      </trkpt>
      <trkpt lat="29.38664138317108154296875" lon="83.275323472917079925537109375">
        <ele>4160.60009765625</ele>
        <time>2026-08-21T05:23:06.000Z</time>
        <extensions>
          <ns3:TrackPointExtension>
            <ns3:hr>101</ns3:hr>
            <ns3:cad>49</ns3:cad>
          </ns3:TrackPointExtension>
        </extensions>
      </trkpt>
      <trkpt lat="29.386631660163402557373046875" lon="83.2753290049731731414794921875">
        <ele>4160.60009765625</ele>
        <time>2026-08-21T05:23:07.000Z</time>
        <extensions>
          <ns3:TrackPointExtension>
            <ns3:hr>101</ns3:hr>
            <ns3:cad>49</ns3:cad>
          </ns3:TrackPointExtension>
        </extensions>
      </trkpt>
      <trkpt lat="29.386569969356060028076171875" lon="83.27535842545330524444580078125">
        <ele>4160.7998046875</ele>
        <time>2026-08-21T05:23:13.000Z</time>
        <extensions>
          <ns3:TrackPointExtension>
            <ns3:hr>100</ns3:hr>
            <ns3:cad>0</ns3:cad>
          </ns3:TrackPointExtension>
        </extensions>
      </trkpt>
      <trkpt lat="29.38650853000581264495849609375" lon="83.2753876782953739166259765625">
        <ele>4160.39990234375</ele>
        <time>2026-08-21T05:23:19.000Z</time>
        <extensions>
          <ns3:TrackPointExtension>
            <ns3:hr>99</ns3:hr>
            <ns3:cad>47</ns3:cad>
          </ns3:TrackPointExtension>
        </extensions>
      </trkpt>
      <trkpt lat="29.38645941205322742462158203125" lon="83.2754077948629856109619140625">
        <ele>4161</ele>
        <time>2026-08-21T05:23:24.000Z</time>
        <extensions>
          <ns3:TrackPointExtension>
            <ns3:hr>100</ns3:hr>
            <ns3:cad>48</ns3:cad>
          </ns3:TrackPointExtension>
        </extensions>
      </trkpt>
      <trkpt lat="29.38641951419413089752197265625" lon="83.27541969716548919677734375">
        <ele>4161</ele>
        <time>2026-08-21T05:23:28.000Z</time>
        <extensions>
          <ns3:TrackPointExtension>
            <ns3:hr>100</ns3:hr>
            <ns3:cad>48</ns3:cad>
          </ns3:TrackPointExtension>
        </extensions>
      </trkpt>
      <trkpt lat="29.38637022860348224639892578125" lon="83.27543855644762516021728515625">
        <ele>4160.39990234375</ele>
        <time>2026-08-21T05:23:33.000Z</time>
        <extensions>
          <ns3:TrackPointExtension>
            <ns3:hr>98</ns3:hr>
            <ns3:cad>48</ns3:cad>
          </ns3:TrackPointExtension>
        </extensions>
      </trkpt>
      <trkpt lat="29.38635195605456829071044921875" lon="83.2754480279982089996337890625">
        <ele>4160.39990234375</ele>
        <time>2026-08-21T05:23:35.000Z</time>
        <extensions>
          <ns3:TrackPointExtension>
            <ns3:hr>97</ns3:hr>
            <ns3:cad>47</ns3:cad>
          </ns3:TrackPointExtension>
        </extensions>
      </trkpt>
      <trkpt lat="29.3863327614963054656982421875" lon="83.2754577510058879852294921875">
        <ele>4160.39990234375</ele>
        <time>2026-08-21T05:23:37.000Z</time>
        <extensions>
          <ns3:TrackPointExtension>
            <ns3:hr>94</ns3:hr>
            <ns3:cad>45</ns3:cad>
          </ns3:TrackPointExtension>
        </extensions>
      </trkpt>
      <trkpt lat="29.38628355972468852996826171875" lon="83.27547275461256504058837890625">
        <ele>4160.60009765625</ele>
        <time>2026-08-21T05:23:42.000Z</time>
        <extensions>
          <ns3:TrackPointExtension>
            <ns3:hr>93</ns3:hr>
            <ns3:cad>44</ns3:cad>
          </ns3:TrackPointExtension>
        </extensions>
      </trkpt>
      <trkpt lat="29.386219941079616546630859375" lon="83.275495469570159912109375">
        <ele>4160.7998046875</ele>
        <time>2026-08-21T05:23:48.000Z</time>
        <extensions>
          <ns3:TrackPointExtension>
            <ns3:hr>93</ns3:hr>
            <ns3:cad>47</ns3:cad>
          </ns3:TrackPointExtension>
        </extensions>
      </trkpt>
      <trkpt lat="29.3861828930675983428955078125" lon="83.27550846152007579803466796875">
        <ele>4161.2001953125</ele>
        <time>2026-08-21T05:23:52.000Z</time>
        <extensions>
          <ns3:TrackPointExtension>
            <ns3:hr>96</ns3:hr>
            <ns3:cad>46</ns3:cad>
          </ns3:TrackPointExtension>
        </extensions>
      </trkpt>
      <trkpt lat="29.38616118393838405609130859375" lon="83.27551667578518390655517578125">
        <ele>4161.2001953125</ele>
        <time>2026-08-21T05:23:54.000Z</time>
        <extensions>
          <ns3:TrackPointExtension>
            <ns3:hr>97</ns3:hr>
            <ns3:cad>46</ns3:cad>
          </ns3:TrackPointExtension>
        </extensions>
      </trkpt>
      <trkpt lat="29.38610854558646678924560546875" lon="83.27554148621857166290283203125">
        <ele>4161.2001953125</ele>
        <time>2026-08-21T05:23:59.000Z</time>
        <extensions>
          <ns3:TrackPointExtension>
            <ns3:hr>95</ns3:hr>
            <ns3:cad>47</ns3:cad>
          </ns3:TrackPointExtension>
        </extensions>
      </trkpt>
      <trkpt lat="29.3860313482582569122314453125" lon="83.2755737565457820892333984375">
        <ele>4161.2001953125</ele>
        <time>2026-08-21T05:24:07.000Z</time>
        <extensions>
          <ns3:TrackPointExtension>
            <ns3:hr>95</ns3:hr>
            <ns3:cad>47</ns3:cad>
          </ns3:TrackPointExtension>
        </extensions>
      </trkpt>
      <trkpt lat="29.385991282761096954345703125" lon="83.2755928672850131988525390625">
        <ele>4161</ele>
        <time>2026-08-21T05:24:12.000Z</time>
        <extensions>
          <ns3:TrackPointExtension>
            <ns3:hr>95</ns3:hr>
            <ns3:cad>47</ns3:cad>
          </ns3:TrackPointExtension>
        </extensions>
      </trkpt>
      <trkpt lat="29.38593386672437191009521484375" lon="83.27561876736581325531005859375">
        <ele>4160.60009765625</ele>
        <time>2026-08-21T05:24:18.000Z</time>
        <extensions>
          <ns3:TrackPointExtension>
            <ns3:hr>95</ns3:hr>
            <ns3:cad>49</ns3:cad>
          </ns3:TrackPointExtension>
        </extensions>
      </trkpt>
      <trkpt lat="29.38588508404791355133056640625" lon="83.27563829720020294189453125">
        <ele>4160.7998046875</ele>
        <time>2026-08-21T05:24:23.000Z</time>
        <extensions>
          <ns3:TrackPointExtension>
            <ns3:hr>95</ns3:hr>
            <ns3:cad>47</ns3:cad>
          </ns3:TrackPointExtension>
        </extensions>
      </trkpt>
      <trkpt lat="29.38585692085325717926025390625" lon="83.2756629399955272674560546875">
        <ele>4160.7998046875</ele>
        <time>2026-08-21T05:24:27.000Z</time>
        <extensions>
          <ns3:TrackPointExtension>
            <ns3:hr>96</ns3:hr>
            <ns3:cad>46</ns3:cad>
          </ns3:TrackPointExtension>
        </extensions>
      </trkpt>
      <trkpt lat="29.385836385190486907958984375" lon="83.2756743393838405609130859375">
        <ele>4161</ele>
        <time>2026-08-21T05:24:29.000Z</time>
        <extensions>
          <ns3:TrackPointExtension>
            <ns3:hr>96</ns3:hr>
            <ns3:cad>43</ns3:cad>
          </ns3:TrackPointExtension>
        </extensions>
      </trkpt>
      <trkpt lat="29.385784082114696502685546875" lon="83.27569596469402313232421875">
        <ele>4161</ele>
        <time>2026-08-21T05:24:34.000Z</time>
        <extensions>
          <ns3:TrackPointExtension>
            <ns3:hr>98</ns3:hr>
            <ns3:cad>47</ns3:cad>
          </ns3:TrackPointExtension>
        </extensions>
      </trkpt>
      <trkpt lat="29.3857332877814769744873046875" lon="83.27571867965161800384521484375">
        <ele>4161</ele>
        <time>2026-08-21T05:24:39.000Z</time>
        <extensions>
          <ns3:TrackPointExtension>
            <ns3:hr>98</ns3:hr>
            <ns3:cad>48</ns3:cad>
          </ns3:TrackPointExtension>
        </extensions>
      </trkpt>
      <trkpt lat="29.38567453064024448394775390625" lon="83.27574969269335269927978515625">
        <ele>4161</ele>
        <time>2026-08-21T05:24:45.000Z</time>
        <extensions>
          <ns3:TrackPointExtension>
            <ns3:hr>98</ns3:hr>
            <ns3:cad>50</ns3:cad>
          </ns3:TrackPointExtension>
        </extensions>
      </trkpt>
      <trkpt lat="29.38562608323991298675537109375" lon="83.2757749222218990325927734375">
        <ele>4161</ele>
        <time>2026-08-21T05:24:50.000Z</time>
        <extensions>
          <ns3:TrackPointExtension>
            <ns3:hr>100</ns3:hr>
            <ns3:cad>47</ns3:cad>
          </ns3:TrackPointExtension>
        </extensions>
      </trkpt>
      <trkpt lat="29.38556246459484100341796875" lon="83.27582227997481822967529296875">
        <ele>4161</ele>
        <time>2026-08-21T05:24:57.000Z</time>
        <extensions>
          <ns3:TrackPointExtension>
            <ns3:hr>101</ns3:hr>
            <ns3:cad>48</ns3:cad>
          </ns3:TrackPointExtension>
        </extensions>
      </trkpt>
      <trkpt lat="29.38549834303557872772216796875" lon="83.2758641056716442108154296875">
        <ele>4160.60009765625</ele>
        <time>2026-08-21T05:25:03.000Z</time>
        <extensions>
          <ns3:TrackPointExtension>
            <ns3:hr>101</ns3:hr>
            <ns3:cad>48</ns3:cad>
          </ns3:TrackPointExtension>
        </extensions>
      </trkpt>
      <trkpt lat="29.3854258395731449127197265625" lon="83.27589419670403003692626953125">
        <ele>4160.39990234375</ele>
        <time>2026-08-21T05:25:09.000Z</time>
        <extensions>
          <ns3:TrackPointExtension>
            <ns3:hr>102</ns3:hr>
            <ns3:cad>48</ns3:cad>
          </ns3:TrackPointExtension>
        </extensions>
      </trkpt>
      <trkpt lat="29.38535920344293117523193359375" lon="83.275915570557117462158203125">
        <ele>4160.39990234375</ele>
        <time>2026-08-21T05:25:15.000Z</time>
        <extensions>
          <ns3:TrackPointExtension>
            <ns3:hr>102</ns3:hr>
            <ns3:cad>50</ns3:cad>
          </ns3:TrackPointExtension>
        </extensions>
      </trkpt>
      <trkpt lat="29.3852970935404300689697265625" lon="83.275930993258953094482421875">
        <ele>4160.60009765625</ele>
        <time>2026-08-21T05:25:21.000Z</time>
        <extensions>
          <ns3:TrackPointExtension>
            <ns3:hr>101</ns3:hr>
            <ns3:cad>49</ns3:cad>
          </ns3:TrackPointExtension>
        </extensions>
      </trkpt>
      <trkpt lat="29.3852407671511173248291015625" lon="83.27594750560820102691650390625">
        <ele>4161</ele>
        <time>2026-08-21T05:25:26.000Z</time>
        <extensions>
          <ns3:TrackPointExtension>
            <ns3:hr>102</ns3:hr>
            <ns3:cad>47</ns3:cad>
          </ns3:TrackPointExtension>
        </extensions>
      </trkpt>
      <trkpt lat="29.385190643370151519775390625" lon="83.27596955001354217529296875">
        <ele>4160.7998046875</ele>
        <time>2026-08-21T05:25:31.000Z</time>
        <extensions>
          <ns3:TrackPointExtension>
            <ns3:hr>104</ns3:hr>
            <ns3:cad>49</ns3:cad>
          </ns3:TrackPointExtension>
        </extensions>
      </trkpt>
      <trkpt lat="29.38511562533676624298095703125" lon="83.276008106768131256103515625">
        <ele>4160.7998046875</ele>
        <time>2026-08-21T05:25:38.000Z</time>
        <extensions>
          <ns3:TrackPointExtension>
            <ns3:hr>103</ns3:hr>
            <ns3:cad>51</ns3:cad>
          </ns3:TrackPointExtension>
        </extensions>
      </trkpt>
      <trkpt lat="29.38505410216748714447021484375" lon="83.2760324142873287200927734375">
        <ele>4160</ele>
        <time>2026-08-21T05:25:44.000Z</time>
        <extensions>
          <ns3:TrackPointExtension>
            <ns3:hr>102</ns3:hr>
            <ns3:cad>49</ns3:cad>
          </ns3:TrackPointExtension>
        </extensions>
      </trkpt>
      <trkpt lat="29.38505426980555057525634765625" lon="83.27602981589734554290771484375">
        <ele>4160</ele>
        <time>2026-08-21T05:25:46.000Z</time>
        <extensions>
          <ns3:TrackPointExtension>
            <ns3:hr>102</ns3:hr>
            <ns3:cad>50</ns3:cad>
          </ns3:TrackPointExtension>
        </extensions>
      </trkpt>
      <trkpt lat="29.3850655853748321533203125" lon="83.27603417448699474334716796875">
        <ele>4160.2001953125</ele>
        <time>2026-08-21T05:25:48.000Z</time>
        <extensions>
          <ns3:TrackPointExtension>
            <ns3:hr>102</ns3:hr>
            <ns3:cad>49</ns3:cad>
          </ns3:TrackPointExtension>
        </extensions>
      </trkpt>
      <trkpt lat="29.385092072188854217529296875" lon="83.27607390470802783966064453125">
        <ele>4160.60009765625</ele>
        <time>2026-08-21T05:25:54.000Z</time>
        <extensions>
          <ns3:TrackPointExtension>
            <ns3:hr>102</ns3:hr>
            <ns3:cad>78</ns3:cad>
          </ns3:TrackPointExtension>
        </extensions>
      </trkpt>
      <trkpt lat="29.38509869389235973358154296875" lon="83.2760813646018505096435546875">
        <ele>4160.7998046875</ele>
        <time>2026-08-21T05:25:55.000Z</time>
        <extensions>
          <ns3:TrackPointExtension>
            <ns3:hr>102</ns3:hr>
            <ns3:cad>77</ns3:cad>
          </ns3:TrackPointExtension>
        </extensions>
      </trkpt>
      <trkpt lat="29.3851245939731597900390625" lon="83.276120759546756744384765625">
        <ele>4161.7998046875</ele>
        <time>2026-08-21T05:26:01.000Z</time>
        <extensions>
          <ns3:TrackPointExtension>
            <ns3:hr>101</ns3:hr>
            <ns3:cad>41</ns3:cad>
          </ns3:TrackPointExtension>
        </extensions>
      </trkpt>
      <trkpt lat="29.38510288484394550323486328125" lon="83.27616208232939243316650390625">
        <ele>4162.7998046875</ele>
        <time>2026-08-21T05:26:06.000Z</time>
        <extensions>
          <ns3:TrackPointExtension>
            <ns3:hr>103</ns3:hr>
            <ns3:cad>43</ns3:cad>
          </ns3:TrackPointExtension>
        </extensions>
      </trkpt>
      <trkpt lat="29.38507136888802051544189453125" lon="83.2761846296489238739013671875">
        <ele>4163</ele>
        <time>2026-08-21T05:26:09.000Z</time>
        <extensions>
          <ns3:TrackPointExtension>
            <ns3:hr>106</ns3:hr>
            <ns3:cad>43</ns3:cad>
          </ns3:TrackPointExtension>
        </extensions>
      </trkpt>
      <trkpt lat="29.38504052348434925079345703125" lon="83.2762017287313938140869140625">
        <ele>4162.7998046875</ele>
        <time>2026-08-21T05:26:12.000Z</time>
        <extensions>
          <ns3:TrackPointExtension>
            <ns3:hr>108</ns3:hr>
            <ns3:cad>43</ns3:cad>
          </ns3:TrackPointExtension>
        </extensions>
      </trkpt>
      <trkpt lat="29.38499459065496921539306640625" lon="83.2762102782726287841796875">
        <ele>4162.60009765625</ele>
        <time>2026-08-21T05:26:16.000Z</time>
        <extensions>
          <ns3:TrackPointExtension>
            <ns3:hr>111</ns3:hr>
            <ns3:cad>48</ns3:cad>
          </ns3:TrackPointExtension>
        </extensions>
      </trkpt>
      <trkpt lat="29.384973384439945220947265625" lon="83.27621203847229480743408203125">
        <ele>4162.39990234375</ele>
        <time>2026-08-21T05:26:18.000Z</time>
        <extensions>
          <ns3:TrackPointExtension>
            <ns3:hr>112</ns3:hr>
            <ns3:cad>47</ns3:cad>
          </ns3:TrackPointExtension>
        </extensions>
      </trkpt>
      <trkpt lat="29.38489585183560848236083984375" lon="83.27620231546461582183837890625">
        <ele>4162.39990234375</ele>
        <time>2026-08-21T05:26:25.000Z</time>
        <extensions>
          <ns3:TrackPointExtension>
            <ns3:hr>113</ns3:hr>
            <ns3:cad>47</ns3:cad>
          </ns3:TrackPointExtension>
        </extensions>
      </trkpt>
      <trkpt lat="29.38483566977083683013916015625" lon="83.2761946879327297210693359375">
        <ele>4162.2001953125</ele>
        <time>2026-08-21T05:26:30.000Z</time>
        <extensions>
          <ns3:TrackPointExtension>
            <ns3:hr>113</ns3:hr>
            <ns3:cad>48</ns3:cad>
          </ns3:TrackPointExtension>
        </extensions>
      </trkpt>
      <trkpt lat="29.384783618152141571044921875" lon="83.276196531951427459716796875">
        <ele>4162.60009765625</ele>
        <time>2026-08-21T05:26:35.000Z</time>
        <extensions>
          <ns3:TrackPointExtension>
            <ns3:hr>112</ns3:hr>
            <ns3:cad>48</ns3:cad>
          </ns3:TrackPointExtension>
        </extensions>
      </trkpt>
      <trkpt lat="29.384718239307403564453125" lon="83.2762174867093563079833984375">
        <ele>4163</ele>
        <time>2026-08-21T05:26:41.000Z</time>
        <extensions>
          <ns3:TrackPointExtension>
            <ns3:hr>111</ns3:hr>
            <ns3:cad>47</ns3:cad>
          </ns3:TrackPointExtension>
        </extensions>
      </trkpt>
      <trkpt lat="29.38465830869972705841064453125" lon="83.27622159384191036224365234375">
        <ele>4162.7998046875</ele>
        <time>2026-08-21T05:26:46.000Z</time>
        <extensions>
          <ns3:TrackPointExtension>
            <ns3:hr>111</ns3:hr>
            <ns3:cad>48</ns3:cad>
          </ns3:TrackPointExtension>
        </extensions>
      </trkpt>
      <trkpt lat="29.3845936842262744903564453125" lon="83.27622343786060810089111328125">
        <ele>4162.7998046875</ele>
        <time>2026-08-21T05:26:52.000Z</time>
        <extensions>
          <ns3:TrackPointExtension>
            <ns3:hr>111</ns3:hr>
            <ns3:cad>49</ns3:cad>
          </ns3:TrackPointExtension>
        </extensions>
      </trkpt>
      <trkpt lat="29.3845249526202678680419921875" lon="83.2762416265904903411865234375">
        <ele>4163.39990234375</ele>
        <time>2026-08-21T05:26:58.000Z</time>
        <extensions>
          <ns3:TrackPointExtension>
            <ns3:hr>110</ns3:hr>
            <ns3:cad>47</ns3:cad>
          </ns3:TrackPointExtension>
        </extensions>
      </trkpt>
      <trkpt lat="29.3844666145741939544677734375" lon="83.27628361992537975311279296875">
        <ele>4163.60009765625</ele>
        <time>2026-08-21T05:27:04.000Z</time>
        <extensions>
          <ns3:TrackPointExtension>
            <ns3:hr>110</ns3:hr>
            <ns3:cad>48</ns3:cad>
          </ns3:TrackPointExtension>
        </extensions>
      </trkpt>
      <trkpt lat="29.38438723795115947723388671875" lon="83.27633223496377468109130859375">
        <ele>4163.2001953125</ele>
        <time>2026-08-21T05:27:11.000Z</time>
        <extensions>
          <ns3:TrackPointExtension>
            <ns3:hr>112</ns3:hr>
            <ns3:cad>50</ns3:cad>
          </ns3:TrackPointExtension>
        </extensions>
      </trkpt>
      <trkpt lat="29.38429319299757480621337890625" lon="83.27638319693505764007568359375">
        <ele>4162.39990234375</ele>
        <time>2026-08-21T05:27:19.000Z</time>
        <extensions>
          <ns3:TrackPointExtension>
            <ns3:hr>112</ns3:hr>
            <ns3:cad>53</ns3:cad>
          </ns3:TrackPointExtension>
        </extensions>
      </trkpt>
      <trkpt lat="29.384223036468029022216796875" lon="83.2764136232435703277587890625">
        <ele>4162.7998046875</ele>
        <time>2026-08-21T05:27:25.000Z</time>
        <extensions>
          <ns3:TrackPointExtension>
            <ns3:hr>113</ns3:hr>
            <ns3:cad>51</ns3:cad>
          </ns3:TrackPointExtension>
        </extensions>
      </trkpt>
      <trkpt lat="29.3841551430523395538330078125" lon="83.27645511366426944732666015625">
        <ele>4162.60009765625</ele>
        <time>2026-08-21T05:27:31.000Z</time>
        <extensions>
          <ns3:TrackPointExtension>
            <ns3:hr>112</ns3:hr>
            <ns3:cad>50</ns3:cad>
          </ns3:TrackPointExtension>
        </extensions>
      </trkpt>
      <trkpt lat="29.384064786136150360107421875" lon="83.27648319303989410400390625">
        <ele>4162</ele>
        <time>2026-08-21T05:27:38.000Z</time>
        <extensions>
          <ns3:TrackPointExtension>
            <ns3:hr>112</ns3:hr>
            <ns3:cad>53</ns3:cad>
          </ns3:TrackPointExtension>
        </extensions>
      </trkpt>
      <trkpt lat="29.38399069011211395263671875" lon="83.27649048529565334320068359375">
        <ele>4161.7998046875</ele>
        <time>2026-08-21T05:27:44.000Z</time>
        <extensions>
          <ns3:TrackPointExtension>
            <ns3:hr>111</ns3:hr>
            <ns3:cad>52</ns3:cad>
          </ns3:TrackPointExtension>
        </extensions>
      </trkpt>
      <trkpt lat="29.3839787878096103668212890625" lon="83.27649199403822422027587890625">
        <ele>4161.60009765625</ele>
        <time>2026-08-21T05:27:45.000Z</time>
        <extensions>
          <ns3:TrackPointExtension>
            <ns3:hr>111</ns3:hr>
            <ns3:cad>52</ns3:cad>
          </ns3:TrackPointExtension>
        </extensions>
      </trkpt>
      <trkpt lat="29.38390544615685939788818359375" lon="83.2765132002532482147216796875">
        <ele>4161.7998046875</ele>
        <time>2026-08-21T05:27:51.000Z</time>
        <extensions>
          <ns3:TrackPointExtension>
            <ns3:hr>110</ns3:hr>
            <ns3:cad>51</ns3:cad>
          </ns3:TrackPointExtension>
        </extensions>
      </trkpt>
      <trkpt lat="29.3838228844106197357177734375" lon="83.27653507702052593231201171875">
        <ele>4161.7998046875</ele>
        <time>2026-08-21T05:27:58.000Z</time>
        <extensions>
          <ns3:TrackPointExtension>
            <ns3:hr>109</ns3:hr>
            <ns3:cad>50</ns3:cad>
          </ns3:TrackPointExtension>
        </extensions>
      </trkpt>
      <trkpt lat="29.3837434239685535430908203125" lon="83.27657631598412990570068359375">
        <ele>4161.60009765625</ele>
        <time>2026-08-21T05:28:05.000Z</time>
        <extensions>
          <ns3:TrackPointExtension>
            <ns3:hr>108</ns3:hr>
            <ns3:cad>50</ns3:cad>
          </ns3:TrackPointExtension>
        </extensions>
      </trkpt>
      <trkpt lat="29.3836773745715618133544921875" lon="83.27664052136242389678955078125">
        <ele>4161.39990234375</ele>
        <time>2026-08-21T05:28:12.000Z</time>
        <extensions>
          <ns3:TrackPointExtension>
            <ns3:hr>109</ns3:hr>
            <ns3:cad>50</ns3:cad>
          </ns3:TrackPointExtension>
        </extensions>
      </trkpt>
      <trkpt lat="29.38361258246004581451416015625" lon="83.2766737975180149078369140625">
        <ele>4162</ele>
        <time>2026-08-21T05:28:18.000Z</time>
        <extensions>
          <ns3:TrackPointExtension>
            <ns3:hr>110</ns3:hr>
            <ns3:cad>49</ns3:cad>
          </ns3:TrackPointExtension>
        </extensions>
      </trkpt>
      <trkpt lat="29.38353647477924823760986328125" lon="83.276712857186794281005859375">
        <ele>4162.2001953125</ele>
        <time>2026-08-21T05:28:25.000Z</time>
        <extensions>
          <ns3:TrackPointExtension>
            <ns3:hr>111</ns3:hr>
            <ns3:cad>48</ns3:cad>
          </ns3:TrackPointExtension>
        </extensions>
      </trkpt>
      <trkpt lat="29.3834785558283329010009765625" lon="83.2767566107213497161865234375">
        <ele>4162.2001953125</ele>
        <time>2026-08-21T05:28:31.000Z</time>
        <extensions>
          <ns3:TrackPointExtension>
            <ns3:hr>112</ns3:hr>
            <ns3:cad>48</ns3:cad>
          </ns3:TrackPointExtension>
        </extensions>
      </trkpt>
      <trkpt lat="29.38341728411614894866943359375" lon="83.27679910697042942047119140625">
        <ele>4162.60009765625</ele>
        <time>2026-08-21T05:28:37.000Z</time>
        <extensions>
          <ns3:TrackPointExtension>
            <ns3:hr>113</ns3:hr>
            <ns3:cad>47</ns3:cad>
          </ns3:TrackPointExtension>
        </extensions>
      </trkpt>
      <trkpt lat="29.383365400135517120361328125" lon="83.27682257629930973052978515625">
        <ele>4162.60009765625</ele>
        <time>2026-08-21T05:28:42.000Z</time>
        <extensions>
          <ns3:TrackPointExtension>
            <ns3:hr>114</ns3:hr>
            <ns3:cad>50</ns3:cad>
          </ns3:TrackPointExtension>
        </extensions>
      </trkpt>
      <trkpt lat="29.38334553502500057220458984375" lon="83.27683229930698871612548828125">
        <ele>4162.7998046875</ele>
        <time>2026-08-21T05:28:44.000Z</time>
        <extensions>
          <ns3:TrackPointExtension>
            <ns3:hr>115</ns3:hr>
            <ns3:cad>50</ns3:cad>
          </ns3:TrackPointExtension>
        </extensions>
      </trkpt>
      <trkpt lat="29.3833162821829319000244140625" lon="83.27685157768428325653076171875">
        <ele>4163</ele>
        <time>2026-08-21T05:28:47.000Z</time>
        <extensions>
          <ns3:TrackPointExtension>
            <ns3:hr>115</ns3:hr>
            <ns3:cad>49</ns3:cad>
          </ns3:TrackPointExtension>
        </extensions>
      </trkpt>
      <trkpt lat="29.3832663260400295257568359375" lon="83.27689030207693576812744140625">
        <ele>4163.60009765625</ele>
        <time>2026-08-21T05:28:52.000Z</time>
        <extensions>
          <ns3:TrackPointExtension>
            <ns3:hr>116</ns3:hr>
            <ns3:cad>47</ns3:cad>
          </ns3:TrackPointExtension>
        </extensions>
      </trkpt>
      <trkpt lat="29.3832287751138210296630859375" lon="83.2769276015460491180419921875">
        <ele>4163.7998046875</ele>
        <time>2026-08-21T05:28:56.000Z</time>
        <extensions>
          <ns3:TrackPointExtension>
            <ns3:hr>116</ns3:hr>
            <ns3:cad>49</ns3:cad>
          </ns3:TrackPointExtension>
        </extensions>
      </trkpt>
      <trkpt lat="29.38320740126073360443115234375" lon="83.2769426889717578887939453125">
        <ele>4163.7998046875</ele>
        <time>2026-08-21T05:28:58.000Z</time>
        <extensions>
          <ns3:TrackPointExtension>
            <ns3:hr>117</ns3:hr>
            <ns3:cad>48</ns3:cad>
          </ns3:TrackPointExtension>
        </extensions>
      </trkpt>
      <trkpt lat="29.38312944956123828887939453125" lon="83.27698200009763240814208984375">
        <ele>4164</ele>
        <time>2026-08-21T05:29:05.000Z</time>
        <extensions>
          <ns3:TrackPointExtension>
            <ns3:hr>117</ns3:hr>
            <ns3:cad>48</ns3:cad>
          </ns3:TrackPointExtension>
        </extensions>
      </trkpt>
      <trkpt lat="29.38304479233920574188232421875" lon="83.2770120911300182342529296875">
        <ele>4164</ele>
        <time>2026-08-21T05:29:12.000Z</time>
        <extensions>
          <ns3:TrackPointExtension>
            <ns3:hr>118</ns3:hr>
            <ns3:cad>52</ns3:cad>
          </ns3:TrackPointExtension>
        </extensions>
      </trkpt>
      <trkpt lat="29.382976479828357696533203125" lon="83.2770372368395328521728515625">
        <ele>4164.2001953125</ele>
        <time>2026-08-21T05:29:18.000Z</time>
        <extensions>
          <ns3:TrackPointExtension>
            <ns3:hr>118</ns3:hr>
            <ns3:cad>48</ns3:cad>
          </ns3:TrackPointExtension>
        </extensions>
      </trkpt>
      <trkpt lat="29.38292719423770904541015625" lon="83.27707386575639247894287109375">
        <ele>4164</ele>
        <time>2026-08-21T05:29:23.000Z</time>
        <extensions>
          <ns3:TrackPointExtension>
            <ns3:hr>117</ns3:hr>
            <ns3:cad>50</ns3:cad>
          </ns3:TrackPointExtension>
        </extensions>
      </trkpt>
      <trkpt lat="29.3828740529716014862060546875" lon="83.2771227322518825531005859375">
        <ele>4164.2001953125</ele>
        <time>2026-08-21T05:29:29.000Z</time>
        <extensions>
          <ns3:TrackPointExtension>
            <ns3:hr>116</ns3:hr>
            <ns3:cad>50</ns3:cad>
          </ns3:TrackPointExtension>
        </extensions>
      </trkpt>
      <trkpt lat="29.38281412236392498016357421875" lon="83.27716170810163021087646484375">
        <ele>4164.39990234375</ele>
        <time>2026-08-21T05:29:35.000Z</time>
        <extensions>
          <ns3:TrackPointExtension>
            <ns3:hr>116</ns3:hr>
            <ns3:cad>49</ns3:cad>
          </ns3:TrackPointExtension>
        </extensions>
      </trkpt>
      <trkpt lat="29.38277355395257472991943359375" lon="83.27718383632600307464599609375">
        <ele>4164.7998046875</ele>
        <time>2026-08-21T05:29:39.000Z</time>
        <extensions>
          <ns3:TrackPointExtension>
            <ns3:hr>115</ns3:hr>
            <ns3:cad>49</ns3:cad>
          </ns3:TrackPointExtension>
        </extensions>
      </trkpt>
      <trkpt lat="29.3827536888420581817626953125" lon="83.2771988399326801300048828125">
        <ele>4165</ele>
        <time>2026-08-21T05:29:41.000Z</time>
        <extensions>
          <ns3:TrackPointExtension>
            <ns3:hr>115</ns3:hr>
            <ns3:cad>47</ns3:cad>
          </ns3:TrackPointExtension>
        </extensions>
      </trkpt>
      <trkpt lat="29.3826859630644321441650390625" lon="83.27724569477140903472900390625">
        <ele>4165</ele>
        <time>2026-08-21T05:29:48.000Z</time>
        <extensions>
          <ns3:TrackPointExtension>
            <ns3:hr>115</ns3:hr>
            <ns3:cad>49</ns3:cad>
          </ns3:TrackPointExtension>
        </extensions>
      </trkpt>
      <trkpt lat="29.3826762400567531585693359375" lon="83.27724988572299480438232421875">
        <ele>4165</ele>
        <time>2026-08-21T05:29:49.000Z</time>
        <extensions>
          <ns3:TrackPointExtension>
            <ns3:hr>115</ns3:hr>
            <ns3:cad>49</ns3:cad>
          </ns3:TrackPointExtension>
        </extensions>
      </trkpt>
      <trkpt lat="29.3825925886631011962890625" lon="83.277257345616817474365234375">
        <ele>4165.39990234375</ele>
        <time>2026-08-21T05:29:56.000Z</time>
        <extensions>
          <ns3:TrackPointExtension>
            <ns3:hr>116</ns3:hr>
            <ns3:cad>49</ns3:cad>
          </ns3:TrackPointExtension>
        </extensions>
      </trkpt>
      <trkpt lat="29.3825347535312175750732421875" lon="83.2772273384034633636474609375">
        <ele>4165.39990234375</ele>
        <time>2026-08-21T05:30:02.000Z</time>
        <extensions>
          <ns3:TrackPointExtension>
            <ns3:hr>116</ns3:hr>
            <ns3:cad>52</ns3:cad>
          </ns3:TrackPointExtension>
        </extensions>
      </trkpt>
      <trkpt lat="29.38250767998397350311279296875" lon="83.277218453586101531982421875">
        <ele>4165.60009765625</ele>
        <time>2026-08-21T05:30:05.000Z</time>
        <extensions>
          <ns3:TrackPointExtension>
            <ns3:hr>116</ns3:hr>
            <ns3:cad>49</ns3:cad>
          </ns3:TrackPointExtension>
        </extensions>
      </trkpt>
      <trkpt lat="29.38248991034924983978271484375" lon="83.277209736406803131103515625">
        <ele>4165.60009765625</ele>
        <time>2026-08-21T05:30:07.000Z</time>
        <extensions>
          <ns3:TrackPointExtension>
            <ns3:hr>116</ns3:hr>
            <ns3:cad>49</ns3:cad>
          </ns3:TrackPointExtension>
        </extensions>
      </trkpt>
      <trkpt lat="29.3824455700814723968505859375" lon="83.277217112481594085693359375">
        <ele>4165</ele>
        <time>2026-08-21T05:30:11.000Z</time>
        <extensions>
          <ns3:TrackPointExtension>
            <ns3:hr>116</ns3:hr>
            <ns3:cad>49</ns3:cad>
          </ns3:TrackPointExtension>
        </extensions>
      </trkpt>
      <trkpt lat="29.3823753297328948974609375" lon="83.27726371586322784423828125">
        <ele>4163.7998046875</ele>
        <time>2026-08-21T05:30:17.000Z</time>
        <extensions>
          <ns3:TrackPointExtension>
            <ns3:hr>113</ns3:hr>
            <ns3:cad>53</ns3:cad>
          </ns3:TrackPointExtension>
        </extensions>
      </trkpt>
      <trkpt lat="29.38236393034458160400390625" lon="83.27727042138576507568359375">
        <ele>4163.7998046875</ele>
        <time>2026-08-21T05:30:18.000Z</time>
        <extensions>
          <ns3:TrackPointExtension>
            <ns3:hr>113</ns3:hr>
            <ns3:cad>55</ns3:cad>
          </ns3:TrackPointExtension>
        </extensions>
      </trkpt>
      <trkpt lat="29.38227701000869274139404296875" lon="83.27731023542582988739013671875">
        <ele>4163.39990234375</ele>
        <time>2026-08-21T05:30:24.000Z</time>
        <extensions>
          <ns3:TrackPointExtension>
            <ns3:hr>114</ns3:hr>
            <ns3:cad>55</ns3:cad>
          </ns3:TrackPointExtension>
        </extensions>
      </trkpt>
      <trkpt lat="29.382202662527561187744140625" lon="83.27734057791531085968017578125">
        <ele>4163</ele>
        <time>2026-08-21T05:30:30.000Z</time>
        <extensions>
          <ns3:TrackPointExtension>
            <ns3:hr>116</ns3:hr>
            <ns3:cad>53</ns3:cad>
          </ns3:TrackPointExtension>
        </extensions>
      </trkpt>
      <trkpt lat="29.38213686458766460418701171875" lon="83.2773782126605510711669921875">
        <ele>4163</ele>
        <time>2026-08-21T05:30:36.000Z</time>
        <extensions>
          <ns3:TrackPointExtension>
            <ns3:hr>116</ns3:hr>
            <ns3:cad>52</ns3:cad>
          </ns3:TrackPointExtension>
        </extensions>
      </trkpt>
      <trkpt lat="29.382082633674144744873046875" lon="83.2774073816835880279541015625">
        <ele>4163</ele>
        <time>2026-08-21T05:30:42.000Z</time>
        <extensions>
          <ns3:TrackPointExtension>
            <ns3:hr>114</ns3:hr>
            <ns3:cad>48</ns3:cad>
          </ns3:TrackPointExtension>
        </extensions>
      </trkpt>
      <trkpt lat="29.3820154108107089996337890625" lon="83.27744074165821075439453125">
        <ele>4162.7998046875</ele>
        <time>2026-08-21T05:30:49.000Z</time>
        <extensions>
          <ns3:TrackPointExtension>
            <ns3:hr>113</ns3:hr>
            <ns3:cad>48</ns3:cad>
          </ns3:TrackPointExtension>
        </extensions>
      </trkpt>
      <trkpt lat="29.38194894231855869293212890625" lon="83.2774747721850872039794921875">
        <ele>4163.39990234375</ele>
        <time>2026-08-21T05:30:55.000Z</time>
        <extensions>
          <ns3:TrackPointExtension>
            <ns3:hr>113</ns3:hr>
            <ns3:cad>48</ns3:cad>
          </ns3:TrackPointExtension>
        </extensions>
      </trkpt>
      <trkpt lat="29.38188850879669189453125" lon="83.27749597840011119842529296875">
        <ele>4163.7998046875</ele>
        <time>2026-08-21T05:31:01.000Z</time>
        <extensions>
          <ns3:TrackPointExtension>
            <ns3:hr>113</ns3:hr>
            <ns3:cad>49</ns3:cad>
          </ns3:TrackPointExtension>
        </extensions>
      </trkpt>
      <trkpt lat="29.38183955848217010498046875" lon="83.27752246521413326263427734375">
        <ele>4164</ele>
        <time>2026-08-21T05:31:06.000Z</time>
        <extensions>
          <ns3:TrackPointExtension>
            <ns3:hr>113</ns3:hr>
            <ns3:cad>48</ns3:cad>
          </ns3:TrackPointExtension>
        </extensions>
      </trkpt>
      <trkpt lat="29.38178532756865024566650390625" lon="83.27755901031196117401123046875">
        <ele>4164.39990234375</ele>
        <time>2026-08-21T05:31:11.000Z</time>
        <extensions>
          <ns3:TrackPointExtension>
            <ns3:hr>112</ns3:hr>
            <ns3:cad>47</ns3:cad>
          </ns3:TrackPointExtension>
        </extensions>
      </trkpt>
      <trkpt lat="29.381719194352626800537109375" lon="83.2775958068668842315673828125">
        <ele>4164.2001953125</ele>
        <time>2026-08-21T05:31:17.000Z</time>
        <extensions>
          <ns3:TrackPointExtension>
            <ns3:hr>112</ns3:hr>
            <ns3:cad>50</ns3:cad>
          </ns3:TrackPointExtension>
        </extensions>
      </trkpt>
      <trkpt lat="29.38165046274662017822265625" lon="83.27764031477272510528564453125">
        <ele>4164.2001953125</ele>
        <time>2026-08-21T05:31:23.000Z</time>
        <extensions>
          <ns3:TrackPointExtension>
            <ns3:hr>110</ns3:hr>
            <ns3:cad>50</ns3:cad>
          </ns3:TrackPointExtension>
        </extensions>
      </trkpt>
      <trkpt lat="29.38158013857901096343994140625" lon="83.2776796258985996246337890625">
        <ele>4163.7998046875</ele>
        <time>2026-08-21T05:31:29.000Z</time>
        <extensions>
          <ns3:TrackPointExtension>
            <ns3:hr>111</ns3:hr>
            <ns3:cad>52</ns3:cad>
          </ns3:TrackPointExtension>
        </extensions>
      </trkpt>
      <trkpt lat="29.38151794485747814178466796875" lon="83.27769756317138671875">
        <ele>4163.39990234375</ele>
        <time>2026-08-21T05:31:34.000Z</time>
        <extensions>
          <ns3:TrackPointExtension>
            <ns3:hr>111</ns3:hr>
            <ns3:cad>53</ns3:cad>
          </ns3:TrackPointExtension>
        </extensions>
      </trkpt>
      <trkpt lat="29.38143764622509479522705078125" lon="83.27771491371095180511474609375">
        <ele>4163.7998046875</ele>
        <time>2026-08-21T05:31:40.000Z</time>
        <extensions>
          <ns3:TrackPointExtension>
            <ns3:hr>111</ns3:hr>
            <ns3:cad>53</ns3:cad>
          </ns3:TrackPointExtension>
        </extensions>
      </trkpt>
      <trkpt lat="29.38136924989521503448486328125" lon="83.2777389697730541229248046875">
        <ele>4164</ele>
        <time>2026-08-21T05:31:46.000Z</time>
        <extensions>
          <ns3:TrackPointExtension>
            <ns3:hr>111</ns3:hr>
            <ns3:cad>52</ns3:cad>
          </ns3:TrackPointExtension>
        </extensions>
      </trkpt>
      <trkpt lat="29.38130739144980907440185546875" lon="83.27774877659976482391357421875">
        <ele>4164.2001953125</ele>
        <time>2026-08-21T05:31:51.000Z</time>
        <extensions>
          <ns3:TrackPointExtension>
            <ns3:hr>112</ns3:hr>
            <ns3:cad>50</ns3:cad>
          </ns3:TrackPointExtension>
        </extensions>
      </trkpt>
      <trkpt lat="29.38123312778770923614501953125" lon="83.2777641154825687408447265625">
        <ele>4164.60009765625</ele>
        <time>2026-08-21T05:31:57.000Z</time>
        <extensions>
          <ns3:TrackPointExtension>
            <ns3:hr>112</ns3:hr>
            <ns3:cad>50</ns3:cad>
          </ns3:TrackPointExtension>
        </extensions>
      </trkpt>
      <trkpt lat="29.3811604566872119903564453125" lon="83.27779336832463741302490234375">
        <ele>4164.7998046875</ele>
        <time>2026-08-21T05:32:03.000Z</time>
        <extensions>
          <ns3:TrackPointExtension>
            <ns3:hr>112</ns3:hr>
            <ns3:cad>50</ns3:cad>
          </ns3:TrackPointExtension>
        </extensions>
      </trkpt>
      <trkpt lat="29.38115023076534271240234375" lon="83.27779739163815975189208984375">
        <ele>4164.7998046875</ele>
        <time>2026-08-21T05:32:04.000Z</time>
        <extensions>
          <ns3:TrackPointExtension>
            <ns3:hr>112</ns3:hr>
            <ns3:cad>50</ns3:cad>
          </ns3:TrackPointExtension>
        </extensions>
      </trkpt>
      <trkpt lat="29.38108853995800018310546875" lon="83.27781683765351772308349609375">
        <ele>4164.60009765625</ele>
        <time>2026-08-21T05:32:09.000Z</time>
        <extensions>
          <ns3:TrackPointExtension>
            <ns3:hr>114</ns3:hr>
            <ns3:cad>51</ns3:cad>
          </ns3:TrackPointExtension>
        </extensions>
      </trkpt>
      <trkpt lat="29.3810261785984039306640625" lon="83.27784013934433460235595703125">
        <ele>4164.60009765625</ele>
        <time>2026-08-21T05:32:14.000Z</time>
        <extensions>
          <ns3:TrackPointExtension>
            <ns3:hr>114</ns3:hr>
            <ns3:cad>52</ns3:cad>
          </ns3:TrackPointExtension>
        </extensions>
      </trkpt>
      <trkpt lat="29.38096859492361545562744140625" lon="83.2778616808354854583740234375">
        <ele>4164.39990234375</ele>
        <time>2026-08-21T05:32:19.000Z</time>
        <extensions>
          <ns3:TrackPointExtension>
            <ns3:hr>115</ns3:hr>
            <ns3:cad>52</ns3:cad>
          </ns3:TrackPointExtension>
        </extensions>
      </trkpt>
      <trkpt lat="29.38089349307119846343994140625" lon="83.27789093367755413055419921875">
        <ele>4164.39990234375</ele>
        <time>2026-08-21T05:32:25.000Z</time>
        <extensions>
          <ns3:TrackPointExtension>
            <ns3:hr>115</ns3:hr>
            <ns3:cad>51</ns3:cad>
          </ns3:TrackPointExtension>
        </extensions>
      </trkpt>
      <trkpt lat="29.38082744367420673370361328125" lon="83.27790551818907260894775390625">
        <ele>4164.7998046875</ele>
        <time>2026-08-21T05:32:30.000Z</time>
        <extensions>
          <ns3:TrackPointExtension>
            <ns3:hr>115</ns3:hr>
            <ns3:cad>50</ns3:cad>
          </ns3:TrackPointExtension>
        </extensions>
      </trkpt>
      <trkpt lat="29.380781762301921844482421875" lon="83.27791809104382991790771484375">
        <ele>4164.7998046875</ele>
        <time>2026-08-21T05:32:34.000Z</time>
        <extensions>
          <ns3:TrackPointExtension>
            <ns3:hr>118</ns3:hr>
            <ns3:cad>51</ns3:cad>
          </ns3:TrackPointExtension>
        </extensions>
      </trkpt>
      <trkpt lat="29.38076927326619625091552734375" lon="83.2779233716428279876708984375">
        <ele>4165</ele>
        <time>2026-08-21T05:32:35.000Z</time>
        <extensions>
          <ns3:TrackPointExtension>
            <ns3:hr>118</ns3:hr>
            <ns3:cad>50</ns3:cad>
          </ns3:TrackPointExtension>
        </extensions>
      </trkpt>
      <trkpt lat="29.3807121925055980682373046875" lon="83.27795145101845264434814453125">
        <ele>4165.7998046875</ele>
        <time>2026-08-21T05:32:40.000Z</time>
        <extensions>
          <ns3:TrackPointExtension>
            <ns3:hr>118</ns3:hr>
            <ns3:cad>49</ns3:cad>
          </ns3:TrackPointExtension>
        </extensions>
      </trkpt>
      <trkpt lat="29.3806917406618595123291015625" lon="83.27796268276870250701904296875">
        <ele>4165.7998046875</ele>
        <time>2026-08-21T05:32:42.000Z</time>
        <extensions>
          <ns3:TrackPointExtension>
            <ns3:hr>119</ns3:hr>
            <ns3:cad>49</ns3:cad>
          </ns3:TrackPointExtension>
        </extensions>
      </trkpt>
      <trkpt lat="29.3806595541536808013916015625" lon="83.27798045240342617034912109375">
        <ele>4166.2001953125</ele>
        <time>2026-08-21T05:32:45.000Z</time>
        <extensions>
          <ns3:TrackPointExtension>
            <ns3:hr>119</ns3:hr>
            <ns3:cad>48</ns3:cad>
          </ns3:TrackPointExtension>
        </extensions>
      </trkpt>
      <trkpt lat="29.3806119449436664581298828125" lon="83.27799998223781585693359375">
        <ele>4166.39990234375</ele>
        <time>2026-08-21T05:32:49.000Z</time>
        <extensions>
          <ns3:TrackPointExtension>
            <ns3:hr>120</ns3:hr>
            <ns3:cad>49</ns3:cad>
          </ns3:TrackPointExtension>
        </extensions>
      </trkpt>
      <trkpt lat="29.38054363243281841278076171875" lon="83.2780400477349758148193359375">
        <ele>4166.39990234375</ele>
        <time>2026-08-21T05:32:55.000Z</time>
        <extensions>
          <ns3:TrackPointExtension>
            <ns3:hr>122</ns3:hr>
            <ns3:cad>49</ns3:cad>
          </ns3:TrackPointExtension>
        </extensions>
      </trkpt>
      <trkpt lat="29.3804741464555263519287109375" lon="83.27807868830859661102294921875">
        <ele>4166.39990234375</ele>
        <time>2026-08-21T05:33:01.000Z</time>
        <extensions>
          <ns3:TrackPointExtension>
            <ns3:hr>123</ns3:hr>
            <ns3:cad>51</ns3:cad>
          </ns3:TrackPointExtension>
        </extensions>
      </trkpt>
      <trkpt lat="29.3804080970585346221923828125" lon="83.27812814153730869293212890625">
        <ele>4166</ele>
        <time>2026-08-21T05:33:07.000Z</time>
        <extensions>
          <ns3:TrackPointExtension>
            <ns3:hr>121</ns3:hr>
            <ns3:cad>51</ns3:cad>
          </ns3:TrackPointExtension>
        </extensions>
      </trkpt>
      <trkpt lat="29.38034900464117527008056640625" lon="83.2781473360955715179443359375">
        <ele>4165.7998046875</ele>
        <time>2026-08-21T05:33:12.000Z</time>
        <extensions>
          <ns3:TrackPointExtension>
            <ns3:hr>119</ns3:hr>
            <ns3:cad>53</ns3:cad>
          </ns3:TrackPointExtension>
        </extensions>
      </trkpt>
      <trkpt lat="29.380271136760711669921875" lon="83.278173990547657012939453125">
        <ele>4166</ele>
        <time>2026-08-21T05:33:18.000Z</time>
        <extensions>
          <ns3:TrackPointExtension>
            <ns3:hr>118</ns3:hr>
            <ns3:cad>51</ns3:cad>
          </ns3:TrackPointExtension>
        </extensions>
      </trkpt>
      <trkpt lat="29.3802086077630519866943359375" lon="83.27821254730224609375">
        <ele>4166.7998046875</ele>
        <time>2026-08-21T05:33:24.000Z</time>
        <extensions>
          <ns3:TrackPointExtension>
            <ns3:hr>119</ns3:hr>
            <ns3:cad>51</ns3:cad>
          </ns3:TrackPointExtension>
        </extensions>
      </trkpt>
      <trkpt lat="29.3801985494792461395263671875" lon="83.2782214321196079254150390625">
        <ele>4166.7998046875</ele>
        <time>2026-08-21T05:33:25.000Z</time>
        <extensions>
          <ns3:TrackPointExtension>
            <ns3:hr>119</ns3:hr>
            <ns3:cad>51</ns3:cad>
          </ns3:TrackPointExtension>
        </extensions>
      </trkpt>
      <trkpt lat="29.38013895414769649505615234375" lon="83.278261162340641021728515625">
        <ele>4166.2001953125</ele>
        <time>2026-08-21T05:33:30.000Z</time>
        <extensions>
          <ns3:TrackPointExtension>
            <ns3:hr>119</ns3:hr>
            <ns3:cad>51</ns3:cad>
          </ns3:TrackPointExtension>
        </extensions>
      </trkpt>
      <trkpt lat="29.3800892494618892669677734375" lon="83.278306424617767333984375">
        <ele>4165.7998046875</ele>
        <time>2026-08-21T05:33:35.000Z</time>
        <extensions>
          <ns3:TrackPointExtension>
            <ns3:hr>117</ns3:hr>
            <ns3:cad>55</ns3:cad>
          </ns3:TrackPointExtension>
        </extensions>
      </trkpt>
      <trkpt lat="29.380068294703960418701171875" lon="83.27832612209022045135498046875">
        <ele>4165.60009765625</ele>
        <time>2026-08-21T05:33:37.000Z</time>
        <extensions>
          <ns3:TrackPointExtension>
            <ns3:hr>115</ns3:hr>
            <ns3:cad>54</ns3:cad>
          </ns3:TrackPointExtension>
        </extensions>
      </trkpt>
      <trkpt lat="29.38001574017107486724853515625" lon="83.2783682830631732940673828125">
        <ele>4165</ele>
        <time>2026-08-21T05:33:42.000Z</time>
        <extensions>
          <ns3:TrackPointExtension>
            <ns3:hr>112</ns3:hr>
            <ns3:cad>53</ns3:cad>
          </ns3:TrackPointExtension>
        </extensions>
      </trkpt>
      <trkpt lat="29.3800055980682373046875" lon="83.27837817370891571044921875">
        <ele>4165</ele>
        <time>2026-08-21T05:33:43.000Z</time>
        <extensions>
          <ns3:TrackPointExtension>
            <ns3:hr>112</ns3:hr>
            <ns3:cad>53</ns3:cad>
          </ns3:TrackPointExtension>
        </extensions>
      </trkpt>
      <trkpt lat="29.37998908571898937225341796875" lon="83.278397955000400543212890625">
        <ele>4164.7998046875</ele>
        <time>2026-08-21T05:33:45.000Z</time>
        <extensions>
          <ns3:TrackPointExtension>
            <ns3:hr>112</ns3:hr>
            <ns3:cad>53</ns3:cad>
          </ns3:TrackPointExtension>
        </extensions>
      </trkpt>
      <trkpt lat="29.37994667328894138336181640625" lon="83.27842938713729381561279296875">
        <ele>4165</ele>
        <time>2026-08-21T05:33:49.000Z</time>
        <extensions>
          <ns3:TrackPointExtension>
            <ns3:hr>112</ns3:hr>
            <ns3:cad>52</ns3:cad>
          </ns3:TrackPointExtension>
        </extensions>
      </trkpt>
      <trkpt lat="29.379874505102634429931640625" lon="83.27846459113061428070068359375">
        <ele>4165</ele>
        <time>2026-08-21T05:33:55.000Z</time>
        <extensions>
          <ns3:TrackPointExtension>
            <ns3:hr>112</ns3:hr>
            <ns3:cad>51</ns3:cad>
          </ns3:TrackPointExtension>
        </extensions>
      </trkpt>
      <trkpt lat="29.3797955475747585296630859375" lon="83.27849141322076320648193359375">
        <ele>4165</ele>
        <time>2026-08-21T05:34:01.000Z</time>
        <extensions>
          <ns3:TrackPointExtension>
            <ns3:hr>112</ns3:hr>
            <ns3:cad>53</ns3:cad>
          </ns3:TrackPointExtension>
        </extensions>
      </trkpt>
      <trkpt lat="29.3797341920435428619384765625" lon="83.2785104401409626007080078125">
        <ele>4165</ele>
        <time>2026-08-21T05:34:06.000Z</time>
        <extensions>
          <ns3:TrackPointExtension>
            <ns3:hr>115</ns3:hr>
            <ns3:cad>52</ns3:cad>
          </ns3:TrackPointExtension>
        </extensions>
      </trkpt>
      <trkpt lat="29.37966152094304561614990234375" lon="83.2785349152982234954833984375">
        <ele>4165.39990234375</ele>
        <time>2026-08-21T05:34:12.000Z</time>
        <extensions>
          <ns3:TrackPointExtension>
            <ns3:hr>114</ns3:hr>
            <ns3:cad>50</ns3:cad>
          </ns3:TrackPointExtension>
        </extensions>
      </trkpt>
      <trkpt lat="29.37957200221717357635498046875" lon="83.278562910854816436767578125">
        <ele>4165.7998046875</ele>
        <time>2026-08-21T05:34:19.000Z</time>
        <extensions>
          <ns3:TrackPointExtension>
            <ns3:hr>114</ns3:hr>
            <ns3:cad>50</ns3:cad>
          </ns3:TrackPointExtension>
        </extensions>
      </trkpt>
      <trkpt lat="29.37956009991466999053955078125" lon="83.27856726944446563720703125">
        <ele>4165.7998046875</ele>
        <time>2026-08-21T05:34:20.000Z</time>
        <extensions>
          <ns3:TrackPointExtension>
            <ns3:hr>113</ns3:hr>
            <ns3:cad>50</ns3:cad>
          </ns3:TrackPointExtension>
        </extensions>
      </trkpt>
      <trkpt lat="29.379490949213504791259765625" lon="83.2785872183740139007568359375">
        <ele>4166</ele>
        <time>2026-08-21T05:34:26.000Z</time>
        <extensions>
          <ns3:TrackPointExtension>
            <ns3:hr>112</ns3:hr>
            <ns3:cad>50</ns3:cad>
          </ns3:TrackPointExtension>
        </extensions>
      </trkpt>
      <trkpt lat="29.3794270791113376617431640625" lon="83.278607167303562164306640625">
        <ele>4166.7998046875</ele>
        <time>2026-08-21T05:34:32.000Z</time>
        <extensions>
          <ns3:TrackPointExtension>
            <ns3:hr>112</ns3:hr>
            <ns3:cad>50</ns3:cad>
          </ns3:TrackPointExtension>
        </extensions>
      </trkpt>
      <trkpt lat="29.37938307411968708038330078125" lon="83.278633654117584228515625">
        <ele>4167</ele>
        <time>2026-08-21T05:34:36.000Z</time>
        <extensions>
          <ns3:TrackPointExtension>
            <ns3:hr>114</ns3:hr>
            <ns3:cad>48</ns3:cad>
          </ns3:TrackPointExtension>
        </extensions>
      </trkpt>
      <trkpt lat="29.37937234528362751007080078125" lon="83.278638683259487152099609375">
        <ele>4167</ele>
        <time>2026-08-21T05:34:37.000Z</time>
        <extensions>
          <ns3:TrackPointExtension>
            <ns3:hr>114</ns3:hr>
            <ns3:cad>48</ns3:cad>
          </ns3:TrackPointExtension>
        </extensions>
      </trkpt>
      <trkpt lat="29.37931937165558338165283203125" lon="83.27866978012025356292724609375">
        <ele>4167.7998046875</ele>
        <time>2026-08-21T05:34:42.000Z</time>
        <extensions>
          <ns3:TrackPointExtension>
            <ns3:hr>115</ns3:hr>
            <ns3:cad>48</ns3:cad>
          </ns3:TrackPointExtension>
        </extensions>
      </trkpt>
      <trkpt lat="29.3792902864515781402587890625" lon="83.2786881364881992340087890625">
        <ele>4168</ele>
        <time>2026-08-21T05:34:45.000Z</time>
        <extensions>
          <ns3:TrackPointExtension>
            <ns3:hr>117</ns3:hr>
            <ns3:cad>48</ns3:cad>
          </ns3:TrackPointExtension>
        </extensions>
      </trkpt>
      <trkpt lat="29.3792570941150188446044921875" lon="83.2787082530558109283447265625">
        <ele>4168.2001953125</ele>
        <time>2026-08-21T05:34:48.000Z</time>
        <extensions>
          <ns3:TrackPointExtension>
            <ns3:hr>118</ns3:hr>
            <ns3:cad>47</ns3:cad>
          </ns3:TrackPointExtension>
        </extensions>
      </trkpt>
      <trkpt lat="29.3791980855166912078857421875" lon="83.27874186448752880096435546875">
        <ele>4168.60009765625</ele>
        <time>2026-08-21T05:34:53.000Z</time>
        <extensions>
          <ns3:TrackPointExtension>
            <ns3:hr>121</ns3:hr>
            <ns3:cad>48</ns3:cad>
          </ns3:TrackPointExtension>
        </extensions>
      </trkpt>
      <trkpt lat="29.37914201058447360992431640625" lon="83.27877740375697612762451171875">
        <ele>4168.39990234375</ele>
        <time>2026-08-21T05:34:58.000Z</time>
        <extensions>
          <ns3:TrackPointExtension>
            <ns3:hr>121</ns3:hr>
            <ns3:cad>49</ns3:cad>
          </ns3:TrackPointExtension>
        </extensions>
      </trkpt>
      <trkpt lat="29.3790743686258792877197265625" lon="83.2788135297596454620361328125">
        <ele>4168.39990234375</ele>
        <time>2026-08-21T05:35:04.000Z</time>
        <extensions>
          <ns3:TrackPointExtension>
            <ns3:hr>121</ns3:hr>
            <ns3:cad>49</ns3:cad>
          </ns3:TrackPointExtension>
        </extensions>
      </trkpt>
      <trkpt lat="29.37901611439883708953857421875" lon="83.27884412370622158050537109375">
        <ele>4168.60009765625</ele>
        <time>2026-08-21T05:35:09.000Z</time>
        <extensions>
          <ns3:TrackPointExtension>
            <ns3:hr>121</ns3:hr>
            <ns3:cad>49</ns3:cad>
          </ns3:TrackPointExtension>
        </extensions>
      </trkpt>
      <trkpt lat="29.378959201276302337646484375" lon="83.27887832187116146087646484375">
        <ele>4168.7998046875</ele>
        <time>2026-08-21T05:35:14.000Z</time>
        <extensions>
          <ns3:TrackPointExtension>
            <ns3:hr>122</ns3:hr>
            <ns3:cad>49</ns3:cad>
          </ns3:TrackPointExtension>
        </extensions>
      </trkpt>
      <trkpt lat="29.37888787128031253814697265625" lon="83.2789322175085544586181640625">
        <ele>4169.2001953125</ele>
        <time>2026-08-21T05:35:21.000Z</time>
        <extensions>
          <ns3:TrackPointExtension>
            <ns3:hr>121</ns3:hr>
            <ns3:cad>48</ns3:cad>
          </ns3:TrackPointExtension>
        </extensions>
      </trkpt>
      <trkpt lat="29.37882064841687679290771484375" lon="83.27898208983242511749267578125">
        <ele>4169</ele>
        <time>2026-08-21T05:35:27.000Z</time>
        <extensions>
          <ns3:TrackPointExtension>
            <ns3:hr>121</ns3:hr>
            <ns3:cad>51</ns3:cad>
          </ns3:TrackPointExtension>
        </extensions>
      </trkpt>
      <trkpt lat="29.37875904142856597900390625" lon="83.2790073193609714508056640625">
        <ele>4168.7998046875</ele>
        <time>2026-08-21T05:35:32.000Z</time>
        <extensions>
          <ns3:TrackPointExtension>
            <ns3:hr>122</ns3:hr>
            <ns3:cad>52</ns3:cad>
          </ns3:TrackPointExtension>
        </extensions>
      </trkpt>
      <trkpt lat="29.37868318520486354827880859375" lon="83.279037661850452423095703125">
        <ele>4169</ele>
        <time>2026-08-21T05:35:38.000Z</time>
        <extensions>
          <ns3:TrackPointExtension>
            <ns3:hr>123</ns3:hr>
            <ns3:cad>50</ns3:cad>
          </ns3:TrackPointExtension>
        </extensions>
      </trkpt>
      <trkpt lat="29.37861160375177860260009765625" lon="83.27906892634928226470947265625">
        <ele>4169.39990234375</ele>
        <time>2026-08-21T05:35:44.000Z</time>
        <extensions>
          <ns3:TrackPointExtension>
            <ns3:hr>121</ns3:hr>
            <ns3:cad>49</ns3:cad>
          </ns3:TrackPointExtension>
        </extensions>
      </trkpt>
      <trkpt lat="29.378552846610546112060546875" lon="83.2790951617062091827392578125">
        <ele>4169.60009765625</ele>
        <time>2026-08-21T05:35:49.000Z</time>
        <extensions>
          <ns3:TrackPointExtension>
            <ns3:hr>121</ns3:hr>
            <ns3:cad>48</ns3:cad>
          </ns3:TrackPointExtension>
        </extensions>
      </trkpt>
      <trkpt lat="29.37848872505128383636474609375" lon="83.2791300304234027862548828125">
        <ele>4170</ele>
        <time>2026-08-21T05:35:55.000Z</time>
        <extensions>
          <ns3:TrackPointExtension>
            <ns3:hr>121</ns3:hr>
            <ns3:cad>49</ns3:cad>
          </ns3:TrackPointExtension>
        </extensions>
      </trkpt>
      <trkpt lat="29.3784789182245731353759765625" lon="83.27913631685078144073486328125">
        <ele>4170.2001953125</ele>
        <time>2026-08-21T05:35:56.000Z</time>
        <extensions>
          <ns3:TrackPointExtension>
            <ns3:hr>121</ns3:hr>
            <ns3:cad>48</ns3:cad>
          </ns3:TrackPointExtension>
        </extensions>
      </trkpt>
      <trkpt lat="29.3784296326339244842529296875" lon="83.279165737330913543701171875">
        <ele>4170.39990234375</ele>
        <time>2026-08-21T05:36:00.000Z</time>
        <extensions>
          <ns3:TrackPointExtension>
            <ns3:hr>122</ns3:hr>
            <ns3:cad>48</ns3:cad>
          </ns3:TrackPointExtension>
        </extensions>
      </trkpt>
      <trkpt lat="29.3783655948936939239501953125" lon="83.27919490635395050048828125">
        <ele>4170.60009765625</ele>
        <time>2026-08-21T05:36:05.000Z</time>
        <extensions>
          <ns3:TrackPointExtension>
            <ns3:hr>124</ns3:hr>
            <ns3:cad>48</ns3:cad>
          </ns3:TrackPointExtension>
        </extensions>
      </trkpt>
      <trkpt lat="29.37829543836414813995361328125" lon="83.2792282663285732269287109375">
        <ele>4171</ele>
        <time>2026-08-21T05:36:11.000Z</time>
        <extensions>
          <ns3:TrackPointExtension>
            <ns3:hr>124</ns3:hr>
            <ns3:cad>50</ns3:cad>
          </ns3:TrackPointExtension>
        </extensions>
      </trkpt>
      <trkpt lat="29.3782261200249195098876953125" lon="83.2792668230831623077392578125">
        <ele>4170.7998046875</ele>
        <time>2026-08-21T05:36:17.000Z</time>
        <extensions>
          <ns3:TrackPointExtension>
            <ns3:hr>124</ns3:hr>
            <ns3:cad>49</ns3:cad>
          </ns3:TrackPointExtension>
        </extensions>
      </trkpt>
      <trkpt lat="29.3781805224716663360595703125" lon="83.2792852632701396942138671875">
        <ele>4171.2001953125</ele>
        <time>2026-08-21T05:36:21.000Z</time>
        <extensions>
          <ns3:TrackPointExtension>
            <ns3:hr>124</ns3:hr>
            <ns3:cad>49</ns3:cad>
          </ns3:TrackPointExtension>
        </extensions>
      </trkpt>
      <trkpt lat="29.37816987745463848114013671875" lon="83.279289789497852325439453125">
        <ele>4171.39990234375</ele>
        <time>2026-08-21T05:36:22.000Z</time>
        <extensions>
          <ns3:TrackPointExtension>
            <ns3:hr>124</ns3:hr>
            <ns3:cad>49</ns3:cad>
          </ns3:TrackPointExtension>
        </extensions>
      </trkpt>
      <trkpt lat="29.3781215138733386993408203125" lon="83.279319964349269866943359375">
        <ele>4171.60009765625</ele>
        <time>2026-08-21T05:36:27.000Z</time>
        <extensions>
          <ns3:TrackPointExtension>
            <ns3:hr>125</ns3:hr>
            <ns3:cad>49</ns3:cad>
          </ns3:TrackPointExtension>
        </extensions>
      </trkpt>
      <trkpt lat="29.3780920095741748809814453125" lon="83.27933798544108867645263671875">
        <ele>4172.39990234375</ele>
        <time>2026-08-21T05:36:30.000Z</time>
        <extensions>
          <ns3:TrackPointExtension>
            <ns3:hr>125</ns3:hr>
            <ns3:cad>48</ns3:cad>
          </ns3:TrackPointExtension>
        </extensions>
      </trkpt>
      <trkpt lat="29.37808387912809848785400390625" lon="83.27934485860168933868408203125">
        <ele>4172.60009765625</ele>
        <time>2026-08-21T05:36:31.000Z</time>
        <extensions>
          <ns3:TrackPointExtension>
            <ns3:hr>124</ns3:hr>
            <ns3:cad>47</ns3:cad>
          </ns3:TrackPointExtension>
        </extensions>
      </trkpt>
      <trkpt lat="29.3780376948416233062744140625" lon="83.279382996261119842529296875">
        <ele>4173</ele>
        <time>2026-08-21T05:36:36.000Z</time>
        <extensions>
          <ns3:TrackPointExtension>
            <ns3:hr>126</ns3:hr>
            <ns3:cad>47</ns3:cad>
          </ns3:TrackPointExtension>
        </extensions>
      </trkpt>
      <trkpt lat="29.37797290273010730743408203125" lon="83.27944208867847919464111328125">
        <ele>4173.2001953125</ele>
        <time>2026-08-21T05:36:42.000Z</time>
        <extensions>
          <ns3:TrackPointExtension>
            <ns3:hr>126</ns3:hr>
            <ns3:cad>48</ns3:cad>
          </ns3:TrackPointExtension>
        </extensions>
      </trkpt>
      <trkpt lat="29.37790702097117900848388671875" lon="83.27951249666512012481689453125">
        <ele>4172.7998046875</ele>
        <time>2026-08-21T05:36:49.000Z</time>
        <extensions>
          <ns3:TrackPointExtension>
            <ns3:hr>125</ns3:hr>
            <ns3:cad>50</ns3:cad>
          </ns3:TrackPointExtension>
        </extensions>
      </trkpt>
      <trkpt lat="29.37786360271275043487548828125" lon="83.27956312336027622222900390625">
        <ele>4172.7998046875</ele>
        <time>2026-08-21T05:36:54.000Z</time>
        <extensions>
          <ns3:TrackPointExtension>
            <ns3:hr>128</ns3:hr>
            <ns3:cad>51</ns3:cad>
          </ns3:TrackPointExtension>
        </extensions>
      </trkpt>
      <trkpt lat="29.3778553046286106109619140625" lon="83.27957334928214550018310546875">
        <ele>4173</ele>
        <time>2026-08-21T05:36:55.000Z</time>
        <extensions>
          <ns3:TrackPointExtension>
            <ns3:hr>128</ns3:hr>
            <ns3:cad>51</ns3:cad>
          </ns3:TrackPointExtension>
        </extensions>
      </trkpt>
      <trkpt lat="29.37779403291642665863037109375" lon="83.27965079806745052337646484375">
        <ele>4173</ele>
        <time>2026-08-21T05:37:02.000Z</time>
        <extensions>
          <ns3:TrackPointExtension>
            <ns3:hr>126</ns3:hr>
            <ns3:cad>50</ns3:cad>
          </ns3:TrackPointExtension>
        </extensions>
      </trkpt>
      <trkpt lat="29.37773049809038639068603515625" lon="83.27972623519599437713623046875">
        <ele>4173</ele>
        <time>2026-08-21T05:37:09.000Z</time>
        <extensions>
          <ns3:TrackPointExtension>
            <ns3:hr>124</ns3:hr>
            <ns3:cad>50</ns3:cad>
          </ns3:TrackPointExtension>
        </extensions>
      </trkpt>
      <trkpt lat="29.37768808566033840179443359375" lon="83.27977568842470645904541015625">
        <ele>4173.39990234375</ele>
        <time>2026-08-21T05:37:14.000Z</time>
        <extensions>
          <ns3:TrackPointExtension>
            <ns3:hr>123</ns3:hr>
            <ns3:cad>50</ns3:cad>
          </ns3:TrackPointExtension>
        </extensions>
      </trkpt>
      <trkpt lat="29.377634190022945404052734375" lon="83.279845677316188812255859375">
        <ele>4172.7998046875</ele>
        <time>2026-08-21T05:37:20.000Z</time>
        <extensions>
          <ns3:TrackPointExtension>
            <ns3:hr>123</ns3:hr>
            <ns3:cad>52</ns3:cad>
          </ns3:TrackPointExtension>
        </extensions>
      </trkpt>
      <trkpt lat="29.3775817193090915679931640625" lon="83.27992714941501617431640625">
        <ele>4172.2001953125</ele>
        <time>2026-08-21T05:37:27.000Z</time>
        <extensions>
          <ns3:TrackPointExtension>
            <ns3:hr>122</ns3:hr>
            <ns3:cad>53</ns3:cad>
          </ns3:TrackPointExtension>
        </extensions>
      </trkpt>
      <trkpt lat="29.377530924975872039794921875" lon="83.27998892404139041900634765625">
        <ele>4172.39990234375</ele>
        <time>2026-08-21T05:37:33.000Z</time>
        <extensions>
          <ns3:TrackPointExtension>
            <ns3:hr>120</ns3:hr>
            <ns3:cad>51</ns3:cad>
          </ns3:TrackPointExtension>
        </extensions>
      </trkpt>
      <trkpt lat="29.37747065909206867218017578125" lon="83.28003854490816593170166015625">
        <ele>4172</ele>
        <time>2026-08-21T05:37:39.000Z</time>
        <extensions>
          <ns3:TrackPointExtension>
            <ns3:hr>118</ns3:hr>
            <ns3:cad>50</ns3:cad>
          </ns3:TrackPointExtension>
        </extensions>
      </trkpt>
      <trkpt lat="29.3774211220443248748779296875" lon="83.2800919376313686370849609375">
        <ele>4172.2001953125</ele>
        <time>2026-08-21T05:37:44.000Z</time>
        <extensions>
          <ns3:TrackPointExtension>
            <ns3:hr>118</ns3:hr>
            <ns3:cad>50</ns3:cad>
          </ns3:TrackPointExtension>
        </extensions>
      </trkpt>
      <trkpt lat="29.37737233936786651611328125" lon="83.28016159124672412872314453125">
        <ele>4172.7998046875</ele>
        <time>2026-08-21T05:37:50.000Z</time>
        <extensions>
          <ns3:TrackPointExtension>
            <ns3:hr>118</ns3:hr>
            <ns3:cad>51</ns3:cad>
          </ns3:TrackPointExtension>
        </extensions>
      </trkpt>
      <trkpt lat="29.3773161806166172027587890625" lon="83.280220516026020050048828125">
        <ele>4172.7998046875</ele>
        <time>2026-08-21T05:37:56.000Z</time>
        <extensions>
          <ns3:TrackPointExtension>
            <ns3:hr>119</ns3:hr>
            <ns3:cad>50</ns3:cad>
          </ns3:TrackPointExtension>
        </extensions>
      </trkpt>
      <trkpt lat="29.37725826166570186614990234375" lon="83.280283547937870025634765625">
        <ele>4173.2001953125</ele>
        <time>2026-08-21T05:38:02.000Z</time>
        <extensions>
          <ns3:TrackPointExtension>
            <ns3:hr>118</ns3:hr>
            <ns3:cad>50</ns3:cad>
          </ns3:TrackPointExtension>
        </extensions>
      </trkpt>
      <trkpt lat="29.3772427551448345184326171875" lon="83.28030265867710113525390625">
        <ele>4173.39990234375</ele>
        <time>2026-08-21T05:38:04.000Z</time>
        <extensions>
          <ns3:TrackPointExtension>
            <ns3:hr>118</ns3:hr>
            <ns3:cad>50</ns3:cad>
          </ns3:TrackPointExtension>
        </extensions>
      </trkpt>
      <trkpt lat="29.377206377685070037841796875" lon="83.2803477533161640167236328125">
        <ele>4173.60009765625</ele>
        <time>2026-08-21T05:38:08.000Z</time>
        <extensions>
          <ns3:TrackPointExtension>
            <ns3:hr>118</ns3:hr>
            <ns3:cad>50</ns3:cad>
          </ns3:TrackPointExtension>
        </extensions>
      </trkpt>
      <trkpt lat="29.37715818174183368682861328125" lon="83.28041137196123600006103515625">
        <ele>4173.7998046875</ele>
        <time>2026-08-21T05:38:14.000Z</time>
        <extensions>
          <ns3:TrackPointExtension>
            <ns3:hr>117</ns3:hr>
            <ns3:cad>49</ns3:cad>
          </ns3:TrackPointExtension>
        </extensions>
      </trkpt>
      <trkpt lat="29.37712918035686016082763671875" lon="83.28045730479061603546142578125">
        <ele>4174.60009765625</ele>
        <time>2026-08-21T05:38:18.000Z</time>
        <extensions>
          <ns3:TrackPointExtension>
            <ns3:hr>118</ns3:hr>
            <ns3:cad>49</ns3:cad>
          </ns3:TrackPointExtension>
        </extensions>
      </trkpt>
      <trkpt lat="29.37711426056921482086181640625" lon="83.28047675080597400665283203125">
        <ele>4175.2001953125</ele>
        <time>2026-08-21T05:38:20.000Z</time>
        <extensions>
          <ns3:TrackPointExtension>
            <ns3:hr>118</ns3:hr>
            <ns3:cad>49</ns3:cad>
          </ns3:TrackPointExtension>
        </extensions>
      </trkpt>
      <trkpt lat="29.3770700879395008087158203125" lon="83.28053810633718967437744140625">
        <ele>4175.2001953125</ele>
        <time>2026-08-21T05:38:26.000Z</time>
        <extensions>
          <ns3:TrackPointExtension>
            <ns3:hr>120</ns3:hr>
            <ns3:cad>48</ns3:cad>
          </ns3:TrackPointExtension>
        </extensions>
      </trkpt>
      <trkpt lat="29.37705391086637973785400390625" lon="83.28055855818092823028564453125">
        <ele>4175.60009765625</ele>
        <time>2026-08-21T05:38:28.000Z</time>
        <extensions>
          <ns3:TrackPointExtension>
            <ns3:hr>120</ns3:hr>
            <ns3:cad>48</ns3:cad>
          </ns3:TrackPointExtension>
        </extensions>
      </trkpt>
      <trkpt lat="29.37702725641429424285888671875" lon="83.280591666698455810546875">
        <ele>4176</ele>
        <time>2026-08-21T05:38:31.000Z</time>
        <extensions>
          <ns3:TrackPointExtension>
            <ns3:hr>121</ns3:hr>
            <ns3:cad>49</ns3:cad>
          </ns3:TrackPointExtension>
        </extensions>
      </trkpt>
      <trkpt lat="29.37699188478291034698486328125" lon="83.28063525259494781494140625">
        <ele>4175.7998046875</ele>
        <time>2026-08-21T05:38:35.000Z</time>
        <extensions>
          <ns3:TrackPointExtension>
            <ns3:hr>124</ns3:hr>
            <ns3:cad>50</ns3:cad>
          </ns3:TrackPointExtension>
        </extensions>
      </trkpt>
      <trkpt lat="29.3769735284149646759033203125" lon="83.2806585542857646942138671875">
        <ele>4175.7998046875</ele>
        <time>2026-08-21T05:38:37.000Z</time>
        <extensions>
          <ns3:TrackPointExtension>
            <ns3:hr>125</ns3:hr>
            <ns3:cad>50</ns3:cad>
          </ns3:TrackPointExtension>
        </extensions>
      </trkpt>
      <trkpt lat="29.37693505547940731048583984375" lon="83.2807095162570476531982421875">
        <ele>4176.2001953125</ele>
        <time>2026-08-21T05:38:42.000Z</time>
        <extensions>
          <ns3:TrackPointExtension>
            <ns3:hr>126</ns3:hr>
            <ns3:cad>50</ns3:cad>
          </ns3:TrackPointExtension>
        </extensions>
      </trkpt>
      <trkpt lat="29.37689683400094509124755859375" lon="83.28076458536088466644287109375">
        <ele>4176.60009765625</ele>
        <time>2026-08-21T05:38:47.000Z</time>
        <extensions>
          <ns3:TrackPointExtension>
            <ns3:hr>126</ns3:hr>
            <ns3:cad>50</ns3:cad>
          </ns3:TrackPointExtension>
        </extensions>
      </trkpt>
      <trkpt lat="29.3768404237926006317138671875" lon="83.28082845546305179595947265625">
        <ele>4176</ele>
        <time>2026-08-21T05:38:53.000Z</time>
        <extensions>
          <ns3:TrackPointExtension>
            <ns3:hr>126</ns3:hr>
            <ns3:cad>53</ns3:cad>
          </ns3:TrackPointExtension>
        </extensions>
      </trkpt>
      <trkpt lat="29.3767871148884296417236328125" lon="83.280892409384250640869140625">
        <ele>4176.2001953125</ele>
        <time>2026-08-21T05:38:59.000Z</time>
        <extensions>
          <ns3:TrackPointExtension>
            <ns3:hr>124</ns3:hr>
            <ns3:cad>50</ns3:cad>
          </ns3:TrackPointExtension>
        </extensions>
      </trkpt>
      <trkpt lat="29.37674361281096935272216796875" lon="83.2809478975832462310791015625">
        <ele>4176.7998046875</ele>
        <time>2026-08-21T05:39:04.000Z</time>
        <extensions>
          <ns3:TrackPointExtension>
            <ns3:hr>122</ns3:hr>
            <ns3:cad>51</ns3:cad>
          </ns3:TrackPointExtension>
        </extensions>
      </trkpt>
      <trkpt lat="29.37673556618392467498779296875" lon="83.2809577882289886474609375">
        <ele>4176.7998046875</ele>
        <time>2026-08-21T05:39:05.000Z</time>
        <extensions>
          <ns3:TrackPointExtension>
            <ns3:hr>122</ns3:hr>
            <ns3:cad>51</ns3:cad>
          </ns3:TrackPointExtension>
        </extensions>
      </trkpt>
      <trkpt lat="29.37667940743267536163330078125" lon="83.28102978877723217010498046875">
        <ele>4176.7998046875</ele>
        <time>2026-08-21T05:39:12.000Z</time>
        <extensions>
          <ns3:TrackPointExtension>
            <ns3:hr>120</ns3:hr>
            <ns3:cad>50</ns3:cad>
          </ns3:TrackPointExtension>
        </extensions>
      </trkpt>
      <trkpt lat="29.376635737717151641845703125" lon="83.2810838520526885986328125">
        <ele>4177</ele>
        <time>2026-08-21T05:39:17.000Z</time>
        <extensions>
          <ns3:TrackPointExtension>
            <ns3:hr>120</ns3:hr>
            <ns3:cad>50</ns3:cad>
          </ns3:TrackPointExtension>
        </extensions>
      </trkpt>
      <trkpt lat="29.37657429836690425872802734375" lon="83.28114428557455539703369140625">
        <ele>4177.60009765625</ele>
        <time>2026-08-21T05:39:23.000Z</time>
        <extensions>
          <ns3:TrackPointExtension>
            <ns3:hr>121</ns3:hr>
            <ns3:cad>49</ns3:cad>
          </ns3:TrackPointExtension>
        </extensions>
      </trkpt>
      <trkpt lat="29.3765192292630672454833984375" lon="83.28120010904967784881591796875">
        <ele>4177.60009765625</ele>
        <time>2026-08-21T05:39:29.000Z</time>
        <extensions>
          <ns3:TrackPointExtension>
            <ns3:hr>121</ns3:hr>
            <ns3:cad>48</ns3:cad>
          </ns3:TrackPointExtension>
        </extensions>
      </trkpt>
      <trkpt lat="29.37650891952216625213623046875" lon="83.281208239495754241943359375">
        <ele>4178</ele>
        <time>2026-08-21T05:39:30.000Z</time>
        <extensions>
          <ns3:TrackPointExtension>
            <ns3:hr>121</ns3:hr>
            <ns3:cad>48</ns3:cad>
          </ns3:TrackPointExtension>
        </extensions>
      </trkpt>
      <trkpt lat="29.376470781862735748291015625" lon="83.281247802078723907470703125">
        <ele>4178.60009765625</ele>
        <time>2026-08-21T05:39:34.000Z</time>
        <extensions>
          <ns3:TrackPointExtension>
            <ns3:hr>120</ns3:hr>
            <ns3:cad>48</ns3:cad>
          </ns3:TrackPointExtension>
        </extensions>
      </trkpt>
      <trkpt lat="29.37643046490848064422607421875" lon="83.2812865264713764190673828125">
        <ele>4178.7998046875</ele>
        <time>2026-08-21T05:39:38.000Z</time>
        <extensions>
          <ns3:TrackPointExtension>
            <ns3:hr>122</ns3:hr>
            <ns3:cad>48</ns3:cad>
          </ns3:TrackPointExtension>
        </extensions>
      </trkpt>
      <trkpt lat="29.3764126114547252655029296875" lon="83.28130437992513179779052734375">
        <ele>4179</ele>
        <time>2026-08-21T05:39:40.000Z</time>
        <extensions>
          <ns3:TrackPointExtension>
            <ns3:hr>123</ns3:hr>
            <ns3:cad>48</ns3:cad>
          </ns3:TrackPointExtension>
        </extensions>
      </trkpt>
      <trkpt lat="29.37638503499329090118408203125" lon="83.2813324593007564544677734375">
        <ele>4179.39990234375</ele>
        <time>2026-08-21T05:39:43.000Z</time>
        <extensions>
          <ns3:TrackPointExtension>
            <ns3:hr>123</ns3:hr>
            <ns3:cad>48</ns3:cad>
          </ns3:TrackPointExtension>
        </extensions>
      </trkpt>
      <trkpt lat="29.37634480185806751251220703125" lon="83.2813810743391513824462890625">
        <ele>4179.60009765625</ele>
        <time>2026-08-21T05:39:48.000Z</time>
        <extensions>
          <ns3:TrackPointExtension>
            <ns3:hr>123</ns3:hr>
            <ns3:cad>48</ns3:cad>
          </ns3:TrackPointExtension>
        </extensions>
      </trkpt>
      <trkpt lat="29.37630222178995609283447265625" lon="83.281434215605258941650390625">
        <ele>4180</ele>
        <time>2026-08-21T05:39:53.000Z</time>
        <extensions>
          <ns3:TrackPointExtension>
            <ns3:hr>123</ns3:hr>
            <ns3:cad>48</ns3:cad>
          </ns3:TrackPointExtension>
        </extensions>
      </trkpt>
      <trkpt lat="29.3762583844363689422607421875" lon="83.28148685395717620849609375">
        <ele>4180.7998046875</ele>
        <time>2026-08-21T05:39:59.000Z</time>
        <extensions>
          <ns3:TrackPointExtension>
            <ns3:hr>124</ns3:hr>
            <ns3:cad>48</ns3:cad>
          </ns3:TrackPointExtension>
        </extensions>
      </trkpt>
      <trkpt lat="29.37624170444905757904052734375" lon="83.2815071381628513336181640625">
        <ele>4181.2001953125</ele>
        <time>2026-08-21T05:40:01.000Z</time>
        <extensions>
          <ns3:TrackPointExtension>
            <ns3:hr>124</ns3:hr>
            <ns3:cad>48</ns3:cad>
          </ns3:TrackPointExtension>
        </extensions>
      </trkpt>
      <trkpt lat="29.37622829340398311614990234375" lon="83.28152717091143131256103515625">
        <ele>4181.60009765625</ele>
        <time>2026-08-21T05:40:03.000Z</time>
        <extensions>
          <ns3:TrackPointExtension>
            <ns3:hr>124</ns3:hr>
            <ns3:cad>48</ns3:cad>
          </ns3:TrackPointExtension>
        </extensions>
      </trkpt>
      <trkpt lat="29.37619124539196491241455078125" lon="83.281576372683048248291015625">
        <ele>4182</ele>
        <time>2026-08-21T05:40:08.000Z</time>
        <extensions>
          <ns3:TrackPointExtension>
            <ns3:hr>124</ns3:hr>
            <ns3:cad>48</ns3:cad>
          </ns3:TrackPointExtension>
        </extensions>
      </trkpt>
      <trkpt lat="29.37617741525173187255859375" lon="83.2815953157842159271240234375">
        <ele>4182.2001953125</ele>
        <time>2026-08-21T05:40:10.000Z</time>
        <extensions>
          <ns3:TrackPointExtension>
            <ns3:hr>124</ns3:hr>
            <ns3:cad>48</ns3:cad>
          </ns3:TrackPointExtension>
        </extensions>
      </trkpt>
      <trkpt lat="29.37615419737994670867919921875" lon="83.28162976540625095367431640625">
        <ele>4182.39990234375</ele>
        <time>2026-08-21T05:40:13.000Z</time>
        <extensions>
          <ns3:TrackPointExtension>
            <ns3:hr>124</ns3:hr>
            <ns3:cad>48</ns3:cad>
          </ns3:TrackPointExtension>
        </extensions>
      </trkpt>
      <trkpt lat="29.37612217850983142852783203125" lon="83.28168609179556369781494140625">
        <ele>4183.2001953125</ele>
        <time>2026-08-21T05:40:18.000Z</time>
        <extensions>
          <ns3:TrackPointExtension>
            <ns3:hr>124</ns3:hr>
            <ns3:cad>47</ns3:cad>
          </ns3:TrackPointExtension>
        </extensions>
      </trkpt>
      <trkpt lat="29.37611597590148448944091796875" lon="83.28169665299355983734130859375">
        <ele>4183.39990234375</ele>
        <time>2026-08-21T05:40:19.000Z</time>
        <extensions>
          <ns3:TrackPointExtension>
            <ns3:hr>125</ns3:hr>
            <ns3:cad>47</ns3:cad>
          </ns3:TrackPointExtension>
        </extensions>
      </trkpt>
      <trkpt lat="29.376075156033039093017578125" lon="83.2817622832953929901123046875">
        <ele>4183.7998046875</ele>
        <time>2026-08-21T05:40:25.000Z</time>
        <extensions>
          <ns3:TrackPointExtension>
            <ns3:hr>126</ns3:hr>
            <ns3:cad>49</ns3:cad>
          </ns3:TrackPointExtension>
        </extensions>
      </trkpt>
      <trkpt lat="29.37605001032352447509765625" lon="83.28180729411542415618896484375">
        <ele>4184</ele>
        <time>2026-08-21T05:40:29.000Z</time>
        <extensions>
          <ns3:TrackPointExtension>
            <ns3:hr>126</ns3:hr>
            <ns3:cad>50</ns3:cad>
          </ns3:TrackPointExtension>
        </extensions>
      </trkpt>
      <trkpt lat="29.37602779828011989593505859375" lon="83.28184333629906177520751953125">
        <ele>4184.2001953125</ele>
        <time>2026-08-21T05:40:32.000Z</time>
        <extensions>
          <ns3:TrackPointExtension>
            <ns3:hr>125</ns3:hr>
            <ns3:cad>48</ns3:cad>
          </ns3:TrackPointExtension>
        </extensions>
      </trkpt>
      <trkpt lat="29.3760158121585845947265625" lon="83.281867392361164093017578125">
        <ele>4184.2001953125</ele>
        <time>2026-08-21T05:40:34.000Z</time>
        <extensions>
          <ns3:TrackPointExtension>
            <ns3:hr>124</ns3:hr>
            <ns3:cad>48</ns3:cad>
          </ns3:TrackPointExtension>
        </extensions>
      </trkpt>
      <trkpt lat="29.3759754113852977752685546875" lon="83.281937800347805023193359375">
        <ele>4184.2001953125</ele>
        <time>2026-08-21T05:40:40.000Z</time>
        <extensions>
          <ns3:TrackPointExtension>
            <ns3:hr>124</ns3:hr>
            <ns3:cad>50</ns3:cad>
          </ns3:TrackPointExtension>
        </extensions>
      </trkpt>
      <trkpt lat="29.37594565562903881072998046875" lon="83.28200359828770160675048828125">
        <ele>4185</ele>
        <time>2026-08-21T05:40:45.000Z</time>
        <extensions>
          <ns3:TrackPointExtension>
            <ns3:hr>124</ns3:hr>
            <ns3:cad>49</ns3:cad>
          </ns3:TrackPointExtension>
        </extensions>
      </trkpt>
      <trkpt lat="29.37591413967311382293701171875" lon="83.28207450918853282928466796875">
        <ele>4184.7998046875</ele>
        <time>2026-08-21T05:40:51.000Z</time>
        <extensions>
          <ns3:TrackPointExtension>
            <ns3:hr>124</ns3:hr>
            <ns3:cad>50</ns3:cad>
          </ns3:TrackPointExtension>
        </extensions>
      </trkpt>
      <trkpt lat="29.37587725929915904998779296875" lon="83.28215128742158412933349609375">
        <ele>4184.60009765625</ele>
        <time>2026-08-21T05:40:57.000Z</time>
        <extensions>
          <ns3:TrackPointExtension>
            <ns3:hr>122</ns3:hr>
            <ns3:cad>50</ns3:cad>
          </ns3:TrackPointExtension>
        </extensions>
      </trkpt>
      <trkpt lat="29.37584004364907741546630859375" lon="83.2822423987090587615966796875">
        <ele>4184.39990234375</ele>
        <time>2026-08-21T05:41:04.000Z</time>
        <extensions>
          <ns3:TrackPointExtension>
            <ns3:hr>123</ns3:hr>
            <ns3:cad>51</ns3:cad>
          </ns3:TrackPointExtension>
        </extensions>
      </trkpt>
      <trkpt lat="29.375809617340564727783203125" lon="83.282339461147785186767578125">
        <ele>4184.39990234375</ele>
        <time>2026-08-21T05:41:11.000Z</time>
        <extensions>
          <ns3:TrackPointExtension>
            <ns3:hr>122</ns3:hr>
            <ns3:cad>51</ns3:cad>
          </ns3:TrackPointExtension>
        </extensions>
      </trkpt>
      <trkpt lat="29.37578572891652584075927734375" lon="83.2824075222015380859375">
        <ele>4184.39990234375</ele>
        <time>2026-08-21T05:41:16.000Z</time>
        <extensions>
          <ns3:TrackPointExtension>
            <ns3:hr>119</ns3:hr>
            <ns3:cad>52</ns3:cad>
          </ns3:TrackPointExtension>
        </extensions>
      </trkpt>
      <trkpt lat="29.37578019686043262481689453125" lon="83.2824200950562953948974609375">
        <ele>4184.39990234375</ele>
        <time>2026-08-21T05:41:17.000Z</time>
        <extensions>
          <ns3:TrackPointExtension>
            <ns3:hr>119</ns3:hr>
            <ns3:cad>52</ns3:cad>
          </ns3:TrackPointExtension>
        </extensions>
      </trkpt>
      <trkpt lat="29.375757984817028045654296875" lon="83.2824941910803318023681640625">
        <ele>4184.2001953125</ele>
        <time>2026-08-21T05:41:22.000Z</time>
        <extensions>
          <ns3:TrackPointExtension>
            <ns3:hr>118</ns3:hr>
            <ns3:cad>52</ns3:cad>
          </ns3:TrackPointExtension>
        </extensions>
      </trkpt>
      <trkpt lat="29.3757336772978305816650390625" lon="83.2825790159404277801513671875">
        <ele>4184.39990234375</ele>
        <time>2026-08-21T05:41:28.000Z</time>
        <extensions>
          <ns3:TrackPointExtension>
            <ns3:hr>118</ns3:hr>
            <ns3:cad>52</ns3:cad>
          </ns3:TrackPointExtension>
        </extensions>
      </trkpt>
      <trkpt lat="29.3757159076631069183349609375" lon="83.28265386633574962615966796875">
        <ele>4184.39990234375</ele>
        <time>2026-08-21T05:41:33.000Z</time>
        <extensions>
          <ns3:TrackPointExtension>
            <ns3:hr>119</ns3:hr>
            <ns3:cad>51</ns3:cad>
          </ns3:TrackPointExtension>
        </extensions>
      </trkpt>
      <trkpt lat="29.37569587491452693939208984375" lon="83.282717652618885040283203125">
        <ele>4184.60009765625</ele>
        <time>2026-08-21T05:41:38.000Z</time>
        <extensions>
          <ns3:TrackPointExtension>
            <ns3:hr>119</ns3:hr>
            <ns3:cad>51</ns3:cad>
          </ns3:TrackPointExtension>
        </extensions>
      </trkpt>
      <trkpt lat="29.37568522989749908447265625" lon="83.28277590684592723846435546875">
        <ele>4184.7998046875</ele>
        <time>2026-08-21T05:41:42.000Z</time>
        <extensions>
          <ns3:TrackPointExtension>
            <ns3:hr>118</ns3:hr>
            <ns3:cad>50</ns3:cad>
          </ns3:TrackPointExtension>
        </extensions>
      </trkpt>
      <trkpt lat="29.37567190267145633697509765625" lon="83.282858468592166900634765625">
        <ele>4184.60009765625</ele>
        <time>2026-08-21T05:41:48.000Z</time>
        <extensions>
          <ns3:TrackPointExtension>
            <ns3:hr>117</ns3:hr>
            <ns3:cad>51</ns3:cad>
          </ns3:TrackPointExtension>
        </extensions>
      </trkpt>
      <trkpt lat="29.37566268257796764373779296875" lon="83.2829270325601100921630859375">
        <ele>4184.60009765625</ele>
        <time>2026-08-21T05:41:53.000Z</time>
        <extensions>
          <ns3:TrackPointExtension>
            <ns3:hr>117</ns3:hr>
            <ns3:cad>52</ns3:cad>
          </ns3:TrackPointExtension>
        </extensions>
      </trkpt>
      <trkpt lat="29.37565966509282588958740234375" lon="83.28301730565726757049560546875">
        <ele>4184.60009765625</ele>
        <time>2026-08-21T05:41:59.000Z</time>
        <extensions>
          <ns3:TrackPointExtension>
            <ns3:hr>118</ns3:hr>
            <ns3:cad>53</ns3:cad>
          </ns3:TrackPointExtension>
        </extensions>
      </trkpt>
      <trkpt lat="29.3756568990647792816162109375" lon="83.283116631209850311279296875">
        <ele>4184.60009765625</ele>
        <time>2026-08-21T05:42:05.000Z</time>
        <extensions>
          <ns3:TrackPointExtension>
            <ns3:hr>118</ns3:hr>
            <ns3:cad>51</ns3:cad>
          </ns3:TrackPointExtension>
        </extensions>
      </trkpt>
      <trkpt lat="29.3756622634828090667724609375" lon="83.283216543495655059814453125">
        <ele>4184.39990234375</ele>
        <time>2026-08-21T05:42:12.000Z</time>
        <extensions>
          <ns3:TrackPointExtension>
            <ns3:hr>118</ns3:hr>
            <ns3:cad>51</ns3:cad>
          </ns3:TrackPointExtension>
        </extensions>
      </trkpt>
      <trkpt lat="29.37566578388214111328125" lon="83.28329323790967464447021484375">
        <ele>4184.7998046875</ele>
        <time>2026-08-21T05:42:17.000Z</time>
        <extensions>
          <ns3:TrackPointExtension>
            <ns3:hr>116</ns3:hr>
            <ns3:cad>51</ns3:cad>
          </ns3:TrackPointExtension>
        </extensions>
      </trkpt>
      <trkpt lat="29.3756563961505889892578125" lon="83.28338342718780040740966796875">
        <ele>4184.39990234375</ele>
        <time>2026-08-21T05:42:23.000Z</time>
        <extensions>
          <ns3:TrackPointExtension>
            <ns3:hr>116</ns3:hr>
            <ns3:cad>51</ns3:cad>
          </ns3:TrackPointExtension>
        </extensions>
      </trkpt>
      <trkpt lat="29.37564441002905368804931640625" lon="83.28346875496208667755126953125">
        <ele>4185</ele>
        <time>2026-08-21T05:42:29.000Z</time>
        <extensions>
          <ns3:TrackPointExtension>
            <ns3:hr>116</ns3:hr>
            <ns3:cad>51</ns3:cad>
          </ns3:TrackPointExtension>
        </extensions>
      </trkpt>
      <trkpt lat="29.37562429346144199371337890625" lon="83.283513598144054412841796875">
        <ele>4185</ele>
        <time>2026-08-21T05:42:33.000Z</time>
        <extensions>
          <ns3:TrackPointExtension>
            <ns3:hr>116</ns3:hr>
            <ns3:cad>51</ns3:cad>
          </ns3:TrackPointExtension>
        </extensions>
      </trkpt>
      <trkpt lat="29.375612474977970123291015625" lon="83.2835278473794460296630859375">
        <ele>4185.2001953125</ele>
        <time>2026-08-21T05:42:35.000Z</time>
        <extensions>
          <ns3:TrackPointExtension>
            <ns3:hr>116</ns3:hr>
            <ns3:cad>49</ns3:cad>
          </ns3:TrackPointExtension>
        </extensions>
      </trkpt>
      <trkpt lat="29.3756096251308917999267578125" lon="83.28353379853069782257080078125">
        <ele>4185.2001953125</ele>
        <time>2026-08-21T05:42:37.000Z</time>
        <extensions>
          <ns3:TrackPointExtension>
            <ns3:hr>116</ns3:hr>
            <ns3:cad>47</ns3:cad>
          </ns3:TrackPointExtension>
        </extensions>
      </trkpt>
      <trkpt lat="29.375609457492828369140625" lon="83.28353664837777614593505859375">
        <ele>4185.39990234375</ele>
        <time>2026-08-21T05:42:40.000Z</time>
        <extensions>
          <ns3:TrackPointExtension>
            <ns3:hr>116</ns3:hr>
            <ns3:cad>0</ns3:cad>
          </ns3:TrackPointExtension>
        </extensions>
      </trkpt>
      <trkpt lat="29.37560182996094226837158203125" lon="83.28353941440582275390625">
        <ele>4185.2001953125</ele>
        <time>2026-08-21T05:42:48.000Z</time>
        <extensions>
          <ns3:TrackPointExtension>
            <ns3:hr>115</ns3:hr>
            <ns3:cad>0</ns3:cad>
          </ns3:TrackPointExtension>
        </extensions>
      </trkpt>
      <trkpt lat="29.37557970173656940460205078125" lon="83.28357302583754062652587890625">
        <ele>4185.2001953125</ele>
        <time>2026-08-21T05:42:55.000Z</time>
        <extensions>
          <ns3:TrackPointExtension>
            <ns3:hr>117</ns3:hr>
            <ns3:cad>0</ns3:cad>
          </ns3:TrackPointExtension>
        </extensions>
      </trkpt>
      <trkpt lat="29.375544749200344085693359375" lon="83.28362725675106048583984375">
        <ele>4185.60009765625</ele>
        <time>2026-08-21T05:43:00.000Z</time>
        <extensions>
          <ns3:TrackPointExtension>
            <ns3:hr>117</ns3:hr>
            <ns3:cad>45</ns3:cad>
          </ns3:TrackPointExtension>
        </extensions>
      </trkpt>
      <trkpt lat="29.37550627626478672027587890625" lon="83.28368383459746837615966796875">
        <ele>4185.7998046875</ele>
        <time>2026-08-21T05:43:05.000Z</time>
        <extensions>
          <ns3:TrackPointExtension>
            <ns3:hr>118</ns3:hr>
            <ns3:cad>48</ns3:cad>
          </ns3:TrackPointExtension>
        </extensions>
      </trkpt>
      <trkpt lat="29.3754688091576099395751953125" lon="83.28373764641582965850830078125">
        <ele>4186.39990234375</ele>
        <time>2026-08-21T05:43:10.000Z</time>
        <extensions>
          <ns3:TrackPointExtension>
            <ns3:hr>116</ns3:hr>
            <ns3:cad>49</ns3:cad>
          </ns3:TrackPointExtension>
        </extensions>
      </trkpt>
      <trkpt lat="29.37546017579734325408935546875" lon="83.2837504707276821136474609375">
        <ele>4186.60009765625</ele>
        <time>2026-08-21T05:43:11.000Z</time>
        <extensions>
          <ns3:TrackPointExtension>
            <ns3:hr>116</ns3:hr>
            <ns3:cad>49</ns3:cad>
          </ns3:TrackPointExtension>
        </extensions>
      </trkpt>
      <trkpt lat="29.37540871091187000274658203125" lon="83.28383236192166805267333984375">
        <ele>4186.7998046875</ele>
        <time>2026-08-21T05:43:18.000Z</time>
        <extensions>
          <ns3:TrackPointExtension>
            <ns3:hr>118</ns3:hr>
            <ns3:cad>50</ns3:cad>
          </ns3:TrackPointExtension>
        </extensions>
      </trkpt>
      <trkpt lat="29.3753920309245586395263671875" lon="83.28386865556240081787109375">
        <ele>4187.39990234375</ele>
        <time>2026-08-21T05:43:21.000Z</time>
        <extensions>
          <ns3:TrackPointExtension>
            <ns3:hr>120</ns3:hr>
            <ns3:cad>49</ns3:cad>
          </ns3:TrackPointExtension>
        </extensions>
      </trkpt>
      <trkpt lat="29.3753725849092006683349609375" lon="83.2839055359363555908203125">
        <ele>4188</ele>
        <time>2026-08-21T05:43:24.000Z</time>
        <extensions>
          <ns3:TrackPointExtension>
            <ns3:hr>120</ns3:hr>
            <ns3:cad>49</ns3:cad>
          </ns3:TrackPointExtension>
        </extensions>
      </trkpt>
      <trkpt lat="29.3753343634307384490966796875" lon="83.28397753648459911346435546875">
        <ele>4188</ele>
        <time>2026-08-21T05:43:30.000Z</time>
        <extensions>
          <ns3:TrackPointExtension>
            <ns3:hr>122</ns3:hr>
            <ns3:cad>48</ns3:cad>
          </ns3:TrackPointExtension>
        </extensions>
      </trkpt>
      <trkpt lat="29.3753082118928432464599609375" lon="83.28403939493000507354736328125">
        <ele>4188.2001953125</ele>
        <time>2026-08-21T05:43:35.000Z</time>
        <extensions>
          <ns3:TrackPointExtension>
            <ns3:hr>121</ns3:hr>
            <ns3:cad>49</ns3:cad>
          </ns3:TrackPointExtension>
        </extensions>
      </trkpt>
      <trkpt lat="29.37528801150619983673095703125" lon="83.284105025231838226318359375">
        <ele>4188.39990234375</ele>
        <time>2026-08-21T05:43:41.000Z</time>
        <extensions>
          <ns3:TrackPointExtension>
            <ns3:hr>121</ns3:hr>
            <ns3:cad>49</ns3:cad>
          </ns3:TrackPointExtension>
        </extensions>
      </trkpt>
      <trkpt lat="29.37528482638299465179443359375" lon="83.2841155864298343658447265625">
        <ele>4188.39990234375</ele>
        <time>2026-08-21T05:43:42.000Z</time>
        <extensions>
          <ns3:TrackPointExtension>
            <ns3:hr>121</ns3:hr>
            <ns3:cad>48</ns3:cad>
          </ns3:TrackPointExtension>
        </extensions>
      </trkpt>
      <trkpt lat="29.37527376227080821990966796875" lon="83.28416411764919757843017578125">
        <ele>4189</ele>
        <time>2026-08-21T05:43:48.000Z</time>
        <extensions>
          <ns3:TrackPointExtension>
            <ns3:hr>122</ns3:hr>
            <ns3:cad>48</ns3:cad>
          </ns3:TrackPointExtension>
        </extensions>
      </trkpt>
      <trkpt lat="29.37526370398700237274169921875" lon="83.28421759419143199920654296875">
        <ele>4189.60009765625</ele>
        <time>2026-08-21T05:43:54.000Z</time>
        <extensions>
          <ns3:TrackPointExtension>
            <ns3:hr>120</ns3:hr>
            <ns3:cad>70</ns3:cad>
          </ns3:TrackPointExtension>
        </extensions>
      </trkpt>
      <trkpt lat="29.37523721717298030853271484375" lon="83.2842570729553699493408203125">
        <ele>4190.39990234375</ele>
        <time>2026-08-21T05:43:59.000Z</time>
        <extensions>
          <ns3:TrackPointExtension>
            <ns3:hr>124</ns3:hr>
            <ns3:cad>78</ns3:cad>
          </ns3:TrackPointExtension>
        </extensions>
      </trkpt>
      <trkpt lat="29.37522162683308124542236328125" lon="83.28426218591630458831787109375">
        <ele>4190.60009765625</ele>
        <time>2026-08-21T05:44:01.000Z</time>
        <extensions>
          <ns3:TrackPointExtension>
            <ns3:hr>125</ns3:hr>
            <ns3:cad>41</ns3:cad>
          </ns3:TrackPointExtension>
        </extensions>
      </trkpt>
      <trkpt lat="29.37521240673959255218505859375" lon="83.28427056781947612762451171875">
        <ele>4190.60009765625</ele>
        <time>2026-08-21T05:44:04.000Z</time>
        <extensions>
          <ns3:TrackPointExtension>
            <ns3:hr>125</ns3:hr>
            <ns3:cad>0</ns3:cad>
          </ns3:TrackPointExtension>
        </extensions>
      </trkpt>
      <trkpt lat="29.37521073035895824432373046875" lon="83.28427827917039394378662109375">
        <ele>4190.60009765625</ele>
        <time>2026-08-21T05:44:05.000Z</time>
        <extensions>
          <ns3:TrackPointExtension>
            <ns3:hr>126</ns3:hr>
            <ns3:cad>0</ns3:cad>
          </ns3:TrackPointExtension>
        </extensions>
      </trkpt>
      <trkpt lat="29.37520511448383331298828125" lon="83.28429512679576873779296875">
        <ele>4190.60009765625</ele>
        <time>2026-08-21T05:44:07.000Z</time>
        <extensions>
          <ns3:TrackPointExtension>
            <ns3:hr>125</ns3:hr>
            <ns3:cad>62</ns3:cad>
          </ns3:TrackPointExtension>
        </extensions>
      </trkpt>
      <trkpt lat="29.3751999177038669586181640625" lon="83.28431029804050922393798828125">
        <ele>4191.2001953125</ele>
        <time>2026-08-21T05:44:09.000Z</time>
        <extensions>
          <ns3:TrackPointExtension>
            <ns3:hr>125</ns3:hr>
            <ns3:cad>62</ns3:cad>
          </ns3:TrackPointExtension>
        </extensions>
      </trkpt>
      <trkpt lat="29.37519480474293231964111328125" lon="83.28432035632431507110595703125">
        <ele>4192</ele>
        <time>2026-08-21T05:44:11.000Z</time>
        <extensions>
          <ns3:TrackPointExtension>
            <ns3:hr>124</ns3:hr>
            <ns3:cad>0</ns3:cad>
          </ns3:TrackPointExtension>
        </extensions>
      </trkpt>
      <trkpt lat="29.3751824833452701568603515625" lon="83.28435145318508148193359375">
        <ele>4192.7998046875</ele>
        <time>2026-08-21T05:44:15.000Z</time>
        <extensions>
          <ns3:TrackPointExtension>
            <ns3:hr>123</ns3:hr>
            <ns3:cad>0</ns3:cad>
          </ns3:TrackPointExtension>
        </extensions>
      </trkpt>
      <trkpt lat="29.375180639326572418212890625" lon="83.28436126001179218292236328125">
        <ele>4193</ele>
        <time>2026-08-21T05:44:16.000Z</time>
        <extensions>
          <ns3:TrackPointExtension>
            <ns3:hr>123</ns3:hr>
            <ns3:cad>0</ns3:cad>
          </ns3:TrackPointExtension>
        </extensions>
      </trkpt>
      <trkpt lat="29.3751682341098785400390625" lon="83.28440509736537933349609375">
        <ele>4193.39990234375</ele>
        <time>2026-08-21T05:44:21.000Z</time>
        <extensions>
          <ns3:TrackPointExtension>
            <ns3:hr>122</ns3:hr>
            <ns3:cad>0</ns3:cad>
          </ns3:TrackPointExtension>
        </extensions>
      </trkpt>
      <trkpt lat="29.37515683472156524658203125" lon="83.2844364456832408905029296875">
        <ele>4193.60009765625</ele>
        <time>2026-08-21T05:44:25.000Z</time>
        <extensions>
          <ns3:TrackPointExtension>
            <ns3:hr>122</ns3:hr>
            <ns3:cad>71</ns3:cad>
          </ns3:TrackPointExtension>
        </extensions>
      </trkpt>
      <trkpt lat="29.37515188939869403839111328125" lon="83.28445262275636196136474609375">
        <ele>4193.7998046875</ele>
        <time>2026-08-21T05:44:27.000Z</time>
        <extensions>
          <ns3:TrackPointExtension>
            <ns3:hr>122</ns3:hr>
            <ns3:cad>68</ns3:cad>
          </ns3:TrackPointExtension>
        </extensions>
      </trkpt>
      <trkpt lat="29.3751466087996959686279296875" lon="83.284471817314624786376953125">
        <ele>4194.2001953125</ele>
        <time>2026-08-21T05:44:29.000Z</time>
        <extensions>
          <ns3:TrackPointExtension>
            <ns3:hr>122</ns3:hr>
            <ns3:cad>0</ns3:cad>
          </ns3:TrackPointExtension>
        </extensions>
      </trkpt>
      <trkpt lat="29.37513948418200016021728515625" lon="83.2844971306622028350830078125">
        <ele>4194.60009765625</ele>
        <time>2026-08-21T05:44:32.000Z</time>
        <extensions>
          <ns3:TrackPointExtension>
            <ns3:hr>123</ns3:hr>
            <ns3:cad>0</ns3:cad>
          </ns3:TrackPointExtension>
        </extensions>
      </trkpt>
      <trkpt lat="29.37513403594493865966796875" lon="83.284518420696258544921875">
        <ele>4195.2001953125</ele>
        <time>2026-08-21T05:44:35.000Z</time>
        <extensions>
          <ns3:TrackPointExtension>
            <ns3:hr>122</ns3:hr>
            <ns3:cad>61</ns3:cad>
          </ns3:TrackPointExtension>
        </extensions>
      </trkpt>
      <trkpt lat="29.375129677355289459228515625" lon="83.28452990390360355377197265625">
        <ele>4195.2001953125</ele>
        <time>2026-08-21T05:44:37.000Z</time>
        <extensions>
          <ns3:TrackPointExtension>
            <ns3:hr>122</ns3:hr>
            <ns3:cad>0</ns3:cad>
          </ns3:TrackPointExtension>
        </extensions>
      </trkpt>
      <trkpt lat="29.37511987052857875823974609375" lon="83.2845546305179595947265625">
        <ele>4196.2001953125</ele>
        <time>2026-08-21T05:44:43.000Z</time>
        <extensions>
          <ns3:TrackPointExtension>
            <ns3:hr>122</ns3:hr>
            <ns3:cad>0</ns3:cad>
          </ns3:TrackPointExtension>
        </extensions>
      </trkpt>
      <trkpt lat="29.37513495795428752899169921875" lon="83.28454851172864437103271484375">
        <ele>4196</ele>
        <time>2026-08-21T05:44:49.000Z</time>
        <extensions>
          <ns3:TrackPointExtension>
            <ns3:hr>120</ns3:hr>
            <ns3:cad>0</ns3:cad>
          </ns3:TrackPointExtension>
        </extensions>
      </trkpt>
      <trkpt lat="29.37513479031622409820556640625" lon="83.28454851172864437103271484375">
        <ele>4195.60009765625</ele>
        <time>2026-08-21T05:44:56.000Z</time>
        <extensions>
          <ns3:TrackPointExtension>
            <ns3:hr>120</ns3:hr>
            <ns3:cad>0</ns3:cad>
          </ns3:TrackPointExtension>
        </extensions>
      </trkpt>
      <trkpt lat="29.37512992881238460540771484375" lon="83.28455018810927867889404296875">
        <ele>4196.39990234375</ele>
        <time>2026-08-21T05:45:06.000Z</time>
        <extensions>
          <ns3:TrackPointExtension>
            <ns3:hr>121</ns3:hr>
            <ns3:cad>0</ns3:cad>
          </ns3:TrackPointExtension>
        </extensions>
      </trkpt>
      <trkpt lat="29.3751157633960247039794921875" lon="83.28456326387822628021240234375">
        <ele>4196.60009765625</ele>
        <time>2026-08-21T05:45:12.000Z</time>
        <extensions>
          <ns3:TrackPointExtension>
            <ns3:hr>120</ns3:hr>
            <ns3:cad>0</ns3:cad>
          </ns3:TrackPointExtension>
        </extensions>
      </trkpt>
      <trkpt lat="29.3751070462167263031005859375" lon="83.2845967076718807220458984375">
        <ele>4197.39990234375</ele>
        <time>2026-08-21T05:45:17.000Z</time>
        <extensions>
          <ns3:TrackPointExtension>
            <ns3:hr>120</ns3:hr>
            <ns3:cad>0</ns3:cad>
          </ns3:TrackPointExtension>
        </extensions>
      </trkpt>
      <trkpt lat="29.37510587275028228759765625" lon="83.28460768796503543853759765625">
        <ele>4197.60009765625</ele>
        <time>2026-08-21T05:45:18.000Z</time>
        <extensions>
          <ns3:TrackPointExtension>
            <ns3:hr>120</ns3:hr>
            <ns3:cad>0</ns3:cad>
          </ns3:TrackPointExtension>
        </extensions>
      </trkpt>
      <trkpt lat="29.3750969879329204559326171875" lon="83.2846406288444995880126953125">
        <ele>4197.60009765625</ele>
        <time>2026-08-21T05:45:22.000Z</time>
        <extensions>
          <ns3:TrackPointExtension>
            <ns3:hr>119</ns3:hr>
            <ns3:cad>0</ns3:cad>
          </ns3:TrackPointExtension>
        </extensions>
      </trkpt>
      <trkpt lat="29.37508734874427318572998046875" lon="83.28465663827955722808837890625">
        <ele>4197.60009765625</ele>
        <time>2026-08-21T05:45:27.000Z</time>
        <extensions>
          <ns3:TrackPointExtension>
            <ns3:hr>118</ns3:hr>
            <ns3:cad>0</ns3:cad>
          </ns3:TrackPointExtension>
        </extensions>
      </trkpt>
      <trkpt lat="29.37508081085979938507080078125" lon="83.2846520282328128814697265625">
        <ele>4197.7998046875</ele>
        <time>2026-08-21T05:45:31.000Z</time>
        <extensions>
          <ns3:TrackPointExtension>
            <ns3:hr>115</ns3:hr>
            <ns3:cad>59</ns3:cad>
          </ns3:TrackPointExtension>
        </extensions>
      </trkpt>
      <trkpt lat="29.37507234513759613037109375" lon="83.28464339487254619598388671875">
        <ele>4197.39990234375</ele>
        <time>2026-08-21T05:45:35.000Z</time>
        <extensions>
          <ns3:TrackPointExtension>
            <ns3:hr>115</ns3:hr>
            <ns3:cad>0</ns3:cad>
          </ns3:TrackPointExtension>
        </extensions>
      </trkpt>
      <trkpt lat="29.375072009861469268798828125" lon="83.2846446521580219268798828125">
        <ele>4198.2001953125</ele>
        <time>2026-08-21T05:45:43.000Z</time>
        <extensions>
          <ns3:TrackPointExtension>
            <ns3:hr>116</ns3:hr>
            <ns3:cad>0</ns3:cad>
          </ns3:TrackPointExtension>
        </extensions>
      </trkpt>
      <trkpt lat="29.37507226131856441497802734375" lon="83.28464942984282970428466796875">
        <ele>4197.60009765625</ele>
        <time>2026-08-21T05:45:49.000Z</time>
        <extensions>
          <ns3:TrackPointExtension>
            <ns3:hr>111</ns3:hr>
            <ns3:cad>0</ns3:cad>
          </ns3:TrackPointExtension>
        </extensions>
      </trkpt>
      <trkpt lat="29.37507377006113529205322265625" lon="83.2846560515463352203369140625">
        <ele>4198.39990234375</ele>
        <time>2026-08-21T05:45:59.000Z</time>
        <extensions>
          <ns3:TrackPointExtension>
            <ns3:hr>110</ns3:hr>
            <ns3:cad>0</ns3:cad>
          </ns3:TrackPointExtension>
        </extensions>
      </trkpt>
      <trkpt lat="29.37509723939001560211181640625" lon="83.28468128107488155364990234375">
        <ele>4198.7998046875</ele>
        <time>2026-08-21T05:46:06.000Z</time>
        <extensions>
          <ns3:TrackPointExtension>
            <ns3:hr>109</ns3:hr>
            <ns3:cad>0</ns3:cad>
          </ns3:TrackPointExtension>
        </extensions>
      </trkpt>
      <trkpt lat="29.37513596378266811370849609375" lon="83.284720592200756072998046875">
        <ele>4199.2001953125</ele>
        <time>2026-08-21T05:46:12.000Z</time>
        <extensions>
          <ns3:TrackPointExtension>
            <ns3:hr>108</ns3:hr>
            <ns3:cad>74</ns3:cad>
          </ns3:TrackPointExtension>
        </extensions>
      </trkpt>
      <trkpt lat="29.3751506321132183074951171875" lon="83.2847281359136104583740234375">
        <ele>4199.60009765625</ele>
        <time>2026-08-21T05:46:14.000Z</time>
        <extensions>
          <ns3:TrackPointExtension>
            <ns3:hr>109</ns3:hr>
            <ns3:cad>77</ns3:cad>
          </ns3:TrackPointExtension>
        </extensions>
      </trkpt>
      <trkpt lat="29.37515926547348499298095703125" lon="83.2847331650555133819580078125">
        <ele>4199.7998046875</ele>
        <time>2026-08-21T05:46:15.000Z</time>
        <extensions>
          <ns3:TrackPointExtension>
            <ns3:hr>110</ns3:hr>
            <ns3:cad>77</ns3:cad>
          </ns3:TrackPointExtension>
        </extensions>
      </trkpt>
      <trkpt lat="29.37517024576663970947265625" lon="83.28475688584148883819580078125">
        <ele>4200.60009765625</ele>
        <time>2026-08-21T05:46:18.000Z</time>
        <extensions>
          <ns3:TrackPointExtension>
            <ns3:hr>111</ns3:hr>
            <ns3:cad>77</ns3:cad>
          </ns3:TrackPointExtension>
        </extensions>
      </trkpt>
      <trkpt lat="29.37515926547348499298095703125" lon="83.28481019474565982818603515625">
        <ele>4201.39990234375</ele>
        <time>2026-08-21T05:46:23.000Z</time>
        <extensions>
          <ns3:TrackPointExtension>
            <ns3:hr>111</ns3:hr>
            <ns3:cad>76</ns3:cad>
          </ns3:TrackPointExtension>
        </extensions>
      </trkpt>
      <trkpt lat="29.3751412443816661834716796875" lon="83.28485964797437191009521484375">
        <ele>4201</ele>
        <time>2026-08-21T05:46:28.000Z</time>
        <extensions>
          <ns3:TrackPointExtension>
            <ns3:hr>112</ns3:hr>
            <ns3:cad>73</ns3:cad>
          </ns3:TrackPointExtension>
        </extensions>
      </trkpt>
      <trkpt lat="29.3751305155456066131591796875" lon="83.28489191830158233642578125">
        <ele>4200.39990234375</ele>
        <time>2026-08-21T05:46:31.000Z</time>
        <extensions>
          <ns3:TrackPointExtension>
            <ns3:hr>115</ns3:hr>
            <ns3:cad>42</ns3:cad>
          </ns3:TrackPointExtension>
        </extensions>
      </trkpt>
      <trkpt lat="29.3751164339482784271240234375" lon="83.2849168963730335235595703125">
        <ele>4200.60009765625</ele>
        <time>2026-08-21T05:46:34.000Z</time>
        <extensions>
          <ns3:TrackPointExtension>
            <ns3:hr>116</ns3:hr>
            <ns3:cad>43</ns3:cad>
          </ns3:TrackPointExtension>
        </extensions>
      </trkpt>
      <trkpt lat="29.37511081807315349578857421875" lon="83.28492519445717334747314453125">
        <ele>4200.7998046875</ele>
        <time>2026-08-21T05:46:35.000Z</time>
        <extensions>
          <ns3:TrackPointExtension>
            <ns3:hr>116</ns3:hr>
            <ns3:cad>43</ns3:cad>
          </ns3:TrackPointExtension>
        </extensions>
      </trkpt>
      <trkpt lat="29.375093467533588409423828125" lon="83.284949250519275665283203125">
        <ele>4201.60009765625</ele>
        <time>2026-08-21T05:46:38.000Z</time>
        <extensions>
          <ns3:TrackPointExtension>
            <ns3:hr>115</ns3:hr>
            <ns3:cad>43</ns3:cad>
          </ns3:TrackPointExtension>
        </extensions>
      </trkpt>
      <trkpt lat="29.37507444061338901519775390625" lon="83.2849718816578388214111328125">
        <ele>4202</ele>
        <time>2026-08-21T05:46:41.000Z</time>
        <extensions>
          <ns3:TrackPointExtension>
            <ns3:hr>117</ns3:hr>
            <ns3:cad>40</ns3:cad>
          </ns3:TrackPointExtension>
        </extensions>
      </trkpt>
      <trkpt lat="29.3750547431409358978271484375" lon="83.28499241732060909271240234375">
        <ele>4202.2001953125</ele>
        <time>2026-08-21T05:46:44.000Z</time>
        <extensions>
          <ns3:TrackPointExtension>
            <ns3:hr>121</ns3:hr>
            <ns3:cad>40</ns3:cad>
          </ns3:TrackPointExtension>
        </extensions>
      </trkpt>
      <trkpt lat="29.37504284083843231201171875" lon="83.28500499017536640167236328125">
        <ele>4202.60009765625</ele>
        <time>2026-08-21T05:46:46.000Z</time>
        <extensions>
          <ns3:TrackPointExtension>
            <ns3:hr>123</ns3:hr>
            <ns3:cad>41</ns3:cad>
          </ns3:TrackPointExtension>
        </extensions>
      </trkpt>
      <trkpt lat="29.37502264045178890228271484375" lon="83.2850365899503231048583984375">
        <ele>4203.60009765625</ele>
        <time>2026-08-21T05:46:50.000Z</time>
        <extensions>
          <ns3:TrackPointExtension>
            <ns3:hr>122</ns3:hr>
            <ns3:cad>41</ns3:cad>
          </ns3:TrackPointExtension>
        </extensions>
      </trkpt>
      <trkpt lat="29.374998919665813446044921875" lon="83.2850815169513225555419921875">
        <ele>4203.39990234375</ele>
        <time>2026-08-21T05:46:55.000Z</time>
        <extensions>
          <ns3:TrackPointExtension>
            <ns3:hr>123</ns3:hr>
            <ns3:cad>41</ns3:cad>
          </ns3:TrackPointExtension>
        </extensions>
      </trkpt>
      <trkpt lat="29.37497670762240886688232421875" lon="83.28514865599572658538818359375">
        <ele>4202.7998046875</ele>
        <time>2026-08-21T05:47:02.000Z</time>
        <extensions>
          <ns3:TrackPointExtension>
            <ns3:hr>126</ns3:hr>
            <ns3:cad>44</ns3:cad>
          </ns3:TrackPointExtension>
        </extensions>
      </trkpt>
      <trkpt lat="29.37496245838701725006103515625" lon="83.285187296569347381591796875">
        <ele>4203</ele>
        <time>2026-08-21T05:47:07.000Z</time>
        <extensions>
          <ns3:TrackPointExtension>
            <ns3:hr>127</ns3:hr>
            <ns3:cad>41</ns3:cad>
          </ns3:TrackPointExtension>
        </extensions>
      </trkpt>
      <trkpt lat="29.37495457939803600311279296875" lon="83.28520079143345355987548828125">
        <ele>4203.2001953125</ele>
        <time>2026-08-21T05:47:09.000Z</time>
        <extensions>
          <ns3:TrackPointExtension>
            <ns3:hr>119</ns3:hr>
            <ns3:cad>40</ns3:cad>
          </ns3:TrackPointExtension>
        </extensions>
      </trkpt>
      <trkpt lat="29.37494955025613307952880859375" lon="83.2852090895175933837890625">
        <ele>4203.2001953125</ele>
        <time>2026-08-21T05:47:10.000Z</time>
        <extensions>
          <ns3:TrackPointExtension>
            <ns3:hr>114</ns3:hr>
            <ns3:cad>40</ns3:cad>
          </ns3:TrackPointExtension>
        </extensions>
      </trkpt>
      <trkpt lat="29.37493412755429744720458984375" lon="83.28524135984480381011962890625">
        <ele>4203</ele>
        <time>2026-08-21T05:47:14.000Z</time>
        <extensions>
          <ns3:TrackPointExtension>
            <ns3:hr>113</ns3:hr>
            <ns3:cad>64</ns3:cad>
          </ns3:TrackPointExtension>
        </extensions>
      </trkpt>
      <trkpt lat="29.374901689589023590087890625" lon="83.28529366292059421539306640625">
        <ele>4203</ele>
        <time>2026-08-21T05:47:20.000Z</time>
        <extensions>
          <ns3:TrackPointExtension>
            <ns3:hr>113</ns3:hr>
            <ns3:cad>0</ns3:cad>
          </ns3:TrackPointExtension>
        </extensions>
      </trkpt>
      <trkpt lat="29.3748986721038818359375" lon="83.28530388884246349334716796875">
        <ele>4202.60009765625</ele>
        <time>2026-08-21T05:47:21.000Z</time>
        <extensions>
          <ns3:TrackPointExtension>
            <ns3:hr>113</ns3:hr>
            <ns3:cad>0</ns3:cad>
          </ns3:TrackPointExtension>
        </extensions>
      </trkpt>
      <trkpt lat="29.374895989894866943359375" lon="83.28535258769989013671875">
        <ele>4202</ele>
        <time>2026-08-21T05:47:26.000Z</time>
        <extensions>
          <ns3:TrackPointExtension>
            <ns3:hr>113</ns3:hr>
            <ns3:cad>47</ns3:cad>
          </ns3:TrackPointExtension>
        </extensions>
      </trkpt>
      <trkpt lat="29.37489255331456661224365234375" lon="83.28536893241107463836669921875">
        <ele>4201.60009765625</ele>
        <time>2026-08-21T05:47:31.000Z</time>
        <extensions>
          <ns3:TrackPointExtension>
            <ns3:hr>111</ns3:hr>
            <ns3:cad>42</ns3:cad>
          </ns3:TrackPointExtension>
        </extensions>
      </trkpt>
      <trkpt lat="29.37489238567650318145751953125" lon="83.2853691838681697845458984375">
        <ele>4201.60009765625</ele>
        <time>2026-08-21T05:47:32.000Z</time>
        <extensions>
          <ns3:TrackPointExtension>
            <ns3:hr>111</ns3:hr>
            <ns3:cad>0</ns3:cad>
          </ns3:TrackPointExtension>
        </extensions>
      </trkpt>
      <trkpt lat="29.37488735653460025787353515625" lon="83.28541419468820095062255859375">
        <ele>4201</ele>
        <time>2026-08-21T05:47:39.000Z</time>
        <extensions>
          <ns3:TrackPointExtension>
            <ns3:hr>114</ns3:hr>
            <ns3:cad>0</ns3:cad>
          </ns3:TrackPointExtension>
        </extensions>
      </trkpt>
      <trkpt lat="29.37488618306815624237060546875" lon="83.28542475588619709014892578125">
        <ele>4201</ele>
        <time>2026-08-21T05:47:40.000Z</time>
        <extensions>
          <ns3:TrackPointExtension>
            <ns3:hr>114</ns3:hr>
            <ns3:cad>0</ns3:cad>
          </ns3:TrackPointExtension>
        </extensions>
      </trkpt>
      <trkpt lat="29.37486589886248111724853515625" lon="83.2854939065873622894287109375">
        <ele>4201</ele>
        <time>2026-08-21T05:47:47.000Z</time>
        <extensions>
          <ns3:TrackPointExtension>
            <ns3:hr>111</ns3:hr>
            <ns3:cad>0</ns3:cad>
          </ns3:TrackPointExtension>
        </extensions>
      </trkpt>
      <trkpt lat="29.37485869042575359344482421875" lon="83.285508491098880767822265625">
        <ele>4200.7998046875</ele>
        <time>2026-08-21T05:47:49.000Z</time>
        <extensions>
          <ns3:TrackPointExtension>
            <ns3:hr>106</ns3:hr>
            <ns3:cad>0</ns3:cad>
          </ns3:TrackPointExtension>
        </extensions>
      </trkpt>
      <trkpt lat="29.37485500238835811614990234375" lon="83.2855156995356082916259765625">
        <ele>4200.60009765625</ele>
        <time>2026-08-21T05:47:50.000Z</time>
        <extensions>
          <ns3:TrackPointExtension>
            <ns3:hr>105</ns3:hr>
            <ns3:cad>0</ns3:cad>
          </ns3:TrackPointExtension>
        </extensions>
      </trkpt>
      <trkpt lat="29.37484142370522022247314453125" lon="83.28553958795964717864990234375">
        <ele>4200.60009765625</ele>
        <time>2026-08-21T05:47:53.000Z</time>
        <extensions>
          <ns3:TrackPointExtension>
            <ns3:hr>104</ns3:hr>
            <ns3:cad>0</ns3:cad>
          </ns3:TrackPointExtension>
        </extensions>
      </trkpt>
      <trkpt lat="29.37481728382408618927001953125" lon="83.28559063374996185302734375">
        <ele>4200.2001953125</ele>
        <time>2026-08-21T05:47:59.000Z</time>
        <extensions>
          <ns3:TrackPointExtension>
            <ns3:hr>106</ns3:hr>
            <ns3:cad>0</ns3:cad>
          </ns3:TrackPointExtension>
        </extensions>
      </trkpt>
      <trkpt lat="29.37478878535330295562744140625" lon="83.285645283758640289306640625">
        <ele>4200.39990234375</ele>
        <time>2026-08-21T05:48:05.000Z</time>
        <extensions>
          <ns3:TrackPointExtension>
            <ns3:hr>108</ns3:hr>
            <ns3:cad>0</ns3:cad>
          </ns3:TrackPointExtension>
        </extensions>
      </trkpt>
      <trkpt lat="29.37476011924445629119873046875" lon="83.28570169396698474884033203125">
        <ele>4200.7998046875</ele>
        <time>2026-08-21T05:48:11.000Z</time>
        <extensions>
          <ns3:TrackPointExtension>
            <ns3:hr>108</ns3:hr>
            <ns3:cad>0</ns3:cad>
          </ns3:TrackPointExtension>
        </extensions>
      </trkpt>
      <trkpt lat="29.37473162077367305755615234375" lon="83.28577411361038684844970703125">
        <ele>4200.7998046875</ele>
        <time>2026-08-21T05:48:18.000Z</time>
        <extensions>
          <ns3:TrackPointExtension>
            <ns3:hr>108</ns3:hr>
            <ns3:cad>0</ns3:cad>
          </ns3:TrackPointExtension>
        </extensions>
      </trkpt>
      <trkpt lat="29.37471586279571056365966796875" lon="83.285806886851787567138671875">
        <ele>4200.7998046875</ele>
        <time>2026-08-21T05:48:22.000Z</time>
        <extensions>
          <ns3:TrackPointExtension>
            <ns3:hr>107</ns3:hr>
            <ns3:cad>0</ns3:cad>
          </ns3:TrackPointExtension>
        </extensions>
      </trkpt>
      <trkpt lat="29.37470429576933383941650390625" lon="83.28582742251455783843994140625">
        <ele>4201</ele>
        <time>2026-08-21T05:48:25.000Z</time>
        <extensions>
          <ns3:TrackPointExtension>
            <ns3:hr>103</ns3:hr>
            <ns3:cad>0</ns3:cad>
          </ns3:TrackPointExtension>
        </extensions>
      </trkpt>
      <trkpt lat="29.37469951808452606201171875" lon="83.285839743912220001220703125">
        <ele>4200.7998046875</ele>
        <time>2026-08-21T05:48:27.000Z</time>
        <extensions>
          <ns3:TrackPointExtension>
            <ns3:hr>102</ns3:hr>
            <ns3:cad>0</ns3:cad>
          </ns3:TrackPointExtension>
        </extensions>
      </trkpt>
      <trkpt lat="29.3746775574982166290283203125" lon="83.2858945615589618682861328125">
        <ele>4201</ele>
        <time>2026-08-21T05:48:34.000Z</time>
        <extensions>
          <ns3:TrackPointExtension>
            <ns3:hr>102</ns3:hr>
            <ns3:cad>0</ns3:cad>
          </ns3:TrackPointExtension>
        </extensions>
      </trkpt>
      <trkpt lat="29.37465400435030460357666015625" lon="83.2859552465379238128662109375">
        <ele>4201.39990234375</ele>
        <time>2026-08-21T05:48:40.000Z</time>
        <extensions>
          <ns3:TrackPointExtension>
            <ns3:hr>102</ns3:hr>
            <ns3:cad>0</ns3:cad>
          </ns3:TrackPointExtension>
        </extensions>
      </trkpt>
      <trkpt lat="29.37463019974529743194580078125" lon="83.286002017557621002197265625">
        <ele>4201.39990234375</ele>
        <time>2026-08-21T05:48:45.000Z</time>
        <extensions>
          <ns3:TrackPointExtension>
            <ns3:hr>104</ns3:hr>
            <ns3:cad>64</ns3:cad>
          </ns3:TrackPointExtension>
        </extensions>
      </trkpt>
      <trkpt lat="29.37461435794830322265625" lon="83.28602976165711879730224609375">
        <ele>4201.60009765625</ele>
        <time>2026-08-21T05:48:48.000Z</time>
        <extensions>
          <ns3:TrackPointExtension>
            <ns3:hr>105</ns3:hr>
            <ns3:cad>0</ns3:cad>
          </ns3:TrackPointExtension>
        </extensions>
      </trkpt>
      <trkpt lat="29.37460036017000675201416015625" lon="83.28605859540402889251708984375">
        <ele>4202.39990234375</ele>
        <time>2026-08-21T05:48:51.000Z</time>
        <extensions>
          <ns3:TrackPointExtension>
            <ns3:hr>106</ns3:hr>
            <ns3:cad>0</ns3:cad>
          </ns3:TrackPointExtension>
        </extensions>
      </trkpt>
      <trkpt lat="29.3745969235897064208984375" lon="83.286068737506866455078125">
        <ele>4202.60009765625</ele>
        <time>2026-08-21T05:48:52.000Z</time>
        <extensions>
          <ns3:TrackPointExtension>
            <ns3:hr>106</ns3:hr>
            <ns3:cad>0</ns3:cad>
          </ns3:TrackPointExtension>
        </extensions>
      </trkpt>
      <trkpt lat="29.37459331937134265899658203125" lon="83.2860776223242282867431640625">
        <ele>4202.7998046875</ele>
        <time>2026-08-21T05:48:53.000Z</time>
        <extensions>
          <ns3:TrackPointExtension>
            <ns3:hr>107</ns3:hr>
            <ns3:cad>0</ns3:cad>
          </ns3:TrackPointExtension>
        </extensions>
      </trkpt>
      <trkpt lat="29.3745820038020610809326171875" lon="83.28610134311020374298095703125">
        <ele>4202.60009765625</ele>
        <time>2026-08-21T05:48:56.000Z</time>
        <extensions>
          <ns3:TrackPointExtension>
            <ns3:hr>108</ns3:hr>
            <ns3:cad>0</ns3:cad>
          </ns3:TrackPointExtension>
        </extensions>
      </trkpt>
      <trkpt lat="29.37455375678837299346923828125" lon="83.2861513830721378326416015625">
        <ele>4203.2001953125</ele>
        <time>2026-08-21T05:49:02.000Z</time>
        <extensions>
          <ns3:TrackPointExtension>
            <ns3:hr>109</ns3:hr>
            <ns3:cad>0</ns3:cad>
          </ns3:TrackPointExtension>
        </extensions>
      </trkpt>
      <trkpt lat="29.37453514896333217620849609375" lon="83.286192119121551513671875">
        <ele>4204</ele>
        <time>2026-08-21T05:49:06.000Z</time>
        <extensions>
          <ns3:TrackPointExtension>
            <ns3:hr>109</ns3:hr>
            <ns3:cad>0</ns3:cad>
          </ns3:TrackPointExtension>
        </extensions>
      </trkpt>
      <trkpt lat="29.37452358193695545196533203125" lon="83.286224305629730224609375">
        <ele>4204.39990234375</ele>
        <time>2026-08-21T05:49:09.000Z</time>
        <extensions>
          <ns3:TrackPointExtension>
            <ns3:hr>109</ns3:hr>
            <ns3:cad>0</ns3:cad>
          </ns3:TrackPointExtension>
        </extensions>
      </trkpt>
      <trkpt lat="29.37450078316032886505126953125" lon="83.28628524206578731536865234375">
        <ele>4204.2001953125</ele>
        <time>2026-08-21T05:49:15.000Z</time>
        <extensions>
          <ns3:TrackPointExtension>
            <ns3:hr>109</ns3:hr>
            <ns3:cad>0</ns3:cad>
          </ns3:TrackPointExtension>
        </extensions>
      </trkpt>
      <trkpt lat="29.374485276639461517333984375" lon="83.2863287441432476043701171875">
        <ele>4204.60009765625</ele>
        <time>2026-08-21T05:49:19.000Z</time>
        <extensions>
          <ns3:TrackPointExtension>
            <ns3:hr>109</ns3:hr>
            <ns3:cad>0</ns3:cad>
          </ns3:TrackPointExtension>
        </extensions>
      </trkpt>
      <trkpt lat="29.37446205876767635345458984375" lon="83.286375515162944793701171875">
        <ele>4204.60009765625</ele>
        <time>2026-08-21T05:49:25.000Z</time>
        <extensions>
          <ns3:TrackPointExtension>
            <ns3:hr>107</ns3:hr>
            <ns3:cad>40</ns3:cad>
          </ns3:TrackPointExtension>
        </extensions>
      </trkpt>
      <trkpt lat="29.37445275485515594482421875" lon="83.28640828840434551239013671875">
        <ele>4205</ele>
        <time>2026-08-21T05:49:29.000Z</time>
        <extensions>
          <ns3:TrackPointExtension>
            <ns3:hr>108</ns3:hr>
            <ns3:cad>0</ns3:cad>
          </ns3:TrackPointExtension>
        </extensions>
      </trkpt>
      <trkpt lat="29.374445378780364990234375" lon="83.2864276506006717681884765625">
        <ele>4205</ele>
        <time>2026-08-21T05:49:31.000Z</time>
        <extensions>
          <ns3:TrackPointExtension>
            <ns3:hr>109</ns3:hr>
            <ns3:cad>0</ns3:cad>
          </ns3:TrackPointExtension>
        </extensions>
      </trkpt>
      <trkpt lat="29.374412186443805694580078125" lon="83.28651105053722858428955078125">
        <ele>4205</ele>
        <time>2026-08-21T05:49:39.000Z</time>
        <extensions>
          <ns3:TrackPointExtension>
            <ns3:hr>111</ns3:hr>
            <ns3:cad>0</ns3:cad>
          </ns3:TrackPointExtension>
        </extensions>
      </trkpt>
      <trkpt lat="29.37439081259071826934814453125" lon="83.2865651138126850128173828125">
        <ele>4205.60009765625</ele>
        <time>2026-08-21T05:49:44.000Z</time>
        <extensions>
          <ns3:TrackPointExtension>
            <ns3:hr>113</ns3:hr>
            <ns3:cad>43</ns3:cad>
          </ns3:TrackPointExtension>
        </extensions>
      </trkpt>
      <trkpt lat="29.374369941651821136474609375" lon="83.28661666251718997955322265625">
        <ele>4206</ele>
        <time>2026-08-21T05:49:49.000Z</time>
        <extensions>
          <ns3:TrackPointExtension>
            <ns3:hr>113</ns3:hr>
            <ns3:cad>45</ns3:cad>
          </ns3:TrackPointExtension>
        </extensions>
      </trkpt>
      <trkpt lat="29.37434454448521137237548828125" lon="83.28665924258530139923095703125">
        <ele>4205.7998046875</ele>
        <time>2026-08-21T05:49:54.000Z</time>
        <extensions>
          <ns3:TrackPointExtension>
            <ns3:hr>111</ns3:hr>
            <ns3:cad>50</ns3:cad>
          </ns3:TrackPointExtension>
        </extensions>
      </trkpt>
      <trkpt lat="29.37431856058537960052490234375" lon="83.28669947572052478790283203125">
        <ele>4206.2001953125</ele>
        <time>2026-08-21T05:49:59.000Z</time>
        <extensions>
          <ns3:TrackPointExtension>
            <ns3:hr>110</ns3:hr>
            <ns3:cad>0</ns3:cad>
          </ns3:TrackPointExtension>
        </extensions>
      </trkpt>
      <trkpt lat="29.374312944710254669189453125" lon="83.28670911490917205810546875">
        <ele>4206.2001953125</ele>
        <time>2026-08-21T05:50:00.000Z</time>
        <extensions>
          <ns3:TrackPointExtension>
            <ns3:hr>110</ns3:hr>
            <ns3:cad>0</ns3:cad>
          </ns3:TrackPointExtension>
        </extensions>
      </trkpt>
      <trkpt lat="29.37428503297269344329833984375" lon="83.2867595739662647247314453125">
        <ele>4206.7998046875</ele>
        <time>2026-08-21T05:50:06.000Z</time>
        <extensions>
          <ns3:TrackPointExtension>
            <ns3:hr>110</ns3:hr>
            <ns3:cad>0</ns3:cad>
          </ns3:TrackPointExtension>
        </extensions>
      </trkpt>
      <trkpt lat="29.374274723231792449951171875" lon="83.2867884077131748199462890625">
        <ele>4207.2001953125</ele>
        <time>2026-08-21T05:50:09.000Z</time>
        <extensions>
          <ns3:TrackPointExtension>
            <ns3:hr>112</ns3:hr>
            <ns3:cad>40</ns3:cad>
          </ns3:TrackPointExtension>
        </extensions>
      </trkpt>
      <trkpt lat="29.374263994395732879638671875" lon="83.28680835664272308349609375">
        <ele>4207.39990234375</ele>
        <time>2026-08-21T05:50:11.000Z</time>
        <extensions>
          <ns3:TrackPointExtension>
            <ns3:hr>113</ns3:hr>
            <ns3:cad>40</ns3:cad>
          </ns3:TrackPointExtension>
        </extensions>
      </trkpt>
      <trkpt lat="29.37423138879239559173583984375" lon="83.28687029890716075897216796875">
        <ele>4207.2001953125</ele>
        <time>2026-08-21T05:50:18.000Z</time>
        <extensions>
          <ns3:TrackPointExtension>
            <ns3:hr>112</ns3:hr>
            <ns3:cad>0</ns3:cad>
          </ns3:TrackPointExtension>
        </extensions>
      </trkpt>
      <trkpt lat="29.37420205213129520416259765625" lon="83.2869243621826171875">
        <ele>4207.7998046875</ele>
        <time>2026-08-21T05:50:24.000Z</time>
        <extensions>
          <ns3:TrackPointExtension>
            <ns3:hr>111</ns3:hr>
            <ns3:cad>0</ns3:cad>
          </ns3:TrackPointExtension>
        </extensions>
      </trkpt>
      <trkpt lat="29.37417514622211456298828125" lon="83.28696015290915966033935546875">
        <ele>4208</ele>
        <time>2026-08-21T05:50:29.000Z</time>
        <extensions>
          <ns3:TrackPointExtension>
            <ns3:hr>110</ns3:hr>
            <ns3:cad>0</ns3:cad>
          </ns3:TrackPointExtension>
        </extensions>
      </trkpt>
      <trkpt lat="29.37414874322712421417236328125" lon="83.28699418343603610992431640625">
        <ele>4208.39990234375</ele>
        <time>2026-08-21T05:50:33.000Z</time>
        <extensions>
          <ns3:TrackPointExtension>
            <ns3:hr>110</ns3:hr>
            <ns3:cad>0</ns3:cad>
          </ns3:TrackPointExtension>
        </extensions>
      </trkpt>
      <trkpt lat="29.3741417862474918365478515625" lon="83.287001140415668487548828125">
        <ele>4208.39990234375</ele>
        <time>2026-08-21T05:50:34.000Z</time>
        <extensions>
          <ns3:TrackPointExtension>
            <ns3:hr>109</ns3:hr>
            <ns3:cad>47</ns3:cad>
          </ns3:TrackPointExtension>
        </extensions>
      </trkpt>
      <trkpt lat="29.374088309705257415771484375" lon="83.2870651781558990478515625">
        <ele>4207.7998046875</ele>
        <time>2026-08-21T05:50:42.000Z</time>
        <extensions>
          <ns3:TrackPointExtension>
            <ns3:hr>109</ns3:hr>
            <ns3:cad>0</ns3:cad>
          </ns3:TrackPointExtension>
        </extensions>
      </trkpt>
      <trkpt lat="29.3740438856184482574462890625" lon="83.287114463746547698974609375">
        <ele>4209</ele>
        <time>2026-08-21T05:50:48.000Z</time>
        <extensions>
          <ns3:TrackPointExtension>
            <ns3:hr>109</ns3:hr>
            <ns3:cad>45</ns3:cad>
          </ns3:TrackPointExtension>
        </extensions>
      </trkpt>
      <trkpt lat="29.37399870716035366058349609375" lon="83.2871639169752597808837890625">
        <ele>4209.2001953125</ele>
        <time>2026-08-21T05:50:54.000Z</time>
        <extensions>
          <ns3:TrackPointExtension>
            <ns3:hr>109</ns3:hr>
            <ns3:cad>49</ns3:cad>
          </ns3:TrackPointExtension>
        </extensions>
      </trkpt>
      <trkpt lat="29.3739905767142772674560546875" lon="83.287171460688114166259765625">
        <ele>4209.60009765625</ele>
        <time>2026-08-21T05:50:55.000Z</time>
        <extensions>
          <ns3:TrackPointExtension>
            <ns3:hr>109</ns3:hr>
            <ns3:cad>49</ns3:cad>
          </ns3:TrackPointExtension>
        </extensions>
      </trkpt>
      <trkpt lat="29.3739503435790538787841796875" lon="83.28720255754888057708740234375">
        <ele>4209.39990234375</ele>
        <time>2026-08-21T05:50:59.000Z</time>
        <extensions>
          <ns3:TrackPointExtension>
            <ns3:hr>112</ns3:hr>
            <ns3:cad>51</ns3:cad>
          </ns3:TrackPointExtension>
        </extensions>
      </trkpt>
      <trkpt lat="29.3739406205713748931884765625" lon="83.287209682166576385498046875">
        <ele>4209.2001953125</ele>
        <time>2026-08-21T05:51:00.000Z</time>
        <extensions>
          <ns3:TrackPointExtension>
            <ns3:hr>113</ns3:hr>
            <ns3:cad>51</ns3:cad>
          </ns3:TrackPointExtension>
        </extensions>
      </trkpt>
      <trkpt lat="29.3739050813019275665283203125" lon="83.28723348677158355712890625">
        <ele>4208.60009765625</ele>
        <time>2026-08-21T05:51:04.000Z</time>
        <extensions>
          <ns3:TrackPointExtension>
            <ns3:hr>112</ns3:hr>
            <ns3:cad>51</ns3:cad>
          </ns3:TrackPointExtension>
        </extensions>
      </trkpt>
      <trkpt lat="29.37389644794166088104248046875" lon="83.28724128194153308868408203125">
        <ele>4208.39990234375</ele>
        <time>2026-08-21T05:51:05.000Z</time>
        <extensions>
          <ns3:TrackPointExtension>
            <ns3:hr>112</ns3:hr>
            <ns3:cad>50</ns3:cad>
          </ns3:TrackPointExtension>
        </extensions>
      </trkpt>
      <trkpt lat="29.3738588131964206695556640625" lon="83.28729459084570407867431640625">
        <ele>4208</ele>
        <time>2026-08-21T05:51:11.000Z</time>
        <extensions>
          <ns3:TrackPointExtension>
            <ns3:hr>110</ns3:hr>
            <ns3:cad>46</ns3:cad>
          </ns3:TrackPointExtension>
        </extensions>
      </trkpt>
      <trkpt lat="29.3738192506134510040283203125" lon="83.28733683563768863677978515625">
        <ele>4207.7998046875</ele>
        <time>2026-08-21T05:51:17.000Z</time>
        <extensions>
          <ns3:TrackPointExtension>
            <ns3:hr>110</ns3:hr>
            <ns3:cad>43</ns3:cad>
          </ns3:TrackPointExtension>
        </extensions>
      </trkpt>
      <trkpt lat="29.37376669608056545257568359375" lon="83.28735728748142719268798828125">
        <ele>4207.7998046875</ele>
        <time>2026-08-21T05:51:23.000Z</time>
        <extensions>
          <ns3:TrackPointExtension>
            <ns3:hr>109</ns3:hr>
            <ns3:cad>47</ns3:cad>
          </ns3:TrackPointExtension>
        </extensions>
      </trkpt>
      <trkpt lat="29.37371221370995044708251953125" lon="83.28737941570580005645751953125">
        <ele>4208</ele>
        <time>2026-08-21T05:51:28.000Z</time>
        <extensions>
          <ns3:TrackPointExtension>
            <ns3:hr>109</ns3:hr>
            <ns3:cad>47</ns3:cad>
          </ns3:TrackPointExtension>
        </extensions>
      </trkpt>
      <trkpt lat="29.3736737407743930816650390625" lon="83.287395425140857696533203125">
        <ele>4207.39990234375</ele>
        <time>2026-08-21T05:51:32.000Z</time>
        <extensions>
          <ns3:TrackPointExtension>
            <ns3:hr>107</ns3:hr>
            <ns3:cad>49</ns3:cad>
          </ns3:TrackPointExtension>
        </extensions>
      </trkpt>
      <trkpt lat="29.37366552650928497314453125" lon="83.2874009571969509124755859375">
        <ele>4207.60009765625</ele>
        <time>2026-08-21T05:51:33.000Z</time>
        <extensions>
          <ns3:TrackPointExtension>
            <ns3:hr>108</ns3:hr>
            <ns3:cad>48</ns3:cad>
          </ns3:TrackPointExtension>
        </extensions>
      </trkpt>
      <trkpt lat="29.3736232817173004150390625" lon="83.28744613565504550933837890625">
        <ele>4207.7998046875</ele>
        <time>2026-08-21T05:51:39.000Z</time>
        <extensions>
          <ns3:TrackPointExtension>
            <ns3:hr>107</ns3:hr>
            <ns3:cad>47</ns3:cad>
          </ns3:TrackPointExtension>
        </extensions>
      </trkpt>
      <trkpt lat="29.37358799390494823455810546875" lon="83.28748159110546112060546875">
        <ele>4208.2001953125</ele>
        <time>2026-08-21T05:51:44.000Z</time>
        <extensions>
          <ns3:TrackPointExtension>
            <ns3:hr>105</ns3:hr>
            <ns3:cad>44</ns3:cad>
          </ns3:TrackPointExtension>
        </extensions>
      </trkpt>
      <trkpt lat="29.37354172579944133758544921875" lon="83.28752241097390651702880859375">
        <ele>4208.2001953125</ele>
        <time>2026-08-21T05:51:50.000Z</time>
        <extensions>
          <ns3:TrackPointExtension>
            <ns3:hr>105</ns3:hr>
            <ns3:cad>43</ns3:cad>
          </ns3:TrackPointExtension>
        </extensions>
      </trkpt>
      <trkpt lat="29.37349512241780757904052734375" lon="83.28755979426205158233642578125">
        <ele>4207.60009765625</ele>
        <time>2026-08-21T05:51:56.000Z</time>
        <extensions>
          <ns3:TrackPointExtension>
            <ns3:hr>104</ns3:hr>
            <ns3:cad>45</ns3:cad>
          </ns3:TrackPointExtension>
        </extensions>
      </trkpt>
      <trkpt lat="29.373459331691265106201171875" lon="83.28759399242699146270751953125">
        <ele>4208</ele>
        <time>2026-08-21T05:52:01.000Z</time>
        <extensions>
          <ns3:TrackPointExtension>
            <ns3:hr>104</ns3:hr>
            <ns3:cad>44</ns3:cad>
          </ns3:TrackPointExtension>
        </extensions>
      </trkpt>
      <trkpt lat="29.37342991121113300323486328125" lon="83.28762450255453586578369140625">
        <ele>4207.7998046875</ele>
        <time>2026-08-21T05:52:05.000Z</time>
        <extensions>
          <ns3:TrackPointExtension>
            <ns3:hr>104</ns3:hr>
            <ns3:cad>46</ns3:cad>
          </ns3:TrackPointExtension>
        </extensions>
      </trkpt>
      <trkpt lat="29.37339453957974910736083984375" lon="83.2876795716583728790283203125">
        <ele>4207.2001953125</ele>
        <time>2026-08-21T05:52:11.000Z</time>
        <extensions>
          <ns3:TrackPointExtension>
            <ns3:hr>103</ns3:hr>
            <ns3:cad>49</ns3:cad>
          </ns3:TrackPointExtension>
        </extensions>
      </trkpt>
      <trkpt lat="29.37336352653801441192626953125" lon="83.2877357304096221923828125">
        <ele>4207.39990234375</ele>
        <time>2026-08-21T05:52:17.000Z</time>
        <extensions>
          <ns3:TrackPointExtension>
            <ns3:hr>103</ns3:hr>
            <ns3:cad>46</ns3:cad>
          </ns3:TrackPointExtension>
        </extensions>
      </trkpt>
      <trkpt lat="29.37334625981748104095458984375" lon="83.28777604736387729644775390625">
        <ele>4207.39990234375</ele>
        <time>2026-08-21T05:52:24.000Z</time>
        <extensions>
          <ns3:TrackPointExtension>
            <ns3:hr>103</ns3:hr>
            <ns3:cad>71</ns3:cad>
          </ns3:TrackPointExtension>
        </extensions>
      </trkpt>
      <trkpt lat="29.37332899309694766998291015625" lon="83.2877939008176326751708984375">
        <ele>4206.7998046875</ele>
        <time>2026-08-21T05:52:31.000Z</time>
        <extensions>
          <ns3:TrackPointExtension>
            <ns3:hr>103</ns3:hr>
            <ns3:cad>0</ns3:cad>
          </ns3:TrackPointExtension>
        </extensions>
      </trkpt>
      <trkpt lat="29.373327232897281646728515625" lon="83.28780186362564563751220703125">
        <ele>4206.7998046875</ele>
        <time>2026-08-21T05:52:37.000Z</time>
        <extensions>
          <ns3:TrackPointExtension>
            <ns3:hr>104</ns3:hr>
            <ns3:cad>0</ns3:cad>
          </ns3:TrackPointExtension>
        </extensions>
      </trkpt>
      <trkpt lat="29.37331843189895153045654296875" lon="83.28784209676086902618408203125">
        <ele>4206.60009765625</ele>
        <time>2026-08-21T05:52:44.000Z</time>
        <extensions>
          <ns3:TrackPointExtension>
            <ns3:hr>106</ns3:hr>
            <ns3:cad>0</ns3:cad>
          </ns3:TrackPointExtension>
        </extensions>
      </trkpt>
      <trkpt lat="29.3733156658709049224853515625" lon="83.28785131685435771942138671875">
        <ele>4206.39990234375</ele>
        <time>2026-08-21T05:52:45.000Z</time>
        <extensions>
          <ns3:TrackPointExtension>
            <ns3:hr>105</ns3:hr>
            <ns3:cad>0</ns3:cad>
          </ns3:TrackPointExtension>
        </extensions>
      </trkpt>
      <trkpt lat="29.373302422463893890380859375" lon="83.28788124024868011474609375">
        <ele>4206</ele>
        <time>2026-08-21T05:52:49.000Z</time>
        <extensions>
          <ns3:TrackPointExtension>
            <ns3:hr>105</ns3:hr>
            <ns3:cad>0</ns3:cad>
          </ns3:TrackPointExtension>
        </extensions>
      </trkpt>
      <trkpt lat="29.37329160980880260467529296875" lon="83.2879082299768924713134765625">
        <ele>4206.39990234375</ele>
        <time>2026-08-21T05:52:54.000Z</time>
        <extensions>
          <ns3:TrackPointExtension>
            <ns3:hr>105</ns3:hr>
            <ns3:cad>0</ns3:cad>
          </ns3:TrackPointExtension>
        </extensions>
      </trkpt>
      <trkpt lat="29.3732905201613903045654296875" lon="83.2879127562046051025390625">
        <ele>4207</ele>
        <time>2026-08-21T05:52:59.000Z</time>
        <extensions>
          <ns3:TrackPointExtension>
            <ns3:hr>104</ns3:hr>
            <ns3:cad>0</ns3:cad>
          </ns3:TrackPointExtension>
        </extensions>
      </trkpt>
      <trkpt lat="29.3732881732285022735595703125" lon="83.2879132591187953948974609375">
        <ele>4206.7998046875</ele>
        <time>2026-08-21T05:53:05.000Z</time>
        <extensions>
          <ns3:TrackPointExtension>
            <ns3:hr>105</ns3:hr>
            <ns3:cad>0</ns3:cad>
          </ns3:TrackPointExtension>
        </extensions>
      </trkpt>
      <trkpt lat="29.3732818029820919036865234375" lon="83.287914432585239410400390625">
        <ele>4206.60009765625</ele>
        <time>2026-08-21T05:53:14.000Z</time>
        <extensions>
          <ns3:TrackPointExtension>
            <ns3:hr>106</ns3:hr>
            <ns3:cad>0</ns3:cad>
          </ns3:TrackPointExtension>
        </extensions>
      </trkpt>
      <trkpt lat="29.37327685765922069549560546875" lon="83.28791568987071514129638671875">
        <ele>4206.7998046875</ele>
        <time>2026-08-21T05:53:21.000Z</time>
        <extensions>
          <ns3:TrackPointExtension>
            <ns3:hr>103</ns3:hr>
            <ns3:cad>0</ns3:cad>
          </ns3:TrackPointExtension>
        </extensions>
      </trkpt>
      <trkpt lat="29.37327300198376178741455078125" lon="83.287917114794254302978515625">
        <ele>4206.60009765625</ele>
        <time>2026-08-21T05:53:25.000Z</time>
        <extensions>
          <ns3:TrackPointExtension>
            <ns3:hr>102</ns3:hr>
            <ns3:cad>0</ns3:cad>
          </ns3:TrackPointExtension>
        </extensions>
      </trkpt>
      <trkpt lat="29.3732734210789203643798828125" lon="83.28791719861328601837158203125">
        <ele>4206</ele>
        <time>2026-08-21T05:53:34.000Z</time>
        <extensions>
          <ns3:TrackPointExtension>
            <ns3:hr>102</ns3:hr>
            <ns3:cad>0</ns3:cad>
          </ns3:TrackPointExtension>
        </extensions>
      </trkpt>
      <trkpt lat="29.3732740916311740875244140625" lon="83.2879179529845714569091796875">
        <ele>4206</ele>
        <time>2026-08-21T05:53:36.000Z</time>
        <extensions>
          <ns3:TrackPointExtension>
            <ns3:hr>99</ns3:hr>
            <ns3:cad>0</ns3:cad>
          </ns3:TrackPointExtension>
        </extensions>
      </trkpt>
      <trkpt lat="29.373279623687267303466796875" lon="83.28791887499392032623291015625">
        <ele>4206.39990234375</ele>
        <time>2026-08-21T05:53:39.000Z</time>
        <extensions>
          <ns3:TrackPointExtension>
            <ns3:hr>98</ns3:hr>
            <ns3:cad>0</ns3:cad>
          </ns3:TrackPointExtension>
        </extensions>
      </trkpt>
      <trkpt lat="29.37328004278242588043212890625" lon="83.28791853971779346466064453125">
        <ele>4206.60009765625</ele>
        <time>2026-08-21T05:53:40.000Z</time>
        <extensions>
          <ns3:TrackPointExtension>
            <ns3:hr>98</ns3:hr>
            <ns3:cad>0</ns3:cad>
          </ns3:TrackPointExtension>
        </extensions>
      </trkpt>
      <trkpt lat="29.3732772767543792724609375" lon="83.28791786916553974151611328125">
        <ele>4206.7998046875</ele>
        <time>2026-08-21T05:53:43.000Z</time>
        <extensions>
          <ns3:TrackPointExtension>
            <ns3:hr>101</ns3:hr>
            <ns3:cad>0</ns3:cad>
          </ns3:TrackPointExtension>
        </extensions>
      </trkpt>
      <trkpt lat="29.3732804618775844573974609375" lon="83.28791535459458827972412109375">
        <ele>4207</ele>
        <time>2026-08-21T05:53:46.000Z</time>
        <extensions>
          <ns3:TrackPointExtension>
            <ns3:hr>103</ns3:hr>
            <ns3:cad>0</ns3:cad>
          </ns3:TrackPointExtension>
        </extensions>
      </trkpt>
      <trkpt lat="29.3732801266014575958251953125" lon="83.28791703097522258758544921875">
        <ele>4206.60009765625</ele>
        <time>2026-08-21T05:53:53.000Z</time>
        <extensions>
          <ns3:TrackPointExtension>
            <ns3:hr>100</ns3:hr>
            <ns3:cad>0</ns3:cad>
          </ns3:TrackPointExtension>
        </extensions>
      </trkpt>
      <trkpt lat="29.3732745945453643798828125" lon="83.28791183419525623321533203125">
        <ele>4206.7998046875</ele>
        <time>2026-08-21T05:53:57.000Z</time>
        <extensions>
          <ns3:TrackPointExtension>
            <ns3:hr>98</ns3:hr>
            <ns3:cad>0</ns3:cad>
          </ns3:TrackPointExtension>
        </extensions>
      </trkpt>
      <trkpt lat="29.37327434308826923370361328125" lon="83.28791066072881221771240234375">
        <ele>4207</ele>
        <time>2026-08-21T05:54:02.000Z</time>
        <extensions>
          <ns3:TrackPointExtension>
            <ns3:hr>101</ns3:hr>
            <ns3:cad>0</ns3:cad>
          </ns3:TrackPointExtension>
        </extensions>
      </trkpt>
      <trkpt lat="29.3732745945453643798828125" lon="83.287910409271717071533203125">
        <ele>4206.7998046875</ele>
        <time>2026-08-21T05:54:05.000Z</time>
        <extensions>
          <ns3:TrackPointExtension>
            <ns3:hr>103</ns3:hr>
            <ns3:cad>0</ns3:cad>
          </ns3:TrackPointExtension>
        </extensions>
      </trkpt>
      <trkpt lat="29.37327484600245952606201171875" lon="83.28790965490043163299560546875">
        <ele>4206.39990234375</ele>
        <time>2026-08-21T05:54:15.000Z</time>
        <extensions>
          <ns3:TrackPointExtension>
            <ns3:hr>100</ns3:hr>
            <ns3:cad>0</ns3:cad>
          </ns3:TrackPointExtension>
        </extensions>
      </trkpt>
      <trkpt lat="29.3732745945453643798828125" lon="83.28790965490043163299560546875">
        <ele>4206.60009765625</ele>
        <time>2026-08-21T05:54:19.000Z</time>
        <extensions>
          <ns3:TrackPointExtension>
            <ns3:hr>103</ns3:hr>
            <ns3:cad>0</ns3:cad>
          </ns3:TrackPointExtension>
        </extensions>
      </trkpt>
      <trkpt lat="29.373274259269237518310546875" lon="83.28790965490043163299560546875">
        <ele>4206.7998046875</ele>
        <time>2026-08-21T05:54:23.000Z</time>
        <extensions>
          <ns3:TrackPointExtension>
            <ns3:hr>102</ns3:hr>
            <ns3:cad>0</ns3:cad>
          </ns3:TrackPointExtension>
        </extensions>
      </trkpt>
      <trkpt lat="29.3732737563550472259521484375" lon="83.28790982253849506378173828125">
        <ele>4206</ele>
        <time>2026-08-21T05:54:38.000Z</time>
        <extensions>
          <ns3:TrackPointExtension>
            <ns3:hr>103</ns3:hr>
            <ns3:cad>0</ns3:cad>
          </ns3:TrackPointExtension>
        </extensions>
      </trkpt>
      <trkpt lat="29.3732737563550472259521484375" lon="83.28790982253849506378173828125">
        <ele>4206.2001953125</ele>
        <time>2026-08-21T05:54:40.000Z</time>
        <extensions>
          <ns3:TrackPointExtension>
            <ns3:hr>100</ns3:hr>
            <ns3:cad>0</ns3:cad>
          </ns3:TrackPointExtension>
        </extensions>
      </trkpt>
      <trkpt lat="29.37327384017407894134521484375" lon="83.28790982253849506378173828125">
        <ele>4206.39990234375</ele>
        <time>2026-08-21T05:54:41.000Z</time>
        <extensions>
          <ns3:TrackPointExtension>
            <ns3:hr>92</ns3:hr>
            <ns3:cad>0</ns3:cad>
          </ns3:TrackPointExtension>
        </extensions>
      </trkpt>
      <trkpt lat="29.37327384017407894134521484375" lon="83.287909738719463348388671875">
        <ele>4206.39990234375</ele>
        <time>2026-08-21T05:54:42.000Z</time>
        <extensions>
          <ns3:TrackPointExtension>
            <ns3:hr>88</ns3:hr>
            <ns3:cad>0</ns3:cad>
          </ns3:TrackPointExtension>
        </extensions>
      </trkpt>
      <trkpt lat="29.37327384017407894134521484375" lon="83.287909738719463348388671875">
        <ele>4206.39990234375</ele>
        <time>2026-08-21T05:54:43.000Z</time>
        <extensions>
          <ns3:TrackPointExtension>
            <ns3:hr>88</ns3:hr>
            <ns3:cad>0</ns3:cad>
          </ns3:TrackPointExtension>
        </extensions>
      </trkpt>
      <trkpt lat="29.37327417545020580291748046875" lon="83.2879095710813999176025390625">
        <ele>4205.60009765625</ele>
        <time>2026-08-21T05:54:48.000Z</time>
        <extensions>
          <ns3:TrackPointExtension>
            <ns3:hr>92</ns3:hr>
            <ns3:cad>0</ns3:cad>
          </ns3:TrackPointExtension>
        </extensions>
      </trkpt>
      <trkpt lat="29.3732744269073009490966796875" lon="83.28790948726236820220947265625">
        <ele>4205.39990234375</ele>
        <time>2026-08-21T05:54:51.000Z</time>
        <extensions>
          <ns3:TrackPointExtension>
            <ns3:hr>95</ns3:hr>
            <ns3:cad>0</ns3:cad>
          </ns3:TrackPointExtension>
        </extensions>
      </trkpt>
      <trkpt lat="29.37327652238309383392333984375" lon="83.287914097309112548828125">
        <ele>4206.39990234375</ele>
        <time>2026-08-21T05:55:01.000Z</time>
        <extensions>
          <ns3:TrackPointExtension>
            <ns3:hr>93</ns3:hr>
            <ns3:cad>0</ns3:cad>
          </ns3:TrackPointExtension>
        </extensions>
      </trkpt>
      <trkpt lat="29.3732764385640621185302734375" lon="83.28791451640427112579345703125">
        <ele>4206.60009765625</ele>
        <time>2026-08-21T05:55:03.000Z</time>
        <extensions>
          <ns3:TrackPointExtension>
            <ns3:hr>92</ns3:hr>
            <ns3:cad>0</ns3:cad>
          </ns3:TrackPointExtension>
        </extensions>
      </trkpt>
      <trkpt lat="29.373272918164730072021484375" lon="83.2879139296710491180419921875">
        <ele>4206.60009765625</ele>
        <time>2026-08-21T05:55:17.000Z</time>
        <extensions>
          <ns3:TrackPointExtension>
            <ns3:hr>96</ns3:hr>
            <ns3:cad>0</ns3:cad>
          </ns3:TrackPointExtension>
        </extensions>
      </trkpt>
      <trkpt lat="29.37327115796506404876708984375" lon="83.28791074454784393310546875">
        <ele>4206.60009765625</ele>
        <time>2026-08-21T05:55:18.000Z</time>
        <extensions>
          <ns3:TrackPointExtension>
            <ns3:hr>98</ns3:hr>
            <ns3:cad>0</ns3:cad>
          </ns3:TrackPointExtension>
        </extensions>
      </trkpt>
      <trkpt lat="29.37327082268893718719482421875" lon="83.28790781088173389434814453125">
        <ele>4206</ele>
        <time>2026-08-21T05:55:25.000Z</time>
        <extensions>
          <ns3:TrackPointExtension>
            <ns3:hr>99</ns3:hr>
            <ns3:cad>0</ns3:cad>
          </ns3:TrackPointExtension>
        </extensions>
      </trkpt>
      <trkpt lat="29.373271577060222625732421875" lon="83.28790881671011447906494140625">
        <ele>4205.39990234375</ele>
        <time>2026-08-21T05:55:33.000Z</time>
        <extensions>
          <ns3:TrackPointExtension>
            <ns3:hr>98</ns3:hr>
            <ns3:cad>0</ns3:cad>
          </ns3:TrackPointExtension>
        </extensions>
      </trkpt>
      <trkpt lat="29.3732717446982860565185546875" lon="83.287909068167209625244140625">
        <ele>4205</ele>
        <time>2026-08-21T05:55:35.000Z</time>
        <extensions>
          <ns3:TrackPointExtension>
            <ns3:hr>98</ns3:hr>
            <ns3:cad>0</ns3:cad>
          </ns3:TrackPointExtension>
        </extensions>
      </trkpt>
      <trkpt lat="29.3732724152505397796630859375" lon="83.28791133128106594085693359375">
        <ele>4206.39990234375</ele>
        <time>2026-08-21T05:55:45.000Z</time>
        <extensions>
          <ns3:TrackPointExtension>
            <ns3:hr>97</ns3:hr>
            <ns3:cad>0</ns3:cad>
          </ns3:TrackPointExtension>
        </extensions>
      </trkpt>
      <trkpt lat="29.37327249906957149505615234375" lon="83.28791200183331966400146484375">
        <ele>4206.60009765625</ele>
        <time>2026-08-21T05:55:47.000Z</time>
        <extensions>
          <ns3:TrackPointExtension>
            <ns3:hr>101</ns3:hr>
            <ns3:cad>0</ns3:cad>
          </ns3:TrackPointExtension>
        </extensions>
      </trkpt>
      <trkpt lat="29.37327266670763492584228515625" lon="83.28791401349008083343505859375">
        <ele>4206.7998046875</ele>
        <time>2026-08-21T05:55:53.000Z</time>
        <extensions>
          <ns3:TrackPointExtension>
            <ns3:hr>98</ns3:hr>
            <ns3:cad>0</ns3:cad>
          </ns3:TrackPointExtension>
        </extensions>
      </trkpt>
      <trkpt lat="29.3732727505266666412353515625" lon="83.28791476786136627197265625">
        <ele>4207</ele>
        <time>2026-08-21T05:55:56.000Z</time>
        <extensions>
          <ns3:TrackPointExtension>
            <ns3:hr>95</ns3:hr>
            <ns3:cad>0</ns3:cad>
          </ns3:TrackPointExtension>
        </extensions>
      </trkpt>
      <trkpt lat="29.3732727505266666412353515625" lon="83.28792004846036434173583984375">
        <ele>4207.2001953125</ele>
        <time>2026-08-21T05:56:08.000Z</time>
        <extensions>
          <ns3:TrackPointExtension>
            <ns3:hr>96</ns3:hr>
            <ns3:cad>0</ns3:cad>
          </ns3:TrackPointExtension>
        </extensions>
      </trkpt>
      <trkpt lat="29.3732727505266666412353515625" lon="83.28792038373649120330810546875">
        <ele>4207.39990234375</ele>
        <time>2026-08-21T05:56:10.000Z</time>
        <extensions>
          <ns3:TrackPointExtension>
            <ns3:hr>96</ns3:hr>
            <ns3:cad>0</ns3:cad>
          </ns3:TrackPointExtension>
        </extensions>
      </trkpt>
      <trkpt lat="29.37327266670763492584228515625" lon="83.28792055137455463409423828125">
        <ele>4207.2001953125</ele>
        <time>2026-08-21T05:56:13.000Z</time>
        <extensions>
          <ns3:TrackPointExtension>
            <ns3:hr>93</ns3:hr>
            <ns3:cad>0</ns3:cad>
          </ns3:TrackPointExtension>
        </extensions>
      </trkpt>
      <trkpt lat="29.37327258288860321044921875" lon="83.287920467555522918701171875">
        <ele>4207.39990234375</ele>
        <time>2026-08-21T05:56:18.000Z</time>
        <extensions>
          <ns3:TrackPointExtension>
            <ns3:hr>96</ns3:hr>
            <ns3:cad>0</ns3:cad>
          </ns3:TrackPointExtension>
        </extensions>
      </trkpt>
      <trkpt lat="29.37327249906957149505615234375" lon="83.28792038373649120330810546875">
        <ele>4207.2001953125</ele>
        <time>2026-08-21T05:56:20.000Z</time>
        <extensions>
          <ns3:TrackPointExtension>
            <ns3:hr>96</ns3:hr>
            <ns3:cad>0</ns3:cad>
          </ns3:TrackPointExtension>
        </extensions>
      </trkpt>
      <trkpt lat="29.37327182851731777191162109375" lon="83.2879202999174594879150390625">
        <ele>4207.2001953125</ele>
        <time>2026-08-21T05:56:29.000Z</time>
        <extensions>
          <ns3:TrackPointExtension>
            <ns3:hr>99</ns3:hr>
            <ns3:cad>0</ns3:cad>
          </ns3:TrackPointExtension>
        </extensions>
      </trkpt>
      <trkpt lat="29.3732714094221591949462890625" lon="83.2879199646413326263427734375">
        <ele>4207.60009765625</ele>
        <time>2026-08-21T05:56:36.000Z</time>
        <extensions>
          <ns3:TrackPointExtension>
            <ns3:hr>100</ns3:hr>
            <ns3:cad>0</ns3:cad>
          </ns3:TrackPointExtension>
        </extensions>
      </trkpt>
      <trkpt lat="29.3732683919370174407958984375" lon="83.28792138956487178802490234375">
        <ele>4207.39990234375</ele>
        <time>2026-08-21T05:56:46.000Z</time>
        <extensions>
          <ns3:TrackPointExtension>
            <ns3:hr>98</ns3:hr>
            <ns3:cad>0</ns3:cad>
          </ns3:TrackPointExtension>
        </extensions>
      </trkpt>
      <trkpt lat="29.3732678890228271484375" lon="83.2879315316677093505859375">
        <ele>4207.60009765625</ele>
        <time>2026-08-21T05:56:55.000Z</time>
        <extensions>
          <ns3:TrackPointExtension>
            <ns3:hr>96</ns3:hr>
            <ns3:cad>0</ns3:cad>
          </ns3:TrackPointExtension>
        </extensions>
      </trkpt>
      <trkpt lat="29.37326311133801937103271484375" lon="83.28793362714350223541259765625">
        <ele>4207.7998046875</ele>
        <time>2026-08-21T05:56:57.000Z</time>
        <extensions>
          <ns3:TrackPointExtension>
            <ns3:hr>99</ns3:hr>
            <ns3:cad>0</ns3:cad>
          </ns3:TrackPointExtension>
        </extensions>
      </trkpt>
      <trkpt lat="29.37326185405254364013671875" lon="83.28793429769575595855712890625">
        <ele>4207.2001953125</ele>
        <time>2026-08-21T05:57:05.000Z</time>
        <extensions>
          <ns3:TrackPointExtension>
            <ns3:hr>99</ns3:hr>
            <ns3:cad>0</ns3:cad>
          </ns3:TrackPointExtension>
        </extensions>
      </trkpt>
      <trkpt lat="29.37325824983417987823486328125" lon="83.2879353873431682586669921875">
        <ele>4206.60009765625</ele>
        <time>2026-08-21T05:57:17.000Z</time>
        <extensions>
          <ns3:TrackPointExtension>
            <ns3:hr>99</ns3:hr>
            <ns3:cad>0</ns3:cad>
          </ns3:TrackPointExtension>
        </extensions>
      </trkpt>
      <trkpt lat="29.37325808219611644744873046875" lon="83.28793530352413654327392578125">
        <ele>4206.39990234375</ele>
        <time>2026-08-21T05:57:18.000Z</time>
        <extensions>
          <ns3:TrackPointExtension>
            <ns3:hr>98</ns3:hr>
            <ns3:cad>0</ns3:cad>
          </ns3:TrackPointExtension>
        </extensions>
      </trkpt>
      <trkpt lat="29.3732576631009578704833984375" lon="83.28792843036353588104248046875">
        <ele>4206.39990234375</ele>
        <time>2026-08-21T05:57:26.000Z</time>
        <extensions>
          <ns3:TrackPointExtension>
            <ns3:hr>98</ns3:hr>
            <ns3:cad>0</ns3:cad>
          </ns3:TrackPointExtension>
        </extensions>
      </trkpt>
      <trkpt lat="29.373259507119655609130859375" lon="83.28794687055051326751708984375">
        <ele>4206.60009765625</ele>
        <time>2026-08-21T05:57:32.000Z</time>
        <extensions>
          <ns3:TrackPointExtension>
            <ns3:hr>99</ns3:hr>
            <ns3:cad>0</ns3:cad>
          </ns3:TrackPointExtension>
        </extensions>
      </trkpt>
      <trkpt lat="29.3732600100338459014892578125" lon="83.28794787637889385223388671875">
        <ele>4206.60009765625</ele>
        <time>2026-08-21T05:57:40.000Z</time>
        <extensions>
          <ns3:TrackPointExtension>
            <ns3:hr>102</ns3:hr>
            <ns3:cad>0</ns3:cad>
          </ns3:TrackPointExtension>
        </extensions>
      </trkpt>
      <trkpt lat="29.37325975857675075531005859375" lon="83.28794770874083042144775390625">
        <ele>4206.7998046875</ele>
        <time>2026-08-21T05:57:44.000Z</time>
        <extensions>
          <ns3:TrackPointExtension>
            <ns3:hr>102</ns3:hr>
            <ns3:cad>0</ns3:cad>
          </ns3:TrackPointExtension>
        </extensions>
      </trkpt>
      <trkpt lat="29.37325841747224330902099609375" lon="83.287946619093418121337890625">
        <ele>4206.7998046875</ele>
        <time>2026-08-21T05:57:47.000Z</time>
        <extensions>
          <ns3:TrackPointExtension>
            <ns3:hr>99</ns3:hr>
            <ns3:cad>0</ns3:cad>
          </ns3:TrackPointExtension>
        </extensions>
      </trkpt>
      <trkpt lat="29.37325355596840381622314453125" lon="83.28794737346470355987548828125">
        <ele>4207.39990234375</ele>
        <time>2026-08-21T05:57:54.000Z</time>
        <extensions>
          <ns3:TrackPointExtension>
            <ns3:hr>99</ns3:hr>
            <ns3:cad>0</ns3:cad>
          </ns3:TrackPointExtension>
        </extensions>
      </trkpt>
      <trkpt lat="29.3732509575784206390380859375" lon="83.28794896602630615234375">
        <ele>4207.39990234375</ele>
        <time>2026-08-21T05:58:05.000Z</time>
        <extensions>
          <ns3:TrackPointExtension>
            <ns3:hr>100</ns3:hr>
            <ns3:cad>0</ns3:cad>
          </ns3:TrackPointExtension>
        </extensions>
      </trkpt>
      <trkpt lat="29.37324986793100833892822265625" lon="83.28794955275952816009521484375">
        <ele>4207</ele>
        <time>2026-08-21T05:58:10.000Z</time>
        <extensions>
          <ns3:TrackPointExtension>
            <ns3:hr>97</ns3:hr>
            <ns3:cad>0</ns3:cad>
          </ns3:TrackPointExtension>
        </extensions>
      </trkpt>
      <trkpt lat="29.37324919737875461578369140625" lon="83.287949971854686737060546875">
        <ele>4207.2001953125</ele>
        <time>2026-08-21T05:58:14.000Z</time>
        <extensions>
          <ns3:TrackPointExtension>
            <ns3:hr>93</ns3:hr>
            <ns3:cad>0</ns3:cad>
          </ns3:TrackPointExtension>
        </extensions>
      </trkpt>
      <trkpt lat="29.37324953265488147735595703125" lon="83.2879504747688770294189453125">
        <ele>4207.2001953125</ele>
        <time>2026-08-21T05:58:24.000Z</time>
        <extensions>
          <ns3:TrackPointExtension>
            <ns3:hr>94</ns3:hr>
            <ns3:cad>0</ns3:cad>
          </ns3:TrackPointExtension>
        </extensions>
      </trkpt>
      <trkpt lat="29.3732653744518756866455078125" lon="83.2879732735455036163330078125">
        <ele>4206.60009765625</ele>
        <time>2026-08-21T05:58:31.000Z</time>
        <extensions>
          <ns3:TrackPointExtension>
            <ns3:hr>95</ns3:hr>
            <ns3:cad>0</ns3:cad>
          </ns3:TrackPointExtension>
        </extensions>
      </trkpt>
      <trkpt lat="29.373258836567401885986328125" lon="83.2880262471735477447509765625">
        <ele>4207</ele>
        <time>2026-08-21T05:58:36.000Z</time>
        <extensions>
          <ns3:TrackPointExtension>
            <ns3:hr>96</ns3:hr>
            <ns3:cad>0</ns3:cad>
          </ns3:TrackPointExtension>
        </extensions>
      </trkpt>
      <trkpt lat="29.373236037790775299072265625" lon="83.2880802266299724578857421875">
        <ele>4207</ele>
        <time>2026-08-21T05:58:41.000Z</time>
        <extensions>
          <ns3:TrackPointExtension>
            <ns3:hr>97</ns3:hr>
            <ns3:cad>0</ns3:cad>
          </ns3:TrackPointExtension>
        </extensions>
      </trkpt>
      <trkpt lat="29.37321885488927364349365234375" lon="83.288142420351505279541015625">
        <ele>4206.60009765625</ele>
        <time>2026-08-21T05:58:47.000Z</time>
        <extensions>
          <ns3:TrackPointExtension>
            <ns3:hr>98</ns3:hr>
            <ns3:cad>0</ns3:cad>
          </ns3:TrackPointExtension>
        </extensions>
      </trkpt>
      <trkpt lat="29.37321449629962444305419921875" lon="83.2881523109972476959228515625">
        <ele>4206.60009765625</ele>
        <time>2026-08-21T05:58:48.000Z</time>
        <extensions>
          <ns3:TrackPointExtension>
            <ns3:hr>98</ns3:hr>
            <ns3:cad>0</ns3:cad>
          </ns3:TrackPointExtension>
        </extensions>
      </trkpt>
      <trkpt lat="29.37319806776940822601318359375" lon="83.288190029561519622802734375">
        <ele>4207</ele>
        <time>2026-08-21T05:58:52.000Z</time>
        <extensions>
          <ns3:TrackPointExtension>
            <ns3:hr>100</ns3:hr>
            <ns3:cad>0</ns3:cad>
          </ns3:TrackPointExtension>
        </extensions>
      </trkpt>
      <trkpt lat="29.37317493371665477752685546875" lon="83.28824224881827831268310546875">
        <ele>4206.60009765625</ele>
        <time>2026-08-21T05:58:58.000Z</time>
        <extensions>
          <ns3:TrackPointExtension>
            <ns3:hr>102</ns3:hr>
            <ns3:cad>0</ns3:cad>
          </ns3:TrackPointExtension>
        </extensions>
      </trkpt>
      <trkpt lat="29.37315364368259906768798828125" lon="83.28828298486769199371337890625">
        <ele>4207.2001953125</ele>
        <time>2026-08-21T05:59:03.000Z</time>
        <extensions>
          <ns3:TrackPointExtension>
            <ns3:hr>101</ns3:hr>
            <ns3:cad>0</ns3:cad>
          </ns3:TrackPointExtension>
        </extensions>
      </trkpt>
      <trkpt lat="29.37312480993568897247314453125" lon="83.28835356049239635467529296875">
        <ele>4207</ele>
        <time>2026-08-21T05:59:10.000Z</time>
        <extensions>
          <ns3:TrackPointExtension>
            <ns3:hr>100</ns3:hr>
            <ns3:cad>0</ns3:cad>
          </ns3:TrackPointExtension>
        </extensions>
      </trkpt>
      <trkpt lat="29.37311056070029735565185546875" lon="83.288392536342144012451171875">
        <ele>4207.39990234375</ele>
        <time>2026-08-21T05:59:14.000Z</time>
        <extensions>
          <ns3:TrackPointExtension>
            <ns3:hr>101</ns3:hr>
            <ns3:cad>0</ns3:cad>
          </ns3:TrackPointExtension>
        </extensions>
      </trkpt>
      <trkpt lat="29.3730990774929523468017578125" lon="83.28844140283763408660888671875">
        <ele>4207.60009765625</ele>
        <time>2026-08-21T05:59:19.000Z</time>
        <extensions>
          <ns3:TrackPointExtension>
            <ns3:hr>100</ns3:hr>
            <ns3:cad>0</ns3:cad>
          </ns3:TrackPointExtension>
        </extensions>
      </trkpt>
      <trkpt lat="29.3730813078582286834716796875" lon="83.2885050214827060699462890625">
        <ele>4208.2001953125</ele>
        <time>2026-08-21T05:59:26.000Z</time>
        <extensions>
          <ns3:TrackPointExtension>
            <ns3:hr>100</ns3:hr>
            <ns3:cad>0</ns3:cad>
          </ns3:TrackPointExtension>
        </extensions>
      </trkpt>
      <trkpt lat="29.3730752728879451751708984375" lon="83.28852958045899868011474609375">
        <ele>4208.39990234375</ele>
        <time>2026-08-21T05:59:29.000Z</time>
        <extensions>
          <ns3:TrackPointExtension>
            <ns3:hr>103</ns3:hr>
            <ns3:cad>0</ns3:cad>
          </ns3:TrackPointExtension>
        </extensions>
      </trkpt>
      <trkpt lat="29.3730732612311840057373046875" lon="83.28853712417185306549072265625">
        <ele>4208.39990234375</ele>
        <time>2026-08-21T05:59:30.000Z</time>
        <extensions>
          <ns3:TrackPointExtension>
            <ns3:hr>103</ns3:hr>
            <ns3:cad>0</ns3:cad>
          </ns3:TrackPointExtension>
        </extensions>
      </trkpt>
      <trkpt lat="29.37306077219545841217041015625" lon="83.28857417218387126922607421875">
        <ele>4208.60009765625</ele>
        <time>2026-08-21T05:59:35.000Z</time>
        <extensions>
          <ns3:TrackPointExtension>
            <ns3:hr>105</ns3:hr>
            <ns3:cad>0</ns3:cad>
          </ns3:TrackPointExtension>
        </extensions>
      </trkpt>
      <trkpt lat="29.37304794788360595703125" lon="83.2886320911347866058349609375">
        <ele>4208.60009765625</ele>
        <time>2026-08-21T05:59:41.000Z</time>
        <extensions>
          <ns3:TrackPointExtension>
            <ns3:hr>107</ns3:hr>
            <ns3:cad>0</ns3:cad>
          </ns3:TrackPointExtension>
        </extensions>
      </trkpt>
      <trkpt lat="29.3730269931256771087646484375" lon="83.28869218938052654266357421875">
        <ele>4208.60009765625</ele>
        <time>2026-08-21T05:59:47.000Z</time>
        <extensions>
          <ns3:TrackPointExtension>
            <ns3:hr>107</ns3:hr>
            <ns3:cad>51</ns3:cad>
          </ns3:TrackPointExtension>
        </extensions>
      </trkpt>
      <trkpt lat="29.373016767203807830810546875" lon="83.2887410558760166168212890625">
        <ele>4209.2001953125</ele>
        <time>2026-08-21T05:59:53.000Z</time>
        <extensions>
          <ns3:TrackPointExtension>
            <ns3:hr>107</ns3:hr>
            <ns3:cad>0</ns3:cad>
          </ns3:TrackPointExtension>
        </extensions>
      </trkpt>
      <trkpt lat="29.37301131896674633026123046875" lon="83.28875832259654998779296875">
        <ele>4209.60009765625</ele>
        <time>2026-08-21T05:59:55.000Z</time>
        <extensions>
          <ns3:TrackPointExtension>
            <ns3:hr>104</ns3:hr>
            <ns3:cad>0</ns3:cad>
          </ns3:TrackPointExtension>
        </extensions>
      </trkpt>
      <trkpt lat="29.37300696037709712982177734375" lon="83.28877483494579792022705078125">
        <ele>4209.7998046875</ele>
        <time>2026-08-21T05:59:57.000Z</time>
        <extensions>
          <ns3:TrackPointExtension>
            <ns3:hr>100</ns3:hr>
            <ns3:cad>0</ns3:cad>
          </ns3:TrackPointExtension>
        </extensions>
      </trkpt>
      <trkpt lat="29.37300478108227252960205078125" lon="83.2887812890112400054931640625">
        <ele>4210.2001953125</ele>
        <time>2026-08-21T05:59:58.000Z</time>
        <extensions>
          <ns3:TrackPointExtension>
            <ns3:hr>99</ns3:hr>
            <ns3:cad>0</ns3:cad>
          </ns3:TrackPointExtension>
        </extensions>
      </trkpt>
      <trkpt lat="29.37299824319779872894287109375" lon="83.288814984261989593505859375">
        <ele>4210.39990234375</ele>
        <time>2026-08-21T06:00:03.000Z</time>
        <extensions>
          <ns3:TrackPointExtension>
            <ns3:hr>101</ns3:hr>
            <ns3:cad>0</ns3:cad>
          </ns3:TrackPointExtension>
        </extensions>
      </trkpt>
      <trkpt lat="29.372995980083942413330078125" lon="83.288833089172840118408203125">
        <ele>4210.60009765625</ele>
        <time>2026-08-21T06:00:05.000Z</time>
        <extensions>
          <ns3:TrackPointExtension>
            <ns3:hr>104</ns3:hr>
            <ns3:cad>0</ns3:cad>
          </ns3:TrackPointExtension>
        </extensions>
      </trkpt>
      <trkpt lat="29.37299740500748157501220703125" lon="83.28884951770305633544921875">
        <ele>4210.7998046875</ele>
        <time>2026-08-21T06:00:07.000Z</time>
        <extensions>
          <ns3:TrackPointExtension>
            <ns3:hr>105</ns3:hr>
            <ns3:cad>0</ns3:cad>
          </ns3:TrackPointExtension>
        </extensions>
      </trkpt>
      <trkpt lat="29.3730058707296848297119140625" lon="83.2889103703200817108154296875">
        <ele>4211.2001953125</ele>
        <time>2026-08-21T06:00:14.000Z</time>
        <extensions>
          <ns3:TrackPointExtension>
            <ns3:hr>107</ns3:hr>
            <ns3:cad>0</ns3:cad>
          </ns3:TrackPointExtension>
        </extensions>
      </trkpt>
      <trkpt lat="29.37300360761582851409912109375" lon="83.28896694816648960113525390625">
        <ele>4211.2001953125</ele>
        <time>2026-08-21T06:00:20.000Z</time>
        <extensions>
          <ns3:TrackPointExtension>
            <ns3:hr>109</ns3:hr>
            <ns3:cad>70</ns3:cad>
          </ns3:TrackPointExtension>
        </extensions>
      </trkpt>
      <trkpt lat="29.3730008415877819061279296875" lon="83.28901472501456737518310546875">
        <ele>4211.60009765625</ele>
        <time>2026-08-21T06:00:24.000Z</time>
        <extensions>
          <ns3:TrackPointExtension>
            <ns3:hr>112</ns3:hr>
            <ns3:cad>41</ns3:cad>
          </ns3:TrackPointExtension>
        </extensions>
      </trkpt>
      <trkpt lat="29.37299924902617931365966796875" lon="83.28902629204094409942626953125">
        <ele>4211.7998046875</ele>
        <time>2026-08-21T06:00:25.000Z</time>
        <extensions>
          <ns3:TrackPointExtension>
            <ns3:hr>112</ns3:hr>
            <ns3:cad>41</ns3:cad>
          </ns3:TrackPointExtension>
        </extensions>
      </trkpt>
      <trkpt lat="29.37299774028360843658447265625" lon="83.28903886489570140838623046875">
        <ele>4212</ele>
        <time>2026-08-21T06:00:26.000Z</time>
        <extensions>
          <ns3:TrackPointExtension>
            <ns3:hr>113</ns3:hr>
            <ns3:cad>41</ns3:cad>
          </ns3:TrackPointExtension>
        </extensions>
      </trkpt>
      <trkpt lat="29.37298935838043689727783203125" lon="83.28910675831139087677001953125">
        <ele>4211.60009765625</ele>
        <time>2026-08-21T06:00:32.000Z</time>
        <extensions>
          <ns3:TrackPointExtension>
            <ns3:hr>112</ns3:hr>
            <ns3:cad>0</ns3:cad>
          </ns3:TrackPointExtension>
        </extensions>
      </trkpt>
      <trkpt lat="29.37297745607793331146240234375" lon="83.289164341986179351806640625">
        <ele>4212.60009765625</ele>
        <time>2026-08-21T06:00:38.000Z</time>
        <extensions>
          <ns3:TrackPointExtension>
            <ns3:hr>111</ns3:hr>
            <ns3:cad>0</ns3:cad>
          </ns3:TrackPointExtension>
        </extensions>
      </trkpt>
      <trkpt lat="29.37297485768795013427734375" lon="83.2891722209751605987548828125">
        <ele>4213</ele>
        <time>2026-08-21T06:00:39.000Z</time>
        <extensions>
          <ns3:TrackPointExtension>
            <ns3:hr>111</ns3:hr>
            <ns3:cad>0</ns3:cad>
          </ns3:TrackPointExtension>
        </extensions>
      </trkpt>
      <trkpt lat="29.37296278774738311767578125" lon="83.289209268987178802490234375">
        <ele>4213.60009765625</ele>
        <time>2026-08-21T06:00:43.000Z</time>
        <extensions>
          <ns3:TrackPointExtension>
            <ns3:hr>110</ns3:hr>
            <ns3:cad>0</ns3:cad>
          </ns3:TrackPointExtension>
        </extensions>
      </trkpt>
      <trkpt lat="29.37294107861816883087158203125" lon="83.2892536930739879608154296875">
        <ele>4213.7998046875</ele>
        <time>2026-08-21T06:00:49.000Z</time>
        <extensions>
          <ns3:TrackPointExtension>
            <ns3:hr>111</ns3:hr>
            <ns3:cad>0</ns3:cad>
          </ns3:TrackPointExtension>
        </extensions>
      </trkpt>
      <trkpt lat="29.3729366362094879150390625" lon="83.28926257789134979248046875">
        <ele>4214</ele>
        <time>2026-08-21T06:00:50.000Z</time>
        <extensions>
          <ns3:TrackPointExtension>
            <ns3:hr>111</ns3:hr>
            <ns3:cad>0</ns3:cad>
          </ns3:TrackPointExtension>
        </extensions>
      </trkpt>
      <trkpt lat="29.372921884059906005859375" lon="83.28930088318884372711181640625">
        <ele>4214.7998046875</ele>
        <time>2026-08-21T06:00:54.000Z</time>
        <extensions>
          <ns3:TrackPointExtension>
            <ns3:hr>110</ns3:hr>
            <ns3:cad>0</ns3:cad>
          </ns3:TrackPointExtension>
        </extensions>
      </trkpt>
      <trkpt lat="29.37290905974805355072021484375" lon="83.289332650601863861083984375">
        <ele>4215</ele>
        <time>2026-08-21T06:00:57.000Z</time>
        <extensions>
          <ns3:TrackPointExtension>
            <ns3:hr>109</ns3:hr>
            <ns3:cad>0</ns3:cad>
          </ns3:TrackPointExtension>
        </extensions>
      </trkpt>
      <trkpt lat="29.372899420559406280517578125" lon="83.2893536053597927093505859375">
        <ele>4215.39990234375</ele>
        <time>2026-08-21T06:00:59.000Z</time>
        <extensions>
          <ns3:TrackPointExtension>
            <ns3:hr>108</ns3:hr>
            <ns3:cad>0</ns3:cad>
          </ns3:TrackPointExtension>
        </extensions>
      </trkpt>
      <trkpt lat="29.37288458459079265594482421875" lon="83.2893794216215610504150390625">
        <ele>4215.60009765625</ele>
        <time>2026-08-21T06:01:03.000Z</time>
        <extensions>
          <ns3:TrackPointExtension>
            <ns3:hr>110</ns3:hr>
            <ns3:cad>0</ns3:cad>
          </ns3:TrackPointExtension>
        </extensions>
      </trkpt>
      <trkpt lat="29.37285440973937511444091796875" lon="83.28941705636680126190185546875">
        <ele>4216.2001953125</ele>
        <time>2026-08-21T06:01:08.000Z</time>
        <extensions>
          <ns3:TrackPointExtension>
            <ns3:hr>111</ns3:hr>
            <ns3:cad>0</ns3:cad>
          </ns3:TrackPointExtension>
        </extensions>
      </trkpt>
      <trkpt lat="29.3728197924792766571044921875" lon="83.289459049701690673828125">
        <ele>4216.60009765625</ele>
        <time>2026-08-21T06:01:13.000Z</time>
        <extensions>
          <ns3:TrackPointExtension>
            <ns3:hr>112</ns3:hr>
            <ns3:cad>0</ns3:cad>
          </ns3:TrackPointExtension>
        </extensions>
      </trkpt>
      <trkpt lat="29.37278685159981250762939453125" lon="83.28950489871203899383544921875">
        <ele>4216.39990234375</ele>
        <time>2026-08-21T06:01:18.000Z</time>
        <extensions>
          <ns3:TrackPointExtension>
            <ns3:hr>112</ns3:hr>
            <ns3:cad>0</ns3:cad>
          </ns3:TrackPointExtension>
        </extensions>
      </trkpt>
      <trkpt lat="29.37273622490465641021728515625" lon="83.28956122510135173797607421875">
        <ele>4216.2001953125</ele>
        <time>2026-08-21T06:01:25.000Z</time>
        <extensions>
          <ns3:TrackPointExtension>
            <ns3:hr>114</ns3:hr>
            <ns3:cad>0</ns3:cad>
          </ns3:TrackPointExtension>
        </extensions>
      </trkpt>
      <trkpt lat="29.37266296707093715667724609375" lon="83.2896345667541027069091796875">
        <ele>4215.39990234375</ele>
        <time>2026-08-21T06:01:34.000Z</time>
        <extensions>
          <ns3:TrackPointExtension>
            <ns3:hr>111</ns3:hr>
            <ns3:cad>46</ns3:cad>
          </ns3:TrackPointExtension>
        </extensions>
      </trkpt>
      <trkpt lat="29.3726481311023235321044921875" lon="83.28964881598949432373046875">
        <ele>4215.2001953125</ele>
        <time>2026-08-21T06:01:36.000Z</time>
        <extensions>
          <ns3:TrackPointExtension>
            <ns3:hr>109</ns3:hr>
            <ns3:cad>46</ns3:cad>
          </ns3:TrackPointExtension>
        </extensions>
      </trkpt>
      <trkpt lat="29.37259524129331111907958984375" lon="83.28968527726829051971435546875">
        <ele>4216</ele>
        <time>2026-08-21T06:01:42.000Z</time>
        <extensions>
          <ns3:TrackPointExtension>
            <ns3:hr>109</ns3:hr>
            <ns3:cad>45</ns3:cad>
          </ns3:TrackPointExtension>
        </extensions>
      </trkpt>
      <trkpt lat="29.3725867755711078643798828125" lon="83.28969080932438373565673828125">
        <ele>4216.2001953125</ele>
        <time>2026-08-21T06:01:43.000Z</time>
        <extensions>
          <ns3:TrackPointExtension>
            <ns3:hr>108</ns3:hr>
            <ns3:cad>45</ns3:cad>
          </ns3:TrackPointExtension>
        </extensions>
      </trkpt>
      <trkpt lat="29.372546374797821044921875" lon="83.28972031362354755401611328125">
        <ele>4216.39990234375</ele>
        <time>2026-08-21T06:01:48.000Z</time>
        <extensions>
          <ns3:TrackPointExtension>
            <ns3:hr>108</ns3:hr>
            <ns3:cad>45</ns3:cad>
          </ns3:TrackPointExtension>
        </extensions>
      </trkpt>
      <trkpt lat="29.372493065893650054931640625" lon="83.28977580182254314422607421875">
        <ele>4216.7998046875</ele>
        <time>2026-08-21T06:01:54.000Z</time>
        <extensions>
          <ns3:TrackPointExtension>
            <ns3:hr>107</ns3:hr>
            <ns3:cad>44</ns3:cad>
          </ns3:TrackPointExtension>
        </extensions>
      </trkpt>
      <trkpt lat="29.37244671396911144256591796875" lon="83.2898340560495853424072265625">
        <ele>4217.39990234375</ele>
        <time>2026-08-21T06:02:01.000Z</time>
        <extensions>
          <ns3:TrackPointExtension>
            <ns3:hr>106</ns3:hr>
            <ns3:cad>44</ns3:cad>
          </ns3:TrackPointExtension>
        </extensions>
      </trkpt>
      <trkpt lat="29.37240329571068286895751953125" lon="83.289893902838230133056640625">
        <ele>4217.39990234375</ele>
        <time>2026-08-21T06:02:08.000Z</time>
        <extensions>
          <ns3:TrackPointExtension>
            <ns3:hr>107</ns3:hr>
            <ns3:cad>44</ns3:cad>
          </ns3:TrackPointExtension>
        </extensions>
      </trkpt>
      <trkpt lat="29.37237245030701160430908203125" lon="83.2899400033056735992431640625">
        <ele>4218.2001953125</ele>
        <time>2026-08-21T06:02:15.000Z</time>
        <extensions>
          <ns3:TrackPointExtension>
            <ns3:hr>107</ns3:hr>
            <ns3:cad>41</ns3:cad>
          </ns3:TrackPointExtension>
        </extensions>
      </trkpt>
      <trkpt lat="29.372364319860935211181640625" lon="83.2899480499327182769775390625">
        <ele>4218.60009765625</ele>
        <time>2026-08-21T06:02:17.000Z</time>
        <extensions>
          <ns3:TrackPointExtension>
            <ns3:hr>108</ns3:hr>
            <ns3:cad>40</ns3:cad>
          </ns3:TrackPointExtension>
        </extensions>
      </trkpt>
      <trkpt lat="29.3723621405661106109619140625" lon="83.28994712792336940765380859375">
        <ele>4219</ele>
        <time>2026-08-21T06:02:21.000Z</time>
        <extensions>
          <ns3:TrackPointExtension>
            <ns3:hr>109</ns3:hr>
            <ns3:cad>0</ns3:cad>
          </ns3:TrackPointExtension>
        </extensions>
      </trkpt>
      <trkpt lat="29.37237798236310482025146484375" lon="83.289945535361766815185546875">
        <ele>4219</ele>
        <time>2026-08-21T06:02:28.000Z</time>
        <extensions>
          <ns3:TrackPointExtension>
            <ns3:hr>108</ns3:hr>
            <ns3:cad>0</ns3:cad>
          </ns3:TrackPointExtension>
        </extensions>
      </trkpt>
      <trkpt lat="29.3723819218575954437255859375" lon="83.2899446971714496612548828125">
        <ele>4218</ele>
        <time>2026-08-21T06:02:34.000Z</time>
        <extensions>
          <ns3:TrackPointExtension>
            <ns3:hr>107</ns3:hr>
            <ns3:cad>0</ns3:cad>
          </ns3:TrackPointExtension>
        </extensions>
      </trkpt>
      <trkpt lat="29.37238602899014949798583984375" lon="83.28994260169565677642822265625">
        <ele>4218</ele>
        <time>2026-08-21T06:02:40.000Z</time>
        <extensions>
          <ns3:TrackPointExtension>
            <ns3:hr>107</ns3:hr>
            <ns3:cad>0</ns3:cad>
          </ns3:TrackPointExtension>
        </extensions>
      </trkpt>
      <trkpt lat="29.37238435260951519012451171875" lon="83.289940170943737030029296875">
        <ele>4219</ele>
        <time>2026-08-21T06:02:48.000Z</time>
        <extensions>
          <ns3:TrackPointExtension>
            <ns3:hr>107</ns3:hr>
            <ns3:cad>0</ns3:cad>
          </ns3:TrackPointExtension>
        </extensions>
      </trkpt>
      <trkpt lat="29.372383765876293182373046875" lon="83.2899389974772930145263671875">
        <ele>4218.7998046875</ele>
        <time>2026-08-21T06:02:56.000Z</time>
        <extensions>
          <ns3:TrackPointExtension>
            <ns3:hr>104</ns3:hr>
            <ns3:cad>0</ns3:cad>
          </ns3:TrackPointExtension>
        </extensions>
      </trkpt>
      <trkpt lat="29.37238334678113460540771484375" lon="83.2899383269250392913818359375">
        <ele>4219.7998046875</ele>
        <time>2026-08-21T06:03:00.000Z</time>
        <extensions>
          <ns3:TrackPointExtension>
            <ns3:hr>104</ns3:hr>
            <ns3:cad>0</ns3:cad>
          </ns3:TrackPointExtension>
        </extensions>
      </trkpt>
      <trkpt lat="29.37238351441919803619384765625" lon="83.28993891365826129913330078125">
        <ele>4219.39990234375</ele>
        <time>2026-08-21T06:03:08.000Z</time>
        <extensions>
          <ns3:TrackPointExtension>
            <ns3:hr>104</ns3:hr>
            <ns3:cad>0</ns3:cad>
          </ns3:TrackPointExtension>
        </extensions>
      </trkpt>
      <trkpt lat="29.37238343060016632080078125" lon="83.2899379916489124298095703125">
        <ele>4219</ele>
        <time>2026-08-21T06:03:11.000Z</time>
        <extensions>
          <ns3:TrackPointExtension>
            <ns3:hr>107</ns3:hr>
            <ns3:cad>0</ns3:cad>
          </ns3:TrackPointExtension>
        </extensions>
      </trkpt>
      <trkpt lat="29.3723829276859760284423828125" lon="83.28993556089699268341064453125">
        <ele>4219.2001953125</ele>
        <time>2026-08-21T06:03:15.000Z</time>
        <extensions>
          <ns3:TrackPointExtension>
            <ns3:hr>110</ns3:hr>
            <ns3:cad>0</ns3:cad>
          </ns3:TrackPointExtension>
        </extensions>
      </trkpt>
      <trkpt lat="29.37237798236310482025146484375" lon="83.289938159286975860595703125">
        <ele>4219.2001953125</ele>
        <time>2026-08-21T06:03:20.000Z</time>
        <extensions>
          <ns3:TrackPointExtension>
            <ns3:hr>110</ns3:hr>
            <ns3:cad>0</ns3:cad>
          </ns3:TrackPointExtension>
        </extensions>
      </trkpt>
      <trkpt lat="29.372372366487979888916015625" lon="83.28993991948664188385009765625">
        <ele>4219.60009765625</ele>
        <time>2026-08-21T06:03:27.000Z</time>
        <extensions>
          <ns3:TrackPointExtension>
            <ns3:hr>108</ns3:hr>
            <ns3:cad>0</ns3:cad>
          </ns3:TrackPointExtension>
        </extensions>
      </trkpt>
      <trkpt lat="29.3723755516111850738525390625" lon="83.289946205914020538330078125">
        <ele>4219.2001953125</ele>
        <time>2026-08-21T06:03:34.000Z</time>
        <extensions>
          <ns3:TrackPointExtension>
            <ns3:hr>106</ns3:hr>
            <ns3:cad>0</ns3:cad>
          </ns3:TrackPointExtension>
        </extensions>
      </trkpt>
      <trkpt lat="29.3723758868873119354248046875" lon="83.289949893951416015625">
        <ele>4219</ele>
        <time>2026-08-21T06:03:36.000Z</time>
        <extensions>
          <ns3:TrackPointExtension>
            <ns3:hr>109</ns3:hr>
            <ns3:cad>0</ns3:cad>
          </ns3:TrackPointExtension>
        </extensions>
      </trkpt>
      <trkpt lat="29.372373037040233612060546875" lon="83.28995115123689174652099609375">
        <ele>4219</ele>
        <time>2026-08-21T06:03:38.000Z</time>
        <extensions>
          <ns3:TrackPointExtension>
            <ns3:hr>114</ns3:hr>
            <ns3:cad>47</ns3:cad>
          </ns3:TrackPointExtension>
        </extensions>
      </trkpt>
      <trkpt lat="29.37237043865025043487548828125" lon="83.2899463735520839691162109375">
        <ele>4219.2001953125</ele>
        <time>2026-08-21T06:03:40.000Z</time>
        <extensions>
          <ns3:TrackPointExtension>
            <ns3:hr>117</ns3:hr>
            <ns3:cad>0</ns3:cad>
          </ns3:TrackPointExtension>
        </extensions>
      </trkpt>
      <trkpt lat="29.3723725341260433197021484375" lon="83.28994645737111568450927734375">
        <ele>4219.2001953125</ele>
        <time>2026-08-21T06:03:44.000Z</time>
        <extensions>
          <ns3:TrackPointExtension>
            <ns3:hr>119</ns3:hr>
            <ns3:cad>79</ns3:cad>
          </ns3:TrackPointExtension>
        </extensions>
      </trkpt>
      <trkpt lat="29.3723778985440731048583984375" lon="83.28994293697178363800048828125">
        <ele>4218.60009765625</ele>
        <time>2026-08-21T06:03:52.000Z</time>
        <extensions>
          <ns3:TrackPointExtension>
            <ns3:hr>118</ns3:hr>
            <ns3:cad>0</ns3:cad>
          </ns3:TrackPointExtension>
        </extensions>
      </trkpt>
      <trkpt lat="29.37237865291535854339599609375" lon="83.289944864809513092041015625">
        <ele>4218.39990234375</ele>
        <time>2026-08-21T06:03:53.000Z</time>
        <extensions>
          <ns3:TrackPointExtension>
            <ns3:hr>118</ns3:hr>
            <ns3:cad>0</ns3:cad>
          </ns3:TrackPointExtension>
        </extensions>
      </trkpt>
      <trkpt lat="29.372385777533054351806640625" lon="83.28994327224791049957275390625">
        <ele>4219.60009765625</ele>
        <time>2026-08-21T06:03:58.000Z</time>
        <extensions>
          <ns3:TrackPointExtension>
            <ns3:hr>117</ns3:hr>
            <ns3:cad>57</ns3:cad>
          </ns3:TrackPointExtension>
        </extensions>
      </trkpt>
      <trkpt lat="29.3723849393427371978759765625" lon="83.289944864809513092041015625">
        <ele>4219.7998046875</ele>
        <time>2026-08-21T06:03:59.000Z</time>
        <extensions>
          <ns3:TrackPointExtension>
            <ns3:hr>116</ns3:hr>
            <ns3:cad>57</ns3:cad>
          </ns3:TrackPointExtension>
        </extensions>
      </trkpt>
      <trkpt lat="29.3723842687904834747314453125" lon="83.28994520008563995361328125">
        <ele>4219</ele>
        <time>2026-08-21T06:04:06.000Z</time>
        <extensions>
          <ns3:TrackPointExtension>
            <ns3:hr>115</ns3:hr>
            <ns3:cad>0</ns3:cad>
          </ns3:TrackPointExtension>
        </extensions>
      </trkpt>
      <trkpt lat="29.37238343060016632080078125" lon="83.289944864809513092041015625">
        <ele>4220.2001953125</ele>
        <time>2026-08-21T06:04:12.000Z</time>
        <extensions>
          <ns3:TrackPointExtension>
            <ns3:hr>112</ns3:hr>
            <ns3:cad>0</ns3:cad>
          </ns3:TrackPointExtension>
        </extensions>
      </trkpt>
      <trkpt lat="29.37238301150500774383544921875" lon="83.28994478099048137664794921875">
        <ele>4219.60009765625</ele>
        <time>2026-08-21T06:04:14.000Z</time>
        <extensions>
          <ns3:TrackPointExtension>
            <ns3:hr>109</ns3:hr>
            <ns3:cad>0</ns3:cad>
          </ns3:TrackPointExtension>
        </extensions>
      </trkpt>
      <trkpt lat="29.37238267622888088226318359375" lon="83.28994461335241794586181640625">
        <ele>4218.7998046875</ele>
        <time>2026-08-21T06:04:16.000Z</time>
        <extensions>
          <ns3:TrackPointExtension>
            <ns3:hr>107</ns3:hr>
            <ns3:cad>0</ns3:cad>
          </ns3:TrackPointExtension>
        </extensions>
      </trkpt>
      <trkpt lat="29.37238250859081745147705078125" lon="83.28994452953338623046875">
        <ele>4218.60009765625</ele>
        <time>2026-08-21T06:04:17.000Z</time>
        <extensions>
          <ns3:TrackPointExtension>
            <ns3:hr>107</ns3:hr>
            <ns3:cad>0</ns3:cad>
          </ns3:TrackPointExtension>
        </extensions>
      </trkpt>
      <trkpt lat="29.3723812513053417205810546875" lon="83.2899440266191959381103515625">
        <ele>4219.39990234375</ele>
        <time>2026-08-21T06:04:23.000Z</time>
        <extensions>
          <ns3:TrackPointExtension>
            <ns3:hr>104</ns3:hr>
            <ns3:cad>0</ns3:cad>
          </ns3:TrackPointExtension>
        </extensions>
      </trkpt>
      <trkpt lat="29.37237982638180255889892578125" lon="83.28994427807629108428955078125">
        <ele>4219</ele>
        <time>2026-08-21T06:04:26.000Z</time>
        <extensions>
          <ns3:TrackPointExtension>
            <ns3:hr>103</ns3:hr>
            <ns3:cad>0</ns3:cad>
          </ns3:TrackPointExtension>
        </extensions>
      </trkpt>
      <trkpt lat="29.3723815865814685821533203125" lon="83.28994327224791049957275390625">
        <ele>4218.7998046875</ele>
        <time>2026-08-21T06:04:32.000Z</time>
        <extensions>
          <ns3:TrackPointExtension>
            <ns3:hr>102</ns3:hr>
            <ns3:cad>0</ns3:cad>
          </ns3:TrackPointExtension>
        </extensions>
      </trkpt>
      <trkpt lat="29.37238049693405628204345703125" lon="83.28994679264724254608154296875">
        <ele>4218.39990234375</ele>
        <time>2026-08-21T06:04:42.000Z</time>
        <extensions>
          <ns3:TrackPointExtension>
            <ns3:hr>100</ns3:hr>
            <ns3:cad>0</ns3:cad>
          </ns3:TrackPointExtension>
        </extensions>
      </trkpt>
      <trkpt lat="29.37238049693405628204345703125" lon="83.2899467088282108306884765625">
        <ele>4218.7998046875</ele>
        <time>2026-08-21T06:04:49.000Z</time>
        <extensions>
          <ns3:TrackPointExtension>
            <ns3:hr>101</ns3:hr>
            <ns3:cad>0</ns3:cad>
          </ns3:TrackPointExtension>
        </extensions>
      </trkpt>
      <trkpt lat="29.372380413115024566650390625" lon="83.28994595445692539215087890625">
        <ele>4218.7998046875</ele>
        <time>2026-08-21T06:04:51.000Z</time>
        <extensions>
          <ns3:TrackPointExtension>
            <ns3:hr>104</ns3:hr>
            <ns3:cad>0</ns3:cad>
          </ns3:TrackPointExtension>
        </extensions>
      </trkpt>
      <trkpt lat="29.37238217331469058990478515625" lon="83.2899423502385616302490234375">
        <ele>4218.7998046875</ele>
        <time>2026-08-21T06:04:53.000Z</time>
        <extensions>
          <ns3:TrackPointExtension>
            <ns3:hr>107</ns3:hr>
            <ns3:cad>0</ns3:cad>
          </ns3:TrackPointExtension>
        </extensions>
      </trkpt>
      <trkpt lat="29.37238167040050029754638671875" lon="83.28994293697178363800048828125">
        <ele>4218.60009765625</ele>
        <time>2026-08-21T06:04:56.000Z</time>
        <extensions>
          <ns3:TrackPointExtension>
            <ns3:hr>109</ns3:hr>
            <ns3:cad>0</ns3:cad>
          </ns3:TrackPointExtension>
        </extensions>
      </trkpt>
      <trkpt lat="29.3723835982382297515869140625" lon="83.28994142822921276092529296875">
        <ele>4218.39990234375</ele>
        <time>2026-08-21T06:05:07.000Z</time>
        <extensions>
          <ns3:TrackPointExtension>
            <ns3:hr>109</ns3:hr>
            <ns3:cad>0</ns3:cad>
          </ns3:TrackPointExtension>
        </extensions>
      </trkpt>
      <trkpt lat="29.37238276004791259765625" lon="83.28994478099048137664794921875">
        <ele>4219</ele>
        <time>2026-08-21T06:05:15.000Z</time>
        <extensions>
          <ns3:TrackPointExtension>
            <ns3:hr>110</ns3:hr>
            <ns3:cad>66</ns3:cad>
          </ns3:TrackPointExtension>
        </extensions>
      </trkpt>
      <trkpt lat="29.37238435260951519012451171875" lon="83.28994520008563995361328125">
        <ele>4217.7998046875</ele>
        <time>2026-08-21T06:05:20.000Z</time>
        <extensions>
          <ns3:TrackPointExtension>
            <ns3:hr>108</ns3:hr>
            <ns3:cad>0</ns3:cad>
          </ns3:TrackPointExtension>
        </extensions>
      </trkpt>
      <trkpt lat="29.37238477170467376708984375" lon="83.28994561918079853057861328125">
        <ele>4217.39990234375</ele>
        <time>2026-08-21T06:05:21.000Z</time>
        <extensions>
          <ns3:TrackPointExtension>
            <ns3:hr>108</ns3:hr>
            <ns3:cad>0</ns3:cad>
          </ns3:TrackPointExtension>
        </extensions>
      </trkpt>
      <trkpt lat="29.372385106980800628662109375" lon="83.28994796611368656158447265625">
        <ele>4218.39990234375</ele>
        <time>2026-08-21T06:05:29.000Z</time>
        <extensions>
          <ns3:TrackPointExtension>
            <ns3:hr>105</ns3:hr>
            <ns3:cad>0</ns3:cad>
          </ns3:TrackPointExtension>
        </extensions>
      </trkpt>
      <trkpt lat="29.37238602899014949798583984375" lon="83.28994595445692539215087890625">
        <ele>4218.39990234375</ele>
        <time>2026-08-21T06:05:30.000Z</time>
        <extensions>
          <ns3:TrackPointExtension>
            <ns3:hr>105</ns3:hr>
            <ns3:cad>0</ns3:cad>
          </ns3:TrackPointExtension>
        </extensions>
      </trkpt>
      <trkpt lat="29.3723882921040058135986328125" lon="83.289946876466274261474609375">
        <ele>4218.60009765625</ele>
        <time>2026-08-21T06:05:36.000Z</time>
        <extensions>
          <ns3:TrackPointExtension>
            <ns3:hr>102</ns3:hr>
            <ns3:cad>0</ns3:cad>
          </ns3:TrackPointExtension>
        </extensions>
      </trkpt>
      <trkpt lat="29.3723879568278789520263671875" lon="83.2899517379701137542724609375">
        <ele>4218.7998046875</ele>
        <time>2026-08-21T06:05:41.000Z</time>
        <extensions>
          <ns3:TrackPointExtension>
            <ns3:hr>104</ns3:hr>
            <ns3:cad>0</ns3:cad>
          </ns3:TrackPointExtension>
        </extensions>
      </trkpt>
      <trkpt lat="29.37238804064691066741943359375" lon="83.28995031304657459259033203125">
        <ele>4218.60009765625</ele>
        <time>2026-08-21T06:05:44.000Z</time>
        <extensions>
          <ns3:TrackPointExtension>
            <ns3:hr>103</ns3:hr>
            <ns3:cad>0</ns3:cad>
          </ns3:TrackPointExtension>
        </extensions>
      </trkpt>
      <trkpt lat="29.3723867833614349365234375" lon="83.28995098359882831573486328125">
        <ele>4218.2001953125</ele>
        <time>2026-08-21T06:05:53.000Z</time>
        <extensions>
          <ns3:TrackPointExtension>
            <ns3:hr>101</ns3:hr>
            <ns3:cad>0</ns3:cad>
          </ns3:TrackPointExtension>
        </extensions>
      </trkpt>
      <trkpt lat="29.37238502316176891326904296875" lon="83.28995081596076488494873046875">
        <ele>4218.39990234375</ele>
        <time>2026-08-21T06:06:05.000Z</time>
        <extensions>
          <ns3:TrackPointExtension>
            <ns3:hr>102</ns3:hr>
            <ns3:cad>0</ns3:cad>
          </ns3:TrackPointExtension>
        </extensions>
      </trkpt>
      <trkpt lat="29.37238653190433979034423828125" lon="83.289948888123035430908203125">
        <ele>4218.2001953125</ele>
        <time>2026-08-21T06:06:11.000Z</time>
        <extensions>
          <ns3:TrackPointExtension>
            <ns3:hr>99</ns3:hr>
            <ns3:cad>0</ns3:cad>
          </ns3:TrackPointExtension>
        </extensions>
      </trkpt>
      <trkpt lat="29.37238301150500774383544921875" lon="83.2899413444101810455322265625">
        <ele>4218.2001953125</ele>
        <time>2026-08-21T06:06:16.000Z</time>
        <extensions>
          <ns3:TrackPointExtension>
            <ns3:hr>96</ns3:hr>
            <ns3:cad>0</ns3:cad>
          </ns3:TrackPointExtension>
        </extensions>
      </trkpt>
      <trkpt lat="29.3723829276859760284423828125" lon="83.2899396680295467376708984375">
        <ele>4218.2001953125</ele>
        <time>2026-08-21T06:06:17.000Z</time>
        <extensions>
          <ns3:TrackPointExtension>
            <ns3:hr>95</ns3:hr>
            <ns3:cad>0</ns3:cad>
          </ns3:TrackPointExtension>
        </extensions>
      </trkpt>
      <trkpt lat="29.37238334678113460540771484375" lon="83.2899426855146884918212890625">
        <ele>4218</ele>
        <time>2026-08-21T06:06:19.000Z</time>
        <extensions>
          <ns3:TrackPointExtension>
            <ns3:hr>98</ns3:hr>
            <ns3:cad>0</ns3:cad>
          </ns3:TrackPointExtension>
        </extensions>
      </trkpt>
      <trkpt lat="29.3723839335143566131591796875" lon="83.28994545154273509979248046875">
        <ele>4218</ele>
        <time>2026-08-21T06:06:22.000Z</time>
        <extensions>
          <ns3:TrackPointExtension>
            <ns3:hr>101</ns3:hr>
            <ns3:cad>0</ns3:cad>
          </ns3:TrackPointExtension>
        </extensions>
      </trkpt>
      <trkpt lat="29.37238418497145175933837890625" lon="83.2899458706378936767578125">
        <ele>4218.60009765625</ele>
        <time>2026-08-21T06:06:25.000Z</time>
        <extensions>
          <ns3:TrackPointExtension>
            <ns3:hr>101</ns3:hr>
            <ns3:cad>0</ns3:cad>
          </ns3:TrackPointExtension>
        </extensions>
      </trkpt>
      <trkpt lat="29.3723835982382297515869140625" lon="83.28994578681886196136474609375">
        <ele>4218.2001953125</ele>
        <time>2026-08-21T06:06:38.000Z</time>
        <extensions>
          <ns3:TrackPointExtension>
            <ns3:hr>99</ns3:hr>
            <ns3:cad>0</ns3:cad>
          </ns3:TrackPointExtension>
        </extensions>
      </trkpt>
      <trkpt lat="29.37238351441919803619384765625" lon="83.28994385898113250732421875">
        <ele>4217.7998046875</ele>
        <time>2026-08-21T06:06:52.000Z</time>
        <extensions>
          <ns3:TrackPointExtension>
            <ns3:hr>98</ns3:hr>
            <ns3:cad>0</ns3:cad>
          </ns3:TrackPointExtension>
        </extensions>
      </trkpt>
      <trkpt lat="29.37238452024757862091064453125" lon="83.28994377516210079193115234375">
        <ele>4218</ele>
        <time>2026-08-21T06:06:57.000Z</time>
        <extensions>
          <ns3:TrackPointExtension>
            <ns3:hr>97</ns3:hr>
            <ns3:cad>0</ns3:cad>
          </ns3:TrackPointExtension>
        </extensions>
      </trkpt>
      <trkpt lat="29.3723856098949909210205078125" lon="83.2899440266191959381103515625">
        <ele>4218.2001953125</ele>
        <time>2026-08-21T06:07:04.000Z</time>
        <extensions>
          <ns3:TrackPointExtension>
            <ns3:hr>94</ns3:hr>
            <ns3:cad>0</ns3:cad>
          </ns3:TrackPointExtension>
        </extensions>
      </trkpt>
      <trkpt lat="29.37238552607595920562744140625" lon="83.28994394280016422271728515625">
        <ele>4218.2001953125</ele>
        <time>2026-08-21T06:07:06.000Z</time>
        <extensions>
          <ns3:TrackPointExtension>
            <ns3:hr>89</ns3:hr>
            <ns3:cad>0</ns3:cad>
          </ns3:TrackPointExtension>
        </extensions>
      </trkpt>
      <trkpt lat="29.372385442256927490234375" lon="83.28994394280016422271728515625">
        <ele>4218</ele>
        <time>2026-08-21T06:07:08.000Z</time>
        <extensions>
          <ns3:TrackPointExtension>
            <ns3:hr>88</ns3:hr>
            <ns3:cad>0</ns3:cad>
          </ns3:TrackPointExtension>
        </extensions>
      </trkpt>
      <trkpt lat="29.3723862804472446441650390625" lon="83.28994260169565677642822265625">
        <ele>4218.2001953125</ele>
        <time>2026-08-21T06:07:21.000Z</time>
        <extensions>
          <ns3:TrackPointExtension>
            <ns3:hr>86</ns3:hr>
            <ns3:cad>0</ns3:cad>
          </ns3:TrackPointExtension>
        </extensions>
      </trkpt>
      <trkpt lat="29.37238611280918121337890625" lon="83.2899426855146884918212890625">
        <ele>4218.2001953125</ele>
        <time>2026-08-21T06:07:30.000Z</time>
        <extensions>
          <ns3:TrackPointExtension>
            <ns3:hr>85</ns3:hr>
            <ns3:cad>0</ns3:cad>
          </ns3:TrackPointExtension>
        </extensions>
      </trkpt>
      <trkpt lat="29.37238351441919803619384765625" lon="83.289943523705005645751953125">
        <ele>4217.60009765625</ele>
        <time>2026-08-21T06:07:39.000Z</time>
        <extensions>
          <ns3:TrackPointExtension>
            <ns3:hr>88</ns3:hr>
            <ns3:cad>0</ns3:cad>
          </ns3:TrackPointExtension>
        </extensions>
      </trkpt>
      <trkpt lat="29.37237965874373912811279296875" lon="83.28994444571435451507568359375">
        <ele>4217.7998046875</ele>
        <time>2026-08-21T06:07:41.000Z</time>
        <extensions>
          <ns3:TrackPointExtension>
            <ns3:hr>90</ns3:hr>
            <ns3:cad>0</ns3:cad>
          </ns3:TrackPointExtension>
        </extensions>
      </trkpt>
      <trkpt lat="29.37237932346761226654052734375" lon="83.2899477146565914154052734375">
        <ele>4218</ele>
        <time>2026-08-21T06:07:46.000Z</time>
        <extensions>
          <ns3:TrackPointExtension>
            <ns3:hr>92</ns3:hr>
            <ns3:cad>0</ns3:cad>
          </ns3:TrackPointExtension>
        </extensions>
      </trkpt>
      <trkpt lat="29.37237781472504138946533203125" lon="83.28994528390467166900634765625">
        <ele>4217.7998046875</ele>
        <time>2026-08-21T06:07:52.000Z</time>
        <extensions>
          <ns3:TrackPointExtension>
            <ns3:hr>92</ns3:hr>
            <ns3:cad>0</ns3:cad>
          </ns3:TrackPointExtension>
        </extensions>
      </trkpt>
      <trkpt lat="29.37236188910901546478271484375" lon="83.289974369108676910400390625">
        <ele>4218</ele>
        <time>2026-08-21T06:07:59.000Z</time>
        <extensions>
          <ns3:TrackPointExtension>
            <ns3:hr>93</ns3:hr>
            <ns3:cad>52</ns3:cad>
          </ns3:TrackPointExtension>
        </extensions>
      </trkpt>
      <trkpt lat="29.3723473884165287017822265625" lon="83.2900472916662693023681640625">
        <ele>4218.60009765625</ele>
        <time>2026-08-21T06:08:05.000Z</time>
        <extensions>
          <ns3:TrackPointExtension>
            <ns3:hr>93</ns3:hr>
            <ns3:cad>44</ns3:cad>
          </ns3:TrackPointExtension>
        </extensions>
      </trkpt>
      <trkpt lat="29.3723426945507526397705078125" lon="83.29006950370967388153076171875">
        <ele>4218.7998046875</ele>
        <time>2026-08-21T06:08:07.000Z</time>
        <extensions>
          <ns3:TrackPointExtension>
            <ns3:hr>93</ns3:hr>
            <ns3:cad>44</ns3:cad>
          </ns3:TrackPointExtension>
        </extensions>
      </trkpt>
      <trkpt lat="29.3723420239984989166259765625" lon="83.2901032827794551849365234375">
        <ele>4219</ele>
        <time>2026-08-21T06:08:10.000Z</time>
        <extensions>
          <ns3:TrackPointExtension>
            <ns3:hr>93</ns3:hr>
            <ns3:cad>45</ns3:cad>
          </ns3:TrackPointExtension>
        </extensions>
      </trkpt>
      <trkpt lat="29.37234177254140377044677734375" lon="83.29017511568963527679443359375">
        <ele>4219</ele>
        <time>2026-08-21T06:08:15.000Z</time>
        <extensions>
          <ns3:TrackPointExtension>
            <ns3:hr>95</ns3:hr>
            <ns3:cad>47</ns3:cad>
          </ns3:TrackPointExtension>
        </extensions>
      </trkpt>
      <trkpt lat="29.37233925797045230865478515625" lon="83.29023865051567554473876953125">
        <ele>4219</ele>
        <time>2026-08-21T06:08:20.000Z</time>
        <extensions>
          <ns3:TrackPointExtension>
            <ns3:hr>96</ns3:hr>
            <ns3:cad>48</ns3:cad>
          </ns3:TrackPointExtension>
        </extensions>
      </trkpt>
      <trkpt lat="29.372316710650920867919921875" lon="83.29032800160348415374755859375">
        <ele>4218.2001953125</ele>
        <time>2026-08-21T06:08:28.000Z</time>
        <extensions>
          <ns3:TrackPointExtension>
            <ns3:hr>95</ns3:hr>
            <ns3:cad>47</ns3:cad>
          </ns3:TrackPointExtension>
        </extensions>
      </trkpt>
      <trkpt lat="29.3723095022141933441162109375" lon="83.2903466932475566864013671875">
        <ele>4218</ele>
        <time>2026-08-21T06:08:30.000Z</time>
        <extensions>
          <ns3:TrackPointExtension>
            <ns3:hr>98</ns3:hr>
            <ns3:cad>48</ns3:cad>
          </ns3:TrackPointExtension>
        </extensions>
      </trkpt>
      <trkpt lat="29.37229852192103862762451171875" lon="83.29036806710064411163330078125">
        <ele>4217.7998046875</ele>
        <time>2026-08-21T06:08:32.000Z</time>
        <extensions>
          <ns3:TrackPointExtension>
            <ns3:hr>99</ns3:hr>
            <ns3:cad>49</ns3:cad>
          </ns3:TrackPointExtension>
        </extensions>
      </trkpt>
      <trkpt lat="29.37229215167462825775146484375" lon="83.2903775386512279510498046875">
        <ele>4217.60009765625</ele>
        <time>2026-08-21T06:08:33.000Z</time>
        <extensions>
          <ns3:TrackPointExtension>
            <ns3:hr>98</ns3:hr>
            <ns3:cad>49</ns3:cad>
          </ns3:TrackPointExtension>
        </extensions>
      </trkpt>
      <trkpt lat="29.3722669221460819244384765625" lon="83.29041659832000732421875">
        <ele>4217.2001953125</ele>
        <time>2026-08-21T06:08:37.000Z</time>
        <extensions>
          <ns3:TrackPointExtension>
            <ns3:hr>97</ns3:hr>
            <ns3:cad>49</ns3:cad>
          </ns3:TrackPointExtension>
        </extensions>
      </trkpt>
      <trkpt lat="29.37226030044257640838623046875" lon="83.29042573459446430206298828125">
        <ele>4217</ele>
        <time>2026-08-21T06:08:38.000Z</time>
        <extensions>
          <ns3:TrackPointExtension>
            <ns3:hr>96</ns3:hr>
            <ns3:cad>47</ns3:cad>
          </ns3:TrackPointExtension>
        </extensions>
      </trkpt>
      <trkpt lat="29.37223264016211032867431640625" lon="83.29043461941182613372802734375">
        <ele>4216.60009765625</ele>
        <time>2026-08-21T06:08:41.000Z</time>
        <extensions>
          <ns3:TrackPointExtension>
            <ns3:hr>96</ns3:hr>
            <ns3:cad>47</ns3:cad>
          </ns3:TrackPointExtension>
        </extensions>
      </trkpt>
      <trkpt lat="29.3722152896225452423095703125" lon="83.290424644947052001953125">
        <ele>4216.39990234375</ele>
        <time>2026-08-21T06:08:43.000Z</time>
        <extensions>
          <ns3:TrackPointExtension>
            <ns3:hr>96</ns3:hr>
            <ns3:cad>49</ns3:cad>
          </ns3:TrackPointExtension>
        </extensions>
      </trkpt>
      <trkpt lat="29.37218989245593547821044921875" lon="83.2903875969350337982177734375">
        <ele>4215.60009765625</ele>
        <time>2026-08-21T06:08:48.000Z</time>
        <extensions>
          <ns3:TrackPointExtension>
            <ns3:hr>97</ns3:hr>
            <ns3:cad>50</ns3:cad>
          </ns3:TrackPointExtension>
        </extensions>
      </trkpt>
      <trkpt lat="29.3721844442188739776611328125" lon="83.2903688214719295501708984375">
        <ele>4215.2001953125</ele>
        <time>2026-08-21T06:08:50.000Z</time>
        <extensions>
          <ns3:TrackPointExtension>
            <ns3:hr>97</ns3:hr>
            <ns3:cad>53</ns3:cad>
          </ns3:TrackPointExtension>
        </extensions>
      </trkpt>
      <trkpt lat="29.37218486331403255462646484375" lon="83.29033537767827510833740234375">
        <ele>4214.7998046875</ele>
        <time>2026-08-21T06:08:56.000Z</time>
        <extensions>
          <ns3:TrackPointExtension>
            <ns3:hr>98</ns3:hr>
            <ns3:cad>0</ns3:cad>
          </ns3:TrackPointExtension>
        </extensions>
      </trkpt>
      <trkpt lat="29.37218637205660343170166015625" lon="83.29032565467059612274169921875">
        <ele>4214.7998046875</ele>
        <time>2026-08-21T06:08:58.000Z</time>
        <extensions>
          <ns3:TrackPointExtension>
            <ns3:hr>98</ns3:hr>
            <ns3:cad>0</ns3:cad>
          </ns3:TrackPointExtension>
        </extensions>
      </trkpt>
      <trkpt lat="29.372186958789825439453125" lon="83.29031375236809253692626953125">
        <ele>4214.60009765625</ele>
        <time>2026-08-21T06:09:00.000Z</time>
        <extensions>
          <ns3:TrackPointExtension>
            <ns3:hr>99</ns3:hr>
            <ns3:cad>0</ns3:cad>
          </ns3:TrackPointExtension>
        </extensions>
      </trkpt>
      <trkpt lat="29.3721909821033477783203125" lon="83.29030805267393589019775390625">
        <ele>4214.2001953125</ele>
        <time>2026-08-21T06:09:02.000Z</time>
        <extensions>
          <ns3:TrackPointExtension>
            <ns3:hr>98</ns3:hr>
            <ns3:cad>0</ns3:cad>
          </ns3:TrackPointExtension>
        </extensions>
      </trkpt>
      <trkpt lat="29.3721990287303924560546875" lon="83.290312327444553375244140625">
        <ele>4214</ele>
        <time>2026-08-21T06:09:08.000Z</time>
        <extensions>
          <ns3:TrackPointExtension>
            <ns3:hr>98</ns3:hr>
            <ns3:cad>0</ns3:cad>
          </ns3:TrackPointExtension>
        </extensions>
      </trkpt>
      <trkpt lat="29.37220380641520023345947265625" lon="83.29031844623386859893798828125">
        <ele>4213.7998046875</ele>
        <time>2026-08-21T06:09:15.000Z</time>
        <extensions>
          <ns3:TrackPointExtension>
            <ns3:hr>96</ns3:hr>
            <ns3:cad>51</ns3:cad>
          </ns3:TrackPointExtension>
        </extensions>
      </trkpt>
      <trkpt lat="29.37220078893005847930908203125" lon="83.290317021310329437255859375">
        <ele>4214.7998046875</ele>
        <time>2026-08-21T06:09:20.000Z</time>
        <extensions>
          <ns3:TrackPointExtension>
            <ns3:hr>94</ns3:hr>
            <ns3:cad>0</ns3:cad>
          </ns3:TrackPointExtension>
        </extensions>
      </trkpt>
      <trkpt lat="29.37219978310167789459228515625" lon="83.29031626693904399871826171875">
        <ele>4214.60009765625</ele>
        <time>2026-08-21T06:09:28.000Z</time>
        <extensions>
          <ns3:TrackPointExtension>
            <ns3:hr>97</ns3:hr>
            <ns3:cad>0</ns3:cad>
          </ns3:TrackPointExtension>
        </extensions>
      </trkpt>
      <trkpt lat="29.37219844199717044830322265625" lon="83.29031559638679027557373046875">
        <ele>4214.60009765625</ele>
        <time>2026-08-21T06:09:29.000Z</time>
        <extensions>
          <ns3:TrackPointExtension>
            <ns3:hr>100</ns3:hr>
            <ns3:cad>0</ns3:cad>
          </ns3:TrackPointExtension>
        </extensions>
      </trkpt>
      <trkpt lat="29.3721971847116947174072265625" lon="83.29031408764421939849853515625">
        <ele>4214.7998046875</ele>
        <time>2026-08-21T06:09:30.000Z</time>
        <extensions>
          <ns3:TrackPointExtension>
            <ns3:hr>101</ns3:hr>
            <ns3:cad>0</ns3:cad>
          </ns3:TrackPointExtension>
        </extensions>
      </trkpt>
      <trkpt lat="29.37220112420618534088134765625" lon="83.2903051190078258514404296875">
        <ele>4214.39990234375</ele>
        <time>2026-08-21T06:09:37.000Z</time>
        <extensions>
          <ns3:TrackPointExtension>
            <ns3:hr>102</ns3:hr>
            <ns3:cad>0</ns3:cad>
          </ns3:TrackPointExtension>
        </extensions>
      </trkpt>
      <trkpt lat="29.37220665626227855682373046875" lon="83.29029514454305171966552734375">
        <ele>4214.60009765625</ele>
        <time>2026-08-21T06:09:44.000Z</time>
        <extensions>
          <ns3:TrackPointExtension>
            <ns3:hr>102</ns3:hr>
            <ns3:cad>0</ns3:cad>
          </ns3:TrackPointExtension>
        </extensions>
      </trkpt>
      <trkpt lat="29.3722069077193737030029296875" lon="83.2902967371046543121337890625">
        <ele>4214</ele>
        <time>2026-08-21T06:09:49.000Z</time>
        <extensions>
          <ns3:TrackPointExtension>
            <ns3:hr>102</ns3:hr>
            <ns3:cad>0</ns3:cad>
          </ns3:TrackPointExtension>
        </extensions>
      </trkpt>
      <trkpt lat="29.37220481224358081817626953125" lon="83.29028978012502193450927734375">
        <ele>4214.60009765625</ele>
        <time>2026-08-21T06:09:54.000Z</time>
        <extensions>
          <ns3:TrackPointExtension>
            <ns3:hr>101</ns3:hr>
            <ns3:cad>0</ns3:cad>
          </ns3:TrackPointExtension>
        </extensions>
      </trkpt>
      <trkpt lat="29.3722156248986721038818359375" lon="83.2902704179286956787109375">
        <ele>4214.7998046875</ele>
        <time>2026-08-21T06:09:58.000Z</time>
        <extensions>
          <ns3:TrackPointExtension>
            <ns3:hr>104</ns3:hr>
            <ns3:cad>0</ns3:cad>
          </ns3:TrackPointExtension>
        </extensions>
      </trkpt>
      <trkpt lat="29.37222652137279510498046875" lon="83.29027251340448856353759765625">
        <ele>4214.60009765625</ele>
        <time>2026-08-21T06:10:01.000Z</time>
        <extensions>
          <ns3:TrackPointExtension>
            <ns3:hr>105</ns3:hr>
            <ns3:cad>0</ns3:cad>
          </ns3:TrackPointExtension>
        </extensions>
      </trkpt>
      <trkpt lat="29.37222811393439769744873046875" lon="83.29027779400348663330078125">
        <ele>4214</ele>
        <time>2026-08-21T06:10:07.000Z</time>
        <extensions>
          <ns3:TrackPointExtension>
            <ns3:hr>104</ns3:hr>
            <ns3:cad>0</ns3:cad>
          </ns3:TrackPointExtension>
        </extensions>
      </trkpt>
      <trkpt lat="29.37222811393439769744873046875" lon="83.29027779400348663330078125">
        <ele>4213.60009765625</ele>
        <time>2026-08-21T06:10:10.000Z</time>
        <extensions>
          <ns3:TrackPointExtension>
            <ns3:hr>103</ns3:hr>
            <ns3:cad>0</ns3:cad>
          </ns3:TrackPointExtension>
        </extensions>
      </trkpt>
      <trkpt lat="29.37222744338214397430419921875" lon="83.2902769558131694793701171875">
        <ele>4213.2001953125</ele>
        <time>2026-08-21T06:10:23.000Z</time>
        <extensions>
          <ns3:TrackPointExtension>
            <ns3:hr>101</ns3:hr>
            <ns3:cad>0</ns3:cad>
          </ns3:TrackPointExtension>
        </extensions>
      </trkpt>
      <trkpt lat="29.37222710810601711273193359375" lon="83.29027636907994747161865234375">
        <ele>4213.2001953125</ele>
        <time>2026-08-21T06:10:28.000Z</time>
        <extensions>
          <ns3:TrackPointExtension>
            <ns3:hr>98</ns3:hr>
            <ns3:cad>0</ns3:cad>
          </ns3:TrackPointExtension>
        </extensions>
      </trkpt>
      <trkpt lat="29.3722266890108585357666015625" lon="83.2902756147086620330810546875">
        <ele>4213.2001953125</ele>
        <time>2026-08-21T06:10:34.000Z</time>
        <extensions>
          <ns3:TrackPointExtension>
            <ns3:hr>95</ns3:hr>
            <ns3:cad>0</ns3:cad>
          </ns3:TrackPointExtension>
        </extensions>
      </trkpt>
      <trkpt lat="29.37222610227763652801513671875" lon="83.2902742736041545867919921875">
        <ele>4212.39990234375</ele>
        <time>2026-08-21T06:10:47.000Z</time>
        <extensions>
          <ns3:TrackPointExtension>
            <ns3:hr>96</ns3:hr>
            <ns3:cad>0</ns3:cad>
          </ns3:TrackPointExtension>
        </extensions>
      </trkpt>
      <trkpt lat="29.3722260184586048126220703125" lon="83.29027418978512287139892578125">
        <ele>4212.2001953125</ele>
        <time>2026-08-21T06:10:48.000Z</time>
        <extensions>
          <ns3:TrackPointExtension>
            <ns3:hr>99</ns3:hr>
            <ns3:cad>0</ns3:cad>
          </ns3:TrackPointExtension>
        </extensions>
      </trkpt>
      <trkpt lat="29.3722260184586048126220703125" lon="83.290274105966091156005859375">
        <ele>4212</ele>
        <time>2026-08-21T06:10:49.000Z</time>
        <extensions>
          <ns3:TrackPointExtension>
            <ns3:hr>101</ns3:hr>
            <ns3:cad>0</ns3:cad>
          </ns3:TrackPointExtension>
        </extensions>
      </trkpt>
      <trkpt lat="29.3722260184586048126220703125" lon="83.290273435413837432861328125">
        <ele>4213</ele>
        <time>2026-08-21T06:11:00.000Z</time>
        <extensions>
          <ns3:TrackPointExtension>
            <ns3:hr>104</ns3:hr>
            <ns3:cad>0</ns3:cad>
          </ns3:TrackPointExtension>
        </extensions>
      </trkpt>
      <trkpt lat="29.37222610227763652801513671875" lon="83.2902731001377105712890625">
        <ele>4213.2001953125</ele>
        <time>2026-08-21T06:11:06.000Z</time>
        <extensions>
          <ns3:TrackPointExtension>
            <ns3:hr>97</ns3:hr>
            <ns3:cad>0</ns3:cad>
          </ns3:TrackPointExtension>
        </extensions>
      </trkpt>
      <trkpt lat="29.37222610227763652801513671875" lon="83.2902731001377105712890625">
        <ele>4213</ele>
        <time>2026-08-21T06:11:07.000Z</time>
        <extensions>
          <ns3:TrackPointExtension>
            <ns3:hr>92</ns3:hr>
            <ns3:cad>0</ns3:cad>
          </ns3:TrackPointExtension>
        </extensions>
      </trkpt>
      <trkpt lat="29.3722263537347316741943359375" lon="83.290272764861583709716796875">
        <ele>4212.39990234375</ele>
        <time>2026-08-21T06:11:14.000Z</time>
        <extensions>
          <ns3:TrackPointExtension>
            <ns3:hr>89</ns3:hr>
            <ns3:cad>0</ns3:cad>
          </ns3:TrackPointExtension>
        </extensions>
      </trkpt>
      <trkpt lat="29.37222660519182682037353515625" lon="83.2902725972235202789306640625">
        <ele>4212.7998046875</ele>
        <time>2026-08-21T06:11:20.000Z</time>
        <extensions>
          <ns3:TrackPointExtension>
            <ns3:hr>89</ns3:hr>
            <ns3:cad>0</ns3:cad>
          </ns3:TrackPointExtension>
        </extensions>
      </trkpt>
      <trkpt lat="29.372226856648921966552734375" lon="83.29027268104255199432373046875">
        <ele>4213.2001953125</ele>
        <time>2026-08-21T06:11:41.000Z</time>
        <extensions>
          <ns3:TrackPointExtension>
            <ns3:hr>90</ns3:hr>
            <ns3:cad>0</ns3:cad>
          </ns3:TrackPointExtension>
        </extensions>
      </trkpt>
      <trkpt lat="29.37222660519182682037353515625" lon="83.290272094309329986572265625">
        <ele>4212.7998046875</ele>
        <time>2026-08-21T06:11:53.000Z</time>
        <extensions>
          <ns3:TrackPointExtension>
            <ns3:hr>93</ns3:hr>
            <ns3:cad>0</ns3:cad>
          </ns3:TrackPointExtension>
        </extensions>
      </trkpt>
      <trkpt lat="29.37222652137279510498046875" lon="83.29027201049029827117919921875">
        <ele>4213</ele>
        <time>2026-08-21T06:11:55.000Z</time>
        <extensions>
          <ns3:TrackPointExtension>
            <ns3:hr>94</ns3:hr>
            <ns3:cad>0</ns3:cad>
          </ns3:TrackPointExtension>
        </extensions>
      </trkpt>
      <trkpt lat="29.37222626991569995880126953125" lon="83.29027066938579082489013671875">
        <ele>4213</ele>
        <time>2026-08-21T06:12:07.000Z</time>
        <extensions>
          <ns3:TrackPointExtension>
            <ns3:hr>91</ns3:hr>
            <ns3:cad>0</ns3:cad>
          </ns3:TrackPointExtension>
        </extensions>
      </trkpt>
      <trkpt lat="29.37222593463957309722900390625" lon="83.2902692444622516632080078125">
        <ele>4212.60009765625</ele>
        <time>2026-08-21T06:12:15.000Z</time>
        <extensions>
          <ns3:TrackPointExtension>
            <ns3:hr>90</ns3:hr>
            <ns3:cad>0</ns3:cad>
          </ns3:TrackPointExtension>
        </extensions>
      </trkpt>
      <trkpt lat="29.37222559936344623565673828125" lon="83.2902679033577442169189453125">
        <ele>4212.60009765625</ele>
        <time>2026-08-21T06:12:26.000Z</time>
        <extensions>
          <ns3:TrackPointExtension>
            <ns3:hr>87</ns3:hr>
            <ns3:cad>0</ns3:cad>
          </ns3:TrackPointExtension>
        </extensions>
      </trkpt>
      <trkpt lat="29.37221973203122615814208984375" lon="83.29027486033737659454345703125">
        <ele>4212.7998046875</ele>
        <time>2026-08-21T06:12:33.000Z</time>
        <extensions>
          <ns3:TrackPointExtension>
            <ns3:hr>86</ns3:hr>
            <ns3:cad>75</ns3:cad>
          </ns3:TrackPointExtension>
        </extensions>
      </trkpt>
      <trkpt lat="29.372216127812862396240234375" lon="83.2902786321938037872314453125">
        <ele>4213.39990234375</ele>
        <time>2026-08-21T06:12:35.000Z</time>
        <extensions>
          <ns3:TrackPointExtension>
            <ns3:hr>87</ns3:hr>
            <ns3:cad>0</ns3:cad>
          </ns3:TrackPointExtension>
        </extensions>
      </trkpt>
      <trkpt lat="29.372210763394832611083984375" lon="83.29028860665857791900634765625">
        <ele>4214.39990234375</ele>
        <time>2026-08-21T06:12:38.000Z</time>
        <extensions>
          <ns3:TrackPointExtension>
            <ns3:hr>89</ns3:hr>
            <ns3:cad>0</ns3:cad>
          </ns3:TrackPointExtension>
        </extensions>
      </trkpt>
      <trkpt lat="29.37221319414675235748291015625" lon="83.29029900021851062774658203125">
        <ele>4213.39990234375</ele>
        <time>2026-08-21T06:12:43.000Z</time>
        <extensions>
          <ns3:TrackPointExtension>
            <ns3:hr>92</ns3:hr>
            <ns3:cad>0</ns3:cad>
          </ns3:TrackPointExtension>
        </extensions>
      </trkpt>
      <trkpt lat="29.37221218831837177276611328125" lon="83.2902997545897960662841796875">
        <ele>4213</ele>
        <time>2026-08-21T06:12:46.000Z</time>
        <extensions>
          <ns3:TrackPointExtension>
            <ns3:hr>95</ns3:hr>
            <ns3:cad>0</ns3:cad>
          </ns3:TrackPointExtension>
        </extensions>
      </trkpt>
      <trkpt lat="29.37221176922321319580078125" lon="83.2902980782091617584228515625">
        <ele>4213</ele>
        <time>2026-08-21T06:12:49.000Z</time>
        <extensions>
          <ns3:TrackPointExtension>
            <ns3:hr>98</ns3:hr>
            <ns3:cad>0</ns3:cad>
          </ns3:TrackPointExtension>
        </extensions>
      </trkpt>
      <trkpt lat="29.3722116015851497650146484375" lon="83.29029715619981288909912109375">
        <ele>4213</ele>
        <time>2026-08-21T06:12:50.000Z</time>
        <extensions>
          <ns3:TrackPointExtension>
            <ns3:hr>98</ns3:hr>
            <ns3:cad>0</ns3:cad>
          </ns3:TrackPointExtension>
        </extensions>
      </trkpt>
      <trkpt lat="29.3722069077193737030029296875" lon="83.2902722619473934173583984375">
        <ele>4213.7998046875</ele>
        <time>2026-08-21T06:12:58.000Z</time>
        <extensions>
          <ns3:TrackPointExtension>
            <ns3:hr>98</ns3:hr>
            <ns3:cad>0</ns3:cad>
          </ns3:TrackPointExtension>
        </extensions>
      </trkpt>
      <trkpt lat="29.3722149543464183807373046875" lon="83.2902739383280277252197265625">
        <ele>4213.7998046875</ele>
        <time>2026-08-21T06:13:04.000Z</time>
        <extensions>
          <ns3:TrackPointExtension>
            <ns3:hr>98</ns3:hr>
            <ns3:cad>0</ns3:cad>
          </ns3:TrackPointExtension>
        </extensions>
      </trkpt>
      <trkpt lat="29.37221503816545009613037109375" lon="83.2902759499847888946533203125">
        <ele>4212.60009765625</ele>
        <time>2026-08-21T06:13:11.000Z</time>
        <extensions>
          <ns3:TrackPointExtension>
            <ns3:hr>95</ns3:hr>
            <ns3:cad>0</ns3:cad>
          </ns3:TrackPointExtension>
        </extensions>
      </trkpt>
      <trkpt lat="29.37221503816545009613037109375" lon="83.2902759499847888946533203125">
        <ele>4212.39990234375</ele>
        <time>2026-08-21T06:13:12.000Z</time>
        <extensions>
          <ns3:TrackPointExtension>
            <ns3:hr>94</ns3:hr>
            <ns3:cad>0</ns3:cad>
          </ns3:TrackPointExtension>
        </extensions>
      </trkpt>
      <trkpt lat="29.372215457260608673095703125" lon="83.29027385450899600982666015625">
        <ele>4212.39990234375</ele>
        <time>2026-08-21T06:13:31.000Z</time>
        <extensions>
          <ns3:TrackPointExtension>
            <ns3:hr>91</ns3:hr>
            <ns3:cad>0</ns3:cad>
          </ns3:TrackPointExtension>
        </extensions>
      </trkpt>
      <trkpt lat="29.37221554107964038848876953125" lon="83.29027368687093257904052734375">
        <ele>4212.39990234375</ele>
        <time>2026-08-21T06:13:34.000Z</time>
        <extensions>
          <ns3:TrackPointExtension>
            <ns3:hr>88</ns3:hr>
            <ns3:cad>0</ns3:cad>
          </ns3:TrackPointExtension>
        </extensions>
      </trkpt>
      <trkpt lat="29.3722156248986721038818359375" lon="83.2902736030519008636474609375">
        <ele>4212.39990234375</ele>
        <time>2026-08-21T06:13:42.000Z</time>
        <extensions>
          <ns3:TrackPointExtension>
            <ns3:hr>83</ns3:hr>
            <ns3:cad>0</ns3:cad>
          </ns3:TrackPointExtension>
        </extensions>
      </trkpt>
      <trkpt lat="29.37221579253673553466796875" lon="83.29027402214705944061279296875">
        <ele>4212.39990234375</ele>
        <time>2026-08-21T06:13:56.000Z</time>
        <extensions>
          <ns3:TrackPointExtension>
            <ns3:hr>82</ns3:hr>
            <ns3:cad>0</ns3:cad>
          </ns3:TrackPointExtension>
        </extensions>
      </trkpt>
      <trkpt lat="29.37221579253673553466796875" lon="83.2902742736041545867919921875">
        <ele>4212.60009765625</ele>
        <time>2026-08-21T06:14:02.000Z</time>
        <extensions>
          <ns3:TrackPointExtension>
            <ns3:hr>85</ns3:hr>
            <ns3:cad>0</ns3:cad>
          </ns3:TrackPointExtension>
        </extensions>
      </trkpt>
      <trkpt lat="29.37221587635576725006103515625" lon="83.29027435742318630218505859375">
        <ele>4212.39990234375</ele>
        <time>2026-08-21T06:14:04.000Z</time>
        <extensions>
          <ns3:TrackPointExtension>
            <ns3:hr>88</ns3:hr>
            <ns3:cad>0</ns3:cad>
          </ns3:TrackPointExtension>
        </extensions>
      </trkpt>
      <trkpt lat="29.37221587635576725006103515625" lon="83.2902742736041545867919921875">
        <ele>4212.2001953125</ele>
        <time>2026-08-21T06:14:06.000Z</time>
        <extensions>
          <ns3:TrackPointExtension>
            <ns3:hr>92</ns3:hr>
            <ns3:cad>0</ns3:cad>
          </ns3:TrackPointExtension>
        </extensions>
      </trkpt>
      <trkpt lat="29.372216127812862396240234375" lon="83.2902725972235202789306640625">
        <ele>4211.60009765625</ele>
        <time>2026-08-21T06:14:11.000Z</time>
        <extensions>
          <ns3:TrackPointExtension>
            <ns3:hr>94</ns3:hr>
            <ns3:cad>0</ns3:cad>
          </ns3:TrackPointExtension>
        </extensions>
      </trkpt>
      <trkpt lat="29.372216127812862396240234375" lon="83.29027251340448856353759765625">
        <ele>4211.2001953125</ele>
        <time>2026-08-21T06:14:13.000Z</time>
        <extensions>
          <ns3:TrackPointExtension>
            <ns3:hr>95</ns3:hr>
            <ns3:cad>0</ns3:cad>
          </ns3:TrackPointExtension>
        </extensions>
      </trkpt>
      <trkpt lat="29.372216127812862396240234375" lon="83.29027242958545684814453125">
        <ele>4211</ele>
        <time>2026-08-21T06:14:19.000Z</time>
        <extensions>
          <ns3:TrackPointExtension>
            <ns3:hr>92</ns3:hr>
            <ns3:cad>0</ns3:cad>
          </ns3:TrackPointExtension>
        </extensions>
      </trkpt>
      <trkpt lat="29.372216127812862396240234375" lon="83.29027242958545684814453125">
        <ele>4211</ele>
        <time>2026-08-21T06:14:20.000Z</time>
        <extensions>
          <ns3:TrackPointExtension>
            <ns3:hr>87</ns3:hr>
            <ns3:cad>0</ns3:cad>
          </ns3:TrackPointExtension>
        </extensions>
      </trkpt>
      <trkpt lat="29.372216127812862396240234375" lon="83.29027234576642513275146484375">
        <ele>4211</ele>
        <time>2026-08-21T06:14:27.000Z</time>
        <extensions>
          <ns3:TrackPointExtension>
            <ns3:hr>82</ns3:hr>
            <ns3:cad>0</ns3:cad>
          </ns3:TrackPointExtension>
        </extensions>
      </trkpt>
      <trkpt lat="29.37221604399383068084716796875" lon="83.2902722619473934173583984375">
        <ele>4211.2001953125</ele>
        <time>2026-08-21T06:14:30.000Z</time>
        <extensions>
          <ns3:TrackPointExtension>
            <ns3:hr>85</ns3:hr>
            <ns3:cad>0</ns3:cad>
          </ns3:TrackPointExtension>
        </extensions>
      </trkpt>
      <trkpt lat="29.37221604399383068084716796875" lon="83.2902722619473934173583984375">
        <ele>4211.2001953125</ele>
        <time>2026-08-21T06:14:31.000Z</time>
        <extensions>
          <ns3:TrackPointExtension>
            <ns3:hr>84</ns3:hr>
            <ns3:cad>0</ns3:cad>
          </ns3:TrackPointExtension>
        </extensions>
      </trkpt>
      <trkpt lat="29.37221604399383068084716796875" lon="83.2902722619473934173583984375">
        <ele>4211.2001953125</ele>
        <time>2026-08-21T06:14:34.000Z</time>
        <extensions>
          <ns3:TrackPointExtension>
            <ns3:hr>81</ns3:hr>
            <ns3:cad>0</ns3:cad>
          </ns3:TrackPointExtension>
        </extensions>
      </trkpt>
      <trkpt lat="29.3722142837941646575927734375" lon="83.29027234576642513275146484375">
        <ele>4212.39990234375</ele>
        <time>2026-08-21T06:14:43.000Z</time>
        <extensions>
          <ns3:TrackPointExtension>
            <ns3:hr>82</ns3:hr>
            <ns3:cad>0</ns3:cad>
          </ns3:TrackPointExtension>
        </extensions>
      </trkpt>
      <trkpt lat="29.37221369706094264984130859375" lon="83.2902746088802814483642578125">
        <ele>4212.7998046875</ele>
        <time>2026-08-21T06:14:46.000Z</time>
        <extensions>
          <ns3:TrackPointExtension>
            <ns3:hr>82</ns3:hr>
            <ns3:cad>0</ns3:cad>
          </ns3:TrackPointExtension>
        </extensions>
      </trkpt>
      <trkpt lat="29.37221176922321319580078125" lon="83.29027486033737659454345703125">
        <ele>4213</ele>
        <time>2026-08-21T06:14:59.000Z</time>
        <extensions>
          <ns3:TrackPointExtension>
            <ns3:hr>82</ns3:hr>
            <ns3:cad>0</ns3:cad>
          </ns3:TrackPointExtension>
        </extensions>
      </trkpt>
      <trkpt lat="29.37221185304224491119384765625" lon="83.2902742736041545867919921875">
        <ele>4212.60009765625</ele>
        <time>2026-08-21T06:15:14.000Z</time>
        <extensions>
          <ns3:TrackPointExtension>
            <ns3:hr>82</ns3:hr>
            <ns3:cad>0</ns3:cad>
          </ns3:TrackPointExtension>
        </extensions>
      </trkpt>
      <trkpt lat="29.3722119368612766265869140625" lon="83.29027418978512287139892578125">
        <ele>4212.39990234375</ele>
        <time>2026-08-21T06:15:17.000Z</time>
        <extensions>
          <ns3:TrackPointExtension>
            <ns3:hr>79</ns3:hr>
            <ns3:cad>0</ns3:cad>
          </ns3:TrackPointExtension>
        </extensions>
      </trkpt>
      <trkpt lat="29.3722119368612766265869140625" lon="83.29027418978512287139892578125">
        <ele>4212.2001953125</ele>
        <time>2026-08-21T06:15:21.000Z</time>
        <extensions>
          <ns3:TrackPointExtension>
            <ns3:hr>82</ns3:hr>
            <ns3:cad>0</ns3:cad>
          </ns3:TrackPointExtension>
        </extensions>
      </trkpt>
      <trkpt lat="29.37221185304224491119384765625" lon="83.2902742736041545867919921875">
        <ele>4212.2001953125</ele>
        <time>2026-08-21T06:15:25.000Z</time>
        <extensions>
          <ns3:TrackPointExtension>
            <ns3:hr>85</ns3:hr>
            <ns3:cad>0</ns3:cad>
          </ns3:TrackPointExtension>
        </extensions>
      </trkpt>
      <trkpt lat="29.37221185304224491119384765625" lon="83.290274441242218017578125">
        <ele>4212</ele>
        <time>2026-08-21T06:15:31.000Z</time>
        <extensions>
          <ns3:TrackPointExtension>
            <ns3:hr>86</ns3:hr>
            <ns3:cad>0</ns3:cad>
          </ns3:TrackPointExtension>
        </extensions>
      </trkpt>
      <trkpt lat="29.37221185304224491119384765625" lon="83.29027452506124973297119140625">
        <ele>4212.2001953125</ele>
        <time>2026-08-21T06:15:34.000Z</time>
        <extensions>
          <ns3:TrackPointExtension>
            <ns3:hr>83</ns3:hr>
            <ns3:cad>0</ns3:cad>
          </ns3:TrackPointExtension>
        </extensions>
      </trkpt>
      <trkpt lat="29.37221185304224491119384765625" lon="83.29027418978512287139892578125">
        <ele>4212</ele>
        <time>2026-08-21T06:15:44.000Z</time>
        <extensions>
          <ns3:TrackPointExtension>
            <ns3:hr>80</ns3:hr>
            <ns3:cad>0</ns3:cad>
          </ns3:TrackPointExtension>
        </extensions>
      </trkpt>
      <trkpt lat="29.37221185304224491119384765625" lon="83.2902736030519008636474609375">
        <ele>4211.2001953125</ele>
        <time>2026-08-21T06:15:51.000Z</time>
        <extensions>
          <ns3:TrackPointExtension>
            <ns3:hr>82</ns3:hr>
            <ns3:cad>0</ns3:cad>
          </ns3:TrackPointExtension>
        </extensions>
      </trkpt>
      <trkpt lat="29.37221185304224491119384765625" lon="83.29027351923286914825439453125">
        <ele>4211.2001953125</ele>
        <time>2026-08-21T06:15:52.000Z</time>
        <extensions>
          <ns3:TrackPointExtension>
            <ns3:hr>82</ns3:hr>
            <ns3:cad>0</ns3:cad>
          </ns3:TrackPointExtension>
        </extensions>
      </trkpt>
      <trkpt lat="29.37221185304224491119384765625" lon="83.2902731001377105712890625">
        <ele>4211.60009765625</ele>
        <time>2026-08-21T06:15:59.000Z</time>
        <extensions>
          <ns3:TrackPointExtension>
            <ns3:hr>79</ns3:hr>
            <ns3:cad>0</ns3:cad>
          </ns3:TrackPointExtension>
        </extensions>
      </trkpt>
      <trkpt lat="29.37221185304224491119384765625" lon="83.29027301631867885589599609375">
        <ele>4211.60009765625</ele>
        <time>2026-08-21T06:16:01.000Z</time>
        <extensions>
          <ns3:TrackPointExtension>
            <ns3:hr>75</ns3:hr>
            <ns3:cad>0</ns3:cad>
          </ns3:TrackPointExtension>
        </extensions>
      </trkpt>
      <trkpt lat="29.37221185304224491119384765625" lon="83.2902729324996471405029296875">
        <ele>4211.60009765625</ele>
        <time>2026-08-21T06:16:03.000Z</time>
        <extensions>
          <ns3:TrackPointExtension>
            <ns3:hr>72</ns3:hr>
            <ns3:cad>0</ns3:cad>
          </ns3:TrackPointExtension>
        </extensions>
      </trkpt>
      <trkpt lat="29.37221176922321319580078125" lon="83.290272764861583709716796875">
        <ele>4211.39990234375</ele>
        <time>2026-08-21T06:16:09.000Z</time>
        <extensions>
          <ns3:TrackPointExtension>
            <ns3:hr>81</ns3:hr>
            <ns3:cad>0</ns3:cad>
          </ns3:TrackPointExtension>
        </extensions>
      </trkpt>
      <trkpt lat="29.37221168540418148040771484375" lon="83.29027268104255199432373046875">
        <ele>4211.60009765625</ele>
        <time>2026-08-21T06:16:24.000Z</time>
        <extensions>
          <ns3:TrackPointExtension>
            <ns3:hr>80</ns3:hr>
            <ns3:cad>0</ns3:cad>
          </ns3:TrackPointExtension>
        </extensions>
      </trkpt>
      <trkpt lat="29.3722116015851497650146484375" lon="83.29027251340448856353759765625">
        <ele>4211.60009765625</ele>
        <time>2026-08-21T06:16:28.000Z</time>
        <extensions>
          <ns3:TrackPointExtension>
            <ns3:hr>83</ns3:hr>
            <ns3:cad>0</ns3:cad>
          </ns3:TrackPointExtension>
        </extensions>
      </trkpt>
      <trkpt lat="29.3722116015851497650146484375" lon="83.29027242958545684814453125">
        <ele>4211.60009765625</ele>
        <time>2026-08-21T06:16:30.000Z</time>
        <extensions>
          <ns3:TrackPointExtension>
            <ns3:hr>86</ns3:hr>
            <ns3:cad>0</ns3:cad>
          </ns3:TrackPointExtension>
        </extensions>
      </trkpt>
      <trkpt lat="29.3722116015851497650146484375" lon="83.29027242958545684814453125">
        <ele>4211.60009765625</ele>
        <time>2026-08-21T06:16:32.000Z</time>
        <extensions>
          <ns3:TrackPointExtension>
            <ns3:hr>89</ns3:hr>
            <ns3:cad>0</ns3:cad>
          </ns3:TrackPointExtension>
        </extensions>
      </trkpt>
      <trkpt lat="29.3722116015851497650146484375" lon="83.29027217812836170196533203125">
        <ele>4211.60009765625</ele>
        <time>2026-08-21T06:16:38.000Z</time>
        <extensions>
          <ns3:TrackPointExtension>
            <ns3:hr>92</ns3:hr>
            <ns3:cad>0</ns3:cad>
          </ns3:TrackPointExtension>
        </extensions>
      </trkpt>
      <trkpt lat="29.3722116015851497650146484375" lon="83.29027108848094940185546875">
        <ele>4211.60009765625</ele>
        <time>2026-08-21T06:16:52.000Z</time>
        <extensions>
          <ns3:TrackPointExtension>
            <ns3:hr>88</ns3:hr>
            <ns3:cad>0</ns3:cad>
          </ns3:TrackPointExtension>
        </extensions>
      </trkpt>
      <trkpt lat="29.3722116015851497650146484375" lon="83.2902705855667591094970703125">
        <ele>4211.39990234375</ele>
        <time>2026-08-21T06:16:59.000Z</time>
        <extensions>
          <ns3:TrackPointExtension>
            <ns3:hr>89</ns3:hr>
            <ns3:cad>0</ns3:cad>
          </ns3:TrackPointExtension>
        </extensions>
      </trkpt>
      <trkpt lat="29.3722116015851497650146484375" lon="83.2902702502906322479248046875">
        <ele>4211.39990234375</ele>
        <time>2026-08-21T06:17:10.000Z</time>
        <extensions>
          <ns3:TrackPointExtension>
            <ns3:hr>86</ns3:hr>
            <ns3:cad>0</ns3:cad>
          </ns3:TrackPointExtension>
        </extensions>
      </trkpt>
      <trkpt lat="29.3722116015851497650146484375" lon="83.29027083702385425567626953125">
        <ele>4211.60009765625</ele>
        <time>2026-08-21T06:17:19.000Z</time>
        <extensions>
          <ns3:TrackPointExtension>
            <ns3:hr>85</ns3:hr>
            <ns3:cad>0</ns3:cad>
          </ns3:TrackPointExtension>
        </extensions>
      </trkpt>
      <trkpt lat="29.3722116015851497650146484375" lon="83.29027083702385425567626953125">
        <ele>4211.60009765625</ele>
        <time>2026-08-21T06:17:40.000Z</time>
        <extensions>
          <ns3:TrackPointExtension>
            <ns3:hr>84</ns3:hr>
            <ns3:cad>0</ns3:cad>
          </ns3:TrackPointExtension>
        </extensions>
      </trkpt>
      <trkpt lat="29.3722116015851497650146484375" lon="83.290270753204822540283203125">
        <ele>4211.60009765625</ele>
        <time>2026-08-21T06:18:10.000Z</time>
        <extensions>
          <ns3:TrackPointExtension>
            <ns3:hr>84</ns3:hr>
            <ns3:cad>0</ns3:cad>
          </ns3:TrackPointExtension>
        </extensions>
      </trkpt>
      <trkpt lat="29.3722116015851497650146484375" lon="83.290270753204822540283203125">
        <ele>4211.60009765625</ele>
        <time>2026-08-21T06:18:12.000Z</time>
        <extensions>
          <ns3:TrackPointExtension>
            <ns3:hr>80</ns3:hr>
            <ns3:cad>0</ns3:cad>
          </ns3:TrackPointExtension>
        </extensions>
      </trkpt>
      <trkpt lat="29.3722116015851497650146484375" lon="83.29027184285223484039306640625">
        <ele>4211.7998046875</ele>
        <time>2026-08-21T06:18:39.000Z</time>
        <extensions>
          <ns3:TrackPointExtension>
            <ns3:hr>80</ns3:hr>
            <ns3:cad>0</ns3:cad>
          </ns3:TrackPointExtension>
        </extensions>
      </trkpt>
      <trkpt lat="29.3722116015851497650146484375" lon="83.2902729324996471405029296875">
        <ele>4211.39990234375</ele>
        <time>2026-08-21T06:19:15.000Z</time>
        <extensions>
          <ns3:TrackPointExtension>
            <ns3:hr>80</ns3:hr>
            <ns3:cad>0</ns3:cad>
          </ns3:TrackPointExtension>
        </extensions>
      </trkpt>
      <trkpt lat="29.37221168540418148040771484375" lon="83.2902732677757740020751953125">
        <ele>4211.2001953125</ele>
        <time>2026-08-21T06:19:45.000Z</time>
        <extensions>
          <ns3:TrackPointExtension>
            <ns3:hr>82</ns3:hr>
            <ns3:cad>0</ns3:cad>
          </ns3:TrackPointExtension>
        </extensions>
      </trkpt>
      <trkpt lat="29.37221176922321319580078125" lon="83.2902722619473934173583984375">
        <ele>4211.60009765625</ele>
        <time>2026-08-21T06:20:09.000Z</time>
        <extensions>
          <ns3:TrackPointExtension>
            <ns3:hr>81</ns3:hr>
            <ns3:cad>0</ns3:cad>
          </ns3:TrackPointExtension>
        </extensions>
      </trkpt>
      <trkpt lat="29.37221176922321319580078125" lon="83.290272094309329986572265625">
        <ele>4211.60009765625</ele>
        <time>2026-08-21T06:20:13.000Z</time>
        <extensions>
          <ns3:TrackPointExtension>
            <ns3:hr>78</ns3:hr>
            <ns3:cad>0</ns3:cad>
          </ns3:TrackPointExtension>
        </extensions>
      </trkpt>
      <trkpt lat="29.37221168540418148040771484375" lon="83.29027234576642513275146484375">
        <ele>4211.39990234375</ele>
        <time>2026-08-21T06:20:24.000Z</time>
        <extensions>
          <ns3:TrackPointExtension>
            <ns3:hr>78</ns3:hr>
            <ns3:cad>0</ns3:cad>
          </ns3:TrackPointExtension>
        </extensions>
      </trkpt>
      <trkpt lat="29.37221151776611804962158203125" lon="83.29027268104255199432373046875">
        <ele>4211.60009765625</ele>
        <time>2026-08-21T06:20:34.000Z</time>
        <extensions>
          <ns3:TrackPointExtension>
            <ns3:hr>75</ns3:hr>
            <ns3:cad>0</ns3:cad>
          </ns3:TrackPointExtension>
        </extensions>
      </trkpt>
      <trkpt lat="29.372211433947086334228515625" lon="83.2902725972235202789306640625">
        <ele>4211.60009765625</ele>
        <time>2026-08-21T06:20:41.000Z</time>
        <extensions>
          <ns3:TrackPointExtension>
            <ns3:hr>72</ns3:hr>
            <ns3:cad>0</ns3:cad>
          </ns3:TrackPointExtension>
        </extensions>
      </trkpt>
      <trkpt lat="29.37221135012805461883544921875" lon="83.29027201049029827117919921875">
        <ele>4211.39990234375</ele>
        <time>2026-08-21T06:20:52.000Z</time>
        <extensions>
          <ns3:TrackPointExtension>
            <ns3:hr>75</ns3:hr>
            <ns3:cad>0</ns3:cad>
          </ns3:TrackPointExtension>
        </extensions>
      </trkpt>
      <trkpt lat="29.37221135012805461883544921875" lon="83.2902719266712665557861328125">
        <ele>4211.39990234375</ele>
        <time>2026-08-21T06:20:53.000Z</time>
        <extensions>
          <ns3:TrackPointExtension>
            <ns3:hr>75</ns3:hr>
            <ns3:cad>0</ns3:cad>
          </ns3:TrackPointExtension>
        </extensions>
      </trkpt>
      <trkpt lat="29.372211433947086334228515625" lon="83.29027083702385425567626953125">
        <ele>4211.60009765625</ele>
        <time>2026-08-21T06:21:10.000Z</time>
        <extensions>
          <ns3:TrackPointExtension>
            <ns3:hr>79</ns3:hr>
            <ns3:cad>0</ns3:cad>
          </ns3:TrackPointExtension>
        </extensions>
      </trkpt>
      <trkpt lat="29.372211433947086334228515625" lon="83.2902705855667591094970703125">
        <ele>4211.2001953125</ele>
        <time>2026-08-21T06:21:21.000Z</time>
        <extensions>
          <ns3:TrackPointExtension>
            <ns3:hr>76</ns3:hr>
            <ns3:cad>0</ns3:cad>
          </ns3:TrackPointExtension>
        </extensions>
      </trkpt>
      <trkpt lat="29.372211433947086334228515625" lon="83.2902705855667591094970703125">
        <ele>4211.2001953125</ele>
        <time>2026-08-21T06:21:22.000Z</time>
        <extensions>
          <ns3:TrackPointExtension>
            <ns3:hr>76</ns3:hr>
            <ns3:cad>0</ns3:cad>
          </ns3:TrackPointExtension>
        </extensions>
      </trkpt>
      <trkpt lat="29.372211433947086334228515625" lon="83.29027083702385425567626953125">
        <ele>4211.39990234375</ele>
        <time>2026-08-21T06:21:34.000Z</time>
        <extensions>
          <ns3:TrackPointExtension>
            <ns3:hr>73</ns3:hr>
            <ns3:cad>0</ns3:cad>
          </ns3:TrackPointExtension>
        </extensions>
      </trkpt>
      <trkpt lat="29.37221151776611804962158203125" lon="83.29027100466191768646240234375">
        <ele>4211.39990234375</ele>
        <time>2026-08-21T06:21:43.000Z</time>
        <extensions>
          <ns3:TrackPointExtension>
            <ns3:hr>68</ns3:hr>
            <ns3:cad>0</ns3:cad>
          </ns3:TrackPointExtension>
        </extensions>
      </trkpt>
      <trkpt lat="29.37221151776611804962158203125" lon="83.29027100466191768646240234375">
        <ele>4211.39990234375</ele>
        <time>2026-08-21T06:21:44.000Z</time>
        <extensions>
          <ns3:TrackPointExtension>
            <ns3:hr>65</ns3:hr>
            <ns3:cad>0</ns3:cad>
          </ns3:TrackPointExtension>
        </extensions>
      </trkpt>
      <trkpt lat="29.37221151776611804962158203125" lon="83.29027100466191768646240234375">
        <ele>4211</ele>
        <time>2026-08-21T06:21:47.000Z</time>
        <extensions>
          <ns3:TrackPointExtension>
            <ns3:hr>69</ns3:hr>
            <ns3:cad>0</ns3:cad>
          </ns3:TrackPointExtension>
        </extensions>
      </trkpt>
      <trkpt lat="29.37221151776611804962158203125" lon="83.2902709208428859710693359375">
        <ele>4211</ele>
        <time>2026-08-21T06:21:49.000Z</time>
        <extensions>
          <ns3:TrackPointExtension>
            <ns3:hr>72</ns3:hr>
            <ns3:cad>0</ns3:cad>
          </ns3:TrackPointExtension>
        </extensions>
      </trkpt>
      <trkpt lat="29.3722116015851497650146484375" lon="83.29027083702385425567626953125">
        <ele>4211.2001953125</ele>
        <time>2026-08-21T06:21:53.000Z</time>
        <extensions>
          <ns3:TrackPointExtension>
            <ns3:hr>72</ns3:hr>
            <ns3:cad>0</ns3:cad>
          </ns3:TrackPointExtension>
        </extensions>
      </trkpt>
      <trkpt lat="29.37221168540418148040771484375" lon="83.2902709208428859710693359375">
        <ele>4211.39990234375</ele>
        <time>2026-08-21T06:22:01.000Z</time>
        <extensions>
          <ns3:TrackPointExtension>
            <ns3:hr>75</ns3:hr>
            <ns3:cad>0</ns3:cad>
          </ns3:TrackPointExtension>
        </extensions>
      </trkpt>
      <trkpt lat="29.37221168540418148040771484375" lon="83.29027133993804454803466796875">
        <ele>4211.2001953125</ele>
        <time>2026-08-21T06:22:08.000Z</time>
        <extensions>
          <ns3:TrackPointExtension>
            <ns3:hr>72</ns3:hr>
            <ns3:cad>0</ns3:cad>
          </ns3:TrackPointExtension>
        </extensions>
      </trkpt>
      <trkpt lat="29.37221168540418148040771484375" lon="83.29027167521417140960693359375">
        <ele>4210</ele>
        <time>2026-08-21T06:22:13.000Z</time>
        <extensions>
          <ns3:TrackPointExtension>
            <ns3:hr>74</ns3:hr>
            <ns3:cad>0</ns3:cad>
          </ns3:TrackPointExtension>
        </extensions>
      </trkpt>
      <trkpt lat="29.37221168540418148040771484375" lon="83.290271759033203125">
        <ele>4209.7998046875</ele>
        <time>2026-08-21T06:22:14.000Z</time>
        <extensions>
          <ns3:TrackPointExtension>
            <ns3:hr>74</ns3:hr>
            <ns3:cad>0</ns3:cad>
          </ns3:TrackPointExtension>
        </extensions>
      </trkpt>
      <trkpt lat="29.3722116015851497650146484375" lon="83.29027335159480571746826171875">
        <ele>4210</ele>
        <time>2026-08-21T06:22:26.000Z</time>
        <extensions>
          <ns3:TrackPointExtension>
            <ns3:hr>77</ns3:hr>
            <ns3:cad>0</ns3:cad>
          </ns3:TrackPointExtension>
        </extensions>
      </trkpt>
      <trkpt lat="29.3722116015851497650146484375" lon="83.29027377068996429443359375">
        <ele>4211</ele>
        <time>2026-08-21T06:22:31.000Z</time>
        <extensions>
          <ns3:TrackPointExtension>
            <ns3:hr>78</ns3:hr>
            <ns3:cad>0</ns3:cad>
          </ns3:TrackPointExtension>
        </extensions>
      </trkpt>
      <trkpt lat="29.3722116015851497650146484375" lon="83.29027385450899600982666015625">
        <ele>4211.2001953125</ele>
        <time>2026-08-21T06:22:32.000Z</time>
        <extensions>
          <ns3:TrackPointExtension>
            <ns3:hr>78</ns3:hr>
            <ns3:cad>0</ns3:cad>
          </ns3:TrackPointExtension>
        </extensions>
      </trkpt>
      <trkpt lat="29.37221168540418148040771484375" lon="83.29027402214705944061279296875">
        <ele>4211.39990234375</ele>
        <time>2026-08-21T06:22:47.000Z</time>
        <extensions>
          <ns3:TrackPointExtension>
            <ns3:hr>78</ns3:hr>
            <ns3:cad>0</ns3:cad>
          </ns3:TrackPointExtension>
        </extensions>
      </trkpt>
      <trkpt lat="29.37221168540418148040771484375" lon="83.2902739383280277252197265625">
        <ele>4211.2001953125</ele>
        <time>2026-08-21T06:23:15.000Z</time>
        <extensions>
          <ns3:TrackPointExtension>
            <ns3:hr>75</ns3:hr>
            <ns3:cad>0</ns3:cad>
          </ns3:TrackPointExtension>
        </extensions>
      </trkpt>
      <trkpt lat="29.37221168540418148040771484375" lon="83.29027402214705944061279296875">
        <ele>4211.2001953125</ele>
        <time>2026-08-21T06:23:17.000Z</time>
        <extensions>
          <ns3:TrackPointExtension>
            <ns3:hr>73</ns3:hr>
            <ns3:cad>0</ns3:cad>
          </ns3:TrackPointExtension>
        </extensions>
      </trkpt>
      <trkpt lat="29.37221168540418148040771484375" lon="83.2902742736041545867919921875">
        <ele>4211</ele>
        <time>2026-08-21T06:23:23.000Z</time>
        <extensions>
          <ns3:TrackPointExtension>
            <ns3:hr>76</ns3:hr>
            <ns3:cad>0</ns3:cad>
          </ns3:TrackPointExtension>
        </extensions>
      </trkpt>
      <trkpt lat="29.37221168540418148040771484375" lon="83.290274441242218017578125">
        <ele>4210.7998046875</ele>
        <time>2026-08-21T06:23:35.000Z</time>
        <extensions>
          <ns3:TrackPointExtension>
            <ns3:hr>76</ns3:hr>
            <ns3:cad>0</ns3:cad>
          </ns3:TrackPointExtension>
        </extensions>
      </trkpt>
      <trkpt lat="29.37221176922321319580078125" lon="83.29027402214705944061279296875">
        <ele>4211.2001953125</ele>
        <time>2026-08-21T06:23:50.000Z</time>
        <extensions>
          <ns3:TrackPointExtension>
            <ns3:hr>78</ns3:hr>
            <ns3:cad>0</ns3:cad>
          </ns3:TrackPointExtension>
        </extensions>
      </trkpt>
      <trkpt lat="29.37221176922321319580078125" lon="83.29027418978512287139892578125">
        <ele>4211.39990234375</ele>
        <time>2026-08-21T06:24:00.000Z</time>
        <extensions>
          <ns3:TrackPointExtension>
            <ns3:hr>81</ns3:hr>
            <ns3:cad>0</ns3:cad>
          </ns3:TrackPointExtension>
        </extensions>
      </trkpt>
      <trkpt lat="29.3722116015851497650146484375" lon="83.29027536325156688690185546875">
        <ele>4211</ele>
        <time>2026-08-21T06:24:10.000Z</time>
        <extensions>
          <ns3:TrackPointExtension>
            <ns3:hr>81</ns3:hr>
            <ns3:cad>0</ns3:cad>
          </ns3:TrackPointExtension>
        </extensions>
      </trkpt>
      <trkpt lat="29.37221151776611804962158203125" lon="83.29027620144188404083251953125">
        <ele>4211.2001953125</ele>
        <time>2026-08-21T06:24:22.000Z</time>
        <extensions>
          <ns3:TrackPointExtension>
            <ns3:hr>84</ns3:hr>
            <ns3:cad>0</ns3:cad>
          </ns3:TrackPointExtension>
        </extensions>
      </trkpt>
      <trkpt lat="29.37221151776611804962158203125" lon="83.29027620144188404083251953125">
        <ele>4211.2001953125</ele>
        <time>2026-08-21T06:24:24.000Z</time>
        <extensions>
          <ns3:TrackPointExtension>
            <ns3:hr>88</ns3:hr>
            <ns3:cad>0</ns3:cad>
          </ns3:TrackPointExtension>
        </extensions>
      </trkpt>
      <trkpt lat="29.37221151776611804962158203125" lon="83.290276117622852325439453125">
        <ele>4211.39990234375</ele>
        <time>2026-08-21T06:24:26.000Z</time>
        <extensions>
          <ns3:TrackPointExtension>
            <ns3:hr>91</ns3:hr>
            <ns3:cad>0</ns3:cad>
          </ns3:TrackPointExtension>
        </extensions>
      </trkpt>
      <trkpt lat="29.37221151776611804962158203125" lon="83.290276117622852325439453125">
        <ele>4211.39990234375</ele>
        <time>2026-08-21T06:24:27.000Z</time>
        <extensions>
          <ns3:TrackPointExtension>
            <ns3:hr>93</ns3:hr>
            <ns3:cad>0</ns3:cad>
          </ns3:TrackPointExtension>
        </extensions>
      </trkpt>
      <trkpt lat="29.37221151776611804962158203125" lon="83.29027603380382061004638671875">
        <ele>4211.39990234375</ele>
        <time>2026-08-21T06:24:29.000Z</time>
        <extensions>
          <ns3:TrackPointExtension>
            <ns3:hr>97</ns3:hr>
            <ns3:cad>0</ns3:cad>
          </ns3:TrackPointExtension>
        </extensions>
      </trkpt>
      <trkpt lat="29.37221151776611804962158203125" lon="83.2902756147086620330810546875">
        <ele>4211.60009765625</ele>
        <time>2026-08-21T06:24:39.000Z</time>
        <extensions>
          <ns3:TrackPointExtension>
            <ns3:hr>92</ns3:hr>
            <ns3:cad>0</ns3:cad>
          </ns3:TrackPointExtension>
        </extensions>
      </trkpt>
      <trkpt lat="29.37221151776611804962158203125" lon="83.2902756147086620330810546875">
        <ele>4211.60009765625</ele>
        <time>2026-08-21T06:24:40.000Z</time>
        <extensions>
          <ns3:TrackPointExtension>
            <ns3:hr>88</ns3:hr>
            <ns3:cad>0</ns3:cad>
          </ns3:TrackPointExtension>
        </extensions>
      </trkpt>
      <trkpt lat="29.37221151776611804962158203125" lon="83.29027569852769374847412109375">
        <ele>4211.60009765625</ele>
        <time>2026-08-21T06:24:46.000Z</time>
        <extensions>
          <ns3:TrackPointExtension>
            <ns3:hr>85</ns3:hr>
            <ns3:cad>0</ns3:cad>
          </ns3:TrackPointExtension>
        </extensions>
      </trkpt>
      <trkpt lat="29.37221151776611804962158203125" lon="83.2902757823467254638671875">
        <ele>4211.60009765625</ele>
        <time>2026-08-21T06:24:48.000Z</time>
        <extensions>
          <ns3:TrackPointExtension>
            <ns3:hr>82</ns3:hr>
            <ns3:cad>0</ns3:cad>
          </ns3:TrackPointExtension>
        </extensions>
      </trkpt>
      <trkpt lat="29.3722116015851497650146484375" lon="83.29027603380382061004638671875">
        <ele>4211.60009765625</ele>
        <time>2026-08-21T06:24:59.000Z</time>
        <extensions>
          <ns3:TrackPointExtension>
            <ns3:hr>84</ns3:hr>
            <ns3:cad>0</ns3:cad>
          </ns3:TrackPointExtension>
        </extensions>
      </trkpt>
      <trkpt lat="29.3722116015851497650146484375" lon="83.29027620144188404083251953125">
        <ele>4211.39990234375</ele>
        <time>2026-08-21T06:25:15.000Z</time>
        <extensions>
          <ns3:TrackPointExtension>
            <ns3:hr>79</ns3:hr>
            <ns3:cad>0</ns3:cad>
          </ns3:TrackPointExtension>
        </extensions>
      </trkpt>
      <trkpt lat="29.37221168540418148040771484375" lon="83.29027620144188404083251953125">
        <ele>4211.39990234375</ele>
        <time>2026-08-21T06:25:18.000Z</time>
        <extensions>
          <ns3:TrackPointExtension>
            <ns3:hr>76</ns3:hr>
            <ns3:cad>0</ns3:cad>
          </ns3:TrackPointExtension>
        </extensions>
      </trkpt>
      <trkpt lat="29.37221168540418148040771484375" lon="83.29027620144188404083251953125">
        <ele>4211.2001953125</ele>
        <time>2026-08-21T06:25:21.000Z</time>
        <extensions>
          <ns3:TrackPointExtension>
            <ns3:hr>74</ns3:hr>
            <ns3:cad>0</ns3:cad>
          </ns3:TrackPointExtension>
        </extensions>
      </trkpt>
      <trkpt lat="29.3722116015851497650146484375" lon="83.29027645289897918701171875">
        <ele>4211</ele>
        <time>2026-08-21T06:25:33.000Z</time>
        <extensions>
          <ns3:TrackPointExtension>
            <ns3:hr>74</ns3:hr>
            <ns3:cad>0</ns3:cad>
          </ns3:TrackPointExtension>
        </extensions>
      </trkpt>
      <trkpt lat="29.3722116015851497650146484375" lon="83.29027620144188404083251953125">
        <ele>4211.39990234375</ele>
        <time>2026-08-21T06:25:43.000Z</time>
        <extensions>
          <ns3:TrackPointExtension>
            <ns3:hr>76</ns3:hr>
            <ns3:cad>0</ns3:cad>
          </ns3:TrackPointExtension>
        </extensions>
      </trkpt>
      <trkpt lat="29.3722116015851497650146484375" lon="83.29027519561350345611572265625">
        <ele>4211.39990234375</ele>
        <time>2026-08-21T06:26:08.000Z</time>
        <extensions>
          <ns3:TrackPointExtension>
            <ns3:hr>76</ns3:hr>
            <ns3:cad>0</ns3:cad>
          </ns3:TrackPointExtension>
        </extensions>
      </trkpt>
      <trkpt lat="29.37221151776611804962158203125" lon="83.29027284868061542510986328125">
        <ele>4210.60009765625</ele>
        <time>2026-08-21T06:26:25.000Z</time>
        <extensions>
          <ns3:TrackPointExtension>
            <ns3:hr>78</ns3:hr>
            <ns3:cad>0</ns3:cad>
          </ns3:TrackPointExtension>
        </extensions>
      </trkpt>
      <trkpt lat="29.37221151776611804962158203125" lon="83.2902725972235202789306640625">
        <ele>4211.39990234375</ele>
        <time>2026-08-21T06:26:34.000Z</time>
        <extensions>
          <ns3:TrackPointExtension>
            <ns3:hr>79</ns3:hr>
            <ns3:cad>0</ns3:cad>
          </ns3:TrackPointExtension>
        </extensions>
      </trkpt>
      <trkpt lat="29.3722156248986721038818359375" lon="83.29027184285223484039306640625">
        <ele>4211.39990234375</ele>
        <time>2026-08-21T06:26:45.000Z</time>
        <extensions>
          <ns3:TrackPointExtension>
            <ns3:hr>76</ns3:hr>
            <ns3:cad>0</ns3:cad>
          </ns3:TrackPointExtension>
        </extensions>
      </trkpt>
      <trkpt lat="29.37221604399383068084716796875" lon="83.2902715913951396942138671875">
        <ele>4211.60009765625</ele>
        <time>2026-08-21T06:26:46.000Z</time>
        <extensions>
          <ns3:TrackPointExtension>
            <ns3:hr>77</ns3:hr>
            <ns3:cad>0</ns3:cad>
          </ns3:TrackPointExtension>
        </extensions>
      </trkpt>
      <trkpt lat="29.37221654690802097320556640625" lon="83.29027133993804454803466796875">
        <ele>4211.7998046875</ele>
        <time>2026-08-21T06:26:51.000Z</time>
        <extensions>
          <ns3:TrackPointExtension>
            <ns3:hr>80</ns3:hr>
            <ns3:cad>0</ns3:cad>
          </ns3:TrackPointExtension>
        </extensions>
      </trkpt>
      <trkpt lat="29.37221654690802097320556640625" lon="83.29027108848094940185546875">
        <ele>4211.60009765625</ele>
        <time>2026-08-21T06:26:56.000Z</time>
        <extensions>
          <ns3:TrackPointExtension>
            <ns3:hr>77</ns3:hr>
            <ns3:cad>0</ns3:cad>
          </ns3:TrackPointExtension>
        </extensions>
      </trkpt>
      <trkpt lat="29.3722164630889892578125" lon="83.29027083702385425567626953125">
        <ele>4211.60009765625</ele>
        <time>2026-08-21T06:27:00.000Z</time>
        <extensions>
          <ns3:TrackPointExtension>
            <ns3:hr>80</ns3:hr>
            <ns3:cad>0</ns3:cad>
          </ns3:TrackPointExtension>
        </extensions>
      </trkpt>
      <trkpt lat="29.37221654690802097320556640625" lon="83.29027050174772739410400390625">
        <ele>4211.7998046875</ele>
        <time>2026-08-21T06:27:10.000Z</time>
        <extensions>
          <ns3:TrackPointExtension>
            <ns3:hr>83</ns3:hr>
            <ns3:cad>0</ns3:cad>
          </ns3:TrackPointExtension>
        </extensions>
      </trkpt>
      <trkpt lat="29.37221654690802097320556640625" lon="83.2902704179286956787109375">
        <ele>4211.60009765625</ele>
        <time>2026-08-21T06:27:11.000Z</time>
        <extensions>
          <ns3:TrackPointExtension>
            <ns3:hr>84</ns3:hr>
            <ns3:cad>0</ns3:cad>
          </ns3:TrackPointExtension>
        </extensions>
      </trkpt>
      <trkpt lat="29.37221654690802097320556640625" lon="83.29026999883353710174560546875">
        <ele>4211.7998046875</ele>
        <time>2026-08-21T06:27:25.000Z</time>
        <extensions>
          <ns3:TrackPointExtension>
            <ns3:hr>83</ns3:hr>
            <ns3:cad>0</ns3:cad>
          </ns3:TrackPointExtension>
        </extensions>
      </trkpt>
      <trkpt lat="29.37221654690802097320556640625" lon="83.2902699150145053863525390625">
        <ele>4211.7998046875</ele>
        <time>2026-08-21T06:27:28.000Z</time>
        <extensions>
          <ns3:TrackPointExtension>
            <ns3:hr>80</ns3:hr>
            <ns3:cad>0</ns3:cad>
          </ns3:TrackPointExtension>
        </extensions>
      </trkpt>
      <trkpt lat="29.3722156248986721038818359375" lon="83.29027066938579082489013671875">
        <ele>4211.7998046875</ele>
        <time>2026-08-21T06:27:33.000Z</time>
        <extensions>
          <ns3:TrackPointExtension>
            <ns3:hr>83</ns3:hr>
            <ns3:cad>0</ns3:cad>
          </ns3:TrackPointExtension>
        </extensions>
      </trkpt>
      <trkpt lat="29.3722156248986721038818359375" lon="83.29027066938579082489013671875">
        <ele>4211.7998046875</ele>
        <time>2026-08-21T06:27:35.000Z</time>
        <extensions>
          <ns3:TrackPointExtension>
            <ns3:hr>86</ns3:hr>
            <ns3:cad>0</ns3:cad>
          </ns3:TrackPointExtension>
        </extensions>
      </trkpt>
      <trkpt lat="29.37221570871770381927490234375" lon="83.29027066938579082489013671875">
        <ele>4211.7998046875</ele>
        <time>2026-08-21T06:27:38.000Z</time>
        <extensions>
          <ns3:TrackPointExtension>
            <ns3:hr>86</ns3:hr>
            <ns3:cad>0</ns3:cad>
          </ns3:TrackPointExtension>
        </extensions>
      </trkpt>
      <trkpt lat="29.37221604399383068084716796875" lon="83.29027066938579082489013671875">
        <ele>4211.7998046875</ele>
        <time>2026-08-21T06:27:47.000Z</time>
        <extensions>
          <ns3:TrackPointExtension>
            <ns3:hr>89</ns3:hr>
            <ns3:cad>0</ns3:cad>
          </ns3:TrackPointExtension>
        </extensions>
      </trkpt>
      <trkpt lat="29.37221621163189411163330078125" lon="83.290270753204822540283203125">
        <ele>4211.7998046875</ele>
        <time>2026-08-21T06:27:51.000Z</time>
        <extensions>
          <ns3:TrackPointExtension>
            <ns3:hr>86</ns3:hr>
            <ns3:cad>0</ns3:cad>
          </ns3:TrackPointExtension>
        </extensions>
      </trkpt>
      <trkpt lat="29.37221621163189411163330078125" lon="83.290270753204822540283203125">
        <ele>4211.7998046875</ele>
        <time>2026-08-21T06:27:52.000Z</time>
        <extensions>
          <ns3:TrackPointExtension>
            <ns3:hr>86</ns3:hr>
            <ns3:cad>0</ns3:cad>
          </ns3:TrackPointExtension>
        </extensions>
      </trkpt>
      <trkpt lat="29.3722164630889892578125" lon="83.29027033410966396331787109375">
        <ele>4211.7998046875</ele>
        <time>2026-08-21T06:28:00.000Z</time>
        <extensions>
          <ns3:TrackPointExtension>
            <ns3:hr>83</ns3:hr>
            <ns3:cad>0</ns3:cad>
          </ns3:TrackPointExtension>
        </extensions>
      </trkpt>
      <trkpt lat="29.37221637926995754241943359375" lon="83.290269412100315093994140625">
        <ele>4211.7998046875</ele>
        <time>2026-08-21T06:28:11.000Z</time>
        <extensions>
          <ns3:TrackPointExtension>
            <ns3:hr>82</ns3:hr>
            <ns3:cad>0</ns3:cad>
          </ns3:TrackPointExtension>
        </extensions>
      </trkpt>
      <trkpt lat="29.3722166307270526885986328125" lon="83.29026983119547367095947265625">
        <ele>4211.39990234375</ele>
        <time>2026-08-21T06:28:38.000Z</time>
        <extensions>
          <ns3:TrackPointExtension>
            <ns3:hr>79</ns3:hr>
            <ns3:cad>0</ns3:cad>
          </ns3:TrackPointExtension>
        </extensions>
      </trkpt>
      <trkpt lat="29.3722166307270526885986328125" lon="83.29026983119547367095947265625">
        <ele>4211.39990234375</ele>
        <time>2026-08-21T06:28:39.000Z</time>
        <extensions>
          <ns3:TrackPointExtension>
            <ns3:hr>80</ns3:hr>
            <ns3:cad>0</ns3:cad>
          </ns3:TrackPointExtension>
        </extensions>
      </trkpt>
      <trkpt lat="29.37221654690802097320556640625" lon="83.2902699150145053863525390625">
        <ele>4211.7998046875</ele>
        <time>2026-08-21T06:28:44.000Z</time>
        <extensions>
          <ns3:TrackPointExtension>
            <ns3:hr>83</ns3:hr>
            <ns3:cad>0</ns3:cad>
          </ns3:TrackPointExtension>
        </extensions>
      </trkpt>
      <trkpt lat="29.37221637926995754241943359375" lon="83.290270082652568817138671875">
        <ele>4212</ele>
        <time>2026-08-21T06:28:53.000Z</time>
        <extensions>
          <ns3:TrackPointExtension>
            <ns3:hr>84</ns3:hr>
            <ns3:cad>0</ns3:cad>
          </ns3:TrackPointExtension>
        </extensions>
      </trkpt>
      <trkpt lat="29.37221637926995754241943359375" lon="83.29027016647160053253173828125">
        <ele>4212</ele>
        <time>2026-08-21T06:28:56.000Z</time>
        <extensions>
          <ns3:TrackPointExtension>
            <ns3:hr>84</ns3:hr>
            <ns3:cad>0</ns3:cad>
          </ns3:TrackPointExtension>
        </extensions>
      </trkpt>
      <trkpt lat="29.37221604399383068084716796875" lon="83.2902709208428859710693359375">
        <ele>4211.7998046875</ele>
        <time>2026-08-21T06:29:11.000Z</time>
        <extensions>
          <ns3:TrackPointExtension>
            <ns3:hr>83</ns3:hr>
            <ns3:cad>0</ns3:cad>
          </ns3:TrackPointExtension>
        </extensions>
      </trkpt>
      <trkpt lat="29.37221579253673553466796875" lon="83.290271759033203125">
        <ele>4212.2001953125</ele>
        <time>2026-08-21T06:29:19.000Z</time>
        <extensions>
          <ns3:TrackPointExtension>
            <ns3:hr>86</ns3:hr>
            <ns3:cad>0</ns3:cad>
          </ns3:TrackPointExtension>
        </extensions>
      </trkpt>
      <trkpt lat="29.37221537344157695770263671875" lon="83.29027318395674228668212890625">
        <ele>4212</ele>
        <time>2026-08-21T06:29:32.000Z</time>
        <extensions>
          <ns3:TrackPointExtension>
            <ns3:hr>83</ns3:hr>
            <ns3:cad>0</ns3:cad>
          </ns3:TrackPointExtension>
        </extensions>
      </trkpt>
      <trkpt lat="29.37221537344157695770263671875" lon="83.29027335159480571746826171875">
        <ele>4212</ele>
        <time>2026-08-21T06:29:34.000Z</time>
        <extensions>
          <ns3:TrackPointExtension>
            <ns3:hr>82</ns3:hr>
            <ns3:cad>0</ns3:cad>
          </ns3:TrackPointExtension>
        </extensions>
      </trkpt>
      <trkpt lat="29.37221537344157695770263671875" lon="83.2902752794325351715087890625">
        <ele>4212</ele>
        <time>2026-08-21T06:29:45.000Z</time>
        <extensions>
          <ns3:TrackPointExtension>
            <ns3:hr>82</ns3:hr>
            <ns3:cad>0</ns3:cad>
          </ns3:TrackPointExtension>
        </extensions>
      </trkpt>
      <trkpt lat="29.3722149543464183807373046875" lon="83.2902749441564083099365234375">
        <ele>4212</ele>
        <time>2026-08-21T06:29:59.000Z</time>
        <extensions>
          <ns3:TrackPointExtension>
            <ns3:hr>86</ns3:hr>
            <ns3:cad>0</ns3:cad>
          </ns3:TrackPointExtension>
        </extensions>
      </trkpt>
      <trkpt lat="29.37221487052738666534423828125" lon="83.290274776518344879150390625">
        <ele>4212</ele>
        <time>2026-08-21T06:30:02.000Z</time>
        <extensions>
          <ns3:TrackPointExtension>
            <ns3:hr>83</ns3:hr>
            <ns3:cad>0</ns3:cad>
          </ns3:TrackPointExtension>
        </extensions>
      </trkpt>
      <trkpt lat="29.372214786708354949951171875" lon="83.29027469269931316375732421875">
        <ele>4212.2001953125</ele>
        <time>2026-08-21T06:30:08.000Z</time>
        <extensions>
          <ns3:TrackPointExtension>
            <ns3:hr>82</ns3:hr>
            <ns3:cad>0</ns3:cad>
          </ns3:TrackPointExtension>
        </extensions>
      </trkpt>
      <trkpt lat="29.372214786708354949951171875" lon="83.2902762852609157562255859375">
        <ele>4212.2001953125</ele>
        <time>2026-08-21T06:30:32.000Z</time>
        <extensions>
          <ns3:TrackPointExtension>
            <ns3:hr>80</ns3:hr>
            <ns3:cad>0</ns3:cad>
          </ns3:TrackPointExtension>
        </extensions>
      </trkpt>
      <trkpt lat="29.3722146190702915191650390625" lon="83.2902762852609157562255859375">
        <ele>4212.2001953125</ele>
        <time>2026-08-21T06:30:41.000Z</time>
        <extensions>
          <ns3:TrackPointExtension>
            <ns3:hr>83</ns3:hr>
            <ns3:cad>0</ns3:cad>
          </ns3:TrackPointExtension>
        </extensions>
      </trkpt>
      <trkpt lat="29.37221453525125980377197265625" lon="83.29027620144188404083251953125">
        <ele>4212.2001953125</ele>
        <time>2026-08-21T06:30:44.000Z</time>
        <extensions>
          <ns3:TrackPointExtension>
            <ns3:hr>82</ns3:hr>
            <ns3:cad>0</ns3:cad>
          </ns3:TrackPointExtension>
        </extensions>
      </trkpt>
      <trkpt lat="29.372214786708354949951171875" lon="83.29027653671801090240478515625">
        <ele>4211.60009765625</ele>
        <time>2026-08-21T06:31:05.000Z</time>
        <extensions>
          <ns3:TrackPointExtension>
            <ns3:hr>81</ns3:hr>
            <ns3:cad>0</ns3:cad>
          </ns3:TrackPointExtension>
        </extensions>
      </trkpt>
      <trkpt lat="29.3722149543464183807373046875" lon="83.29027670435607433319091796875">
        <ele>4212.60009765625</ele>
        <time>2026-08-21T06:31:20.000Z</time>
        <extensions>
          <ns3:TrackPointExtension>
            <ns3:hr>80</ns3:hr>
            <ns3:cad>0</ns3:cad>
          </ns3:TrackPointExtension>
        </extensions>
      </trkpt>
      <trkpt lat="29.372214786708354949951171875" lon="83.2902766205370426177978515625">
        <ele>4212.2001953125</ele>
        <time>2026-08-21T06:31:32.000Z</time>
        <extensions>
          <ns3:TrackPointExtension>
            <ns3:hr>77</ns3:hr>
            <ns3:cad>0</ns3:cad>
          </ns3:TrackPointExtension>
        </extensions>
      </trkpt>
      <trkpt lat="29.372214786708354949951171875" lon="83.2902766205370426177978515625">
        <ele>4212.2001953125</ele>
        <time>2026-08-21T06:31:34.000Z</time>
        <extensions>
          <ns3:TrackPointExtension>
            <ns3:hr>74</ns3:hr>
            <ns3:cad>0</ns3:cad>
          </ns3:TrackPointExtension>
        </extensions>
      </trkpt>
      <trkpt lat="29.372214786708354949951171875" lon="83.2902766205370426177978515625">
        <ele>4212.2001953125</ele>
        <time>2026-08-21T06:31:38.000Z</time>
        <extensions>
          <ns3:TrackPointExtension>
            <ns3:hr>77</ns3:hr>
            <ns3:cad>0</ns3:cad>
          </ns3:TrackPointExtension>
        </extensions>
      </trkpt>
      <trkpt lat="29.37221487052738666534423828125" lon="83.2902766205370426177978515625">
        <ele>4212.39990234375</ele>
        <time>2026-08-21T06:31:39.000Z</time>
        <extensions>
          <ns3:TrackPointExtension>
            <ns3:hr>80</ns3:hr>
            <ns3:cad>0</ns3:cad>
          </ns3:TrackPointExtension>
        </extensions>
      </trkpt>
      <trkpt lat="29.37221503816545009613037109375" lon="83.2902766205370426177978515625">
        <ele>4212.2001953125</ele>
        <time>2026-08-21T06:31:44.000Z</time>
        <extensions>
          <ns3:TrackPointExtension>
            <ns3:hr>80</ns3:hr>
            <ns3:cad>0</ns3:cad>
          </ns3:TrackPointExtension>
        </extensions>
      </trkpt>
      <trkpt lat="29.372215457260608673095703125" lon="83.2902766205370426177978515625">
        <ele>4212.39990234375</ele>
        <time>2026-08-21T06:31:55.000Z</time>
        <extensions>
          <ns3:TrackPointExtension>
            <ns3:hr>77</ns3:hr>
            <ns3:cad>0</ns3:cad>
          </ns3:TrackPointExtension>
        </extensions>
      </trkpt>
      <trkpt lat="29.37221503816545009613037109375" lon="83.29027636907994747161865234375">
        <ele>4212</ele>
        <time>2026-08-21T06:32:13.000Z</time>
        <extensions>
          <ns3:TrackPointExtension>
            <ns3:hr>76</ns3:hr>
            <ns3:cad>0</ns3:cad>
          </ns3:TrackPointExtension>
        </extensions>
      </trkpt>
      <trkpt lat="29.37221470288932323455810546875" lon="83.29027620144188404083251953125">
        <ele>4211</ele>
        <time>2026-08-21T06:32:19.000Z</time>
        <extensions>
          <ns3:TrackPointExtension>
            <ns3:hr>74</ns3:hr>
            <ns3:cad>0</ns3:cad>
          </ns3:TrackPointExtension>
        </extensions>
      </trkpt>
      <trkpt lat="29.37221445143222808837890625" lon="83.290276117622852325439453125">
        <ele>4211.39990234375</ele>
        <time>2026-08-21T06:32:26.000Z</time>
        <extensions>
          <ns3:TrackPointExtension>
            <ns3:hr>77</ns3:hr>
            <ns3:cad>0</ns3:cad>
          </ns3:TrackPointExtension>
        </extensions>
      </trkpt>
      <trkpt lat="29.37221445143222808837890625" lon="83.290276117622852325439453125">
        <ele>4211.39990234375</ele>
        <time>2026-08-21T06:32:28.000Z</time>
        <extensions>
          <ns3:TrackPointExtension>
            <ns3:hr>81</ns3:hr>
            <ns3:cad>0</ns3:cad>
          </ns3:TrackPointExtension>
        </extensions>
      </trkpt>
      <trkpt lat="29.37221453525125980377197265625" lon="83.290276117622852325439453125">
        <ele>4212.2001953125</ele>
        <time>2026-08-21T06:32:33.000Z</time>
        <extensions>
          <ns3:TrackPointExtension>
            <ns3:hr>81</ns3:hr>
            <ns3:cad>0</ns3:cad>
          </ns3:TrackPointExtension>
        </extensions>
      </trkpt>
      <trkpt lat="29.37221453525125980377197265625" lon="83.29027620144188404083251953125">
        <ele>4212.2001953125</ele>
        <time>2026-08-21T06:32:36.000Z</time>
        <extensions>
          <ns3:TrackPointExtension>
            <ns3:hr>78</ns3:hr>
            <ns3:cad>0</ns3:cad>
          </ns3:TrackPointExtension>
        </extensions>
      </trkpt>
      <trkpt lat="29.3722149543464183807373046875" lon="83.29027636907994747161865234375">
        <ele>4212</ele>
        <time>2026-08-21T06:32:51.000Z</time>
        <extensions>
          <ns3:TrackPointExtension>
            <ns3:hr>80</ns3:hr>
            <ns3:cad>0</ns3:cad>
          </ns3:TrackPointExtension>
        </extensions>
      </trkpt>
      <trkpt lat="29.37221537344157695770263671875" lon="83.29027645289897918701171875">
        <ele>4212.2001953125</ele>
        <time>2026-08-21T06:33:10.000Z</time>
        <extensions>
          <ns3:TrackPointExtension>
            <ns3:hr>82</ns3:hr>
            <ns3:cad>0</ns3:cad>
          </ns3:TrackPointExtension>
        </extensions>
      </trkpt>
      <trkpt lat="29.37221554107964038848876953125" lon="83.29027636907994747161865234375">
        <ele>4212.39990234375</ele>
        <time>2026-08-21T06:33:26.000Z</time>
        <extensions>
          <ns3:TrackPointExtension>
            <ns3:hr>79</ns3:hr>
            <ns3:cad>0</ns3:cad>
          </ns3:TrackPointExtension>
        </extensions>
      </trkpt>
      <trkpt lat="29.37221554107964038848876953125" lon="83.29027636907994747161865234375">
        <ele>4212.60009765625</ele>
        <time>2026-08-21T06:33:28.000Z</time>
        <extensions>
          <ns3:TrackPointExtension>
            <ns3:hr>80</ns3:hr>
            <ns3:cad>0</ns3:cad>
          </ns3:TrackPointExtension>
        </extensions>
      </trkpt>
      <trkpt lat="29.372214786708354949951171875" lon="83.29027586616575717926025390625">
        <ele>4212.60009765625</ele>
        <time>2026-08-21T06:33:56.000Z</time>
        <extensions>
          <ns3:TrackPointExtension>
            <ns3:hr>78</ns3:hr>
            <ns3:cad>0</ns3:cad>
          </ns3:TrackPointExtension>
        </extensions>
      </trkpt>
      <trkpt lat="29.37221487052738666534423828125" lon="83.2902759499847888946533203125">
        <ele>4212</ele>
        <time>2026-08-21T06:34:02.000Z</time>
        <extensions>
          <ns3:TrackPointExtension>
            <ns3:hr>75</ns3:hr>
            <ns3:cad>0</ns3:cad>
          </ns3:TrackPointExtension>
        </extensions>
      </trkpt>
      <trkpt lat="29.37221487052738666534423828125" lon="83.29027586616575717926025390625">
        <ele>4212.39990234375</ele>
        <time>2026-08-21T06:34:09.000Z</time>
        <extensions>
          <ns3:TrackPointExtension>
            <ns3:hr>76</ns3:hr>
            <ns3:cad>0</ns3:cad>
          </ns3:TrackPointExtension>
        </extensions>
      </trkpt>
      <trkpt lat="29.37221487052738666534423828125" lon="83.29027586616575717926025390625">
        <ele>4212.2001953125</ele>
        <time>2026-08-21T06:34:18.000Z</time>
        <extensions>
          <ns3:TrackPointExtension>
            <ns3:hr>73</ns3:hr>
            <ns3:cad>0</ns3:cad>
          </ns3:TrackPointExtension>
        </extensions>
      </trkpt>
      <trkpt lat="29.372214786708354949951171875" lon="83.29027586616575717926025390625">
        <ele>4212.39990234375</ele>
        <time>2026-08-21T06:34:20.000Z</time>
        <extensions>
          <ns3:TrackPointExtension>
            <ns3:hr>76</ns3:hr>
            <ns3:cad>0</ns3:cad>
          </ns3:TrackPointExtension>
        </extensions>
      </trkpt>
      <trkpt lat="29.37221470288932323455810546875" lon="83.29027586616575717926025390625">
        <ele>4212.2001953125</ele>
        <time>2026-08-21T06:34:28.000Z</time>
        <extensions>
          <ns3:TrackPointExtension>
            <ns3:hr>79</ns3:hr>
            <ns3:cad>0</ns3:cad>
          </ns3:TrackPointExtension>
        </extensions>
      </trkpt>
      <trkpt lat="29.37221453525125980377197265625" lon="83.2902759499847888946533203125">
        <ele>4212.2001953125</ele>
        <time>2026-08-21T06:34:36.000Z</time>
        <extensions>
          <ns3:TrackPointExtension>
            <ns3:hr>80</ns3:hr>
            <ns3:cad>0</ns3:cad>
          </ns3:TrackPointExtension>
        </extensions>
      </trkpt>
      <trkpt lat="29.37221436761319637298583984375" lon="83.2902759499847888946533203125">
        <ele>4212.39990234375</ele>
        <time>2026-08-21T06:34:48.000Z</time>
        <extensions>
          <ns3:TrackPointExtension>
            <ns3:hr>81</ns3:hr>
            <ns3:cad>0</ns3:cad>
          </ns3:TrackPointExtension>
        </extensions>
      </trkpt>
      <trkpt lat="29.37221436761319637298583984375" lon="83.2902757823467254638671875">
        <ele>4212.2001953125</ele>
        <time>2026-08-21T06:35:11.000Z</time>
        <extensions>
          <ns3:TrackPointExtension>
            <ns3:hr>83</ns3:hr>
            <ns3:cad>0</ns3:cad>
          </ns3:TrackPointExtension>
        </extensions>
      </trkpt>
      <trkpt lat="29.37221453525125980377197265625" lon="83.29027569852769374847412109375">
        <ele>4212.39990234375</ele>
        <time>2026-08-21T06:35:16.000Z</time>
        <extensions>
          <ns3:TrackPointExtension>
            <ns3:hr>86</ns3:hr>
            <ns3:cad>0</ns3:cad>
          </ns3:TrackPointExtension>
        </extensions>
      </trkpt>
      <trkpt lat="29.3722149543464183807373046875" lon="83.29027569852769374847412109375">
        <ele>4212</ele>
        <time>2026-08-21T06:35:24.000Z</time>
        <extensions>
          <ns3:TrackPointExtension>
            <ns3:hr>83</ns3:hr>
            <ns3:cad>0</ns3:cad>
          </ns3:TrackPointExtension>
        </extensions>
      </trkpt>
      <trkpt lat="29.3722152896225452423095703125" lon="83.2902757823467254638671875">
        <ele>4212.2001953125</ele>
        <time>2026-08-21T06:35:28.000Z</time>
        <extensions>
          <ns3:TrackPointExtension>
            <ns3:hr>80</ns3:hr>
            <ns3:cad>0</ns3:cad>
          </ns3:TrackPointExtension>
        </extensions>
      </trkpt>
      <trkpt lat="29.37221587635576725006103515625" lon="83.29027586616575717926025390625">
        <ele>4212.2001953125</ele>
        <time>2026-08-21T06:35:35.000Z</time>
        <extensions>
          <ns3:TrackPointExtension>
            <ns3:hr>78</ns3:hr>
            <ns3:cad>0</ns3:cad>
          </ns3:TrackPointExtension>
        </extensions>
      </trkpt>
      <trkpt lat="29.372216127812862396240234375" lon="83.2902759499847888946533203125">
        <ele>4212.2001953125</ele>
        <time>2026-08-21T06:35:41.000Z</time>
        <extensions>
          <ns3:TrackPointExtension>
            <ns3:hr>82</ns3:hr>
            <ns3:cad>0</ns3:cad>
          </ns3:TrackPointExtension>
        </extensions>
      </trkpt>
      <trkpt lat="29.372216127812862396240234375" lon="83.2902759499847888946533203125">
        <ele>4212.2001953125</ele>
        <time>2026-08-21T06:35:57.000Z</time>
        <extensions>
          <ns3:TrackPointExtension>
            <ns3:hr>82</ns3:hr>
            <ns3:cad>0</ns3:cad>
          </ns3:TrackPointExtension>
        </extensions>
      </trkpt>
      <trkpt lat="29.37221637926995754241943359375" lon="83.29027620144188404083251953125">
        <ele>4212.2001953125</ele>
        <time>2026-08-21T06:36:06.000Z</time>
        <extensions>
          <ns3:TrackPointExtension>
            <ns3:hr>79</ns3:hr>
            <ns3:cad>0</ns3:cad>
          </ns3:TrackPointExtension>
        </extensions>
      </trkpt>
      <trkpt lat="29.37221738509833812713623046875" lon="83.29027712345123291015625">
        <ele>4212.39990234375</ele>
        <time>2026-08-21T06:36:11.000Z</time>
        <extensions>
          <ns3:TrackPointExtension>
            <ns3:hr>78</ns3:hr>
            <ns3:cad>0</ns3:cad>
          </ns3:TrackPointExtension>
        </extensions>
      </trkpt>
      <trkpt lat="29.372217468917369842529296875" lon="83.29027712345123291015625">
        <ele>4212.2001953125</ele>
        <time>2026-08-21T06:36:25.000Z</time>
        <extensions>
          <ns3:TrackPointExtension>
            <ns3:hr>77</ns3:hr>
            <ns3:cad>0</ns3:cad>
          </ns3:TrackPointExtension>
        </extensions>
      </trkpt>
      <trkpt lat="29.372217468917369842529296875" lon="83.29027720727026462554931640625">
        <ele>4212.2001953125</ele>
        <time>2026-08-21T06:36:27.000Z</time>
        <extensions>
          <ns3:TrackPointExtension>
            <ns3:hr>80</ns3:hr>
            <ns3:cad>0</ns3:cad>
          </ns3:TrackPointExtension>
        </extensions>
      </trkpt>
      <trkpt lat="29.372217468917369842529296875" lon="83.29027712345123291015625">
        <ele>4212.7998046875</ele>
        <time>2026-08-21T06:36:44.000Z</time>
        <extensions>
          <ns3:TrackPointExtension>
            <ns3:hr>78</ns3:hr>
            <ns3:cad>0</ns3:cad>
          </ns3:TrackPointExtension>
        </extensions>
      </trkpt>
      <trkpt lat="29.372217468917369842529296875" lon="83.29027703963220119476318359375">
        <ele>4212.2001953125</ele>
        <time>2026-08-21T06:37:11.000Z</time>
        <extensions>
          <ns3:TrackPointExtension>
            <ns3:hr>80</ns3:hr>
            <ns3:cad>0</ns3:cad>
          </ns3:TrackPointExtension>
        </extensions>
      </trkpt>
      <trkpt lat="29.372217468917369842529296875" lon="83.29027712345123291015625">
        <ele>4212.39990234375</ele>
        <time>2026-08-21T06:37:20.000Z</time>
        <extensions>
          <ns3:TrackPointExtension>
            <ns3:hr>78</ns3:hr>
            <ns3:cad>0</ns3:cad>
          </ns3:TrackPointExtension>
        </extensions>
      </trkpt>
      <trkpt lat="29.37221688218414783477783203125" lon="83.29027519561350345611572265625">
        <ele>4213</ele>
        <time>2026-08-21T06:37:40.000Z</time>
        <extensions>
          <ns3:TrackPointExtension>
            <ns3:hr>77</ns3:hr>
            <ns3:cad>0</ns3:cad>
          </ns3:TrackPointExtension>
        </extensions>
      </trkpt>
      <trkpt lat="29.3722206540405750274658203125" lon="83.29028273932635784149169921875">
        <ele>4212.39990234375</ele>
        <time>2026-08-21T06:37:47.000Z</time>
        <extensions>
          <ns3:TrackPointExtension>
            <ns3:hr>81</ns3:hr>
            <ns3:cad>0</ns3:cad>
          </ns3:TrackPointExtension>
        </extensions>
      </trkpt>
      <trkpt lat="29.37222073785960674285888671875" lon="83.29028315842151641845703125">
        <ele>4212.39990234375</ele>
        <time>2026-08-21T06:37:48.000Z</time>
        <extensions>
          <ns3:TrackPointExtension>
            <ns3:hr>81</ns3:hr>
            <ns3:cad>0</ns3:cad>
          </ns3:TrackPointExtension>
        </extensions>
      </trkpt>
      <trkpt lat="29.372220821678638458251953125" lon="83.290283493697643280029296875">
        <ele>4212.60009765625</ele>
        <time>2026-08-21T06:37:50.000Z</time>
        <extensions>
          <ns3:TrackPointExtension>
            <ns3:hr>84</ns3:hr>
            <ns3:cad>0</ns3:cad>
          </ns3:TrackPointExtension>
        </extensions>
      </trkpt>
      <trkpt lat="29.372220821678638458251953125" lon="83.29028357751667499542236328125">
        <ele>4212.60009765625</ele>
        <time>2026-08-21T06:37:52.000Z</time>
        <extensions>
          <ns3:TrackPointExtension>
            <ns3:hr>87</ns3:hr>
            <ns3:cad>0</ns3:cad>
          </ns3:TrackPointExtension>
        </extensions>
      </trkpt>
      <trkpt lat="29.37222057022154331207275390625" lon="83.29028324224054813385009765625">
        <ele>4213</ele>
        <time>2026-08-21T06:37:59.000Z</time>
        <extensions>
          <ns3:TrackPointExtension>
            <ns3:hr>81</ns3:hr>
            <ns3:cad>0</ns3:cad>
          </ns3:TrackPointExtension>
        </extensions>
      </trkpt>
      <trkpt lat="29.37221973203122615814208984375" lon="83.29028290696442127227783203125">
        <ele>4212.39990234375</ele>
        <time>2026-08-21T06:38:05.000Z</time>
        <extensions>
          <ns3:TrackPointExtension>
            <ns3:hr>84</ns3:hr>
            <ns3:cad>0</ns3:cad>
          </ns3:TrackPointExtension>
        </extensions>
      </trkpt>
      <trkpt lat="29.37221839092671871185302734375" lon="83.2902824878692626953125">
        <ele>4211.7998046875</ele>
        <time>2026-08-21T06:38:07.000Z</time>
        <extensions>
          <ns3:TrackPointExtension>
            <ns3:hr>85</ns3:hr>
            <ns3:cad>0</ns3:cad>
          </ns3:TrackPointExtension>
        </extensions>
      </trkpt>
      <trkpt lat="29.3722146190702915191650390625" lon="83.2902886904776096343994140625">
        <ele>4212.60009765625</ele>
        <time>2026-08-21T06:38:14.000Z</time>
        <extensions>
          <ns3:TrackPointExtension>
            <ns3:hr>87</ns3:hr>
            <ns3:cad>0</ns3:cad>
          </ns3:TrackPointExtension>
        </extensions>
      </trkpt>
      <trkpt lat="29.37221453525125980377197265625" lon="83.2902886904776096343994140625">
        <ele>4212.7998046875</ele>
        <time>2026-08-21T06:38:23.000Z</time>
        <extensions>
          <ns3:TrackPointExtension>
            <ns3:hr>84</ns3:hr>
            <ns3:cad>0</ns3:cad>
          </ns3:TrackPointExtension>
        </extensions>
      </trkpt>
      <trkpt lat="29.3722142837941646575927734375" lon="83.2902883552014827728271484375">
        <ele>4213</ele>
        <time>2026-08-21T06:38:35.000Z</time>
        <extensions>
          <ns3:TrackPointExtension>
            <ns3:hr>82</ns3:hr>
            <ns3:cad>0</ns3:cad>
          </ns3:TrackPointExtension>
        </extensions>
      </trkpt>
      <trkpt lat="29.37220984138548374176025390625" lon="83.29027653671801090240478515625">
        <ele>4212</ele>
        <time>2026-08-21T06:38:44.000Z</time>
        <extensions>
          <ns3:TrackPointExtension>
            <ns3:hr>81</ns3:hr>
            <ns3:cad>0</ns3:cad>
          </ns3:TrackPointExtension>
        </extensions>
      </trkpt>
      <trkpt lat="29.37220967374742031097412109375" lon="83.29027645289897918701171875">
        <ele>4212.39990234375</ele>
        <time>2026-08-21T06:38:48.000Z</time>
        <extensions>
          <ns3:TrackPointExtension>
            <ns3:hr>85</ns3:hr>
            <ns3:cad>0</ns3:cad>
          </ns3:TrackPointExtension>
        </extensions>
      </trkpt>
      <trkpt lat="29.37220967374742031097412109375" lon="83.29027653671801090240478515625">
        <ele>4212.60009765625</ele>
        <time>2026-08-21T06:38:53.000Z</time>
        <extensions>
          <ns3:TrackPointExtension>
            <ns3:hr>82</ns3:hr>
            <ns3:cad>0</ns3:cad>
          </ns3:TrackPointExtension>
        </extensions>
      </trkpt>
      <trkpt lat="29.37221042811870574951171875" lon="83.290276788175106048583984375">
        <ele>4212.39990234375</ele>
        <time>2026-08-21T06:39:08.000Z</time>
        <extensions>
          <ns3:TrackPointExtension>
            <ns3:hr>84</ns3:hr>
            <ns3:cad>0</ns3:cad>
          </ns3:TrackPointExtension>
        </extensions>
      </trkpt>
      <trkpt lat="29.37221176922321319580078125" lon="83.29027519561350345611572265625">
        <ele>4213</ele>
        <time>2026-08-21T06:39:18.000Z</time>
        <extensions>
          <ns3:TrackPointExtension>
            <ns3:hr>84</ns3:hr>
            <ns3:cad>0</ns3:cad>
          </ns3:TrackPointExtension>
        </extensions>
      </trkpt>
      <trkpt lat="29.37221176922321319580078125" lon="83.29027511179447174072265625">
        <ele>4213.2001953125</ele>
        <time>2026-08-21T06:39:20.000Z</time>
        <extensions>
          <ns3:TrackPointExtension>
            <ns3:hr>84</ns3:hr>
            <ns3:cad>0</ns3:cad>
          </ns3:TrackPointExtension>
        </extensions>
      </trkpt>
      <trkpt lat="29.37221151776611804962158203125" lon="83.29027511179447174072265625">
        <ele>4213</ele>
        <time>2026-08-21T06:39:27.000Z</time>
        <extensions>
          <ns3:TrackPointExtension>
            <ns3:hr>84</ns3:hr>
            <ns3:cad>0</ns3:cad>
          </ns3:TrackPointExtension>
        </extensions>
      </trkpt>
      <trkpt lat="29.37221151776611804962158203125" lon="83.290274776518344879150390625">
        <ele>4213</ele>
        <time>2026-08-21T06:39:35.000Z</time>
        <extensions>
          <ns3:TrackPointExtension>
            <ns3:hr>87</ns3:hr>
            <ns3:cad>0</ns3:cad>
          </ns3:TrackPointExtension>
        </extensions>
      </trkpt>
      <trkpt lat="29.37221185304224491119384765625" lon="83.2902742736041545867919921875">
        <ele>4212.7998046875</ele>
        <time>2026-08-21T06:39:50.000Z</time>
        <extensions>
          <ns3:TrackPointExtension>
            <ns3:hr>86</ns3:hr>
            <ns3:cad>0</ns3:cad>
          </ns3:TrackPointExtension>
        </extensions>
      </trkpt>
      <trkpt lat="29.3722116015851497650146484375" lon="83.2902746088802814483642578125">
        <ele>4213.2001953125</ele>
        <time>2026-08-21T06:39:59.000Z</time>
        <extensions>
          <ns3:TrackPointExtension>
            <ns3:hr>86</ns3:hr>
            <ns3:cad>0</ns3:cad>
          </ns3:TrackPointExtension>
        </extensions>
      </trkpt>
      <trkpt lat="29.3722112663090229034423828125" lon="83.2902749441564083099365234375">
        <ele>4213</ele>
        <time>2026-08-21T06:40:07.000Z</time>
        <extensions>
          <ns3:TrackPointExtension>
            <ns3:hr>86</ns3:hr>
            <ns3:cad>0</ns3:cad>
          </ns3:TrackPointExtension>
        </extensions>
      </trkpt>
      <trkpt lat="29.37221118248999118804931640625" lon="83.29027511179447174072265625">
        <ele>4213.2001953125</ele>
        <time>2026-08-21T06:40:13.000Z</time>
        <extensions>
          <ns3:TrackPointExtension>
            <ns3:hr>83</ns3:hr>
            <ns3:cad>0</ns3:cad>
          </ns3:TrackPointExtension>
        </extensions>
      </trkpt>
      <trkpt lat="29.3722116015851497650146484375" lon="83.29027452506124973297119140625">
        <ele>4213.39990234375</ele>
        <time>2026-08-21T06:40:30.000Z</time>
        <extensions>
          <ns3:TrackPointExtension>
            <ns3:hr>86</ns3:hr>
            <ns3:cad>0</ns3:cad>
          </ns3:TrackPointExtension>
        </extensions>
      </trkpt>
      <trkpt lat="29.37221151776611804962158203125" lon="83.290274441242218017578125">
        <ele>4213</ele>
        <time>2026-08-21T06:40:34.000Z</time>
        <extensions>
          <ns3:TrackPointExtension>
            <ns3:hr>87</ns3:hr>
            <ns3:cad>0</ns3:cad>
          </ns3:TrackPointExtension>
        </extensions>
      </trkpt>
      <trkpt lat="29.372211433947086334228515625" lon="83.290274441242218017578125">
        <ele>4213</ele>
        <time>2026-08-21T06:40:39.000Z</time>
        <extensions>
          <ns3:TrackPointExtension>
            <ns3:hr>83</ns3:hr>
            <ns3:cad>0</ns3:cad>
          </ns3:TrackPointExtension>
        </extensions>
      </trkpt>
      <trkpt lat="29.3722112663090229034423828125" lon="83.29027452506124973297119140625">
        <ele>4212.2001953125</ele>
        <time>2026-08-21T06:40:45.000Z</time>
        <extensions>
          <ns3:TrackPointExtension>
            <ns3:hr>82</ns3:hr>
            <ns3:cad>0</ns3:cad>
          </ns3:TrackPointExtension>
        </extensions>
      </trkpt>
      <trkpt lat="29.37221118248999118804931640625" lon="83.29027452506124973297119140625">
        <ele>4212.39990234375</ele>
        <time>2026-08-21T06:40:46.000Z</time>
        <extensions>
          <ns3:TrackPointExtension>
            <ns3:hr>82</ns3:hr>
            <ns3:cad>0</ns3:cad>
          </ns3:TrackPointExtension>
        </extensions>
      </trkpt>
      <trkpt lat="29.37221185304224491119384765625" lon="83.2902809791266918182373046875">
        <ele>4212.7998046875</ele>
        <time>2026-08-21T06:40:52.000Z</time>
        <extensions>
          <ns3:TrackPointExtension>
            <ns3:hr>85</ns3:hr>
            <ns3:cad>0</ns3:cad>
          </ns3:TrackPointExtension>
        </extensions>
      </trkpt>
      <trkpt lat="29.37221151776611804962158203125" lon="83.290281482040882110595703125">
        <ele>4212.7998046875</ele>
        <time>2026-08-21T06:40:54.000Z</time>
        <extensions>
          <ns3:TrackPointExtension>
            <ns3:hr>86</ns3:hr>
            <ns3:cad>0</ns3:cad>
          </ns3:TrackPointExtension>
        </extensions>
      </trkpt>
      <trkpt lat="29.37221118248999118804931640625" lon="83.2902816496789455413818359375">
        <ele>4213.2001953125</ele>
        <time>2026-08-21T06:41:03.000Z</time>
        <extensions>
          <ns3:TrackPointExtension>
            <ns3:hr>85</ns3:hr>
            <ns3:cad>0</ns3:cad>
          </ns3:TrackPointExtension>
        </extensions>
      </trkpt>
      <trkpt lat="29.37221403233706951141357421875" lon="83.2902846671640872955322265625">
        <ele>4213.2001953125</ele>
        <time>2026-08-21T06:41:12.000Z</time>
        <extensions>
          <ns3:TrackPointExtension>
            <ns3:hr>87</ns3:hr>
            <ns3:cad>0</ns3:cad>
          </ns3:TrackPointExtension>
        </extensions>
      </trkpt>
      <trkpt lat="29.37221453525125980377197265625" lon="83.29028475098311901092529296875">
        <ele>4213.2001953125</ele>
        <time>2026-08-21T06:41:18.000Z</time>
        <extensions>
          <ns3:TrackPointExtension>
            <ns3:hr>84</ns3:hr>
            <ns3:cad>0</ns3:cad>
          </ns3:TrackPointExtension>
        </extensions>
      </trkpt>
      <trkpt lat="29.37221470288932323455810546875" lon="83.29028475098311901092529296875">
        <ele>4213.2001953125</ele>
        <time>2026-08-21T06:41:20.000Z</time>
        <extensions>
          <ns3:TrackPointExtension>
            <ns3:hr>81</ns3:hr>
            <ns3:cad>0</ns3:cad>
          </ns3:TrackPointExtension>
        </extensions>
      </trkpt>
      <trkpt lat="29.3722149543464183807373046875" lon="83.2902846671640872955322265625">
        <ele>4213</ele>
        <time>2026-08-21T06:41:28.000Z</time>
        <extensions>
          <ns3:TrackPointExtension>
            <ns3:hr>84</ns3:hr>
            <ns3:cad>0</ns3:cad>
          </ns3:TrackPointExtension>
        </extensions>
      </trkpt>
      <trkpt lat="29.372214786708354949951171875" lon="83.2902846671640872955322265625">
        <ele>4213</ele>
        <time>2026-08-21T06:41:36.000Z</time>
        <extensions>
          <ns3:TrackPointExtension>
            <ns3:hr>81</ns3:hr>
            <ns3:cad>0</ns3:cad>
          </ns3:TrackPointExtension>
        </extensions>
      </trkpt>
      <trkpt lat="29.372214116156101226806640625" lon="83.29028458334505558013916015625">
        <ele>4213.2001953125</ele>
        <time>2026-08-21T06:41:46.000Z</time>
        <extensions>
          <ns3:TrackPointExtension>
            <ns3:hr>82</ns3:hr>
            <ns3:cad>0</ns3:cad>
          </ns3:TrackPointExtension>
        </extensions>
      </trkpt>
      <trkpt lat="29.37221386469900608062744140625" lon="83.29028458334505558013916015625">
        <ele>4213.2001953125</ele>
        <time>2026-08-21T06:41:49.000Z</time>
        <extensions>
          <ns3:TrackPointExtension>
            <ns3:hr>82</ns3:hr>
            <ns3:cad>0</ns3:cad>
          </ns3:TrackPointExtension>
        </extensions>
      </trkpt>
      <trkpt lat="29.37221336178481578826904296875" lon="83.29028449952602386474609375">
        <ele>4213</ele>
        <time>2026-08-21T06:42:08.000Z</time>
        <extensions>
          <ns3:TrackPointExtension>
            <ns3:hr>82</ns3:hr>
            <ns3:cad>0</ns3:cad>
          </ns3:TrackPointExtension>
        </extensions>
      </trkpt>
      <trkpt lat="29.3722126074135303497314453125" lon="83.29028449952602386474609375">
        <ele>4212.7998046875</ele>
        <time>2026-08-21T06:42:19.000Z</time>
        <extensions>
          <ns3:TrackPointExtension>
            <ns3:hr>85</ns3:hr>
            <ns3:cad>0</ns3:cad>
          </ns3:TrackPointExtension>
        </extensions>
      </trkpt>
      <trkpt lat="29.37221252359449863433837890625" lon="83.29028449952602386474609375">
        <ele>4212.7998046875</ele>
        <time>2026-08-21T06:42:20.000Z</time>
        <extensions>
          <ns3:TrackPointExtension>
            <ns3:hr>89</ns3:hr>
            <ns3:cad>0</ns3:cad>
          </ns3:TrackPointExtension>
        </extensions>
      </trkpt>
      <trkpt lat="29.3722119368612766265869140625" lon="83.29028449952602386474609375">
        <ele>4213.2001953125</ele>
        <time>2026-08-21T06:42:25.000Z</time>
        <extensions>
          <ns3:TrackPointExtension>
            <ns3:hr>86</ns3:hr>
            <ns3:cad>0</ns3:cad>
          </ns3:TrackPointExtension>
        </extensions>
      </trkpt>
      <trkpt lat="29.3722116015851497650146484375" lon="83.29028449952602386474609375">
        <ele>4213</ele>
        <time>2026-08-21T06:42:28.000Z</time>
        <extensions>
          <ns3:TrackPointExtension>
            <ns3:hr>83</ns3:hr>
            <ns3:cad>0</ns3:cad>
          </ns3:TrackPointExtension>
        </extensions>
      </trkpt>
      <trkpt lat="29.37221084721386432647705078125" lon="83.29028441570699214935302734375">
        <ele>4213</ele>
        <time>2026-08-21T06:42:36.000Z</time>
        <extensions>
          <ns3:TrackPointExtension>
            <ns3:hr>84</ns3:hr>
            <ns3:cad>0</ns3:cad>
          </ns3:TrackPointExtension>
        </extensions>
      </trkpt>
      <trkpt lat="29.3722102604806423187255859375" lon="83.29028441570699214935302734375">
        <ele>4213.2001953125</ele>
        <time>2026-08-21T06:42:44.000Z</time>
        <extensions>
          <ns3:TrackPointExtension>
            <ns3:hr>81</ns3:hr>
            <ns3:cad>0</ns3:cad>
          </ns3:TrackPointExtension>
        </extensions>
      </trkpt>
      <trkpt lat="29.37221000902354717254638671875" lon="83.29028441570699214935302734375">
        <ele>4213</ele>
        <time>2026-08-21T06:42:48.000Z</time>
        <extensions>
          <ns3:TrackPointExtension>
            <ns3:hr>78</ns3:hr>
            <ns3:cad>0</ns3:cad>
          </ns3:TrackPointExtension>
        </extensions>
      </trkpt>
      <trkpt lat="29.37220967374742031097412109375" lon="83.29028441570699214935302734375">
        <ele>4213.2001953125</ele>
        <time>2026-08-21T06:42:55.000Z</time>
        <extensions>
          <ns3:TrackPointExtension>
            <ns3:hr>82</ns3:hr>
            <ns3:cad>0</ns3:cad>
          </ns3:TrackPointExtension>
        </extensions>
      </trkpt>
      <trkpt lat="29.3722092546522617340087890625" lon="83.2902843318879604339599609375">
        <ele>4213.2001953125</ele>
        <time>2026-08-21T06:43:13.000Z</time>
        <extensions>
          <ns3:TrackPointExtension>
            <ns3:hr>82</ns3:hr>
            <ns3:cad>0</ns3:cad>
          </ns3:TrackPointExtension>
        </extensions>
      </trkpt>
      <trkpt lat="29.37220908701419830322265625" lon="83.29028441570699214935302734375">
        <ele>4212.7998046875</ele>
        <time>2026-08-21T06:43:27.000Z</time>
        <extensions>
          <ns3:TrackPointExtension>
            <ns3:hr>85</ns3:hr>
            <ns3:cad>0</ns3:cad>
          </ns3:TrackPointExtension>
        </extensions>
      </trkpt>
      <trkpt lat="29.37220900319516658782958984375" lon="83.29028441570699214935302734375">
        <ele>4213</ele>
        <time>2026-08-21T06:43:30.000Z</time>
        <extensions>
          <ns3:TrackPointExtension>
            <ns3:hr>87</ns3:hr>
            <ns3:cad>0</ns3:cad>
          </ns3:TrackPointExtension>
        </extensions>
      </trkpt>
      <trkpt lat="29.37220900319516658782958984375" lon="83.29028441570699214935302734375">
        <ele>4213</ele>
        <time>2026-08-21T06:43:31.000Z</time>
        <extensions>
          <ns3:TrackPointExtension>
            <ns3:hr>86</ns3:hr>
            <ns3:cad>0</ns3:cad>
          </ns3:TrackPointExtension>
        </extensions>
      </trkpt>
    </trkseg>
  </trk>
</gpx>
