<?xml version="1.0" encoding="UTF-8"?>
<gpx creator="Garmin Connect" version="1.1"
  xsi:schemaLocation="http://www.topografix.com/GPX/1/1 http://www.topografix.com/GPX/11.xsd"
  xmlns:ns3="http://www.garmin.com/xmlschemas/TrackPointExtension/v1"
  xmlns="http://www.topografix.com/GPX/1/1"
  xmlns:xsi="http://www.w3.org/2001/XMLSchema-instance" xmlns:ns2="http://www.garmin.com/xmlschemas/GpxExtensions/v3">
  <metadata>
    <link href="connect.garmin.com">
      <text>Garmin Connect</text>
    </link>
    <time>2026-08-05T05:12:01.000Z</time>
  </metadata>
  <trk>
    <name>Juphal Randonnée</name>
    <type>hiking</type>
    <trkseg>
      <trkpt lat="28.98370745591819286346435546875" lon="82.82076640985906124114990234375">
        <ele>2487.199951171875</ele>
        <time>2026-08-05T05:12:45.000Z</time>
        <extensions>
          <ns3:TrackPointExtension>
            <ns3:hr>81</ns3:hr>
            <ns3:cad>0</ns3:cad>
          </ns3:TrackPointExtension>
        </extensions>
      </trkpt>
      <trkpt lat="28.98370946757495403289794921875" lon="82.8207653202116489410400390625">
        <ele>2487.199951171875</ele>
        <time>2026-08-05T05:13:03.000Z</time>
        <extensions>
          <ns3:TrackPointExtension>
            <ns3:hr>83</ns3:hr>
            <ns3:cad>0</ns3:cad>
          </ns3:TrackPointExtension>
        </extensions>
      </trkpt>
      <trkpt lat="28.98371315561234951019287109375" lon="82.8207680024206638336181640625">
        <ele>2487</ele>
        <time>2026-08-05T05:13:06.000Z</time>
        <extensions>
          <ns3:TrackPointExtension>
            <ns3:hr>86</ns3:hr>
            <ns3:cad>0</ns3:cad>
          </ns3:TrackPointExtension>
        </extensions>
      </trkpt>
      <trkpt lat="28.98370946757495403289794921875" lon="82.8207653202116489410400390625">
        <ele>2487.199951171875</ele>
        <time>2026-08-05T05:13:09.000Z</time>
        <extensions>
          <ns3:TrackPointExtension>
            <ns3:hr>86</ns3:hr>
            <ns3:cad>0</ns3:cad>
          </ns3:TrackPointExtension>
        </extensions>
      </trkpt>
      <trkpt lat="28.98370946757495403289794921875" lon="82.8207653202116489410400390625">
        <ele>2486.800048828125</ele>
        <time>2026-08-05T05:13:17.000Z</time>
        <extensions>
          <ns3:TrackPointExtension>
            <ns3:hr>83</ns3:hr>
            <ns3:cad>0</ns3:cad>
          </ns3:TrackPointExtension>
        </extensions>
      </trkpt>
      <trkpt lat="28.98370946757495403289794921875" lon="82.8207653202116489410400390625">
        <ele>2486.800048828125</ele>
        <time>2026-08-05T05:13:18.000Z</time>
        <extensions>
          <ns3:TrackPointExtension>
            <ns3:hr>83</ns3:hr>
            <ns3:cad>0</ns3:cad>
          </ns3:TrackPointExtension>
        </extensions>
      </trkpt>
      <trkpt lat="28.98370946757495403289794921875" lon="82.8207653202116489410400390625">
        <ele>2487</ele>
        <time>2026-08-05T05:13:21.000Z</time>
        <extensions>
          <ns3:TrackPointExtension>
            <ns3:hr>84</ns3:hr>
            <ns3:cad>0</ns3:cad>
          </ns3:TrackPointExtension>
        </extensions>
      </trkpt>
      <trkpt lat="28.98370896466076374053955078125" lon="82.820758782327175140380859375">
        <ele>2487</ele>
        <time>2026-08-05T05:13:31.000Z</time>
        <extensions>
          <ns3:TrackPointExtension>
            <ns3:hr>85</ns3:hr>
            <ns3:cad>0</ns3:cad>
          </ns3:TrackPointExtension>
        </extensions>
      </trkpt>
      <trkpt lat="28.9837100543081760406494140625" lon="82.8207502327859401702880859375">
        <ele>2486.800048828125</ele>
        <time>2026-08-05T05:13:41.000Z</time>
        <extensions>
          <ns3:TrackPointExtension>
            <ns3:hr>84</ns3:hr>
            <ns3:cad>0</ns3:cad>
          </ns3:TrackPointExtension>
        </extensions>
      </trkpt>
      <trkpt lat="28.9837100543081760406494140625" lon="82.8207502327859401702880859375">
        <ele>2487</ele>
        <time>2026-08-05T05:13:48.000Z</time>
        <extensions>
          <ns3:TrackPointExtension>
            <ns3:hr>82</ns3:hr>
            <ns3:cad>62</ns3:cad>
          </ns3:TrackPointExtension>
        </extensions>
      </trkpt>
      <trkpt lat="28.9837107248604297637939453125" lon="82.82074277289211750030517578125">
        <ele>2487.199951171875</ele>
        <time>2026-08-05T05:13:51.000Z</time>
        <extensions>
          <ns3:TrackPointExtension>
            <ns3:hr>83</ns3:hr>
            <ns3:cad>0</ns3:cad>
          </ns3:TrackPointExtension>
        </extensions>
      </trkpt>
      <trkpt lat="28.983706198632717132568359375" lon="82.8207495622336864471435546875">
        <ele>2487</ele>
        <time>2026-08-05T05:13:58.000Z</time>
        <extensions>
          <ns3:TrackPointExtension>
            <ns3:hr>85</ns3:hr>
            <ns3:cad>62</ns3:cad>
          </ns3:TrackPointExtension>
        </extensions>
      </trkpt>
      <trkpt lat="28.9837134070694446563720703125" lon="82.820750735700130462646484375">
        <ele>2486.39990234375</ele>
        <time>2026-08-05T05:14:07.000Z</time>
        <extensions>
          <ns3:TrackPointExtension>
            <ns3:hr>84</ns3:hr>
            <ns3:cad>0</ns3:cad>
          </ns3:TrackPointExtension>
        </extensions>
      </trkpt>
      <trkpt lat="28.98373008705675601959228515625" lon="82.8207391686737537384033203125">
        <ele>2486</ele>
        <time>2026-08-05T05:14:10.000Z</time>
        <extensions>
          <ns3:TrackPointExtension>
            <ns3:hr>81</ns3:hr>
            <ns3:cad>0</ns3:cad>
          </ns3:TrackPointExtension>
        </extensions>
      </trkpt>
      <trkpt lat="28.983745090663433074951171875" lon="82.8207348100841045379638671875">
        <ele>2486.60009765625</ele>
        <time>2026-08-05T05:14:14.000Z</time>
        <extensions>
          <ns3:TrackPointExtension>
            <ns3:hr>85</ns3:hr>
            <ns3:cad>0</ns3:cad>
          </ns3:TrackPointExtension>
        </extensions>
      </trkpt>
      <trkpt lat="28.9837918616831302642822265625" lon="82.82074369490146636962890625">
        <ele>2486.39990234375</ele>
        <time>2026-08-05T05:14:20.000Z</time>
        <extensions>
          <ns3:TrackPointExtension>
            <ns3:hr>82</ns3:hr>
            <ns3:cad>0</ns3:cad>
          </ns3:TrackPointExtension>
        </extensions>
      </trkpt>
      <trkpt lat="28.98379881866276264190673828125" lon="82.82074545510113239288330078125">
        <ele>2486.60009765625</ele>
        <time>2026-08-05T05:14:26.000Z</time>
        <extensions>
          <ns3:TrackPointExtension>
            <ns3:hr>82</ns3:hr>
            <ns3:cad>0</ns3:cad>
          </ns3:TrackPointExtension>
        </extensions>
      </trkpt>
      <trkpt lat="28.9838153310120105743408203125" lon="82.82077294774353504180908203125">
        <ele>2486.199951171875</ele>
        <time>2026-08-05T05:14:33.000Z</time>
        <extensions>
          <ns3:TrackPointExtension>
            <ns3:hr>84</ns3:hr>
            <ns3:cad>61</ns3:cad>
          </ns3:TrackPointExtension>
        </extensions>
      </trkpt>
      <trkpt lat="28.98381181061267852783203125" lon="82.820777557790279388427734375">
        <ele>2486.39990234375</ele>
        <time>2026-08-05T05:14:35.000Z</time>
        <extensions>
          <ns3:TrackPointExtension>
            <ns3:hr>87</ns3:hr>
            <ns3:cad>0</ns3:cad>
          </ns3:TrackPointExtension>
        </extensions>
      </trkpt>
      <trkpt lat="28.9838106371462345123291015625" lon="82.82077663578093051910400390625">
        <ele>2486.60009765625</ele>
        <time>2026-08-05T05:14:42.000Z</time>
        <extensions>
          <ns3:TrackPointExtension>
            <ns3:hr>88</ns3:hr>
            <ns3:cad>0</ns3:cad>
          </ns3:TrackPointExtension>
        </extensions>
      </trkpt>
      <trkpt lat="28.9838106371462345123291015625" lon="82.82077663578093051910400390625">
        <ele>2486.800048828125</ele>
        <time>2026-08-05T05:14:47.000Z</time>
        <extensions>
          <ns3:TrackPointExtension>
            <ns3:hr>85</ns3:hr>
            <ns3:cad>0</ns3:cad>
          </ns3:TrackPointExtension>
        </extensions>
      </trkpt>
      <trkpt lat="28.9838106371462345123291015625" lon="82.82077663578093051910400390625">
        <ele>2486.800048828125</ele>
        <time>2026-08-05T05:14:53.000Z</time>
        <extensions>
          <ns3:TrackPointExtension>
            <ns3:hr>89</ns3:hr>
            <ns3:cad>0</ns3:cad>
          </ns3:TrackPointExtension>
        </extensions>
      </trkpt>
      <trkpt lat="28.9838106371462345123291015625" lon="82.82077663578093051910400390625">
        <ele>2486.800048828125</ele>
        <time>2026-08-05T05:14:55.000Z</time>
        <extensions>
          <ns3:TrackPointExtension>
            <ns3:hr>93</ns3:hr>
            <ns3:cad>0</ns3:cad>
          </ns3:TrackPointExtension>
        </extensions>
      </trkpt>
      <trkpt lat="28.9838106371462345123291015625" lon="82.82077663578093051910400390625">
        <ele>2486.800048828125</ele>
        <time>2026-08-05T05:14:56.000Z</time>
        <extensions>
          <ns3:TrackPointExtension>
            <ns3:hr>93</ns3:hr>
            <ns3:cad>0</ns3:cad>
          </ns3:TrackPointExtension>
        </extensions>
      </trkpt>
      <trkpt lat="28.9838106371462345123291015625" lon="82.82077663578093051910400390625">
        <ele>2486.800048828125</ele>
        <time>2026-08-05T05:15:00.000Z</time>
        <extensions>
          <ns3:TrackPointExtension>
            <ns3:hr>89</ns3:hr>
            <ns3:cad>0</ns3:cad>
          </ns3:TrackPointExtension>
        </extensions>
      </trkpt>
      <trkpt lat="28.9838106371462345123291015625" lon="82.82077663578093051910400390625">
        <ele>2486.60009765625</ele>
        <time>2026-08-05T05:15:02.000Z</time>
        <extensions>
          <ns3:TrackPointExtension>
            <ns3:hr>85</ns3:hr>
            <ns3:cad>0</ns3:cad>
          </ns3:TrackPointExtension>
        </extensions>
      </trkpt>
      <trkpt lat="28.9838106371462345123291015625" lon="82.82077663578093051910400390625">
        <ele>2487.199951171875</ele>
        <time>2026-08-05T05:15:09.000Z</time>
        <extensions>
          <ns3:TrackPointExtension>
            <ns3:hr>86</ns3:hr>
            <ns3:cad>0</ns3:cad>
          </ns3:TrackPointExtension>
        </extensions>
      </trkpt>
      <trkpt lat="28.9838203601539134979248046875" lon="82.8207747079432010650634765625">
        <ele>2487.199951171875</ele>
        <time>2026-08-05T05:15:10.000Z</time>
        <extensions>
          <ns3:TrackPointExtension>
            <ns3:hr>89</ns3:hr>
            <ns3:cad>0</ns3:cad>
          </ns3:TrackPointExtension>
        </extensions>
      </trkpt>
      <trkpt lat="28.983823545277118682861328125" lon="82.820783592760562896728515625">
        <ele>2487.39990234375</ele>
        <time>2026-08-05T05:15:14.000Z</time>
        <extensions>
          <ns3:TrackPointExtension>
            <ns3:hr>89</ns3:hr>
            <ns3:cad>0</ns3:cad>
          </ns3:TrackPointExtension>
        </extensions>
      </trkpt>
      <trkpt lat="28.98381155915558338165283203125" lon="82.820770181715488433837890625">
        <ele>2487.199951171875</ele>
        <time>2026-08-05T05:15:21.000Z</time>
        <extensions>
          <ns3:TrackPointExtension>
            <ns3:hr>88</ns3:hr>
            <ns3:cad>0</ns3:cad>
          </ns3:TrackPointExtension>
        </extensions>
      </trkpt>
      <trkpt lat="28.98381155915558338165283203125" lon="82.820770181715488433837890625">
        <ele>2487.60009765625</ele>
        <time>2026-08-05T05:15:27.000Z</time>
        <extensions>
          <ns3:TrackPointExtension>
            <ns3:hr>85</ns3:hr>
            <ns3:cad>0</ns3:cad>
          </ns3:TrackPointExtension>
        </extensions>
      </trkpt>
      <trkpt lat="28.98381306789815425872802734375" lon="82.82076171599328517913818359375">
        <ele>2487</ele>
        <time>2026-08-05T05:15:32.000Z</time>
        <extensions>
          <ns3:TrackPointExtension>
            <ns3:hr>86</ns3:hr>
            <ns3:cad>0</ns3:cad>
          </ns3:TrackPointExtension>
        </extensions>
      </trkpt>
      <trkpt lat="28.98381155915558338165283203125" lon="82.820770181715488433837890625">
        <ele>2487.39990234375</ele>
        <time>2026-08-05T05:15:47.000Z</time>
        <extensions>
          <ns3:TrackPointExtension>
            <ns3:hr>85</ns3:hr>
            <ns3:cad>0</ns3:cad>
          </ns3:TrackPointExtension>
        </extensions>
      </trkpt>
      <trkpt lat="28.98381155915558338165283203125" lon="82.820770181715488433837890625">
        <ele>2487.60009765625</ele>
        <time>2026-08-05T05:15:50.000Z</time>
        <extensions>
          <ns3:TrackPointExtension>
            <ns3:hr>82</ns3:hr>
            <ns3:cad>0</ns3:cad>
          </ns3:TrackPointExtension>
        </extensions>
      </trkpt>
      <trkpt lat="28.98381155915558338165283203125" lon="82.820770181715488433837890625">
        <ele>2487.60009765625</ele>
        <time>2026-08-05T05:15:56.000Z</time>
        <extensions>
          <ns3:TrackPointExtension>
            <ns3:hr>86</ns3:hr>
            <ns3:cad>0</ns3:cad>
          </ns3:TrackPointExtension>
        </extensions>
      </trkpt>
      <trkpt lat="28.98381155915558338165283203125" lon="82.820770181715488433837890625">
        <ele>2487.800048828125</ele>
        <time>2026-08-05T05:16:09.000Z</time>
        <extensions>
          <ns3:TrackPointExtension>
            <ns3:hr>83</ns3:hr>
            <ns3:cad>0</ns3:cad>
          </ns3:TrackPointExtension>
        </extensions>
      </trkpt>
      <trkpt lat="28.98381155915558338165283203125" lon="82.820770181715488433837890625">
        <ele>2488</ele>
        <time>2026-08-05T05:16:14.000Z</time>
        <extensions>
          <ns3:TrackPointExtension>
            <ns3:hr>82</ns3:hr>
            <ns3:cad>0</ns3:cad>
          </ns3:TrackPointExtension>
        </extensions>
      </trkpt>
      <trkpt lat="28.98381155915558338165283203125" lon="82.820770181715488433837890625">
        <ele>2487.39990234375</ele>
        <time>2026-08-05T05:16:27.000Z</time>
        <extensions>
          <ns3:TrackPointExtension>
            <ns3:hr>84</ns3:hr>
            <ns3:cad>0</ns3:cad>
          </ns3:TrackPointExtension>
        </extensions>
      </trkpt>
      <trkpt lat="28.98380653001368045806884765625" lon="82.820764482021331787109375">
        <ele>2487.60009765625</ele>
        <time>2026-08-05T05:16:32.000Z</time>
        <extensions>
          <ns3:TrackPointExtension>
            <ns3:hr>84</ns3:hr>
            <ns3:cad>0</ns3:cad>
          </ns3:TrackPointExtension>
        </extensions>
      </trkpt>
      <trkpt lat="28.98379043675959110260009765625" lon="82.82075283117592334747314453125">
        <ele>2488</ele>
        <time>2026-08-05T05:16:38.000Z</time>
        <extensions>
          <ns3:TrackPointExtension>
            <ns3:hr>86</ns3:hr>
            <ns3:cad>0</ns3:cad>
          </ns3:TrackPointExtension>
        </extensions>
      </trkpt>
      <trkpt lat="28.9837871678173542022705078125" lon="82.82072584144771099090576171875">
        <ele>2487.60009765625</ele>
        <time>2026-08-05T05:16:44.000Z</time>
        <extensions>
          <ns3:TrackPointExtension>
            <ns3:hr>88</ns3:hr>
            <ns3:cad>0</ns3:cad>
          </ns3:TrackPointExtension>
        </extensions>
      </trkpt>
      <trkpt lat="28.98379814811050891876220703125" lon="82.82072181813418865203857421875">
        <ele>2488.39990234375</ele>
        <time>2026-08-05T05:16:52.000Z</time>
        <extensions>
          <ns3:TrackPointExtension>
            <ns3:hr>87</ns3:hr>
            <ns3:cad>0</ns3:cad>
          </ns3:TrackPointExtension>
        </extensions>
      </trkpt>
      <trkpt lat="28.98379043675959110260009765625" lon="82.82071813009679317474365234375">
        <ele>2487.60009765625</ele>
        <time>2026-08-05T05:17:00.000Z</time>
        <extensions>
          <ns3:TrackPointExtension>
            <ns3:hr>88</ns3:hr>
            <ns3:cad>0</ns3:cad>
          </ns3:TrackPointExtension>
        </extensions>
      </trkpt>
      <trkpt lat="28.9837938733398914337158203125" lon="82.8207175433635711669921875">
        <ele>2488</ele>
        <time>2026-08-05T05:17:06.000Z</time>
        <extensions>
          <ns3:TrackPointExtension>
            <ns3:hr>91</ns3:hr>
            <ns3:cad>0</ns3:cad>
          </ns3:TrackPointExtension>
        </extensions>
      </trkpt>
      <trkpt lat="28.9837938733398914337158203125" lon="82.8207175433635711669921875">
        <ele>2488.199951171875</ele>
        <time>2026-08-05T05:17:07.000Z</time>
        <extensions>
          <ns3:TrackPointExtension>
            <ns3:hr>91</ns3:hr>
            <ns3:cad>0</ns3:cad>
          </ns3:TrackPointExtension>
        </extensions>
      </trkpt>
      <trkpt lat="28.9837938733398914337158203125" lon="82.8207175433635711669921875">
        <ele>2487.199951171875</ele>
        <time>2026-08-05T05:17:14.000Z</time>
        <extensions>
          <ns3:TrackPointExtension>
            <ns3:hr>90</ns3:hr>
            <ns3:cad>0</ns3:cad>
          </ns3:TrackPointExtension>
        </extensions>
      </trkpt>
      <trkpt lat="28.98379848338663578033447265625" lon="82.820715866982936859130859375">
        <ele>2488.39990234375</ele>
        <time>2026-08-05T05:17:20.000Z</time>
        <extensions>
          <ns3:TrackPointExtension>
            <ns3:hr>88</ns3:hr>
            <ns3:cad>0</ns3:cad>
          </ns3:TrackPointExtension>
        </extensions>
      </trkpt>
      <trkpt lat="28.9837938733398914337158203125" lon="82.8207175433635711669921875">
        <ele>2488.800048828125</ele>
        <time>2026-08-05T05:17:27.000Z</time>
        <extensions>
          <ns3:TrackPointExtension>
            <ns3:hr>89</ns3:hr>
            <ns3:cad>0</ns3:cad>
          </ns3:TrackPointExtension>
        </extensions>
      </trkpt>
      <trkpt lat="28.9837955497205257415771484375" lon="82.820716537535190582275390625">
        <ele>2488.39990234375</ele>
        <time>2026-08-05T05:17:35.000Z</time>
        <extensions>
          <ns3:TrackPointExtension>
            <ns3:hr>86</ns3:hr>
            <ns3:cad>0</ns3:cad>
          </ns3:TrackPointExtension>
        </extensions>
      </trkpt>
      <trkpt lat="28.9837938733398914337158203125" lon="82.8207175433635711669921875">
        <ele>2488.800048828125</ele>
        <time>2026-08-05T05:17:43.000Z</time>
        <extensions>
          <ns3:TrackPointExtension>
            <ns3:hr>86</ns3:hr>
            <ns3:cad>0</ns3:cad>
          </ns3:TrackPointExtension>
        </extensions>
      </trkpt>
      <trkpt lat="28.9837938733398914337158203125" lon="82.8207175433635711669921875">
        <ele>2488.800048828125</ele>
        <time>2026-08-05T05:17:46.000Z</time>
        <extensions>
          <ns3:TrackPointExtension>
            <ns3:hr>86</ns3:hr>
            <ns3:cad>0</ns3:cad>
          </ns3:TrackPointExtension>
        </extensions>
      </trkpt>
      <trkpt lat="28.9837938733398914337158203125" lon="82.8207175433635711669921875">
        <ele>2489.199951171875</ele>
        <time>2026-08-05T05:17:57.000Z</time>
        <extensions>
          <ns3:TrackPointExtension>
            <ns3:hr>83</ns3:hr>
            <ns3:cad>0</ns3:cad>
          </ns3:TrackPointExtension>
        </extensions>
      </trkpt>
      <trkpt lat="28.9837938733398914337158203125" lon="82.8207175433635711669921875">
        <ele>2489.800048828125</ele>
        <time>2026-08-05T05:18:03.000Z</time>
        <extensions>
          <ns3:TrackPointExtension>
            <ns3:hr>84</ns3:hr>
            <ns3:cad>0</ns3:cad>
          </ns3:TrackPointExtension>
        </extensions>
      </trkpt>
      <trkpt lat="28.9837938733398914337158203125" lon="82.8207175433635711669921875">
        <ele>2489.800048828125</ele>
        <time>2026-08-05T05:18:04.000Z</time>
        <extensions>
          <ns3:TrackPointExtension>
            <ns3:hr>87</ns3:hr>
            <ns3:cad>0</ns3:cad>
          </ns3:TrackPointExtension>
        </extensions>
      </trkpt>
      <trkpt lat="28.9837938733398914337158203125" lon="82.8207175433635711669921875">
        <ele>2489.800048828125</ele>
        <time>2026-08-05T05:18:05.000Z</time>
        <extensions>
          <ns3:TrackPointExtension>
            <ns3:hr>88</ns3:hr>
            <ns3:cad>0</ns3:cad>
          </ns3:TrackPointExtension>
        </extensions>
      </trkpt>
      <trkpt lat="28.9837938733398914337158203125" lon="82.8207175433635711669921875">
        <ele>2490</ele>
        <time>2026-08-05T05:18:12.000Z</time>
        <extensions>
          <ns3:TrackPointExtension>
            <ns3:hr>84</ns3:hr>
            <ns3:cad>0</ns3:cad>
          </ns3:TrackPointExtension>
        </extensions>
      </trkpt>
      <trkpt lat="28.9837938733398914337158203125" lon="82.8207175433635711669921875">
        <ele>2490.199951171875</ele>
        <time>2026-08-05T05:18:14.000Z</time>
        <extensions>
          <ns3:TrackPointExtension>
            <ns3:hr>81</ns3:hr>
            <ns3:cad>0</ns3:cad>
          </ns3:TrackPointExtension>
        </extensions>
      </trkpt>
      <trkpt lat="28.9837938733398914337158203125" lon="82.8207175433635711669921875">
        <ele>2490.39990234375</ele>
        <time>2026-08-05T05:18:18.000Z</time>
        <extensions>
          <ns3:TrackPointExtension>
            <ns3:hr>84</ns3:hr>
            <ns3:cad>0</ns3:cad>
          </ns3:TrackPointExtension>
        </extensions>
      </trkpt>
      <trkpt lat="28.9837938733398914337158203125" lon="82.8207175433635711669921875">
        <ele>2490</ele>
        <time>2026-08-05T05:18:22.000Z</time>
        <extensions>
          <ns3:TrackPointExtension>
            <ns3:hr>85</ns3:hr>
            <ns3:cad>0</ns3:cad>
          </ns3:TrackPointExtension>
        </extensions>
      </trkpt>
      <trkpt lat="28.9837938733398914337158203125" lon="82.8207175433635711669921875">
        <ele>2490.199951171875</ele>
        <time>2026-08-05T05:18:29.000Z</time>
        <extensions>
          <ns3:TrackPointExtension>
            <ns3:hr>86</ns3:hr>
            <ns3:cad>0</ns3:cad>
          </ns3:TrackPointExtension>
        </extensions>
      </trkpt>
      <trkpt lat="28.9837938733398914337158203125" lon="82.8207175433635711669921875">
        <ele>2489.60009765625</ele>
        <time>2026-08-05T05:18:33.000Z</time>
        <extensions>
          <ns3:TrackPointExtension>
            <ns3:hr>89</ns3:hr>
            <ns3:cad>0</ns3:cad>
          </ns3:TrackPointExtension>
        </extensions>
      </trkpt>
      <trkpt lat="28.9837938733398914337158203125" lon="82.8207175433635711669921875">
        <ele>2489.199951171875</ele>
        <time>2026-08-05T05:18:37.000Z</time>
        <extensions>
          <ns3:TrackPointExtension>
            <ns3:hr>89</ns3:hr>
            <ns3:cad>0</ns3:cad>
          </ns3:TrackPointExtension>
        </extensions>
      </trkpt>
      <trkpt lat="28.98379211314022541046142578125" lon="82.82072165049612522125244140625">
        <ele>2490.199951171875</ele>
        <time>2026-08-05T05:18:42.000Z</time>
        <extensions>
          <ns3:TrackPointExtension>
            <ns3:hr>86</ns3:hr>
            <ns3:cad>0</ns3:cad>
          </ns3:TrackPointExtension>
        </extensions>
      </trkpt>
      <trkpt lat="28.9837925322353839874267578125" lon="82.820723913609981536865234375">
        <ele>2490.39990234375</ele>
        <time>2026-08-05T05:18:43.000Z</time>
        <extensions>
          <ns3:TrackPointExtension>
            <ns3:hr>86</ns3:hr>
            <ns3:cad>0</ns3:cad>
          </ns3:TrackPointExtension>
        </extensions>
      </trkpt>
      <trkpt lat="28.9837938733398914337158203125" lon="82.8207175433635711669921875">
        <ele>2490</ele>
        <time>2026-08-05T05:18:51.000Z</time>
        <extensions>
          <ns3:TrackPointExtension>
            <ns3:hr>88</ns3:hr>
            <ns3:cad>0</ns3:cad>
          </ns3:TrackPointExtension>
        </extensions>
      </trkpt>
      <trkpt lat="28.9837938733398914337158203125" lon="82.8207175433635711669921875">
        <ele>2490</ele>
        <time>2026-08-05T05:18:55.000Z</time>
        <extensions>
          <ns3:TrackPointExtension>
            <ns3:hr>84</ns3:hr>
            <ns3:cad>0</ns3:cad>
          </ns3:TrackPointExtension>
        </extensions>
      </trkpt>
      <trkpt lat="28.9837938733398914337158203125" lon="82.8207175433635711669921875">
        <ele>2488.800048828125</ele>
        <time>2026-08-05T05:19:04.000Z</time>
        <extensions>
          <ns3:TrackPointExtension>
            <ns3:hr>83</ns3:hr>
            <ns3:cad>0</ns3:cad>
          </ns3:TrackPointExtension>
        </extensions>
      </trkpt>
      <trkpt lat="28.9837938733398914337158203125" lon="82.8207175433635711669921875">
        <ele>2489.800048828125</ele>
        <time>2026-08-05T05:19:09.000Z</time>
        <extensions>
          <ns3:TrackPointExtension>
            <ns3:hr>84</ns3:hr>
            <ns3:cad>0</ns3:cad>
          </ns3:TrackPointExtension>
        </extensions>
      </trkpt>
      <trkpt lat="28.9837938733398914337158203125" lon="82.8207175433635711669921875">
        <ele>2490</ele>
        <time>2026-08-05T05:19:10.000Z</time>
        <extensions>
          <ns3:TrackPointExtension>
            <ns3:hr>84</ns3:hr>
            <ns3:cad>0</ns3:cad>
          </ns3:TrackPointExtension>
        </extensions>
      </trkpt>
      <trkpt lat="28.983785323798656463623046875" lon="82.820730619132518768310546875">
        <ele>2490</ele>
        <time>2026-08-05T05:19:15.000Z</time>
        <extensions>
          <ns3:TrackPointExtension>
            <ns3:hr>84</ns3:hr>
            <ns3:cad>0</ns3:cad>
          </ns3:TrackPointExtension>
        </extensions>
      </trkpt>
      <trkpt lat="28.98378876037895679473876953125" lon="82.82074059359729290008544921875">
        <ele>2489.800048828125</ele>
        <time>2026-08-05T05:19:23.000Z</time>
        <extensions>
          <ns3:TrackPointExtension>
            <ns3:hr>83</ns3:hr>
            <ns3:cad>0</ns3:cad>
          </ns3:TrackPointExtension>
        </extensions>
      </trkpt>
      <trkpt lat="28.9838153310120105743408203125" lon="82.8207633085548877716064453125">
        <ele>2490</ele>
        <time>2026-08-05T05:19:29.000Z</time>
        <extensions>
          <ns3:TrackPointExtension>
            <ns3:hr>85</ns3:hr>
            <ns3:cad>0</ns3:cad>
          </ns3:TrackPointExtension>
        </extensions>
      </trkpt>
      <trkpt lat="28.9838183484971523284912109375" lon="82.8207941539585590362548828125">
        <ele>2488.60009765625</ele>
        <time>2026-08-05T05:19:32.000Z</time>
        <extensions>
          <ns3:TrackPointExtension>
            <ns3:hr>85</ns3:hr>
            <ns3:cad>0</ns3:cad>
          </ns3:TrackPointExtension>
        </extensions>
      </trkpt>
      <trkpt lat="28.98380300961434841156005859375" lon="82.82079490832984447479248046875">
        <ele>2488.199951171875</ele>
        <time>2026-08-05T05:19:34.000Z</time>
        <extensions>
          <ns3:TrackPointExtension>
            <ns3:hr>84</ns3:hr>
            <ns3:cad>0</ns3:cad>
          </ns3:TrackPointExtension>
        </extensions>
      </trkpt>
      <trkpt lat="28.98378591053187847137451171875" lon="82.820795662701129913330078125">
        <ele>2488</ele>
        <time>2026-08-05T05:19:39.000Z</time>
        <extensions>
          <ns3:TrackPointExtension>
            <ns3:hr>88</ns3:hr>
            <ns3:cad>0</ns3:cad>
          </ns3:TrackPointExtension>
        </extensions>
      </trkpt>
      <trkpt lat="28.98378239013254642486572265625" lon="82.82080144621431827545166015625">
        <ele>2487.800048828125</ele>
        <time>2026-08-05T05:19:41.000Z</time>
        <extensions>
          <ns3:TrackPointExtension>
            <ns3:hr>90</ns3:hr>
            <ns3:cad>0</ns3:cad>
          </ns3:TrackPointExtension>
        </extensions>
      </trkpt>
      <trkpt lat="28.98377803154289722442626953125" lon="82.8208075650036334991455078125">
        <ele>2487.60009765625</ele>
        <time>2026-08-05T05:19:43.000Z</time>
        <extensions>
          <ns3:TrackPointExtension>
            <ns3:hr>90</ns3:hr>
            <ns3:cad>0</ns3:cad>
          </ns3:TrackPointExtension>
        </extensions>
      </trkpt>
      <trkpt lat="28.98374903015792369842529296875" lon="82.8208253346383571624755859375">
        <ele>2486.39990234375</ele>
        <time>2026-08-05T05:19:50.000Z</time>
        <extensions>
          <ns3:TrackPointExtension>
            <ns3:hr>89</ns3:hr>
            <ns3:cad>0</ns3:cad>
          </ns3:TrackPointExtension>
        </extensions>
      </trkpt>
      <trkpt lat="28.98374131880700588226318359375" lon="82.820830531418323516845703125">
        <ele>2486.199951171875</ele>
        <time>2026-08-05T05:19:51.000Z</time>
        <extensions>
          <ns3:TrackPointExtension>
            <ns3:hr>89</ns3:hr>
            <ns3:cad>0</ns3:cad>
          </ns3:TrackPointExtension>
        </extensions>
      </trkpt>
      <trkpt lat="28.983706198632717132568359375" lon="82.820842266082763671875">
        <ele>2486</ele>
        <time>2026-08-05T05:19:58.000Z</time>
        <extensions>
          <ns3:TrackPointExtension>
            <ns3:hr>89</ns3:hr>
            <ns3:cad>0</ns3:cad>
          </ns3:TrackPointExtension>
        </extensions>
      </trkpt>
      <trkpt lat="28.983708210289478302001953125" lon="82.8208543360233306884765625">
        <ele>2485.39990234375</ele>
        <time>2026-08-05T05:20:01.000Z</time>
        <extensions>
          <ns3:TrackPointExtension>
            <ns3:hr>90</ns3:hr>
            <ns3:cad>47</ns3:cad>
          </ns3:TrackPointExtension>
        </extensions>
      </trkpt>
      <trkpt lat="28.98371147923171520233154296875" lon="82.82087218947708606719970703125">
        <ele>2484.800048828125</ele>
        <time>2026-08-05T05:20:04.000Z</time>
        <extensions>
          <ns3:TrackPointExtension>
            <ns3:hr>89</ns3:hr>
            <ns3:cad>48</ns3:cad>
          </ns3:TrackPointExtension>
        </extensions>
      </trkpt>
      <trkpt lat="28.9837127365171909332275390625" lon="82.820898592472076416015625">
        <ele>2484.39990234375</ele>
        <time>2026-08-05T05:20:07.000Z</time>
        <extensions>
          <ns3:TrackPointExtension>
            <ns3:hr>91</ns3:hr>
            <ns3:cad>48</ns3:cad>
          </ns3:TrackPointExtension>
        </extensions>
      </trkpt>
      <trkpt lat="28.98370829410851001739501953125" lon="82.82093673013150691986083984375">
        <ele>2483.800048828125</ele>
        <time>2026-08-05T05:20:11.000Z</time>
        <extensions>
          <ns3:TrackPointExtension>
            <ns3:hr>92</ns3:hr>
            <ns3:cad>42</ns3:cad>
          </ns3:TrackPointExtension>
        </extensions>
      </trkpt>
      <trkpt lat="28.98370720446109771728515625" lon="82.82094527967274188995361328125">
        <ele>2483.60009765625</ele>
        <time>2026-08-05T05:20:12.000Z</time>
        <extensions>
          <ns3:TrackPointExtension>
            <ns3:hr>91</ns3:hr>
            <ns3:cad>40</ns3:cad>
          </ns3:TrackPointExtension>
        </extensions>
      </trkpt>
      <trkpt lat="28.9837046898901462554931640625" lon="82.82095617614686489105224609375">
        <ele>2483.199951171875</ele>
        <time>2026-08-05T05:20:15.000Z</time>
        <extensions>
          <ns3:TrackPointExtension>
            <ns3:hr>91</ns3:hr>
            <ns3:cad>0</ns3:cad>
          </ns3:TrackPointExtension>
        </extensions>
      </trkpt>
      <trkpt lat="28.9837033487856388092041015625" lon="82.82097461633384227752685546875">
        <ele>2482.800048828125</ele>
        <time>2026-08-05T05:20:19.000Z</time>
        <extensions>
          <ns3:TrackPointExtension>
            <ns3:hr>90</ns3:hr>
            <ns3:cad>0</ns3:cad>
          </ns3:TrackPointExtension>
        </extensions>
      </trkpt>
      <trkpt lat="28.9836973138153553009033203125" lon="82.8210077248513698577880859375">
        <ele>2482.199951171875</ele>
        <time>2026-08-05T05:20:23.000Z</time>
        <extensions>
          <ns3:TrackPointExtension>
            <ns3:hr>89</ns3:hr>
            <ns3:cad>47</ns3:cad>
          </ns3:TrackPointExtension>
        </extensions>
      </trkpt>
      <trkpt lat="28.98369513452053070068359375" lon="82.8210342116653919219970703125">
        <ele>2481.39990234375</ele>
        <time>2026-08-05T05:20:26.000Z</time>
        <extensions>
          <ns3:TrackPointExtension>
            <ns3:hr>90</ns3:hr>
            <ns3:cad>42</ns3:cad>
          </ns3:TrackPointExtension>
        </extensions>
      </trkpt>
      <trkpt lat="28.9836922846734523773193359375" lon="82.82104619778692722320556640625">
        <ele>2481</ele>
        <time>2026-08-05T05:20:29.000Z</time>
        <extensions>
          <ns3:TrackPointExtension>
            <ns3:hr>91</ns3:hr>
            <ns3:cad>42</ns3:cad>
          </ns3:TrackPointExtension>
        </extensions>
      </trkpt>
      <trkpt lat="28.983703516423702239990234375" lon="82.82105508260428905487060546875">
        <ele>2480.39990234375</ele>
        <time>2026-08-05T05:20:34.000Z</time>
        <extensions>
          <ns3:TrackPointExtension>
            <ns3:hr>90</ns3:hr>
            <ns3:cad>40</ns3:cad>
          </ns3:TrackPointExtension>
        </extensions>
      </trkpt>
      <trkpt lat="28.98370393551886081695556640625" lon="82.82105692662298679351806640625">
        <ele>2479.800048828125</ele>
        <time>2026-08-05T05:20:35.000Z</time>
        <extensions>
          <ns3:TrackPointExtension>
            <ns3:hr>90</ns3:hr>
            <ns3:cad>40</ns3:cad>
          </ns3:TrackPointExtension>
        </extensions>
      </trkpt>
      <trkpt lat="28.9837050251662731170654296875" lon="82.82106363214552402496337890625">
        <ele>2478</ele>
        <time>2026-08-05T05:20:37.000Z</time>
        <extensions>
          <ns3:TrackPointExtension>
            <ns3:hr>90</ns3:hr>
            <ns3:cad>40</ns3:cad>
          </ns3:TrackPointExtension>
        </extensions>
      </trkpt>
      <trkpt lat="28.9837241359055042266845703125" lon="82.82111459411680698394775390625">
        <ele>2477</ele>
        <time>2026-08-05T05:20:44.000Z</time>
        <extensions>
          <ns3:TrackPointExtension>
            <ns3:hr>91</ns3:hr>
            <ns3:cad>42</ns3:cad>
          </ns3:TrackPointExtension>
        </extensions>
      </trkpt>
      <trkpt lat="28.98372606374323368072509765625" lon="82.821122892200946807861328125">
        <ele>2476.800048828125</ele>
        <time>2026-08-05T05:20:45.000Z</time>
        <extensions>
          <ns3:TrackPointExtension>
            <ns3:hr>92</ns3:hr>
            <ns3:cad>47</ns3:cad>
          </ns3:TrackPointExtension>
        </extensions>
      </trkpt>
      <trkpt lat="28.98374869488179683685302734375" lon="82.82115667127072811126708984375">
        <ele>2476.800048828125</ele>
        <time>2026-08-05T05:20:52.000Z</time>
        <extensions>
          <ns3:TrackPointExtension>
            <ns3:hr>90</ns3:hr>
            <ns3:cad>43</ns3:cad>
          </ns3:TrackPointExtension>
        </extensions>
      </trkpt>
      <trkpt lat="28.98376353085041046142578125" lon="82.82119941897690296173095703125">
        <ele>2475.800048828125</ele>
        <time>2026-08-05T05:20:57.000Z</time>
        <extensions>
          <ns3:TrackPointExtension>
            <ns3:hr>88</ns3:hr>
            <ns3:cad>43</ns3:cad>
          </ns3:TrackPointExtension>
        </extensions>
      </trkpt>
      <trkpt lat="28.98376076482236385345458984375" lon="82.82123831100761890411376953125">
        <ele>2474.800048828125</ele>
        <time>2026-08-05T05:21:01.000Z</time>
        <extensions>
          <ns3:TrackPointExtension>
            <ns3:hr>91</ns3:hr>
            <ns3:cad>44</ns3:cad>
          </ns3:TrackPointExtension>
        </extensions>
      </trkpt>
      <trkpt lat="28.9837640337646007537841796875" lon="82.821245603263378143310546875">
        <ele>2474.60009765625</ele>
        <time>2026-08-05T05:21:02.000Z</time>
        <extensions>
          <ns3:TrackPointExtension>
            <ns3:hr>91</ns3:hr>
            <ns3:cad>44</ns3:cad>
          </ns3:TrackPointExtension>
        </extensions>
      </trkpt>
      <trkpt lat="28.98376797325909137725830078125" lon="82.8212593495845794677734375">
        <ele>2473.199951171875</ele>
        <time>2026-08-05T05:21:04.000Z</time>
        <extensions>
          <ns3:TrackPointExtension>
            <ns3:hr>91</ns3:hr>
            <ns3:cad>45</ns3:cad>
          </ns3:TrackPointExtension>
        </extensions>
      </trkpt>
      <trkpt lat="28.98378943093121051788330078125" lon="82.82130695879459381103515625">
        <ele>2473.199951171875</ele>
        <time>2026-08-05T05:21:11.000Z</time>
        <extensions>
          <ns3:TrackPointExtension>
            <ns3:hr>93</ns3:hr>
            <ns3:cad>47</ns3:cad>
          </ns3:TrackPointExtension>
        </extensions>
      </trkpt>
      <trkpt lat="28.9838019199669361114501953125" lon="82.8213647939264774322509765625">
        <ele>2472.60009765625</ele>
        <time>2026-08-05T05:21:18.000Z</time>
        <extensions>
          <ns3:TrackPointExtension>
            <ns3:hr>92</ns3:hr>
            <ns3:cad>44</ns3:cad>
          </ns3:TrackPointExtension>
        </extensions>
      </trkpt>
      <trkpt lat="28.9838062785565853118896484375" lon="82.82137040980160236358642578125">
        <ele>2472.60009765625</ele>
        <time>2026-08-05T05:21:19.000Z</time>
        <extensions>
          <ns3:TrackPointExtension>
            <ns3:hr>91</ns3:hr>
            <ns3:cad>44</ns3:cad>
          </ns3:TrackPointExtension>
        </extensions>
      </trkpt>
      <trkpt lat="28.98380887694656848907470703125" lon="82.82140242867171764373779296875">
        <ele>2471.800048828125</ele>
        <time>2026-08-05T05:21:23.000Z</time>
        <extensions>
          <ns3:TrackPointExtension>
            <ns3:hr>92</ns3:hr>
            <ns3:cad>44</ns3:cad>
          </ns3:TrackPointExtension>
        </extensions>
      </trkpt>
      <trkpt lat="28.98380166850984096527099609375" lon="82.82142304815351963043212890625">
        <ele>2470.39990234375</ele>
        <time>2026-08-05T05:21:26.000Z</time>
        <extensions>
          <ns3:TrackPointExtension>
            <ns3:hr>93</ns3:hr>
            <ns3:cad>45</ns3:cad>
          </ns3:TrackPointExtension>
        </extensions>
      </trkpt>
      <trkpt lat="28.9838012494146823883056640625" lon="82.821429669857025146484375">
        <ele>2470</ele>
        <time>2026-08-05T05:21:27.000Z</time>
        <extensions>
          <ns3:TrackPointExtension>
            <ns3:hr>93</ns3:hr>
            <ns3:cad>46</ns3:cad>
          </ns3:TrackPointExtension>
        </extensions>
      </trkpt>
      <trkpt lat="28.98379546590149402618408203125" lon="82.8214471042156219482421875">
        <ele>2469.199951171875</ele>
        <time>2026-08-05T05:21:30.000Z</time>
        <extensions>
          <ns3:TrackPointExtension>
            <ns3:hr>93</ns3:hr>
            <ns3:cad>46</ns3:cad>
          </ns3:TrackPointExtension>
        </extensions>
      </trkpt>
      <trkpt lat="28.98377685807645320892333984375" lon="82.82145858742296695709228515625">
        <ele>2468</ele>
        <time>2026-08-05T05:21:34.000Z</time>
        <extensions>
          <ns3:TrackPointExtension>
            <ns3:hr>93</ns3:hr>
            <ns3:cad>45</ns3:cad>
          </ns3:TrackPointExtension>
        </extensions>
      </trkpt>
      <trkpt lat="28.98375724442303180694580078125" lon="82.82147216610610485076904296875">
        <ele>2467.39990234375</ele>
        <time>2026-08-05T05:21:36.000Z</time>
        <extensions>
          <ns3:TrackPointExtension>
            <ns3:hr>94</ns3:hr>
            <ns3:cad>42</ns3:cad>
          </ns3:TrackPointExtension>
        </extensions>
      </trkpt>
      <trkpt lat="28.983726315200328826904296875" lon="82.821491695940494537353515625">
        <ele>2466.800048828125</ele>
        <time>2026-08-05T05:21:39.000Z</time>
        <extensions>
          <ns3:TrackPointExtension>
            <ns3:hr>93</ns3:hr>
            <ns3:cad>44</ns3:cad>
          </ns3:TrackPointExtension>
        </extensions>
      </trkpt>
      <trkpt lat="28.98368197493255138397216796875" lon="82.82151482999324798583984375">
        <ele>2466.199951171875</ele>
        <time>2026-08-05T05:21:44.000Z</time>
        <extensions>
          <ns3:TrackPointExtension>
            <ns3:hr>91</ns3:hr>
            <ns3:cad>47</ns3:cad>
          </ns3:TrackPointExtension>
        </extensions>
      </trkpt>
      <trkpt lat="28.98362715728580951690673828125" lon="82.82152329571545124053955078125">
        <ele>2465.60009765625</ele>
        <time>2026-08-05T05:21:50.000Z</time>
        <extensions>
          <ns3:TrackPointExtension>
            <ns3:hr>88</ns3:hr>
            <ns3:cad>44</ns3:cad>
          </ns3:TrackPointExtension>
        </extensions>
      </trkpt>
      <trkpt lat="28.9836088009178638458251953125" lon="82.8215307556092739105224609375">
        <ele>2464.800048828125</ele>
        <time>2026-08-05T05:21:52.000Z</time>
        <extensions>
          <ns3:TrackPointExtension>
            <ns3:hr>87</ns3:hr>
            <ns3:cad>43</ns3:cad>
          </ns3:TrackPointExtension>
        </extensions>
      </trkpt>
      <trkpt lat="28.9836020953953266143798828125" lon="82.8215337730944156646728515625">
        <ele>2464.39990234375</ele>
        <time>2026-08-05T05:21:53.000Z</time>
        <extensions>
          <ns3:TrackPointExtension>
            <ns3:hr>86</ns3:hr>
            <ns3:cad>43</ns3:cad>
          </ns3:TrackPointExtension>
        </extensions>
      </trkpt>
      <trkpt lat="28.9835856668651103973388671875" lon="82.82154274173080921173095703125">
        <ele>2464.199951171875</ele>
        <time>2026-08-05T05:21:56.000Z</time>
        <extensions>
          <ns3:TrackPointExtension>
            <ns3:hr>83</ns3:hr>
            <ns3:cad>43</ns3:cad>
          </ns3:TrackPointExtension>
        </extensions>
      </trkpt>
      <trkpt lat="28.98358088918030261993408203125" lon="82.82156051136553287506103515625">
        <ele>2464.199951171875</ele>
        <time>2026-08-05T05:21:59.000Z</time>
        <extensions>
          <ns3:TrackPointExtension>
            <ns3:hr>87</ns3:hr>
            <ns3:cad>42</ns3:cad>
          </ns3:TrackPointExtension>
        </extensions>
      </trkpt>
      <trkpt lat="28.9835791289806365966796875" lon="82.821566797792911529541015625">
        <ele>2464</ele>
        <time>2026-08-05T05:22:00.000Z</time>
        <extensions>
          <ns3:TrackPointExtension>
            <ns3:hr>93</ns3:hr>
            <ns3:cad>42</ns3:cad>
          </ns3:TrackPointExtension>
        </extensions>
      </trkpt>
      <trkpt lat="28.98357904516160488128662109375" lon="82.8215843997895717620849609375">
        <ele>2463.199951171875</ele>
        <time>2026-08-05T05:22:02.000Z</time>
        <extensions>
          <ns3:TrackPointExtension>
            <ns3:hr>94</ns3:hr>
            <ns3:cad>44</ns3:cad>
          </ns3:TrackPointExtension>
        </extensions>
      </trkpt>
      <trkpt lat="28.98356974124908447265625" lon="82.8216321766376495361328125">
        <ele>2463</ele>
        <time>2026-08-05T05:22:07.000Z</time>
        <extensions>
          <ns3:TrackPointExtension>
            <ns3:hr>95</ns3:hr>
            <ns3:cad>48</ns3:cad>
          </ns3:TrackPointExtension>
        </extensions>
      </trkpt>
      <trkpt lat="28.98354216478765010833740234375" lon="82.82165455631911754608154296875">
        <ele>2463</ele>
        <time>2026-08-05T05:22:11.000Z</time>
        <extensions>
          <ns3:TrackPointExtension>
            <ns3:hr>95</ns3:hr>
            <ns3:cad>48</ns3:cad>
          </ns3:TrackPointExtension>
        </extensions>
      </trkpt>
      <trkpt lat="28.98352741263806819915771484375" lon="82.821664027869701385498046875">
        <ele>2462.60009765625</ele>
        <time>2026-08-05T05:22:13.000Z</time>
        <extensions>
          <ns3:TrackPointExtension>
            <ns3:hr>93</ns3:hr>
            <ns3:cad>48</ns3:cad>
          </ns3:TrackPointExtension>
        </extensions>
      </trkpt>
      <trkpt lat="28.983487598598003387451171875" lon="82.8216802887618541717529296875">
        <ele>2462.199951171875</ele>
        <time>2026-08-05T05:22:17.000Z</time>
        <extensions>
          <ns3:TrackPointExtension>
            <ns3:hr>91</ns3:hr>
            <ns3:cad>0</ns3:cad>
          </ns3:TrackPointExtension>
        </extensions>
      </trkpt>
      <trkpt lat="28.98346454836428165435791015625" lon="82.82168473117053508758544921875">
        <ele>2462</ele>
        <time>2026-08-05T05:22:19.000Z</time>
        <extensions>
          <ns3:TrackPointExtension>
            <ns3:hr>92</ns3:hr>
            <ns3:cad>0</ns3:cad>
          </ns3:TrackPointExtension>
        </extensions>
      </trkpt>
      <trkpt lat="28.98342599160969257354736328125" lon="82.82169747166335582733154296875">
        <ele>2461.800048828125</ele>
        <time>2026-08-05T05:22:24.000Z</time>
        <extensions>
          <ns3:TrackPointExtension>
            <ns3:hr>93</ns3:hr>
            <ns3:cad>44</ns3:cad>
          </ns3:TrackPointExtension>
        </extensions>
      </trkpt>
      <trkpt lat="28.983389027416706085205078125" lon="82.82172513194382190704345703125">
        <ele>2462.39990234375</ele>
        <time>2026-08-05T05:22:29.000Z</time>
        <extensions>
          <ns3:TrackPointExtension>
            <ns3:hr>93</ns3:hr>
            <ns3:cad>0</ns3:cad>
          </ns3:TrackPointExtension>
        </extensions>
      </trkpt>
      <trkpt lat="28.983336724340915679931640625" lon="82.8217423148453235626220703125">
        <ele>2462.39990234375</ele>
        <time>2026-08-05T05:22:34.000Z</time>
        <extensions>
          <ns3:TrackPointExtension>
            <ns3:hr>91</ns3:hr>
            <ns3:cad>44</ns3:cad>
          </ns3:TrackPointExtension>
        </extensions>
      </trkpt>
      <trkpt lat="28.983278386294841766357421875" lon="82.821759916841983795166015625">
        <ele>2463</ele>
        <time>2026-08-05T05:22:39.000Z</time>
        <extensions>
          <ns3:TrackPointExtension>
            <ns3:hr>91</ns3:hr>
            <ns3:cad>0</ns3:cad>
          </ns3:TrackPointExtension>
        </extensions>
      </trkpt>
      <trkpt lat="28.9832356385886669158935546875" lon="82.821789085865020751953125">
        <ele>2461.800048828125</ele>
        <time>2026-08-05T05:22:45.000Z</time>
        <extensions>
          <ns3:TrackPointExtension>
            <ns3:hr>93</ns3:hr>
            <ns3:cad>47</ns3:cad>
          </ns3:TrackPointExtension>
        </extensions>
      </trkpt>
      <trkpt lat="28.98318283259868621826171875" lon="82.8218214400112628936767578125">
        <ele>2463</ele>
        <time>2026-08-05T05:22:51.000Z</time>
        <extensions>
          <ns3:TrackPointExtension>
            <ns3:hr>94</ns3:hr>
            <ns3:cad>0</ns3:cad>
          </ns3:TrackPointExtension>
        </extensions>
      </trkpt>
      <trkpt lat="28.98315374739468097686767578125" lon="82.82184633426368236541748046875">
        <ele>2463.199951171875</ele>
        <time>2026-08-05T05:22:55.000Z</time>
        <extensions>
          <ns3:TrackPointExtension>
            <ns3:hr>95</ns3:hr>
            <ns3:cad>0</ns3:cad>
          </ns3:TrackPointExtension>
        </extensions>
      </trkpt>
      <trkpt lat="28.9831370674073696136474609375" lon="82.82186058349907398223876953125">
        <ele>2463.199951171875</ele>
        <time>2026-08-05T05:22:57.000Z</time>
        <extensions>
          <ns3:TrackPointExtension>
            <ns3:hr>96</ns3:hr>
            <ns3:cad>44</ns3:cad>
          </ns3:TrackPointExtension>
        </extensions>
      </trkpt>
      <trkpt lat="28.983121477067470550537109375" lon="82.82187315635383129119873046875">
        <ele>2463</ele>
        <time>2026-08-05T05:22:59.000Z</time>
        <extensions>
          <ns3:TrackPointExtension>
            <ns3:hr>99</ns3:hr>
            <ns3:cad>45</ns3:cad>
          </ns3:TrackPointExtension>
        </extensions>
      </trkpt>
      <trkpt lat="28.98309071548283100128173828125" lon="82.82189478166401386260986328125">
        <ele>2462.60009765625</ele>
        <time>2026-08-05T05:23:03.000Z</time>
        <extensions>
          <ns3:TrackPointExtension>
            <ns3:hr>100</ns3:hr>
            <ns3:cad>43</ns3:cad>
          </ns3:TrackPointExtension>
        </extensions>
      </trkpt>
      <trkpt lat="28.98303925059735774993896484375" lon="82.82191640697419643402099609375">
        <ele>2462.60009765625</ele>
        <time>2026-08-05T05:23:08.000Z</time>
        <extensions>
          <ns3:TrackPointExtension>
            <ns3:hr>101</ns3:hr>
            <ns3:cad>0</ns3:cad>
          </ns3:TrackPointExtension>
        </extensions>
      </trkpt>
      <trkpt lat="28.98302315734326839447021484375" lon="82.82192612998187541961669921875">
        <ele>2462.60009765625</ele>
        <time>2026-08-05T05:23:12.000Z</time>
        <extensions>
          <ns3:TrackPointExtension>
            <ns3:hr>102</ns3:hr>
            <ns3:cad>45</ns3:cad>
          </ns3:TrackPointExtension>
        </extensions>
      </trkpt>
      <trkpt lat="28.98301913402974605560302734375" lon="82.8219354338943958282470703125">
        <ele>2462.39990234375</ele>
        <time>2026-08-05T05:23:13.000Z</time>
        <extensions>
          <ns3:TrackPointExtension>
            <ns3:hr>102</ns3:hr>
            <ns3:cad>45</ns3:cad>
          </ns3:TrackPointExtension>
        </extensions>
      </trkpt>
      <trkpt lat="28.983009159564971923828125" lon="82.821953706443309783935546875">
        <ele>2462.199951171875</ele>
        <time>2026-08-05T05:23:15.000Z</time>
        <extensions>
          <ns3:TrackPointExtension>
            <ns3:hr>101</ns3:hr>
            <ns3:cad>43</ns3:cad>
          </ns3:TrackPointExtension>
        </extensions>
      </trkpt>
      <trkpt lat="28.982998430728912353515625" lon="82.82198530621826648712158203125">
        <ele>2461.60009765625</ele>
        <time>2026-08-05T05:23:19.000Z</time>
        <extensions>
          <ns3:TrackPointExtension>
            <ns3:hr>98</ns3:hr>
            <ns3:cad>0</ns3:cad>
          </ns3:TrackPointExtension>
        </extensions>
      </trkpt>
      <trkpt lat="28.98300354368984699249267578125" lon="82.82199955545365810394287109375">
        <ele>2461.199951171875</ele>
        <time>2026-08-05T05:23:21.000Z</time>
        <extensions>
          <ns3:TrackPointExtension>
            <ns3:hr>96</ns3:hr>
            <ns3:cad>45</ns3:cad>
          </ns3:TrackPointExtension>
        </extensions>
      </trkpt>
      <trkpt lat="28.983004800975322723388671875" lon="82.822007350623607635498046875">
        <ele>2461</ele>
        <time>2026-08-05T05:23:22.000Z</time>
        <extensions>
          <ns3:TrackPointExtension>
            <ns3:hr>96</ns3:hr>
            <ns3:cad>45</ns3:cad>
          </ns3:TrackPointExtension>
        </extensions>
      </trkpt>
      <trkpt lat="28.9830053038895130157470703125" lon="82.82203651964664459228515625">
        <ele>2460.60009765625</ele>
        <time>2026-08-05T05:23:25.000Z</time>
        <extensions>
          <ns3:TrackPointExtension>
            <ns3:hr>93</ns3:hr>
            <ns3:cad>45</ns3:cad>
          </ns3:TrackPointExtension>
        </extensions>
      </trkpt>
      <trkpt lat="28.98299641907215118408203125" lon="82.82207247801125049591064453125">
        <ele>2460.199951171875</ele>
        <time>2026-08-05T05:23:28.000Z</time>
        <extensions>
          <ns3:TrackPointExtension>
            <ns3:hr>93</ns3:hr>
            <ns3:cad>46</ns3:cad>
          </ns3:TrackPointExtension>
        </extensions>
      </trkpt>
      <trkpt lat="28.98298325948417186737060546875" lon="82.8221148066222667694091796875">
        <ele>2460</ele>
        <time>2026-08-05T05:23:32.000Z</time>
        <extensions>
          <ns3:TrackPointExtension>
            <ns3:hr>92</ns3:hr>
            <ns3:cad>46</ns3:cad>
          </ns3:TrackPointExtension>
        </extensions>
      </trkpt>
      <trkpt lat="28.98298032581806182861328125" lon="82.8221446461975574493408203125">
        <ele>2459.60009765625</ele>
        <time>2026-08-05T05:23:35.000Z</time>
        <extensions>
          <ns3:TrackPointExtension>
            <ns3:hr>92</ns3:hr>
            <ns3:cad>47</ns3:cad>
          </ns3:TrackPointExtension>
        </extensions>
      </trkpt>
      <trkpt lat="28.98296565748751163482666015625" lon="82.82218228094279766082763671875">
        <ele>2458.800048828125</ele>
        <time>2026-08-05T05:23:39.000Z</time>
        <extensions>
          <ns3:TrackPointExtension>
            <ns3:hr>93</ns3:hr>
            <ns3:cad>47</ns3:cad>
          </ns3:TrackPointExtension>
        </extensions>
      </trkpt>
      <trkpt lat="28.98295526392757892608642578125" lon="82.82219803892076015472412109375">
        <ele>2458.60009765625</ele>
        <time>2026-08-05T05:23:41.000Z</time>
        <extensions>
          <ns3:TrackPointExtension>
            <ns3:hr>93</ns3:hr>
            <ns3:cad>45</ns3:cad>
          </ns3:TrackPointExtension>
        </extensions>
      </trkpt>
      <trkpt lat="28.9829104207456111907958984375" lon="82.822239696979522705078125">
        <ele>2458.199951171875</ele>
        <time>2026-08-05T05:23:47.000Z</time>
        <extensions>
          <ns3:TrackPointExtension>
            <ns3:hr>95</ns3:hr>
            <ns3:cad>46</ns3:cad>
          </ns3:TrackPointExtension>
        </extensions>
      </trkpt>
      <trkpt lat="28.9828849397599697113037109375" lon="82.82225436531007289886474609375">
        <ele>2457.800048828125</ele>
        <time>2026-08-05T05:23:50.000Z</time>
        <extensions>
          <ns3:TrackPointExtension>
            <ns3:hr>95</ns3:hr>
            <ns3:cad>49</ns3:cad>
          </ns3:TrackPointExtension>
        </extensions>
      </trkpt>
      <trkpt lat="28.9828554354608058929443359375" lon="82.822280935943126678466796875">
        <ele>2457.199951171875</ele>
        <time>2026-08-05T05:23:54.000Z</time>
        <extensions>
          <ns3:TrackPointExtension>
            <ns3:hr>95</ns3:hr>
            <ns3:cad>47</ns3:cad>
          </ns3:TrackPointExtension>
        </extensions>
      </trkpt>
      <trkpt lat="28.98281805217266082763671875" lon="82.8223107755184173583984375">
        <ele>2456.800048828125</ele>
        <time>2026-08-05T05:23:58.000Z</time>
        <extensions>
          <ns3:TrackPointExtension>
            <ns3:hr>94</ns3:hr>
            <ns3:cad>48</ns3:cad>
          </ns3:TrackPointExtension>
        </extensions>
      </trkpt>
      <trkpt lat="28.9828034676611423492431640625" lon="82.8223109431564807891845703125">
        <ele>2456.60009765625</ele>
        <time>2026-08-05T05:23:59.000Z</time>
        <extensions>
          <ns3:TrackPointExtension>
            <ns3:hr>93</ns3:hr>
            <ns3:cad>48</ns3:cad>
          </ns3:TrackPointExtension>
        </extensions>
      </trkpt>
      <trkpt lat="28.98274697363376617431640625" lon="82.8223005495965480804443359375">
        <ele>2456.800048828125</ele>
        <time>2026-08-05T05:24:04.000Z</time>
        <extensions>
          <ns3:TrackPointExtension>
            <ns3:hr>93</ns3:hr>
            <ns3:cad>0</ns3:cad>
          </ns3:TrackPointExtension>
        </extensions>
      </trkpt>
      <trkpt lat="28.98270581848919391632080078125" lon="82.82228956930339336395263671875">
        <ele>2457</ele>
        <time>2026-08-05T05:24:09.000Z</time>
        <extensions>
          <ns3:TrackPointExtension>
            <ns3:hr>96</ns3:hr>
            <ns3:cad>45</ns3:cad>
          </ns3:TrackPointExtension>
        </extensions>
      </trkpt>
      <trkpt lat="28.98265703581273555755615234375" lon="82.82228504307568073272705078125">
        <ele>2457.199951171875</ele>
        <time>2026-08-05T05:24:14.000Z</time>
        <extensions>
          <ns3:TrackPointExtension>
            <ns3:hr>98</ns3:hr>
            <ns3:cad>43</ns3:cad>
          </ns3:TrackPointExtension>
        </extensions>
      </trkpt>
      <trkpt lat="28.9826140366494655609130859375" lon="82.82229158096015453338623046875">
        <ele>2456.60009765625</ele>
        <time>2026-08-05T05:24:21.000Z</time>
        <extensions>
          <ns3:TrackPointExtension>
            <ns3:hr>98</ns3:hr>
            <ns3:cad>0</ns3:cad>
          </ns3:TrackPointExtension>
        </extensions>
      </trkpt>
      <trkpt lat="28.9826135337352752685546875" lon="82.82230583019554615020751953125">
        <ele>2456</ele>
        <time>2026-08-05T05:24:27.000Z</time>
        <extensions>
          <ns3:TrackPointExtension>
            <ns3:hr>98</ns3:hr>
            <ns3:cad>41</ns3:cad>
          </ns3:TrackPointExtension>
        </extensions>
      </trkpt>
      <trkpt lat="28.9826157130300998687744140625" lon="82.82230968587100505828857421875">
        <ele>2455.800048828125</ele>
        <time>2026-08-05T05:24:29.000Z</time>
        <extensions>
          <ns3:TrackPointExtension>
            <ns3:hr>98</ns3:hr>
            <ns3:cad>73</ns3:cad>
          </ns3:TrackPointExtension>
        </extensions>
      </trkpt>
      <trkpt lat="28.98261546157300472259521484375" lon="82.822341956198215484619140625">
        <ele>2455</ele>
        <time>2026-08-05T05:24:33.000Z</time>
        <extensions>
          <ns3:TrackPointExtension>
            <ns3:hr>96</ns3:hr>
            <ns3:cad>53</ns3:cad>
          </ns3:TrackPointExtension>
        </extensions>
      </trkpt>
      <trkpt lat="28.98261361755430698394775390625" lon="82.82234254293143749237060546875">
        <ele>2454.60009765625</ele>
        <time>2026-08-05T05:24:34.000Z</time>
        <extensions>
          <ns3:TrackPointExtension>
            <ns3:hr>96</ns3:hr>
            <ns3:cad>53</ns3:cad>
          </ns3:TrackPointExtension>
        </extensions>
      </trkpt>
      <trkpt lat="28.9826056547462940216064453125" lon="82.822368443012237548828125">
        <ele>2453.800048828125</ele>
        <time>2026-08-05T05:24:38.000Z</time>
        <extensions>
          <ns3:TrackPointExtension>
            <ns3:hr>93</ns3:hr>
            <ns3:cad>0</ns3:cad>
          </ns3:TrackPointExtension>
        </extensions>
      </trkpt>
      <trkpt lat="28.9826066605746746063232421875" lon="82.82237271778285503387451171875">
        <ele>2453.60009765625</ele>
        <time>2026-08-05T05:24:39.000Z</time>
        <extensions>
          <ns3:TrackPointExtension>
            <ns3:hr>92</ns3:hr>
            <ns3:cad>0</ns3:cad>
          </ns3:TrackPointExtension>
        </extensions>
      </trkpt>
      <trkpt lat="28.982614539563655853271484375" lon="82.8223947621881961822509765625">
        <ele>2452.800048828125</ele>
        <time>2026-08-05T05:24:45.000Z</time>
        <extensions>
          <ns3:TrackPointExtension>
            <ns3:hr>93</ns3:hr>
            <ns3:cad>77</ns3:cad>
          </ns3:TrackPointExtension>
        </extensions>
      </trkpt>
      <trkpt lat="28.98261554539203643798828125" lon="82.82240088097751140594482421875">
        <ele>2452.60009765625</ele>
        <time>2026-08-05T05:24:47.000Z</time>
        <extensions>
          <ns3:TrackPointExtension>
            <ns3:hr>95</ns3:hr>
            <ns3:cad>77</ns3:cad>
          </ns3:TrackPointExtension>
        </extensions>
      </trkpt>
      <trkpt lat="28.98261697031557559967041015625" lon="82.822404988110065460205078125">
        <ele>2452.39990234375</ele>
        <time>2026-08-05T05:24:54.000Z</time>
        <extensions>
          <ns3:TrackPointExtension>
            <ns3:hr>98</ns3:hr>
            <ns3:cad>0</ns3:cad>
          </ns3:TrackPointExtension>
        </extensions>
      </trkpt>
      <trkpt lat="28.98261697031557559967041015625" lon="82.822404988110065460205078125">
        <ele>2452.39990234375</ele>
        <time>2026-08-05T05:24:55.000Z</time>
        <extensions>
          <ns3:TrackPointExtension>
            <ns3:hr>96</ns3:hr>
            <ns3:cad>0</ns3:cad>
          </ns3:TrackPointExtension>
        </extensions>
      </trkpt>
      <trkpt lat="28.98261697031557559967041015625" lon="82.822404988110065460205078125">
        <ele>2452.199951171875</ele>
        <time>2026-08-05T05:25:02.000Z</time>
        <extensions>
          <ns3:TrackPointExtension>
            <ns3:hr>97</ns3:hr>
            <ns3:cad>0</ns3:cad>
          </ns3:TrackPointExtension>
        </extensions>
      </trkpt>
      <trkpt lat="28.98261697031557559967041015625" lon="82.822404988110065460205078125">
        <ele>2451.39990234375</ele>
        <time>2026-08-05T05:25:05.000Z</time>
        <extensions>
          <ns3:TrackPointExtension>
            <ns3:hr>96</ns3:hr>
            <ns3:cad>0</ns3:cad>
          </ns3:TrackPointExtension>
        </extensions>
      </trkpt>
      <trkpt lat="28.98261697031557559967041015625" lon="82.822404988110065460205078125">
        <ele>2450.800048828125</ele>
        <time>2026-08-05T05:25:13.000Z</time>
        <extensions>
          <ns3:TrackPointExtension>
            <ns3:hr>96</ns3:hr>
            <ns3:cad>0</ns3:cad>
          </ns3:TrackPointExtension>
        </extensions>
      </trkpt>
      <trkpt lat="28.98261697031557559967041015625" lon="82.822404988110065460205078125">
        <ele>2450.800048828125</ele>
        <time>2026-08-05T05:25:19.000Z</time>
        <extensions>
          <ns3:TrackPointExtension>
            <ns3:hr>93</ns3:hr>
            <ns3:cad>0</ns3:cad>
          </ns3:TrackPointExtension>
        </extensions>
      </trkpt>
      <trkpt lat="28.98261697031557559967041015625" lon="82.822404988110065460205078125">
        <ele>2451.199951171875</ele>
        <time>2026-08-05T05:25:29.000Z</time>
        <extensions>
          <ns3:TrackPointExtension>
            <ns3:hr>94</ns3:hr>
            <ns3:cad>0</ns3:cad>
          </ns3:TrackPointExtension>
        </extensions>
      </trkpt>
      <trkpt lat="28.98261697031557559967041015625" lon="82.822404988110065460205078125">
        <ele>2450.800048828125</ele>
        <time>2026-08-05T05:25:41.000Z</time>
        <extensions>
          <ns3:TrackPointExtension>
            <ns3:hr>92</ns3:hr>
            <ns3:cad>0</ns3:cad>
          </ns3:TrackPointExtension>
        </extensions>
      </trkpt>
      <trkpt lat="28.98261697031557559967041015625" lon="82.822404988110065460205078125">
        <ele>2450.39990234375</ele>
        <time>2026-08-05T05:25:48.000Z</time>
        <extensions>
          <ns3:TrackPointExtension>
            <ns3:hr>91</ns3:hr>
            <ns3:cad>0</ns3:cad>
          </ns3:TrackPointExtension>
        </extensions>
      </trkpt>
      <trkpt lat="28.98261697031557559967041015625" lon="82.822404988110065460205078125">
        <ele>2450.60009765625</ele>
        <time>2026-08-05T05:25:51.000Z</time>
        <extensions>
          <ns3:TrackPointExtension>
            <ns3:hr>88</ns3:hr>
            <ns3:cad>0</ns3:cad>
          </ns3:TrackPointExtension>
        </extensions>
      </trkpt>
      <trkpt lat="28.98261697031557559967041015625" lon="82.822404988110065460205078125">
        <ele>2450.60009765625</ele>
        <time>2026-08-05T05:25:54.000Z</time>
        <extensions>
          <ns3:TrackPointExtension>
            <ns3:hr>86</ns3:hr>
            <ns3:cad>0</ns3:cad>
          </ns3:TrackPointExtension>
        </extensions>
      </trkpt>
      <trkpt lat="28.982621245086193084716796875" lon="82.82242015935480594635009765625">
        <ele>2450.800048828125</ele>
        <time>2026-08-05T05:26:03.000Z</time>
        <extensions>
          <ns3:TrackPointExtension>
            <ns3:hr>88</ns3:hr>
            <ns3:cad>0</ns3:cad>
          </ns3:TrackPointExtension>
        </extensions>
      </trkpt>
      <trkpt lat="28.9826271124184131622314453125" lon="82.82246542163193225860595703125">
        <ele>2450</ele>
        <time>2026-08-05T05:26:11.000Z</time>
        <extensions>
          <ns3:TrackPointExtension>
            <ns3:hr>88</ns3:hr>
            <ns3:cad>0</ns3:cad>
          </ns3:TrackPointExtension>
        </extensions>
      </trkpt>
      <trkpt lat="28.98260439746081829071044921875" lon="82.8224893100559711456298828125">
        <ele>2449.39990234375</ele>
        <time>2026-08-05T05:26:16.000Z</time>
        <extensions>
          <ns3:TrackPointExtension>
            <ns3:hr>88</ns3:hr>
            <ns3:cad>0</ns3:cad>
          </ns3:TrackPointExtension>
        </extensions>
      </trkpt>
      <trkpt lat="28.98263222537934780120849609375" lon="82.82251990400254726409912109375">
        <ele>2448.199951171875</ele>
        <time>2026-08-05T05:26:22.000Z</time>
        <extensions>
          <ns3:TrackPointExtension>
            <ns3:hr>87</ns3:hr>
            <ns3:cad>43</ns3:cad>
          </ns3:TrackPointExtension>
        </extensions>
      </trkpt>
      <trkpt lat="28.98265435360372066497802734375" lon="82.82253004610538482666015625">
        <ele>2447.800048828125</ele>
        <time>2026-08-05T05:26:26.000Z</time>
        <extensions>
          <ns3:TrackPointExtension>
            <ns3:hr>90</ns3:hr>
            <ns3:cad>0</ns3:cad>
          </ns3:TrackPointExtension>
        </extensions>
      </trkpt>
      <trkpt lat="28.98265535943210124969482421875" lon="82.8225322254002094268798828125">
        <ele>2447.60009765625</ele>
        <time>2026-08-05T05:26:27.000Z</time>
        <extensions>
          <ns3:TrackPointExtension>
            <ns3:hr>91</ns3:hr>
            <ns3:cad>47</ns3:cad>
          </ns3:TrackPointExtension>
        </extensions>
      </trkpt>
      <trkpt lat="28.9826559461653232574462890625" lon="82.8225436247885227203369140625">
        <ele>2447.199951171875</ele>
        <time>2026-08-05T05:26:29.000Z</time>
        <extensions>
          <ns3:TrackPointExtension>
            <ns3:hr>92</ns3:hr>
            <ns3:cad>48</ns3:cad>
          </ns3:TrackPointExtension>
        </extensions>
      </trkpt>
      <trkpt lat="28.9826827682554721832275390625" lon="82.82257807441055774688720703125">
        <ele>2446.199951171875</ele>
        <time>2026-08-05T05:26:33.000Z</time>
        <extensions>
          <ns3:TrackPointExtension>
            <ns3:hr>93</ns3:hr>
            <ns3:cad>0</ns3:cad>
          </ns3:TrackPointExtension>
        </extensions>
      </trkpt>
      <trkpt lat="28.98268737830221652984619140625" lon="82.82258645631372928619384765625">
        <ele>2446</ele>
        <time>2026-08-05T05:26:34.000Z</time>
        <extensions>
          <ns3:TrackPointExtension>
            <ns3:hr>93</ns3:hr>
            <ns3:cad>0</ns3:cad>
          </ns3:TrackPointExtension>
        </extensions>
      </trkpt>
      <trkpt lat="28.982677571475505828857421875" lon="82.8226227499544620513916015625">
        <ele>2445.199951171875</ele>
        <time>2026-08-05T05:26:39.000Z</time>
        <extensions>
          <ns3:TrackPointExtension>
            <ns3:hr>94</ns3:hr>
            <ns3:cad>46</ns3:cad>
          </ns3:TrackPointExtension>
        </extensions>
      </trkpt>
      <trkpt lat="28.98266776464879512786865234375" lon="82.8226311318576335906982421875">
        <ele>2444.800048828125</ele>
        <time>2026-08-05T05:26:41.000Z</time>
        <extensions>
          <ns3:TrackPointExtension>
            <ns3:hr>94</ns3:hr>
            <ns3:cad>46</ns3:cad>
          </ns3:TrackPointExtension>
        </extensions>
      </trkpt>
      <trkpt lat="28.98265938274562358856201171875" lon="82.82265837304294109344482421875">
        <ele>2443.800048828125</ele>
        <time>2026-08-05T05:26:45.000Z</time>
        <extensions>
          <ns3:TrackPointExtension>
            <ns3:hr>94</ns3:hr>
            <ns3:cad>0</ns3:cad>
          </ns3:TrackPointExtension>
        </extensions>
      </trkpt>
      <trkpt lat="28.9826529286801815032958984375" lon="82.82266742549836635589599609375">
        <ele>2443.60009765625</ele>
        <time>2026-08-05T05:26:46.000Z</time>
        <extensions>
          <ns3:TrackPointExtension>
            <ns3:hr>94</ns3:hr>
            <ns3:cad>0</ns3:cad>
          </ns3:TrackPointExtension>
        </extensions>
      </trkpt>
      <trkpt lat="28.98261596448719501495361328125" lon="82.82269676215946674346923828125">
        <ele>2442.60009765625</ele>
        <time>2026-08-05T05:26:51.000Z</time>
        <extensions>
          <ns3:TrackPointExtension>
            <ns3:hr>94</ns3:hr>
            <ns3:cad>47</ns3:cad>
          </ns3:TrackPointExtension>
        </extensions>
      </trkpt>
      <trkpt lat="28.98260657675564289093017578125" lon="82.8226998634636402130126953125">
        <ele>2442.39990234375</ele>
        <time>2026-08-05T05:26:52.000Z</time>
        <extensions>
          <ns3:TrackPointExtension>
            <ns3:hr>94</ns3:hr>
            <ns3:cad>47</ns3:cad>
          </ns3:TrackPointExtension>
        </extensions>
      </trkpt>
      <trkpt lat="28.98256718181073665618896484375" lon="82.82270262949168682098388671875">
        <ele>2441.800048828125</ele>
        <time>2026-08-05T05:26:56.000Z</time>
        <extensions>
          <ns3:TrackPointExtension>
            <ns3:hr>96</ns3:hr>
            <ns3:cad>46</ns3:cad>
          </ns3:TrackPointExtension>
        </extensions>
      </trkpt>
      <trkpt lat="28.9825590513646602630615234375" lon="82.82269860617816448211669921875">
        <ele>2441.60009765625</ele>
        <time>2026-08-05T05:26:57.000Z</time>
        <extensions>
          <ns3:TrackPointExtension>
            <ns3:hr>96</ns3:hr>
            <ns3:cad>46</ns3:cad>
          </ns3:TrackPointExtension>
        </extensions>
      </trkpt>
      <trkpt lat="28.98255209438502788543701171875" lon="82.822699360549449920654296875">
        <ele>2441.39990234375</ele>
        <time>2026-08-05T05:26:58.000Z</time>
        <extensions>
          <ns3:TrackPointExtension>
            <ns3:hr>96</ns3:hr>
            <ns3:cad>46</ns3:cad>
          </ns3:TrackPointExtension>
        </extensions>
      </trkpt>
      <trkpt lat="28.982542119920253753662109375" lon="82.82269760034978389739990234375">
        <ele>2440.800048828125</ele>
        <time>2026-08-05T05:27:03.000Z</time>
        <extensions>
          <ns3:TrackPointExtension>
            <ns3:hr>98</ns3:hr>
            <ns3:cad>46</ns3:cad>
          </ns3:TrackPointExtension>
        </extensions>
      </trkpt>
      <trkpt lat="28.98253734223544597625732421875" lon="82.82271268777549266815185546875">
        <ele>2441.199951171875</ele>
        <time>2026-08-05T05:27:09.000Z</time>
        <extensions>
          <ns3:TrackPointExtension>
            <ns3:hr>98</ns3:hr>
            <ns3:cad>0</ns3:cad>
          </ns3:TrackPointExtension>
        </extensions>
      </trkpt>
      <trkpt lat="28.98255393840372562408447265625" lon="82.82273816876113414764404296875">
        <ele>2440.39990234375</ele>
        <time>2026-08-05T05:27:15.000Z</time>
        <extensions>
          <ns3:TrackPointExtension>
            <ns3:hr>99</ns3:hr>
            <ns3:cad>62</ns3:cad>
          </ns3:TrackPointExtension>
        </extensions>
      </trkpt>
      <trkpt lat="28.98255796171724796295166015625" lon="82.82274671830236911773681640625">
        <ele>2440.199951171875</ele>
        <time>2026-08-05T05:27:16.000Z</time>
        <extensions>
          <ns3:TrackPointExtension>
            <ns3:hr>99</ns3:hr>
            <ns3:cad>48</ns3:cad>
          </ns3:TrackPointExtension>
        </extensions>
      </trkpt>
      <trkpt lat="28.98253600113093852996826171875" lon="82.82276608049869537353515625">
        <ele>2439.199951171875</ele>
        <time>2026-08-05T05:27:21.000Z</time>
        <extensions>
          <ns3:TrackPointExtension>
            <ns3:hr>97</ns3:hr>
            <ns3:cad>44</ns3:cad>
          </ns3:TrackPointExtension>
        </extensions>
      </trkpt>
      <trkpt lat="28.98253164254128932952880859375" lon="82.82276473939418792724609375">
        <ele>2439</ele>
        <time>2026-08-05T05:27:22.000Z</time>
        <extensions>
          <ns3:TrackPointExtension>
            <ns3:hr>97</ns3:hr>
            <ns3:cad>44</ns3:cad>
          </ns3:TrackPointExtension>
        </extensions>
      </trkpt>
      <trkpt lat="28.98251739330589771270751953125" lon="82.822761721909046173095703125">
        <ele>2438.60009765625</ele>
        <time>2026-08-05T05:27:29.000Z</time>
        <extensions>
          <ns3:TrackPointExtension>
            <ns3:hr>97</ns3:hr>
            <ns3:cad>0</ns3:cad>
          </ns3:TrackPointExtension>
        </extensions>
      </trkpt>
      <trkpt lat="28.9825131185352802276611328125" lon="82.8227551840245723724365234375">
        <ele>2438.199951171875</ele>
        <time>2026-08-05T05:27:31.000Z</time>
        <extensions>
          <ns3:TrackPointExtension>
            <ns3:hr>96</ns3:hr>
            <ns3:cad>0</ns3:cad>
          </ns3:TrackPointExtension>
        </extensions>
      </trkpt>
      <trkpt lat="28.98249409161508083343505859375" lon="82.82276029698550701141357421875">
        <ele>2437.39990234375</ele>
        <time>2026-08-05T05:27:35.000Z</time>
        <extensions>
          <ns3:TrackPointExtension>
            <ns3:hr>96</ns3:hr>
            <ns3:cad>0</ns3:cad>
          </ns3:TrackPointExtension>
        </extensions>
      </trkpt>
      <trkpt lat="28.982483781874179840087890625" lon="82.82275937497615814208984375">
        <ele>2437.199951171875</ele>
        <time>2026-08-05T05:27:37.000Z</time>
        <extensions>
          <ns3:TrackPointExtension>
            <ns3:hr>96</ns3:hr>
            <ns3:cad>52</ns3:cad>
          </ns3:TrackPointExtension>
        </extensions>
      </trkpt>
      <trkpt lat="28.9824593067169189453125" lon="82.8227779828011989593505859375">
        <ele>2436.199951171875</ele>
        <time>2026-08-05T05:27:42.000Z</time>
        <extensions>
          <ns3:TrackPointExtension>
            <ns3:hr>96</ns3:hr>
            <ns3:cad>52</ns3:cad>
          </ns3:TrackPointExtension>
        </extensions>
      </trkpt>
      <trkpt lat="28.98245352320373058319091796875" lon="82.82277773134410381317138671875">
        <ele>2436</ele>
        <time>2026-08-05T05:27:43.000Z</time>
        <extensions>
          <ns3:TrackPointExtension>
            <ns3:hr>96</ns3:hr>
            <ns3:cad>44</ns3:cad>
          </ns3:TrackPointExtension>
        </extensions>
      </trkpt>
      <trkpt lat="28.98242519237101078033447265625" lon="82.822776474058628082275390625">
        <ele>2435</ele>
        <time>2026-08-05T05:27:46.000Z</time>
        <extensions>
          <ns3:TrackPointExtension>
            <ns3:hr>96</ns3:hr>
            <ns3:cad>49</ns3:cad>
          </ns3:TrackPointExtension>
        </extensions>
      </trkpt>
      <trkpt lat="28.98241613991558551788330078125" lon="82.82277571968734264373779296875">
        <ele>2434.60009765625</ele>
        <time>2026-08-05T05:27:47.000Z</time>
        <extensions>
          <ns3:TrackPointExtension>
            <ns3:hr>97</ns3:hr>
            <ns3:cad>49</ns3:cad>
          </ns3:TrackPointExtension>
        </extensions>
      </trkpt>
      <trkpt lat="28.982384540140628814697265625" lon="82.82278460450470447540283203125">
        <ele>2434</ele>
        <time>2026-08-05T05:27:51.000Z</time>
        <extensions>
          <ns3:TrackPointExtension>
            <ns3:hr>100</ns3:hr>
            <ns3:cad>48</ns3:cad>
          </ns3:TrackPointExtension>
        </extensions>
      </trkpt>
      <trkpt lat="28.9823774993419647216796875" lon="82.8227987699210643768310546875">
        <ele>2433.800048828125</ele>
        <time>2026-08-05T05:27:53.000Z</time>
        <extensions>
          <ns3:TrackPointExtension>
            <ns3:hr>100</ns3:hr>
            <ns3:cad>46</ns3:cad>
          </ns3:TrackPointExtension>
        </extensions>
      </trkpt>
      <trkpt lat="28.982354700565338134765625" lon="82.8228235803544521331787109375">
        <ele>2432.60009765625</ele>
        <time>2026-08-05T05:27:57.000Z</time>
        <extensions>
          <ns3:TrackPointExtension>
            <ns3:hr>101</ns3:hr>
            <ns3:cad>47</ns3:cad>
          </ns3:TrackPointExtension>
        </extensions>
      </trkpt>
      <trkpt lat="28.9823505096137523651123046875" lon="82.82284327782690525054931640625">
        <ele>2432.199951171875</ele>
        <time>2026-08-05T05:27:59.000Z</time>
        <extensions>
          <ns3:TrackPointExtension>
            <ns3:hr>102</ns3:hr>
            <ns3:cad>46</ns3:cad>
          </ns3:TrackPointExtension>
        </extensions>
      </trkpt>
      <trkpt lat="28.98233391344547271728515625" lon="82.822887115180492401123046875">
        <ele>2431.800048828125</ele>
        <time>2026-08-05T05:28:05.000Z</time>
        <extensions>
          <ns3:TrackPointExtension>
            <ns3:hr>101</ns3:hr>
            <ns3:cad>42</ns3:cad>
          </ns3:TrackPointExtension>
        </extensions>
      </trkpt>
      <trkpt lat="28.9823303930461406707763671875" lon="82.82289625145494937896728515625">
        <ele>2431.60009765625</ele>
        <time>2026-08-05T05:28:06.000Z</time>
        <extensions>
          <ns3:TrackPointExtension>
            <ns3:hr>101</ns3:hr>
            <ns3:cad>42</ns3:cad>
          </ns3:TrackPointExtension>
        </extensions>
      </trkpt>
      <trkpt lat="28.9823206700384616851806640625" lon="82.82290345989167690277099609375">
        <ele>2431.39990234375</ele>
        <time>2026-08-05T05:28:07.000Z</time>
        <extensions>
          <ns3:TrackPointExtension>
            <ns3:hr>101</ns3:hr>
            <ns3:cad>42</ns3:cad>
          </ns3:TrackPointExtension>
        </extensions>
      </trkpt>
      <trkpt lat="28.98230700753629207611083984375" lon="82.8229244984686374664306640625">
        <ele>2430.60009765625</ele>
        <time>2026-08-05T05:28:10.000Z</time>
        <extensions>
          <ns3:TrackPointExtension>
            <ns3:hr>103</ns3:hr>
            <ns3:cad>44</ns3:cad>
          </ns3:TrackPointExtension>
        </extensions>
      </trkpt>
      <trkpt lat="28.98230046965181827545166015625" lon="82.82292961142957210540771484375">
        <ele>2430.39990234375</ele>
        <time>2026-08-05T05:28:11.000Z</time>
        <extensions>
          <ns3:TrackPointExtension>
            <ns3:hr>103</ns3:hr>
            <ns3:cad>45</ns3:cad>
          </ns3:TrackPointExtension>
        </extensions>
      </trkpt>
      <trkpt lat="28.98227113299071788787841796875" lon="82.82295383512973785400390625">
        <ele>2430.39990234375</ele>
        <time>2026-08-05T05:28:16.000Z</time>
        <extensions>
          <ns3:TrackPointExtension>
            <ns3:hr>104</ns3:hr>
            <ns3:cad>48</ns3:cad>
          </ns3:TrackPointExtension>
        </extensions>
      </trkpt>
      <trkpt lat="28.9822452329099178314208984375" lon="82.82300001941621303558349609375">
        <ele>2429.39990234375</ele>
        <time>2026-08-05T05:28:21.000Z</time>
        <extensions>
          <ns3:TrackPointExtension>
            <ns3:hr>104</ns3:hr>
            <ns3:cad>50</ns3:cad>
          </ns3:TrackPointExtension>
        </extensions>
      </trkpt>
      <trkpt lat="28.9822385273873805999755859375" lon="82.82301259227097034454345703125">
        <ele>2429.199951171875</ele>
        <time>2026-08-05T05:28:22.000Z</time>
        <extensions>
          <ns3:TrackPointExtension>
            <ns3:hr>103</ns3:hr>
            <ns3:cad>50</ns3:cad>
          </ns3:TrackPointExtension>
        </extensions>
      </trkpt>
      <trkpt lat="28.9822120405733585357666015625" lon="82.82305869273841381072998046875">
        <ele>2428.60009765625</ele>
        <time>2026-08-05T05:28:26.000Z</time>
        <extensions>
          <ns3:TrackPointExtension>
            <ns3:hr>103</ns3:hr>
            <ns3:cad>53</ns3:cad>
          </ns3:TrackPointExtension>
        </extensions>
      </trkpt>
      <trkpt lat="28.9821962825953960418701171875" lon="82.8230971656739711761474609375">
        <ele>2428.800048828125</ele>
        <time>2026-08-05T05:28:30.000Z</time>
        <extensions>
          <ns3:TrackPointExtension>
            <ns3:hr>103</ns3:hr>
            <ns3:cad>48</ns3:cad>
          </ns3:TrackPointExtension>
        </extensions>
      </trkpt>
      <trkpt lat="28.9821966178715229034423828125" lon="82.82314158976078033447265625">
        <ele>2428.800048828125</ele>
        <time>2026-08-05T05:28:34.000Z</time>
        <extensions>
          <ns3:TrackPointExtension>
            <ns3:hr>100</ns3:hr>
            <ns3:cad>48</ns3:cad>
          </ns3:TrackPointExtension>
        </extensions>
      </trkpt>
      <trkpt lat="28.98219846189022064208984375" lon="82.8231575153768062591552734375">
        <ele>2428.800048828125</ele>
        <time>2026-08-05T05:28:35.000Z</time>
        <extensions>
          <ns3:TrackPointExtension>
            <ns3:hr>99</ns3:hr>
            <ns3:cad>45</ns3:cad>
          </ns3:TrackPointExtension>
        </extensions>
      </trkpt>
      <trkpt lat="28.98221313022077083587646484375" lon="82.8232146799564361572265625">
        <ele>2428.60009765625</ele>
        <time>2026-08-05T05:28:40.000Z</time>
        <extensions>
          <ns3:TrackPointExtension>
            <ns3:hr>98</ns3:hr>
            <ns3:cad>49</ns3:cad>
          </ns3:TrackPointExtension>
        </extensions>
      </trkpt>
      <trkpt lat="28.982231318950653076171875" lon="82.82326119951903820037841796875">
        <ele>2428.60009765625</ele>
        <time>2026-08-05T05:28:45.000Z</time>
        <extensions>
          <ns3:TrackPointExtension>
            <ns3:hr>100</ns3:hr>
            <ns3:cad>46</ns3:cad>
          </ns3:TrackPointExtension>
        </extensions>
      </trkpt>
      <trkpt lat="28.9822512678802013397216796875" lon="82.82331802882254123687744140625">
        <ele>2429.199951171875</ele>
        <time>2026-08-05T05:28:52.000Z</time>
        <extensions>
          <ns3:TrackPointExtension>
            <ns3:hr>100</ns3:hr>
            <ns3:cad>0</ns3:cad>
          </ns3:TrackPointExtension>
        </extensions>
      </trkpt>
      <trkpt lat="28.98227716796100139617919921875" lon="82.8233543224632740020751953125">
        <ele>2428.800048828125</ele>
        <time>2026-08-05T05:28:56.000Z</time>
        <extensions>
          <ns3:TrackPointExtension>
            <ns3:hr>101</ns3:hr>
            <ns3:cad>47</ns3:cad>
          </ns3:TrackPointExtension>
        </extensions>
      </trkpt>
      <trkpt lat="28.98229300975799560546875" lon="82.8233871795237064361572265625">
        <ele>2428</ele>
        <time>2026-08-05T05:28:59.000Z</time>
        <extensions>
          <ns3:TrackPointExtension>
            <ns3:hr>102</ns3:hr>
            <ns3:cad>46</ns3:cad>
          </ns3:TrackPointExtension>
        </extensions>
      </trkpt>
      <trkpt lat="28.98229233920574188232421875" lon="82.82340453006327152252197265625">
        <ele>2427.60009765625</ele>
        <time>2026-08-05T05:29:01.000Z</time>
        <extensions>
          <ns3:TrackPointExtension>
            <ns3:hr>102</ns3:hr>
            <ns3:cad>46</ns3:cad>
          </ns3:TrackPointExtension>
        </extensions>
      </trkpt>
      <trkpt lat="28.982279598712921142578125" lon="82.82342866994440555572509765625">
        <ele>2427.60009765625</ele>
        <time>2026-08-05T05:29:03.000Z</time>
        <extensions>
          <ns3:TrackPointExtension>
            <ns3:hr>102</ns3:hr>
            <ns3:cad>46</ns3:cad>
          </ns3:TrackPointExtension>
        </extensions>
      </trkpt>
      <trkpt lat="28.98226157762110233306884765625" lon="82.823453061282634735107421875">
        <ele>2427.800048828125</ele>
        <time>2026-08-05T05:29:06.000Z</time>
        <extensions>
          <ns3:TrackPointExtension>
            <ns3:hr>102</ns3:hr>
            <ns3:cad>45</ns3:cad>
          </ns3:TrackPointExtension>
        </extensions>
      </trkpt>
      <trkpt lat="28.9822514355182647705078125" lon="82.82349723391234874725341796875">
        <ele>2427.39990234375</ele>
        <time>2026-08-05T05:29:12.000Z</time>
        <extensions>
          <ns3:TrackPointExtension>
            <ns3:hr>100</ns3:hr>
            <ns3:cad>44</ns3:cad>
          </ns3:TrackPointExtension>
        </extensions>
      </trkpt>
      <trkpt lat="28.982254453003406524658203125" lon="82.8235222958028316497802734375">
        <ele>2427</ele>
        <time>2026-08-05T05:29:15.000Z</time>
        <extensions>
          <ns3:TrackPointExtension>
            <ns3:hr>100</ns3:hr>
            <ns3:cad>44</ns3:cad>
          </ns3:TrackPointExtension>
        </extensions>
      </trkpt>
      <trkpt lat="28.9822609908878803253173828125" lon="82.8235286660492420196533203125">
        <ele>2426.800048828125</ele>
        <time>2026-08-05T05:29:16.000Z</time>
        <extensions>
          <ns3:TrackPointExtension>
            <ns3:hr>100</ns3:hr>
            <ns3:cad>45</ns3:cad>
          </ns3:TrackPointExtension>
        </extensions>
      </trkpt>
      <trkpt lat="28.9822693727910518646240234375" lon="82.82353679649531841278076171875">
        <ele>2426.60009765625</ele>
        <time>2026-08-05T05:29:17.000Z</time>
        <extensions>
          <ns3:TrackPointExtension>
            <ns3:hr>100</ns3:hr>
            <ns3:cad>47</ns3:cad>
          </ns3:TrackPointExtension>
        </extensions>
      </trkpt>
      <trkpt lat="28.98227012716233730316162109375" lon="82.82355322502553462982177734375">
        <ele>2426.39990234375</ele>
        <time>2026-08-05T05:29:19.000Z</time>
        <extensions>
          <ns3:TrackPointExtension>
            <ns3:hr>100</ns3:hr>
            <ns3:cad>47</ns3:cad>
          </ns3:TrackPointExtension>
        </extensions>
      </trkpt>
      <trkpt lat="28.98228035308420658111572265625" lon="82.82358155585825443267822265625">
        <ele>2426.199951171875</ele>
        <time>2026-08-05T05:29:22.000Z</time>
        <extensions>
          <ns3:TrackPointExtension>
            <ns3:hr>100</ns3:hr>
            <ns3:cad>42</ns3:cad>
          </ns3:TrackPointExtension>
        </extensions>
      </trkpt>
      <trkpt lat="28.9823149703443050384521484375" lon="82.82361709512770175933837890625">
        <ele>2425.800048828125</ele>
        <time>2026-08-05T05:29:26.000Z</time>
        <extensions>
          <ns3:TrackPointExtension>
            <ns3:hr>100</ns3:hr>
            <ns3:cad>45</ns3:cad>
          </ns3:TrackPointExtension>
        </extensions>
      </trkpt>
      <trkpt lat="28.982310108840465545654296875" lon="82.82362162135541439056396484375">
        <ele>2425.60009765625</ele>
        <time>2026-08-05T05:29:27.000Z</time>
        <extensions>
          <ns3:TrackPointExtension>
            <ns3:hr>101</ns3:hr>
            <ns3:cad>0</ns3:cad>
          </ns3:TrackPointExtension>
        </extensions>
      </trkpt>
      <trkpt lat="28.98230851627886295318603515625" lon="82.8236352838575839996337890625">
        <ele>2425.39990234375</ele>
        <time>2026-08-05T05:29:28.000Z</time>
        <extensions>
          <ns3:TrackPointExtension>
            <ns3:hr>100</ns3:hr>
            <ns3:cad>0</ns3:cad>
          </ns3:TrackPointExtension>
        </extensions>
      </trkpt>
      <trkpt lat="28.98232243023812770843505859375" lon="82.82366596162319183349609375">
        <ele>2425.60009765625</ele>
        <time>2026-08-05T05:29:31.000Z</time>
        <extensions>
          <ns3:TrackPointExtension>
            <ns3:hr>100</ns3:hr>
            <ns3:cad>49</ns3:cad>
          </ns3:TrackPointExtension>
        </extensions>
      </trkpt>
      <trkpt lat="28.9823464863002300262451171875" lon="82.8237117268145084381103515625">
        <ele>2426</ele>
        <time>2026-08-05T05:29:36.000Z</time>
        <extensions>
          <ns3:TrackPointExtension>
            <ns3:hr>101</ns3:hr>
            <ns3:cad>43</ns3:cad>
          </ns3:TrackPointExtension>
        </extensions>
      </trkpt>
      <trkpt lat="28.98236534558236598968505859375" lon="82.82375447452068328857421875">
        <ele>2425.800048828125</ele>
        <time>2026-08-05T05:29:42.000Z</time>
        <extensions>
          <ns3:TrackPointExtension>
            <ns3:hr>101</ns3:hr>
            <ns3:cad>0</ns3:cad>
          </ns3:TrackPointExtension>
        </extensions>
      </trkpt>
      <trkpt lat="28.98236735723912715911865234375" lon="82.82379881478846073150634765625">
        <ele>2425.199951171875</ele>
        <time>2026-08-05T05:29:50.000Z</time>
        <extensions>
          <ns3:TrackPointExtension>
            <ns3:hr>101</ns3:hr>
            <ns3:cad>0</ns3:cad>
          </ns3:TrackPointExtension>
        </extensions>
      </trkpt>
      <trkpt lat="28.982362411916255950927734375" lon="82.823825217783451080322265625">
        <ele>2424.60009765625</ele>
        <time>2026-08-05T05:29:53.000Z</time>
        <extensions>
          <ns3:TrackPointExtension>
            <ns3:hr>101</ns3:hr>
            <ns3:cad>0</ns3:cad>
          </ns3:TrackPointExtension>
        </extensions>
      </trkpt>
      <trkpt lat="28.98235813714563846588134765625" lon="82.82385061495006084442138671875">
        <ele>2424.199951171875</ele>
        <time>2026-08-05T05:29:56.000Z</time>
        <extensions>
          <ns3:TrackPointExtension>
            <ns3:hr>99</ns3:hr>
            <ns3:cad>46</ns3:cad>
          </ns3:TrackPointExtension>
        </extensions>
      </trkpt>
      <trkpt lat="28.98233651183545589447021484375" lon="82.8238797001540660858154296875">
        <ele>2423.39990234375</ele>
        <time>2026-08-05T05:30:00.000Z</time>
        <extensions>
          <ns3:TrackPointExtension>
            <ns3:hr>101</ns3:hr>
            <ns3:cad>45</ns3:cad>
          </ns3:TrackPointExtension>
        </extensions>
      </trkpt>
      <trkpt lat="28.98232678882777690887451171875" lon="82.8238877467811107635498046875">
        <ele>2423</ele>
        <time>2026-08-05T05:30:01.000Z</time>
        <extensions>
          <ns3:TrackPointExtension>
            <ns3:hr>101</ns3:hr>
            <ns3:cad>45</ns3:cad>
          </ns3:TrackPointExtension>
        </extensions>
      </trkpt>
      <trkpt lat="28.982308767735958099365234375" lon="82.82389839179813861846923828125">
        <ele>2422.199951171875</ele>
        <time>2026-08-05T05:30:03.000Z</time>
        <extensions>
          <ns3:TrackPointExtension>
            <ns3:hr>102</ns3:hr>
            <ns3:cad>47</ns3:cad>
          </ns3:TrackPointExtension>
        </extensions>
      </trkpt>
      <trkpt lat="28.98226258344948291778564453125" lon="82.82391029410064220428466796875">
        <ele>2421.199951171875</ele>
        <time>2026-08-05T05:30:08.000Z</time>
        <extensions>
          <ns3:TrackPointExtension>
            <ns3:hr>102</ns3:hr>
            <ns3:cad>46</ns3:cad>
          </ns3:TrackPointExtension>
        </extensions>
      </trkpt>
      <trkpt lat="28.98224649019539356231689453125" lon="82.82392035238444805145263671875">
        <ele>2420.60009765625</ele>
        <time>2026-08-05T05:30:14.000Z</time>
        <extensions>
          <ns3:TrackPointExtension>
            <ns3:hr>100</ns3:hr>
            <ns3:cad>77</ns3:cad>
          </ns3:TrackPointExtension>
        </extensions>
      </trkpt>
      <trkpt lat="28.9822355099022388458251953125" lon="82.823924124240875244140625">
        <ele>2420.199951171875</ele>
        <time>2026-08-05T05:30:16.000Z</time>
        <extensions>
          <ns3:TrackPointExtension>
            <ns3:hr>100</ns3:hr>
            <ns3:cad>77</ns3:cad>
          </ns3:TrackPointExtension>
        </extensions>
      </trkpt>
      <trkpt lat="28.98221061564981937408447265625" lon="82.8239454142749309539794921875">
        <ele>2419.199951171875</ele>
        <time>2026-08-05T05:30:22.000Z</time>
        <extensions>
          <ns3:TrackPointExtension>
            <ns3:hr>101</ns3:hr>
            <ns3:cad>43</ns3:cad>
          </ns3:TrackPointExtension>
        </extensions>
      </trkpt>
      <trkpt lat="28.98217826150357723236083984375" lon="82.8239578194916248321533203125">
        <ele>2418</ele>
        <time>2026-08-05T05:30:27.000Z</time>
        <extensions>
          <ns3:TrackPointExtension>
            <ns3:hr>100</ns3:hr>
            <ns3:cad>44</ns3:cad>
          </ns3:TrackPointExtension>
        </extensions>
      </trkpt>
      <trkpt lat="28.9821758307516574859619140625" lon="82.82396511174738407135009765625">
        <ele>2416.800048828125</ele>
        <time>2026-08-05T05:30:29.000Z</time>
        <extensions>
          <ns3:TrackPointExtension>
            <ns3:hr>100</ns3:hr>
            <ns3:cad>44</ns3:cad>
          </ns3:TrackPointExtension>
        </extensions>
      </trkpt>
      <trkpt lat="28.98214624263346195220947265625" lon="82.82399729825556278228759765625">
        <ele>2416</ele>
        <time>2026-08-05T05:30:34.000Z</time>
        <extensions>
          <ns3:TrackPointExtension>
            <ns3:hr>99</ns3:hr>
            <ns3:cad>47</ns3:cad>
          </ns3:TrackPointExtension>
        </extensions>
      </trkpt>
      <trkpt lat="28.9821282215416431427001953125" lon="82.82400936819612979888916015625">
        <ele>2415.800048828125</ele>
        <time>2026-08-05T05:30:36.000Z</time>
        <extensions>
          <ns3:TrackPointExtension>
            <ns3:hr>100</ns3:hr>
            <ns3:cad>48</ns3:cad>
          </ns3:TrackPointExtension>
        </extensions>
      </trkpt>
      <trkpt lat="28.98209662176668643951416015625" lon="82.82403476536273956298828125">
        <ele>2415</ele>
        <time>2026-08-05T05:30:40.000Z</time>
        <extensions>
          <ns3:TrackPointExtension>
            <ns3:hr>101</ns3:hr>
            <ns3:cad>48</ns3:cad>
          </ns3:TrackPointExtension>
        </extensions>
      </trkpt>
      <trkpt lat="28.98207508027553558349609375" lon="82.824051193892955780029296875">
        <ele>2414.60009765625</ele>
        <time>2026-08-05T05:30:42.000Z</time>
        <extensions>
          <ns3:TrackPointExtension>
            <ns3:hr>101</ns3:hr>
            <ns3:cad>48</ns3:cad>
          </ns3:TrackPointExtension>
        </extensions>
      </trkpt>
      <trkpt lat="28.9820484258234500885009765625" lon="82.82407608814537525177001953125">
        <ele>2413.800048828125</ele>
        <time>2026-08-05T05:30:45.000Z</time>
        <extensions>
          <ns3:TrackPointExtension>
            <ns3:hr>102</ns3:hr>
            <ns3:cad>50</ns3:cad>
          </ns3:TrackPointExtension>
        </extensions>
      </trkpt>
      <trkpt lat="28.982030488550662994384765625" lon="82.82409218139946460723876953125">
        <ele>2413.39990234375</ele>
        <time>2026-08-05T05:30:47.000Z</time>
        <extensions>
          <ns3:TrackPointExtension>
            <ns3:hr>102</ns3:hr>
            <ns3:cad>50</ns3:cad>
          </ns3:TrackPointExtension>
        </extensions>
      </trkpt>
      <trkpt lat="28.98198715411126613616943359375" lon="82.8241375274956226348876953125">
        <ele>2413</ele>
        <time>2026-08-05T05:30:52.000Z</time>
        <extensions>
          <ns3:TrackPointExtension>
            <ns3:hr>103</ns3:hr>
            <ns3:cad>49</ns3:cad>
          </ns3:TrackPointExtension>
        </extensions>
      </trkpt>
      <trkpt lat="28.98194122128188610076904296875" lon="82.824197709560394287109375">
        <ele>2412.60009765625</ele>
        <time>2026-08-05T05:30:58.000Z</time>
        <extensions>
          <ns3:TrackPointExtension>
            <ns3:hr>103</ns3:hr>
            <ns3:cad>0</ns3:cad>
          </ns3:TrackPointExtension>
        </extensions>
      </trkpt>
      <trkpt lat="28.9819012396037578582763671875" lon="82.82424389384686946868896484375">
        <ele>2413.199951171875</ele>
        <time>2026-08-05T05:31:03.000Z</time>
        <extensions>
          <ns3:TrackPointExtension>
            <ns3:hr>100</ns3:hr>
            <ns3:cad>46</ns3:cad>
          </ns3:TrackPointExtension>
        </extensions>
      </trkpt>
      <trkpt lat="28.9818945340812206268310546875" lon="82.82425126992166042327880859375">
        <ele>2413.199951171875</ele>
        <time>2026-08-05T05:31:04.000Z</time>
        <extensions>
          <ns3:TrackPointExtension>
            <ns3:hr>99</ns3:hr>
            <ns3:cad>46</ns3:cad>
          </ns3:TrackPointExtension>
        </extensions>
      </trkpt>
      <trkpt lat="28.98186075501143932342529296875" lon="82.82431597821414470672607421875">
        <ele>2413</ele>
        <time>2026-08-05T05:31:10.000Z</time>
        <extensions>
          <ns3:TrackPointExtension>
            <ns3:hr>102</ns3:hr>
            <ns3:cad>45</ns3:cad>
          </ns3:TrackPointExtension>
        </extensions>
      </trkpt>
      <trkpt lat="28.98184265010058879852294921875" lon="82.8243760764598846435546875">
        <ele>2412.199951171875</ele>
        <time>2026-08-05T05:31:16.000Z</time>
        <extensions>
          <ns3:TrackPointExtension>
            <ns3:hr>104</ns3:hr>
            <ns3:cad>44</ns3:cad>
          </ns3:TrackPointExtension>
        </extensions>
      </trkpt>
      <trkpt lat="28.98183929733932018280029296875" lon="82.8244449757039546966552734375">
        <ele>2412.60009765625</ele>
        <time>2026-08-05T05:31:22.000Z</time>
        <extensions>
          <ns3:TrackPointExtension>
            <ns3:hr>104</ns3:hr>
            <ns3:cad>49</ns3:cad>
          </ns3:TrackPointExtension>
        </extensions>
      </trkpt>
      <trkpt lat="28.98184164427220821380615234375" lon="82.8245076723396778106689453125">
        <ele>2412.60009765625</ele>
        <time>2026-08-05T05:31:27.000Z</time>
        <extensions>
          <ns3:TrackPointExtension>
            <ns3:hr>103</ns3:hr>
            <ns3:cad>49</ns3:cad>
          </ns3:TrackPointExtension>
        </extensions>
      </trkpt>
      <trkpt lat="28.98183845914900302886962890625" lon="82.8245780803263187408447265625">
        <ele>2411.60009765625</ele>
        <time>2026-08-05T05:31:34.000Z</time>
        <extensions>
          <ns3:TrackPointExtension>
            <ns3:hr>103</ns3:hr>
            <ns3:cad>47</ns3:cad>
          </ns3:TrackPointExtension>
        </extensions>
      </trkpt>
      <trkpt lat="28.98184080608189105987548828125" lon="82.82460398040711879730224609375">
        <ele>2411.199951171875</ele>
        <time>2026-08-05T05:31:37.000Z</time>
        <extensions>
          <ns3:TrackPointExtension>
            <ns3:hr>103</ns3:hr>
            <ns3:cad>48</ns3:cad>
          </ns3:TrackPointExtension>
        </extensions>
      </trkpt>
      <trkpt lat="28.98184399120509624481201171875" lon="82.8246572054922580718994140625">
        <ele>2410.199951171875</ele>
        <time>2026-08-05T05:31:41.000Z</time>
        <extensions>
          <ns3:TrackPointExtension>
            <ns3:hr>102</ns3:hr>
            <ns3:cad>49</ns3:cad>
          </ns3:TrackPointExtension>
        </extensions>
      </trkpt>
      <trkpt lat="28.98183829151093959808349609375" lon="82.8246675990521907806396484375">
        <ele>2410.199951171875</ele>
        <time>2026-08-05T05:31:42.000Z</time>
        <extensions>
          <ns3:TrackPointExtension>
            <ns3:hr>102</ns3:hr>
            <ns3:cad>50</ns3:cad>
          </ns3:TrackPointExtension>
        </extensions>
      </trkpt>
      <trkpt lat="28.9818115532398223876953125" lon="82.82471981830894947052001953125">
        <ele>2410.39990234375</ele>
        <time>2026-08-05T05:31:47.000Z</time>
        <extensions>
          <ns3:TrackPointExtension>
            <ns3:hr>103</ns3:hr>
            <ns3:cad>49</ns3:cad>
          </ns3:TrackPointExtension>
        </extensions>
      </trkpt>
      <trkpt lat="28.9817869104444980621337890625" lon="82.82477178610861301422119140625">
        <ele>2410.39990234375</ele>
        <time>2026-08-05T05:31:52.000Z</time>
        <extensions>
          <ns3:TrackPointExtension>
            <ns3:hr>102</ns3:hr>
            <ns3:cad>48</ns3:cad>
          </ns3:TrackPointExtension>
        </extensions>
      </trkpt>
      <trkpt lat="28.98178095929324626922607421875" lon="82.82477983273565769195556640625">
        <ele>2410.199951171875</ele>
        <time>2026-08-05T05:31:53.000Z</time>
        <extensions>
          <ns3:TrackPointExtension>
            <ns3:hr>102</ns3:hr>
            <ns3:cad>48</ns3:cad>
          </ns3:TrackPointExtension>
        </extensions>
      </trkpt>
      <trkpt lat="28.98176453076303005218505859375" lon="82.82482333481311798095703125">
        <ele>2409</ele>
        <time>2026-08-05T05:31:58.000Z</time>
        <extensions>
          <ns3:TrackPointExtension>
            <ns3:hr>102</ns3:hr>
            <ns3:cad>46</ns3:cad>
          </ns3:TrackPointExtension>
        </extensions>
      </trkpt>
      <trkpt lat="28.98175765760242938995361328125" lon="82.824831046164035797119140625">
        <ele>2408.800048828125</ele>
        <time>2026-08-05T05:31:59.000Z</time>
        <extensions>
          <ns3:TrackPointExtension>
            <ns3:hr>102</ns3:hr>
            <ns3:cad>48</ns3:cad>
          </ns3:TrackPointExtension>
        </extensions>
      </trkpt>
      <trkpt lat="28.98175187408924102783203125" lon="82.82485292293131351470947265625">
        <ele>2407.800048828125</ele>
        <time>2026-08-05T05:32:02.000Z</time>
        <extensions>
          <ns3:TrackPointExtension>
            <ns3:hr>102</ns3:hr>
            <ns3:cad>47</ns3:cad>
          </ns3:TrackPointExtension>
        </extensions>
      </trkpt>
      <trkpt lat="28.9817607589066028594970703125" lon="82.82488192431628704071044921875">
        <ele>2406.800048828125</ele>
        <time>2026-08-05T05:32:06.000Z</time>
        <extensions>
          <ns3:TrackPointExtension>
            <ns3:hr>100</ns3:hr>
            <ns3:cad>47</ns3:cad>
          </ns3:TrackPointExtension>
        </extensions>
      </trkpt>
      <trkpt lat="28.9817597530782222747802734375" lon="82.82492718659341335296630859375">
        <ele>2405.800048828125</ele>
        <time>2026-08-05T05:32:11.000Z</time>
        <extensions>
          <ns3:TrackPointExtension>
            <ns3:hr>101</ns3:hr>
            <ns3:cad>46</ns3:cad>
          </ns3:TrackPointExtension>
        </extensions>
      </trkpt>
      <trkpt lat="28.98175698705017566680908203125" lon="82.82493506558239459991455078125">
        <ele>2405.60009765625</ele>
        <time>2026-08-05T05:32:12.000Z</time>
        <extensions>
          <ns3:TrackPointExtension>
            <ns3:hr>101</ns3:hr>
            <ns3:cad>46</ns3:cad>
          </ns3:TrackPointExtension>
        </extensions>
      </trkpt>
      <trkpt lat="28.981750868260860443115234375" lon="82.8249556012451648712158203125">
        <ele>2405.199951171875</ele>
        <time>2026-08-05T05:32:15.000Z</time>
        <extensions>
          <ns3:TrackPointExtension>
            <ns3:hr>98</ns3:hr>
            <ns3:cad>48</ns3:cad>
          </ns3:TrackPointExtension>
        </extensions>
      </trkpt>
      <trkpt lat="28.98174491710960865020751953125" lon="82.824958451092243194580078125">
        <ele>2405</ele>
        <time>2026-08-05T05:32:16.000Z</time>
        <extensions>
          <ns3:TrackPointExtension>
            <ns3:hr>98</ns3:hr>
            <ns3:cad>48</ns3:cad>
          </ns3:TrackPointExtension>
        </extensions>
      </trkpt>
      <trkpt lat="28.98172848857939243316650390625" lon="82.82497429288923740386962890625">
        <ele>2404.39990234375</ele>
        <time>2026-08-05T05:32:19.000Z</time>
        <extensions>
          <ns3:TrackPointExtension>
            <ns3:hr>99</ns3:hr>
            <ns3:cad>48</ns3:cad>
          </ns3:TrackPointExtension>
        </extensions>
      </trkpt>
      <trkpt lat="28.98173251189291477203369140625" lon="82.82499172724783420562744140625">
        <ele>2403.199951171875</ele>
        <time>2026-08-05T05:32:22.000Z</time>
        <extensions>
          <ns3:TrackPointExtension>
            <ns3:hr>99</ns3:hr>
            <ns3:cad>48</ns3:cad>
          </ns3:TrackPointExtension>
        </extensions>
      </trkpt>
      <trkpt lat="28.981727398931980133056640625" lon="82.8250144422054290771484375">
        <ele>2402.199951171875</ele>
        <time>2026-08-05T05:32:25.000Z</time>
        <extensions>
          <ns3:TrackPointExtension>
            <ns3:hr>100</ns3:hr>
            <ns3:cad>50</ns3:cad>
          </ns3:TrackPointExtension>
        </extensions>
      </trkpt>
      <trkpt lat="28.98171968758106231689453125" lon="82.82502173446118831634521484375">
        <ele>2402</ele>
        <time>2026-08-05T05:32:26.000Z</time>
        <extensions>
          <ns3:TrackPointExtension>
            <ns3:hr>100</ns3:hr>
            <ns3:cad>50</ns3:cad>
          </ns3:TrackPointExtension>
        </extensions>
      </trkpt>
      <trkpt lat="28.98168121464550495147705078125" lon="82.82503128983080387115478515625">
        <ele>2401.199951171875</ele>
        <time>2026-08-05T05:32:32.000Z</time>
        <extensions>
          <ns3:TrackPointExtension>
            <ns3:hr>100</ns3:hr>
            <ns3:cad>46</ns3:cad>
          </ns3:TrackPointExtension>
        </extensions>
      </trkpt>
      <trkpt lat="28.98167652077972888946533203125" lon="82.82503120601177215576171875">
        <ele>2400.800048828125</ele>
        <time>2026-08-05T05:32:33.000Z</time>
        <extensions>
          <ns3:TrackPointExtension>
            <ns3:hr>100</ns3:hr>
            <ns3:cad>45</ns3:cad>
          </ns3:TrackPointExtension>
        </extensions>
      </trkpt>
      <trkpt lat="28.98164550773799419403076171875" lon="82.8250434435904026031494140625">
        <ele>2399.800048828125</ele>
        <time>2026-08-05T05:32:38.000Z</time>
        <extensions>
          <ns3:TrackPointExtension>
            <ns3:hr>100</ns3:hr>
            <ns3:cad>45</ns3:cad>
          </ns3:TrackPointExtension>
        </extensions>
      </trkpt>
      <trkpt lat="28.981625474989414215087890625" lon="82.8250568546354770660400390625">
        <ele>2398.800048828125</ele>
        <time>2026-08-05T05:32:42.000Z</time>
        <extensions>
          <ns3:TrackPointExtension>
            <ns3:hr>100</ns3:hr>
            <ns3:cad>49</ns3:cad>
          </ns3:TrackPointExtension>
        </extensions>
      </trkpt>
      <trkpt lat="28.98162270896136760711669921875" lon="82.82506800256669521331787109375">
        <ele>2398</ele>
        <time>2026-08-05T05:32:44.000Z</time>
        <extensions>
          <ns3:TrackPointExtension>
            <ns3:hr>98</ns3:hr>
            <ns3:cad>53</ns3:cad>
          </ns3:TrackPointExtension>
        </extensions>
      </trkpt>
      <trkpt lat="28.981630839407444000244140625" lon="82.8250779770314693450927734375">
        <ele>2397.60009765625</ele>
        <time>2026-08-05T05:32:46.000Z</time>
        <extensions>
          <ns3:TrackPointExtension>
            <ns3:hr>98</ns3:hr>
            <ns3:cad>53</ns3:cad>
          </ns3:TrackPointExtension>
        </extensions>
      </trkpt>
      <trkpt lat="28.98164416663348674774169921875" lon="82.82511460594832897186279296875">
        <ele>2397.199951171875</ele>
        <time>2026-08-05T05:32:51.000Z</time>
        <extensions>
          <ns3:TrackPointExtension>
            <ns3:hr>98</ns3:hr>
            <ns3:cad>47</ns3:cad>
          </ns3:TrackPointExtension>
        </extensions>
      </trkpt>
      <trkpt lat="28.98163259960711002349853515625" lon="82.825136482715606689453125">
        <ele>2396.39990234375</ele>
        <time>2026-08-05T05:32:54.000Z</time>
        <extensions>
          <ns3:TrackPointExtension>
            <ns3:hr>99</ns3:hr>
            <ns3:cad>47</ns3:cad>
          </ns3:TrackPointExtension>
        </extensions>
      </trkpt>
      <trkpt lat="28.9816232956945896148681640625" lon="82.825159616768360137939453125">
        <ele>2395.199951171875</ele>
        <time>2026-08-05T05:32:58.000Z</time>
        <extensions>
          <ns3:TrackPointExtension>
            <ns3:hr>99</ns3:hr>
            <ns3:cad>47</ns3:cad>
          </ns3:TrackPointExtension>
        </extensions>
      </trkpt>
      <trkpt lat="28.98162187077105045318603515625" lon="82.82516690902411937713623046875">
        <ele>2395</ele>
        <time>2026-08-05T05:32:59.000Z</time>
        <extensions>
          <ns3:TrackPointExtension>
            <ns3:hr>99</ns3:hr>
            <ns3:cad>47</ns3:cad>
          </ns3:TrackPointExtension>
        </extensions>
      </trkpt>
      <trkpt lat="28.9816072024405002593994140625" lon="82.825199849903583526611328125">
        <ele>2394.199951171875</ele>
        <time>2026-08-05T05:33:02.000Z</time>
        <extensions>
          <ns3:TrackPointExtension>
            <ns3:hr>100</ns3:hr>
            <ns3:cad>44</ns3:cad>
          </ns3:TrackPointExtension>
        </extensions>
      </trkpt>
      <trkpt lat="28.98158155381679534912109375" lon="82.82520144246518611907958984375">
        <ele>2393.39990234375</ele>
        <time>2026-08-05T05:33:05.000Z</time>
        <extensions>
          <ns3:TrackPointExtension>
            <ns3:hr>101</ns3:hr>
            <ns3:cad>44</ns3:cad>
          </ns3:TrackPointExtension>
        </extensions>
      </trkpt>
      <trkpt lat="28.9815621078014373779296875" lon="82.825184762477874755859375">
        <ele>2393</ele>
        <time>2026-08-05T05:33:08.000Z</time>
        <extensions>
          <ns3:TrackPointExtension>
            <ns3:hr>102</ns3:hr>
            <ns3:cad>42</ns3:cad>
          </ns3:TrackPointExtension>
        </extensions>
      </trkpt>
      <trkpt lat="28.98154106922447681427001953125" lon="82.825175710022449493408203125">
        <ele>2392.800048828125</ele>
        <time>2026-08-05T05:33:11.000Z</time>
        <extensions>
          <ns3:TrackPointExtension>
            <ns3:hr>102</ns3:hr>
            <ns3:cad>42</ns3:cad>
          </ns3:TrackPointExtension>
        </extensions>
      </trkpt>
      <trkpt lat="28.98153863847255706787109375" lon="82.8251742012798786163330078125">
        <ele>2392</ele>
        <time>2026-08-05T05:33:18.000Z</time>
        <extensions>
          <ns3:TrackPointExtension>
            <ns3:hr>100</ns3:hr>
            <ns3:cad>0</ns3:cad>
          </ns3:TrackPointExtension>
        </extensions>
      </trkpt>
      <trkpt lat="28.98153863847255706787109375" lon="82.8251742012798786163330078125">
        <ele>2392</ele>
        <time>2026-08-05T05:33:19.000Z</time>
        <extensions>
          <ns3:TrackPointExtension>
            <ns3:hr>100</ns3:hr>
            <ns3:cad>0</ns3:cad>
          </ns3:TrackPointExtension>
        </extensions>
      </trkpt>
      <trkpt lat="28.98153863847255706787109375" lon="82.8251742012798786163330078125">
        <ele>2391</ele>
        <time>2026-08-05T05:33:28.000Z</time>
        <extensions>
          <ns3:TrackPointExtension>
            <ns3:hr>98</ns3:hr>
            <ns3:cad>0</ns3:cad>
          </ns3:TrackPointExtension>
        </extensions>
      </trkpt>
      <trkpt lat="28.98153863847255706787109375" lon="82.8251742012798786163330078125">
        <ele>2390.199951171875</ele>
        <time>2026-08-05T05:33:37.000Z</time>
        <extensions>
          <ns3:TrackPointExtension>
            <ns3:hr>95</ns3:hr>
            <ns3:cad>0</ns3:cad>
          </ns3:TrackPointExtension>
        </extensions>
      </trkpt>
      <trkpt lat="28.9815378002822399139404296875" lon="82.825191132724285125732421875">
        <ele>2391</ele>
        <time>2026-08-05T05:33:41.000Z</time>
        <extensions>
          <ns3:TrackPointExtension>
            <ns3:hr>95</ns3:hr>
            <ns3:cad>0</ns3:cad>
          </ns3:TrackPointExtension>
        </extensions>
      </trkpt>
      <trkpt lat="28.98154173977673053741455078125" lon="82.82521703280508518218994140625">
        <ele>2390.39990234375</ele>
        <time>2026-08-05T05:33:47.000Z</time>
        <extensions>
          <ns3:TrackPointExtension>
            <ns3:hr>96</ns3:hr>
            <ns3:cad>0</ns3:cad>
          </ns3:TrackPointExtension>
        </extensions>
      </trkpt>
      <trkpt lat="28.98154140450060367584228515625" lon="82.82521854154765605926513671875">
        <ele>2389.800048828125</ele>
        <time>2026-08-05T05:33:50.000Z</time>
        <extensions>
          <ns3:TrackPointExtension>
            <ns3:hr>97</ns3:hr>
            <ns3:cad>0</ns3:cad>
          </ns3:TrackPointExtension>
        </extensions>
      </trkpt>
      <trkpt lat="28.98154140450060367584228515625" lon="82.82521854154765605926513671875">
        <ele>2390</ele>
        <time>2026-08-05T05:33:58.000Z</time>
        <extensions>
          <ns3:TrackPointExtension>
            <ns3:hr>100</ns3:hr>
            <ns3:cad>0</ns3:cad>
          </ns3:TrackPointExtension>
        </extensions>
      </trkpt>
      <trkpt lat="28.98154140450060367584228515625" lon="82.82521854154765605926513671875">
        <ele>2389.60009765625</ele>
        <time>2026-08-05T05:34:08.000Z</time>
        <extensions>
          <ns3:TrackPointExtension>
            <ns3:hr>97</ns3:hr>
            <ns3:cad>0</ns3:cad>
          </ns3:TrackPointExtension>
        </extensions>
      </trkpt>
      <trkpt lat="28.98154140450060367584228515625" lon="82.82521854154765605926513671875">
        <ele>2390</ele>
        <time>2026-08-05T05:34:10.000Z</time>
        <extensions>
          <ns3:TrackPointExtension>
            <ns3:hr>97</ns3:hr>
            <ns3:cad>0</ns3:cad>
          </ns3:TrackPointExtension>
        </extensions>
      </trkpt>
      <trkpt lat="28.98154140450060367584228515625" lon="82.82521854154765605926513671875">
        <ele>2390</ele>
        <time>2026-08-05T05:34:16.000Z</time>
        <extensions>
          <ns3:TrackPointExtension>
            <ns3:hr>100</ns3:hr>
            <ns3:cad>0</ns3:cad>
          </ns3:TrackPointExtension>
        </extensions>
      </trkpt>
      <trkpt lat="28.98154140450060367584228515625" lon="82.82521854154765605926513671875">
        <ele>2389.800048828125</ele>
        <time>2026-08-05T05:34:17.000Z</time>
        <extensions>
          <ns3:TrackPointExtension>
            <ns3:hr>97</ns3:hr>
            <ns3:cad>0</ns3:cad>
          </ns3:TrackPointExtension>
        </extensions>
      </trkpt>
      <trkpt lat="28.98154140450060367584228515625" lon="82.82521854154765605926513671875">
        <ele>2390.39990234375</ele>
        <time>2026-08-05T05:34:22.000Z</time>
        <extensions>
          <ns3:TrackPointExtension>
            <ns3:hr>94</ns3:hr>
            <ns3:cad>0</ns3:cad>
          </ns3:TrackPointExtension>
        </extensions>
      </trkpt>
      <trkpt lat="28.98154140450060367584228515625" lon="82.82521854154765605926513671875">
        <ele>2390.39990234375</ele>
        <time>2026-08-05T05:34:23.000Z</time>
        <extensions>
          <ns3:TrackPointExtension>
            <ns3:hr>91</ns3:hr>
            <ns3:cad>0</ns3:cad>
          </ns3:TrackPointExtension>
        </extensions>
      </trkpt>
      <trkpt lat="28.98154140450060367584228515625" lon="82.82521854154765605926513671875">
        <ele>2390.39990234375</ele>
        <time>2026-08-05T05:34:24.000Z</time>
        <extensions>
          <ns3:TrackPointExtension>
            <ns3:hr>91</ns3:hr>
            <ns3:cad>0</ns3:cad>
          </ns3:TrackPointExtension>
        </extensions>
      </trkpt>
      <trkpt lat="28.98153536953032016754150390625" lon="82.82521652989089488983154296875">
        <ele>2389.800048828125</ele>
        <time>2026-08-05T05:34:31.000Z</time>
        <extensions>
          <ns3:TrackPointExtension>
            <ns3:hr>89</ns3:hr>
            <ns3:cad>0</ns3:cad>
          </ns3:TrackPointExtension>
        </extensions>
      </trkpt>
      <trkpt lat="28.9815247245132923126220703125" lon="82.825200855731964111328125">
        <ele>2389.199951171875</ele>
        <time>2026-08-05T05:34:39.000Z</time>
        <extensions>
          <ns3:TrackPointExtension>
            <ns3:hr>89</ns3:hr>
            <ns3:cad>0</ns3:cad>
          </ns3:TrackPointExtension>
        </extensions>
      </trkpt>
      <trkpt lat="28.98152095265686511993408203125" lon="82.8252164460718631744384765625">
        <ele>2388.60009765625</ele>
        <time>2026-08-05T05:34:41.000Z</time>
        <extensions>
          <ns3:TrackPointExtension>
            <ns3:hr>90</ns3:hr>
            <ns3:cad>0</ns3:cad>
          </ns3:TrackPointExtension>
        </extensions>
      </trkpt>
      <trkpt lat="28.9815213717520236968994140625" lon="82.82521636225283145904541015625">
        <ele>2388.60009765625</ele>
        <time>2026-08-05T05:34:46.000Z</time>
        <extensions>
          <ns3:TrackPointExtension>
            <ns3:hr>90</ns3:hr>
            <ns3:cad>0</ns3:cad>
          </ns3:TrackPointExtension>
        </extensions>
      </trkpt>
      <trkpt lat="28.981511481106281280517578125" lon="82.8252057172358036041259765625">
        <ele>2389.199951171875</ele>
        <time>2026-08-05T05:34:57.000Z</time>
        <extensions>
          <ns3:TrackPointExtension>
            <ns3:hr>90</ns3:hr>
            <ns3:cad>0</ns3:cad>
          </ns3:TrackPointExtension>
        </extensions>
      </trkpt>
      <trkpt lat="28.981511481106281280517578125" lon="82.8252057172358036041259765625">
        <ele>2388.800048828125</ele>
        <time>2026-08-05T05:35:07.000Z</time>
        <extensions>
          <ns3:TrackPointExtension>
            <ns3:hr>92</ns3:hr>
            <ns3:cad>0</ns3:cad>
          </ns3:TrackPointExtension>
        </extensions>
      </trkpt>
      <trkpt lat="28.98152514360845088958740234375" lon="82.825235389173030853271484375">
        <ele>2388.39990234375</ele>
        <time>2026-08-05T05:35:14.000Z</time>
        <extensions>
          <ns3:TrackPointExtension>
            <ns3:hr>93</ns3:hr>
            <ns3:cad>0</ns3:cad>
          </ns3:TrackPointExtension>
        </extensions>
      </trkpt>
      <trkpt lat="28.98151709698140621185302734375" lon="82.82523077912628650665283203125">
        <ele>2388.39990234375</ele>
        <time>2026-08-05T05:35:23.000Z</time>
        <extensions>
          <ns3:TrackPointExtension>
            <ns3:hr>93</ns3:hr>
            <ns3:cad>0</ns3:cad>
          </ns3:TrackPointExtension>
        </extensions>
      </trkpt>
      <trkpt lat="28.98151709698140621185302734375" lon="82.82523077912628650665283203125">
        <ele>2387.60009765625</ele>
        <time>2026-08-05T05:35:28.000Z</time>
        <extensions>
          <ns3:TrackPointExtension>
            <ns3:hr>91</ns3:hr>
            <ns3:cad>0</ns3:cad>
          </ns3:TrackPointExtension>
        </extensions>
      </trkpt>
      <trkpt lat="28.98151709698140621185302734375" lon="82.82523077912628650665283203125">
        <ele>2387</ele>
        <time>2026-08-05T05:35:31.000Z</time>
        <extensions>
          <ns3:TrackPointExtension>
            <ns3:hr>91</ns3:hr>
            <ns3:cad>0</ns3:cad>
          </ns3:TrackPointExtension>
        </extensions>
      </trkpt>
      <trkpt lat="28.98151709698140621185302734375" lon="82.82523077912628650665283203125">
        <ele>2387</ele>
        <time>2026-08-05T05:35:40.000Z</time>
        <extensions>
          <ns3:TrackPointExtension>
            <ns3:hr>94</ns3:hr>
            <ns3:cad>0</ns3:cad>
          </ns3:TrackPointExtension>
        </extensions>
      </trkpt>
      <trkpt lat="28.98151709698140621185302734375" lon="82.82523077912628650665283203125">
        <ele>2386.800048828125</ele>
        <time>2026-08-05T05:35:43.000Z</time>
        <extensions>
          <ns3:TrackPointExtension>
            <ns3:hr>91</ns3:hr>
            <ns3:cad>0</ns3:cad>
          </ns3:TrackPointExtension>
        </extensions>
      </trkpt>
      <trkpt lat="28.98151709698140621185302734375" lon="82.82523077912628650665283203125">
        <ele>2387</ele>
        <time>2026-08-05T05:35:44.000Z</time>
        <extensions>
          <ns3:TrackPointExtension>
            <ns3:hr>91</ns3:hr>
            <ns3:cad>0</ns3:cad>
          </ns3:TrackPointExtension>
        </extensions>
      </trkpt>
      <trkpt lat="28.98151709698140621185302734375" lon="82.82523077912628650665283203125">
        <ele>2386.800048828125</ele>
        <time>2026-08-05T05:35:50.000Z</time>
        <extensions>
          <ns3:TrackPointExtension>
            <ns3:hr>88</ns3:hr>
            <ns3:cad>0</ns3:cad>
          </ns3:TrackPointExtension>
        </extensions>
      </trkpt>
      <trkpt lat="28.98151709698140621185302734375" lon="82.82523077912628650665283203125">
        <ele>2386.800048828125</ele>
        <time>2026-08-05T05:35:53.000Z</time>
        <extensions>
          <ns3:TrackPointExtension>
            <ns3:hr>85</ns3:hr>
            <ns3:cad>0</ns3:cad>
          </ns3:TrackPointExtension>
        </extensions>
      </trkpt>
      <trkpt lat="28.98151709698140621185302734375" lon="82.82523077912628650665283203125">
        <ele>2386.800048828125</ele>
        <time>2026-08-05T05:35:54.000Z</time>
        <extensions>
          <ns3:TrackPointExtension>
            <ns3:hr>85</ns3:hr>
            <ns3:cad>0</ns3:cad>
          </ns3:TrackPointExtension>
        </extensions>
      </trkpt>
      <trkpt lat="28.98151709698140621185302734375" lon="82.82523077912628650665283203125">
        <ele>2386.800048828125</ele>
        <time>2026-08-05T05:35:57.000Z</time>
        <extensions>
          <ns3:TrackPointExtension>
            <ns3:hr>89</ns3:hr>
            <ns3:cad>0</ns3:cad>
          </ns3:TrackPointExtension>
        </extensions>
      </trkpt>
      <trkpt lat="28.98151709698140621185302734375" lon="82.82523077912628650665283203125">
        <ele>2387.199951171875</ele>
        <time>2026-08-05T05:36:02.000Z</time>
        <extensions>
          <ns3:TrackPointExtension>
            <ns3:hr>92</ns3:hr>
            <ns3:cad>0</ns3:cad>
          </ns3:TrackPointExtension>
        </extensions>
      </trkpt>
      <trkpt lat="28.98151709698140621185302734375" lon="82.82523077912628650665283203125">
        <ele>2387.199951171875</ele>
        <time>2026-08-05T05:36:04.000Z</time>
        <extensions>
          <ns3:TrackPointExtension>
            <ns3:hr>93</ns3:hr>
            <ns3:cad>0</ns3:cad>
          </ns3:TrackPointExtension>
        </extensions>
      </trkpt>
      <trkpt lat="28.9815233834087848663330078125" lon="82.825234718620777130126953125">
        <ele>2387.39990234375</ele>
        <time>2026-08-05T05:36:09.000Z</time>
        <extensions>
          <ns3:TrackPointExtension>
            <ns3:hr>97</ns3:hr>
            <ns3:cad>0</ns3:cad>
          </ns3:TrackPointExtension>
        </extensions>
      </trkpt>
      <trkpt lat="28.98151709698140621185302734375" lon="82.82523077912628650665283203125">
        <ele>2387.800048828125</ele>
        <time>2026-08-05T05:36:11.000Z</time>
        <extensions>
          <ns3:TrackPointExtension>
            <ns3:hr>97</ns3:hr>
            <ns3:cad>0</ns3:cad>
          </ns3:TrackPointExtension>
        </extensions>
      </trkpt>
      <trkpt lat="28.98151709698140621185302734375" lon="82.82523077912628650665283203125">
        <ele>2387.39990234375</ele>
        <time>2026-08-05T05:36:25.000Z</time>
        <extensions>
          <ns3:TrackPointExtension>
            <ns3:hr>100</ns3:hr>
            <ns3:cad>0</ns3:cad>
          </ns3:TrackPointExtension>
        </extensions>
      </trkpt>
      <trkpt lat="28.98151709698140621185302734375" lon="82.82523077912628650665283203125">
        <ele>2387.60009765625</ele>
        <time>2026-08-05T05:36:30.000Z</time>
        <extensions>
          <ns3:TrackPointExtension>
            <ns3:hr>100</ns3:hr>
            <ns3:cad>0</ns3:cad>
          </ns3:TrackPointExtension>
        </extensions>
      </trkpt>
      <trkpt lat="28.98151709698140621185302734375" lon="82.82523077912628650665283203125">
        <ele>2387.39990234375</ele>
        <time>2026-08-05T05:36:34.000Z</time>
        <extensions>
          <ns3:TrackPointExtension>
            <ns3:hr>97</ns3:hr>
            <ns3:cad>0</ns3:cad>
          </ns3:TrackPointExtension>
        </extensions>
      </trkpt>
      <trkpt lat="28.9815196953713893890380859375" lon="82.825236730277538299560546875">
        <ele>2387.60009765625</ele>
        <time>2026-08-05T05:36:39.000Z</time>
        <extensions>
          <ns3:TrackPointExtension>
            <ns3:hr>93</ns3:hr>
            <ns3:cad>0</ns3:cad>
          </ns3:TrackPointExtension>
        </extensions>
      </trkpt>
      <trkpt lat="28.98151709698140621185302734375" lon="82.82523077912628650665283203125">
        <ele>2387.39990234375</ele>
        <time>2026-08-05T05:36:41.000Z</time>
        <extensions>
          <ns3:TrackPointExtension>
            <ns3:hr>91</ns3:hr>
            <ns3:cad>0</ns3:cad>
          </ns3:TrackPointExtension>
        </extensions>
      </trkpt>
      <trkpt lat="28.9814968965947628021240234375" lon="82.82524041831493377685546875">
        <ele>2386.800048828125</ele>
        <time>2026-08-05T05:36:47.000Z</time>
        <extensions>
          <ns3:TrackPointExtension>
            <ns3:hr>94</ns3:hr>
            <ns3:cad>0</ns3:cad>
          </ns3:TrackPointExtension>
        </extensions>
      </trkpt>
      <trkpt lat="28.9814928732812404632568359375" lon="82.8252241574227809906005859375">
        <ele>2386.60009765625</ele>
        <time>2026-08-05T05:36:49.000Z</time>
        <extensions>
          <ns3:TrackPointExtension>
            <ns3:hr>93</ns3:hr>
            <ns3:cad>0</ns3:cad>
          </ns3:TrackPointExtension>
        </extensions>
      </trkpt>
      <trkpt lat="28.98147619329392910003662109375" lon="82.82523111440241336822509765625">
        <ele>2386</ele>
        <time>2026-08-05T05:36:52.000Z</time>
        <extensions>
          <ns3:TrackPointExtension>
            <ns3:hr>90</ns3:hr>
            <ns3:cad>0</ns3:cad>
          </ns3:TrackPointExtension>
        </extensions>
      </trkpt>
      <trkpt lat="28.98145892657339572906494140625" lon="82.82522927038371562957763671875">
        <ele>2385.39990234375</ele>
        <time>2026-08-05T05:36:55.000Z</time>
        <extensions>
          <ns3:TrackPointExtension>
            <ns3:hr>92</ns3:hr>
            <ns3:cad>40</ns3:cad>
          </ns3:TrackPointExtension>
        </extensions>
      </trkpt>
      <trkpt lat="28.9814412407577037811279296875" lon="82.82522030174732208251953125">
        <ele>2384.60009765625</ele>
        <time>2026-08-05T05:36:58.000Z</time>
        <extensions>
          <ns3:TrackPointExtension>
            <ns3:hr>92</ns3:hr>
            <ns3:cad>40</ns3:cad>
          </ns3:TrackPointExtension>
        </extensions>
      </trkpt>
      <trkpt lat="28.98143780417740345001220703125" lon="82.82521300949156284332275390625">
        <ele>2384.199951171875</ele>
        <time>2026-08-05T05:37:00.000Z</time>
        <extensions>
          <ns3:TrackPointExtension>
            <ns3:hr>91</ns3:hr>
            <ns3:cad>41</ns3:cad>
          </ns3:TrackPointExtension>
        </extensions>
      </trkpt>
      <trkpt lat="28.98143327794969081878662109375" lon="82.82520295120775699615478515625">
        <ele>2384</ele>
        <time>2026-08-05T05:37:03.000Z</time>
        <extensions>
          <ns3:TrackPointExtension>
            <ns3:hr>90</ns3:hr>
            <ns3:cad>41</ns3:cad>
          </ns3:TrackPointExtension>
        </extensions>
      </trkpt>
      <trkpt lat="28.9814251475036144256591796875" lon="82.82519641332328319549560546875">
        <ele>2383</ele>
        <time>2026-08-05T05:37:06.000Z</time>
        <extensions>
          <ns3:TrackPointExtension>
            <ns3:hr>91</ns3:hr>
            <ns3:cad>41</ns3:cad>
          </ns3:TrackPointExtension>
        </extensions>
      </trkpt>
      <trkpt lat="28.98141852580010890960693359375" lon="82.82519808970391750335693359375">
        <ele>2382</ele>
        <time>2026-08-05T05:37:08.000Z</time>
        <extensions>
          <ns3:TrackPointExtension>
            <ns3:hr>93</ns3:hr>
            <ns3:cad>41</ns3:cad>
          </ns3:TrackPointExtension>
        </extensions>
      </trkpt>
      <trkpt lat="28.98141165263950824737548828125" lon="82.82519808970391750335693359375">
        <ele>2381.39990234375</ele>
        <time>2026-08-05T05:37:10.000Z</time>
        <extensions>
          <ns3:TrackPointExtension>
            <ns3:hr>95</ns3:hr>
            <ns3:cad>41</ns3:cad>
          </ns3:TrackPointExtension>
        </extensions>
      </trkpt>
      <trkpt lat="28.9814184419810771942138671875" lon="82.82519658096134662628173828125">
        <ele>2381.199951171875</ele>
        <time>2026-08-05T05:37:13.000Z</time>
        <extensions>
          <ns3:TrackPointExtension>
            <ns3:hr>98</ns3:hr>
            <ns3:cad>0</ns3:cad>
          </ns3:TrackPointExtension>
        </extensions>
      </trkpt>
      <trkpt lat="28.98141835816204547882080078125" lon="82.82519658096134662628173828125">
        <ele>2381.60009765625</ele>
        <time>2026-08-05T05:37:16.000Z</time>
        <extensions>
          <ns3:TrackPointExtension>
            <ns3:hr>100</ns3:hr>
            <ns3:cad>0</ns3:cad>
          </ns3:TrackPointExtension>
        </extensions>
      </trkpt>
      <trkpt lat="28.98141835816204547882080078125" lon="82.82519658096134662628173828125">
        <ele>2381.60009765625</ele>
        <time>2026-08-05T05:37:26.000Z</time>
        <extensions>
          <ns3:TrackPointExtension>
            <ns3:hr>96</ns3:hr>
            <ns3:cad>0</ns3:cad>
          </ns3:TrackPointExtension>
        </extensions>
      </trkpt>
      <trkpt lat="28.98141835816204547882080078125" lon="82.82519658096134662628173828125">
        <ele>2381.800048828125</ele>
        <time>2026-08-05T05:37:27.000Z</time>
        <extensions>
          <ns3:TrackPointExtension>
            <ns3:hr>93</ns3:hr>
            <ns3:cad>0</ns3:cad>
          </ns3:TrackPointExtension>
        </extensions>
      </trkpt>
      <trkpt lat="28.98139321245253086090087890625" lon="82.82519641332328319549560546875">
        <ele>2381.60009765625</ele>
        <time>2026-08-05T05:37:32.000Z</time>
        <extensions>
          <ns3:TrackPointExtension>
            <ns3:hr>93</ns3:hr>
            <ns3:cad>0</ns3:cad>
          </ns3:TrackPointExtension>
        </extensions>
      </trkpt>
      <trkpt lat="28.9813822321593761444091796875" lon="82.8251983411610126495361328125">
        <ele>2381</ele>
        <time>2026-08-05T05:37:35.000Z</time>
        <extensions>
          <ns3:TrackPointExtension>
            <ns3:hr>94</ns3:hr>
            <ns3:cad>0</ns3:cad>
          </ns3:TrackPointExtension>
        </extensions>
      </trkpt>
      <trkpt lat="28.981367982923984527587890625" lon="82.8251995146274566650390625">
        <ele>2380.60009765625</ele>
        <time>2026-08-05T05:37:38.000Z</time>
        <extensions>
          <ns3:TrackPointExtension>
            <ns3:hr>94</ns3:hr>
            <ns3:cad>0</ns3:cad>
          </ns3:TrackPointExtension>
        </extensions>
      </trkpt>
      <trkpt lat="28.9813627861440181732177734375" lon="82.8251976706087589263916015625">
        <ele>2380</ele>
        <time>2026-08-05T05:37:41.000Z</time>
        <extensions>
          <ns3:TrackPointExtension>
            <ns3:hr>93</ns3:hr>
            <ns3:cad>41</ns3:cad>
          </ns3:TrackPointExtension>
        </extensions>
      </trkpt>
      <trkpt lat="28.981337808072566986083984375" lon="82.82517964951694011688232421875">
        <ele>2379.39990234375</ele>
        <time>2026-08-05T05:37:45.000Z</time>
        <extensions>
          <ns3:TrackPointExtension>
            <ns3:hr>94</ns3:hr>
            <ns3:cad>43</ns3:cad>
          </ns3:TrackPointExtension>
        </extensions>
      </trkpt>
      <trkpt lat="28.98132464848458766937255859375" lon="82.82518283464014530181884765625">
        <ele>2379</ele>
        <time>2026-08-05T05:37:47.000Z</time>
        <extensions>
          <ns3:TrackPointExtension>
            <ns3:hr>94</ns3:hr>
            <ns3:cad>47</ns3:cad>
          </ns3:TrackPointExtension>
        </extensions>
      </trkpt>
      <trkpt lat="28.98131710477173328399658203125" lon="82.825179733335971832275390625">
        <ele>2378.60009765625</ele>
        <time>2026-08-05T05:37:49.000Z</time>
        <extensions>
          <ns3:TrackPointExtension>
            <ns3:hr>97</ns3:hr>
            <ns3:cad>43</ns3:cad>
          </ns3:TrackPointExtension>
        </extensions>
      </trkpt>
      <trkpt lat="28.981311656534671783447265625" lon="82.82517713494598865509033203125">
        <ele>2378.39990234375</ele>
        <time>2026-08-05T05:37:50.000Z</time>
        <extensions>
          <ns3:TrackPointExtension>
            <ns3:hr>100</ns3:hr>
            <ns3:cad>43</ns3:cad>
          </ns3:TrackPointExtension>
        </extensions>
      </trkpt>
      <trkpt lat="28.98130637593567371368408203125" lon="82.82517612911760807037353515625">
        <ele>2378.199951171875</ele>
        <time>2026-08-05T05:37:51.000Z</time>
        <extensions>
          <ns3:TrackPointExtension>
            <ns3:hr>100</ns3:hr>
            <ns3:cad>43</ns3:cad>
          </ns3:TrackPointExtension>
        </extensions>
      </trkpt>
      <trkpt lat="28.981294892728328704833984375" lon="82.8251807391643524169921875">
        <ele>2377.800048828125</ele>
        <time>2026-08-05T05:37:53.000Z</time>
        <extensions>
          <ns3:TrackPointExtension>
            <ns3:hr>100</ns3:hr>
            <ns3:cad>43</ns3:cad>
          </ns3:TrackPointExtension>
        </extensions>
      </trkpt>
      <trkpt lat="28.9812724292278289794921875" lon="82.82517478801310062408447265625">
        <ele>2377</ele>
        <time>2026-08-05T05:37:57.000Z</time>
        <extensions>
          <ns3:TrackPointExtension>
            <ns3:hr>97</ns3:hr>
            <ns3:cad>0</ns3:cad>
          </ns3:TrackPointExtension>
        </extensions>
      </trkpt>
      <trkpt lat="28.98126413114368915557861328125" lon="82.825173698365688323974609375">
        <ele>2376.800048828125</ele>
        <time>2026-08-05T05:37:58.000Z</time>
        <extensions>
          <ns3:TrackPointExtension>
            <ns3:hr>97</ns3:hr>
            <ns3:cad>0</ns3:cad>
          </ns3:TrackPointExtension>
        </extensions>
      </trkpt>
      <trkpt lat="28.9812212996184825897216796875" lon="82.825156264007091522216796875">
        <ele>2375.60009765625</ele>
        <time>2026-08-05T05:38:04.000Z</time>
        <extensions>
          <ns3:TrackPointExtension>
            <ns3:hr>97</ns3:hr>
            <ns3:cad>45</ns3:cad>
          </ns3:TrackPointExtension>
        </extensions>
      </trkpt>
      <trkpt lat="28.9812068827450275421142578125" lon="82.82514746300876140594482421875">
        <ele>2374</ele>
        <time>2026-08-05T05:38:07.000Z</time>
        <extensions>
          <ns3:TrackPointExtension>
            <ns3:hr>97</ns3:hr>
            <ns3:cad>47</ns3:cad>
          </ns3:TrackPointExtension>
        </extensions>
      </trkpt>
      <trkpt lat="28.98118534125387668609619140625" lon="82.825140841305255889892578125">
        <ele>2373</ele>
        <time>2026-08-05T05:38:10.000Z</time>
        <extensions>
          <ns3:TrackPointExtension>
            <ns3:hr>98</ns3:hr>
            <ns3:cad>47</ns3:cad>
          </ns3:TrackPointExtension>
        </extensions>
      </trkpt>
      <trkpt lat="28.98117511533200740814208984375" lon="82.82514243386685848236083984375">
        <ele>2373.199951171875</ele>
        <time>2026-08-05T05:38:11.000Z</time>
        <extensions>
          <ns3:TrackPointExtension>
            <ns3:hr>98</ns3:hr>
            <ns3:cad>47</ns3:cad>
          </ns3:TrackPointExtension>
        </extensions>
      </trkpt>
      <trkpt lat="28.98113873787224292755126953125" lon="82.8251376561820507049560546875">
        <ele>2373.199951171875</ele>
        <time>2026-08-05T05:38:19.000Z</time>
        <extensions>
          <ns3:TrackPointExtension>
            <ns3:hr>99</ns3:hr>
            <ns3:cad>43</ns3:cad>
          </ns3:TrackPointExtension>
        </extensions>
      </trkpt>
      <trkpt lat="28.98111711256206035614013671875" lon="82.8251312859356403350830078125">
        <ele>2372</ele>
        <time>2026-08-05T05:38:23.000Z</time>
        <extensions>
          <ns3:TrackPointExtension>
            <ns3:hr>99</ns3:hr>
            <ns3:cad>44</ns3:cad>
          </ns3:TrackPointExtension>
        </extensions>
      </trkpt>
      <trkpt lat="28.98109246976673603057861328125" lon="82.825125418603420257568359375">
        <ele>2371</ele>
        <time>2026-08-05T05:38:27.000Z</time>
        <extensions>
          <ns3:TrackPointExtension>
            <ns3:hr>100</ns3:hr>
            <ns3:cad>44</ns3:cad>
          </ns3:TrackPointExtension>
        </extensions>
      </trkpt>
      <trkpt lat="28.981066234409809112548828125" lon="82.82512214966118335723876953125">
        <ele>2369.800048828125</ele>
        <time>2026-08-05T05:38:33.000Z</time>
        <extensions>
          <ns3:TrackPointExtension>
            <ns3:hr>101</ns3:hr>
            <ns3:cad>42</ns3:cad>
          </ns3:TrackPointExtension>
        </extensions>
      </trkpt>
      <trkpt lat="28.98106765933334827423095703125" lon="82.82512030564248561859130859375">
        <ele>2369.60009765625</ele>
        <time>2026-08-05T05:38:34.000Z</time>
        <extensions>
          <ns3:TrackPointExtension>
            <ns3:hr>102</ns3:hr>
            <ns3:cad>44</ns3:cad>
          </ns3:TrackPointExtension>
        </extensions>
      </trkpt>
      <trkpt lat="28.98106665350496768951416015625" lon="82.8251178748905658721923828125">
        <ele>2369.39990234375</ele>
        <time>2026-08-05T05:38:41.000Z</time>
        <extensions>
          <ns3:TrackPointExtension>
            <ns3:hr>99</ns3:hr>
            <ns3:cad>0</ns3:cad>
          </ns3:TrackPointExtension>
        </extensions>
      </trkpt>
      <trkpt lat="28.98106665350496768951416015625" lon="82.8251178748905658721923828125">
        <ele>2369.199951171875</ele>
        <time>2026-08-05T05:38:44.000Z</time>
        <extensions>
          <ns3:TrackPointExtension>
            <ns3:hr>99</ns3:hr>
            <ns3:cad>0</ns3:cad>
          </ns3:TrackPointExtension>
        </extensions>
      </trkpt>
      <trkpt lat="28.98106665350496768951416015625" lon="82.8251178748905658721923828125">
        <ele>2369.199951171875</ele>
        <time>2026-08-05T05:38:49.000Z</time>
        <extensions>
          <ns3:TrackPointExtension>
            <ns3:hr>96</ns3:hr>
            <ns3:cad>0</ns3:cad>
          </ns3:TrackPointExtension>
        </extensions>
      </trkpt>
      <trkpt lat="28.98106665350496768951416015625" lon="82.8251178748905658721923828125">
        <ele>2369.199951171875</ele>
        <time>2026-08-05T05:38:52.000Z</time>
        <extensions>
          <ns3:TrackPointExtension>
            <ns3:hr>93</ns3:hr>
            <ns3:cad>0</ns3:cad>
          </ns3:TrackPointExtension>
        </extensions>
      </trkpt>
      <trkpt lat="28.98106665350496768951416015625" lon="82.8251178748905658721923828125">
        <ele>2368.800048828125</ele>
        <time>2026-08-05T05:38:56.000Z</time>
        <extensions>
          <ns3:TrackPointExtension>
            <ns3:hr>96</ns3:hr>
            <ns3:cad>0</ns3:cad>
          </ns3:TrackPointExtension>
        </extensions>
      </trkpt>
      <trkpt lat="28.98106665350496768951416015625" lon="82.8251178748905658721923828125">
        <ele>2368.800048828125</ele>
        <time>2026-08-05T05:38:57.000Z</time>
        <extensions>
          <ns3:TrackPointExtension>
            <ns3:hr>96</ns3:hr>
            <ns3:cad>0</ns3:cad>
          </ns3:TrackPointExtension>
        </extensions>
      </trkpt>
      <trkpt lat="28.98106665350496768951416015625" lon="82.8251178748905658721923828125">
        <ele>2368.39990234375</ele>
        <time>2026-08-05T05:39:03.000Z</time>
        <extensions>
          <ns3:TrackPointExtension>
            <ns3:hr>93</ns3:hr>
            <ns3:cad>0</ns3:cad>
          </ns3:TrackPointExtension>
        </extensions>
      </trkpt>
      <trkpt lat="28.98106665350496768951416015625" lon="82.8251178748905658721923828125">
        <ele>2368.39990234375</ele>
        <time>2026-08-05T05:39:08.000Z</time>
        <extensions>
          <ns3:TrackPointExtension>
            <ns3:hr>94</ns3:hr>
            <ns3:cad>0</ns3:cad>
          </ns3:TrackPointExtension>
        </extensions>
      </trkpt>
      <trkpt lat="28.981040753424167633056640625" lon="82.82511259429156780242919921875">
        <ele>2368.199951171875</ele>
        <time>2026-08-05T05:39:18.000Z</time>
        <extensions>
          <ns3:TrackPointExtension>
            <ns3:hr>92</ns3:hr>
            <ns3:cad>0</ns3:cad>
          </ns3:TrackPointExtension>
        </extensions>
      </trkpt>
      <trkpt lat="28.98101954720914363861083984375" lon="82.8251044638454914093017578125">
        <ele>2367.60009765625</ele>
        <time>2026-08-05T05:39:22.000Z</time>
        <extensions>
          <ns3:TrackPointExtension>
            <ns3:hr>91</ns3:hr>
            <ns3:cad>0</ns3:cad>
          </ns3:TrackPointExtension>
        </extensions>
      </trkpt>
      <trkpt lat="28.98101217113435268402099609375" lon="82.82509557902812957763671875">
        <ele>2367.199951171875</ele>
        <time>2026-08-05T05:39:24.000Z</time>
        <extensions>
          <ns3:TrackPointExtension>
            <ns3:hr>90</ns3:hr>
            <ns3:cad>80</ns3:cad>
          </ns3:TrackPointExtension>
        </extensions>
      </trkpt>
      <trkpt lat="28.98099205456674098968505859375" lon="82.82508409582078456878662109375">
        <ele>2366.60009765625</ele>
        <time>2026-08-05T05:39:28.000Z</time>
        <extensions>
          <ns3:TrackPointExtension>
            <ns3:hr>91</ns3:hr>
            <ns3:cad>47</ns3:cad>
          </ns3:TrackPointExtension>
        </extensions>
      </trkpt>
      <trkpt lat="28.9809832535684108734130859375" lon="82.82508308999240398406982421875">
        <ele>2366.199951171875</ele>
        <time>2026-08-05T05:39:30.000Z</time>
        <extensions>
          <ns3:TrackPointExtension>
            <ns3:hr>90</ns3:hr>
            <ns3:cad>47</ns3:cad>
          </ns3:TrackPointExtension>
        </extensions>
      </trkpt>
      <trkpt lat="28.9809638075530529022216796875" lon="82.8250732831656932830810546875">
        <ele>2365.39990234375</ele>
        <time>2026-08-05T05:39:33.000Z</time>
        <extensions>
          <ns3:TrackPointExtension>
            <ns3:hr>89</ns3:hr>
            <ns3:cad>48</ns3:cad>
          </ns3:TrackPointExtension>
        </extensions>
      </trkpt>
      <trkpt lat="28.98094654083251953125" lon="82.8250662423670291900634765625">
        <ele>2365</ele>
        <time>2026-08-05T05:39:37.000Z</time>
        <extensions>
          <ns3:TrackPointExtension>
            <ns3:hr>89</ns3:hr>
            <ns3:cad>49</ns3:cad>
          </ns3:TrackPointExtension>
        </extensions>
      </trkpt>
      <trkpt lat="28.98093438707292079925537109375" lon="82.82506230287253856658935546875">
        <ele>2364.39990234375</ele>
        <time>2026-08-05T05:39:40.000Z</time>
        <extensions>
          <ns3:TrackPointExtension>
            <ns3:hr>87</ns3:hr>
            <ns3:cad>49</ns3:cad>
          </ns3:TrackPointExtension>
        </extensions>
      </trkpt>
      <trkpt lat="28.98092131130397319793701171875" lon="82.8250692598521709442138671875">
        <ele>2363.800048828125</ele>
        <time>2026-08-05T05:39:42.000Z</time>
        <extensions>
          <ns3:TrackPointExtension>
            <ns3:hr>83</ns3:hr>
            <ns3:cad>44</ns3:cad>
          </ns3:TrackPointExtension>
        </extensions>
      </trkpt>
      <trkpt lat="28.98091368377208709716796875" lon="82.8250709362328052520751953125">
        <ele>2363.39990234375</ele>
        <time>2026-08-05T05:39:43.000Z</time>
        <extensions>
          <ns3:TrackPointExtension>
            <ns3:hr>78</ns3:hr>
            <ns3:cad>43</ns3:cad>
          </ns3:TrackPointExtension>
        </extensions>
      </trkpt>
      <trkpt lat="28.98090722970664501190185546875" lon="82.82507143914699554443359375">
        <ele>2363.199951171875</ele>
        <time>2026-08-05T05:39:44.000Z</time>
        <extensions>
          <ns3:TrackPointExtension>
            <ns3:hr>71</ns3:hr>
            <ns3:cad>43</ns3:cad>
          </ns3:TrackPointExtension>
        </extensions>
      </trkpt>
      <trkpt lat="28.98090069182217121124267578125" lon="82.825071774423122406005859375">
        <ele>2363</ele>
        <time>2026-08-05T05:39:45.000Z</time>
        <extensions>
          <ns3:TrackPointExtension>
            <ns3:hr>68</ns3:hr>
            <ns3:cad>43</ns3:cad>
          </ns3:TrackPointExtension>
        </extensions>
      </trkpt>
      <trkpt lat="28.9808746241033077239990234375" lon="82.82507588155567646026611328125">
        <ele>2362.199951171875</ele>
        <time>2026-08-05T05:39:49.000Z</time>
        <extensions>
          <ns3:TrackPointExtension>
            <ns3:hr>66</ns3:hr>
            <ns3:cad>49</ns3:cad>
          </ns3:TrackPointExtension>
        </extensions>
      </trkpt>
      <trkpt lat="28.98084838874638080596923828125" lon="82.8250692598521709442138671875">
        <ele>2361.800048828125</ele>
        <time>2026-08-05T05:39:52.000Z</time>
        <extensions>
          <ns3:TrackPointExtension>
            <ns3:hr>64</ns3:hr>
            <ns3:cad>47</ns3:cad>
          </ns3:TrackPointExtension>
        </extensions>
      </trkpt>
      <trkpt lat="28.9808407612144947052001953125" lon="82.8250622190535068511962890625">
        <ele>2361.60009765625</ele>
        <time>2026-08-05T05:39:53.000Z</time>
        <extensions>
          <ns3:TrackPointExtension>
            <ns3:hr>61</ns3:hr>
            <ns3:cad>44</ns3:cad>
          </ns3:TrackPointExtension>
        </extensions>
      </trkpt>
      <trkpt lat="28.98082123138010501861572265625" lon="82.82505333423614501953125">
        <ele>2361.39990234375</ele>
        <time>2026-08-05T05:39:59.000Z</time>
        <extensions>
          <ns3:TrackPointExtension>
            <ns3:hr>58</ns3:hr>
            <ns3:cad>0</ns3:cad>
          </ns3:TrackPointExtension>
        </extensions>
      </trkpt>
      <trkpt lat="28.98080681450664997100830078125" lon="82.82504889182746410369873046875">
        <ele>2361.199951171875</ele>
        <time>2026-08-05T05:40:06.000Z</time>
        <extensions>
          <ns3:TrackPointExtension>
            <ns3:hr>59</ns3:hr>
            <ns3:cad>0</ns3:cad>
          </ns3:TrackPointExtension>
        </extensions>
      </trkpt>
      <trkpt lat="28.98080044426023960113525390625" lon="82.82504788599908351898193359375">
        <ele>2361.199951171875</ele>
        <time>2026-08-05T05:40:07.000Z</time>
        <extensions>
          <ns3:TrackPointExtension>
            <ns3:hr>58</ns3:hr>
            <ns3:cad>0</ns3:cad>
          </ns3:TrackPointExtension>
        </extensions>
      </trkpt>
      <trkpt lat="28.98077144287526607513427734375" lon="82.8250300325453281402587890625">
        <ele>2360.60009765625</ele>
        <time>2026-08-05T05:40:12.000Z</time>
        <extensions>
          <ns3:TrackPointExtension>
            <ns3:hr>58</ns3:hr>
            <ns3:cad>42</ns3:cad>
          </ns3:TrackPointExtension>
        </extensions>
      </trkpt>
      <trkpt lat="28.98076213896274566650390625" lon="82.8250189684331417083740234375">
        <ele>2360.199951171875</ele>
        <time>2026-08-05T05:40:14.000Z</time>
        <extensions>
          <ns3:TrackPointExtension>
            <ns3:hr>58</ns3:hr>
            <ns3:cad>45</ns3:cad>
          </ns3:TrackPointExtension>
        </extensions>
      </trkpt>
      <trkpt lat="28.98074830882251262664794921875" lon="82.824985943734645843505859375">
        <ele>2359.39990234375</ele>
        <time>2026-08-05T05:40:17.000Z</time>
        <extensions>
          <ns3:TrackPointExtension>
            <ns3:hr>57</ns3:hr>
            <ns3:cad>47</ns3:cad>
          </ns3:TrackPointExtension>
        </extensions>
      </trkpt>
      <trkpt lat="28.98073674179613590240478515625" lon="82.82497311942279338836669921875">
        <ele>2359</ele>
        <time>2026-08-05T05:40:19.000Z</time>
        <extensions>
          <ns3:TrackPointExtension>
            <ns3:hr>58</ns3:hr>
            <ns3:cad>47</ns3:cad>
          </ns3:TrackPointExtension>
        </extensions>
      </trkpt>
      <trkpt lat="28.98071494884788990020751953125" lon="82.82493758015334606170654296875">
        <ele>2358.39990234375</ele>
        <time>2026-08-05T05:40:23.000Z</time>
        <extensions>
          <ns3:TrackPointExtension>
            <ns3:hr>59</ns3:hr>
            <ns3:cad>47</ns3:cad>
          </ns3:TrackPointExtension>
        </extensions>
      </trkpt>
      <trkpt lat="28.980700783431529998779296875" lon="82.82492458820343017578125">
        <ele>2357.800048828125</ele>
        <time>2026-08-05T05:40:25.000Z</time>
        <extensions>
          <ns3:TrackPointExtension>
            <ns3:hr>60</ns3:hr>
            <ns3:cad>47</ns3:cad>
          </ns3:TrackPointExtension>
        </extensions>
      </trkpt>
      <trkpt lat="28.9806607179343700408935546875" lon="82.82489852048456668853759765625">
        <ele>2357.39990234375</ele>
        <time>2026-08-05T05:40:30.000Z</time>
        <extensions>
          <ns3:TrackPointExtension>
            <ns3:hr>58</ns3:hr>
            <ns3:cad>47</ns3:cad>
          </ns3:TrackPointExtension>
        </extensions>
      </trkpt>
      <trkpt lat="28.9806147851049900054931640625" lon="82.82488343305885791778564453125">
        <ele>2356.800048828125</ele>
        <time>2026-08-05T05:40:36.000Z</time>
        <extensions>
          <ns3:TrackPointExtension>
            <ns3:hr>60</ns3:hr>
            <ns3:cad>46</ns3:cad>
          </ns3:TrackPointExtension>
        </extensions>
      </trkpt>
      <trkpt lat="28.980592824518680572509765625" lon="82.824873626232147216796875">
        <ele>2355.60009765625</ele>
        <time>2026-08-05T05:40:40.000Z</time>
        <extensions>
          <ns3:TrackPointExtension>
            <ns3:hr>62</ns3:hr>
            <ns3:cad>46</ns3:cad>
          </ns3:TrackPointExtension>
        </extensions>
      </trkpt>
      <trkpt lat="28.9805785752832889556884765625" lon="82.8248818404972553253173828125">
        <ele>2354.60009765625</ele>
        <time>2026-08-05T05:40:42.000Z</time>
        <extensions>
          <ns3:TrackPointExtension>
            <ns3:hr>63</ns3:hr>
            <ns3:cad>47</ns3:cad>
          </ns3:TrackPointExtension>
        </extensions>
      </trkpt>
      <trkpt lat="28.98052719421684741973876953125" lon="82.82483364455401897430419921875">
        <ele>2355</ele>
        <time>2026-08-05T05:40:49.000Z</time>
        <extensions>
          <ns3:TrackPointExtension>
            <ns3:hr>62</ns3:hr>
            <ns3:cad>44</ns3:cad>
          </ns3:TrackPointExtension>
        </extensions>
      </trkpt>
      <trkpt lat="28.98051462136209011077880859375" lon="82.8248288668692111968994140625">
        <ele>2354.60009765625</ele>
        <time>2026-08-05T05:40:53.000Z</time>
        <extensions>
          <ns3:TrackPointExtension>
            <ns3:hr>61</ns3:hr>
            <ns3:cad>45</ns3:cad>
          </ns3:TrackPointExtension>
        </extensions>
      </trkpt>
      <trkpt lat="28.980486877262592315673828125" lon="82.82482744194567203521728515625">
        <ele>2353.800048828125</ele>
        <time>2026-08-05T05:40:58.000Z</time>
        <extensions>
          <ns3:TrackPointExtension>
            <ns3:hr>58</ns3:hr>
            <ns3:cad>0</ns3:cad>
          </ns3:TrackPointExtension>
        </extensions>
      </trkpt>
      <trkpt lat="28.980480171740055084228515625" lon="82.82481989823281764984130859375">
        <ele>2353.60009765625</ele>
        <time>2026-08-05T05:40:59.000Z</time>
        <extensions>
          <ns3:TrackPointExtension>
            <ns3:hr>58</ns3:hr>
            <ns3:cad>0</ns3:cad>
          </ns3:TrackPointExtension>
        </extensions>
      </trkpt>
      <trkpt lat="28.98046164773404598236083984375" lon="82.82480246387422084808349609375">
        <ele>2352.800048828125</ele>
        <time>2026-08-05T05:41:03.000Z</time>
        <extensions>
          <ns3:TrackPointExtension>
            <ns3:hr>58</ns3:hr>
            <ns3:cad>0</ns3:cad>
          </ns3:TrackPointExtension>
        </extensions>
      </trkpt>
      <trkpt lat="28.9804528467357158660888671875" lon="82.824790142476558685302734375">
        <ele>2352.39990234375</ele>
        <time>2026-08-05T05:41:05.000Z</time>
        <extensions>
          <ns3:TrackPointExtension>
            <ns3:hr>59</ns3:hr>
            <ns3:cad>54</ns3:cad>
          </ns3:TrackPointExtension>
        </extensions>
      </trkpt>
      <trkpt lat="28.9804394356906414031982421875" lon="82.82478989101946353912353515625">
        <ele>2351.199951171875</ele>
        <time>2026-08-05T05:41:09.000Z</time>
        <extensions>
          <ns3:TrackPointExtension>
            <ns3:hr>59</ns3:hr>
            <ns3:cad>49</ns3:cad>
          </ns3:TrackPointExtension>
        </extensions>
      </trkpt>
      <trkpt lat="28.980439938604831695556640625" lon="82.82478972338140010833740234375">
        <ele>2350.800048828125</ele>
        <time>2026-08-05T05:41:10.000Z</time>
        <extensions>
          <ns3:TrackPointExtension>
            <ns3:hr>59</ns3:hr>
            <ns3:cad>49</ns3:cad>
          </ns3:TrackPointExtension>
        </extensions>
      </trkpt>
      <trkpt lat="28.9804243482649326324462890625" lon="82.82477815635502338409423828125">
        <ele>2350</ele>
        <time>2026-08-05T05:41:17.000Z</time>
        <extensions>
          <ns3:TrackPointExtension>
            <ns3:hr>61</ns3:hr>
            <ns3:cad>43</ns3:cad>
          </ns3:TrackPointExtension>
        </extensions>
      </trkpt>
      <trkpt lat="28.9804075844585895538330078125" lon="82.824773378670215606689453125">
        <ele>2348.800048828125</ele>
        <time>2026-08-05T05:41:22.000Z</time>
        <extensions>
          <ns3:TrackPointExtension>
            <ns3:hr>59</ns3:hr>
            <ns3:cad>43</ns3:cad>
          </ns3:TrackPointExtension>
        </extensions>
      </trkpt>
      <trkpt lat="28.98040045984089374542236328125" lon="82.82477094791829586029052734375">
        <ele>2348.199951171875</ele>
        <time>2026-08-05T05:41:24.000Z</time>
        <extensions>
          <ns3:TrackPointExtension>
            <ns3:hr>56</ns3:hr>
            <ns3:cad>70</ns3:cad>
          </ns3:TrackPointExtension>
        </extensions>
      </trkpt>
      <trkpt lat="28.98038797080516815185546875" lon="82.82477681525051593780517578125">
        <ele>2347.39990234375</ele>
        <time>2026-08-05T05:41:26.000Z</time>
        <extensions>
          <ns3:TrackPointExtension>
            <ns3:hr>56</ns3:hr>
            <ns3:cad>78</ns3:cad>
          </ns3:TrackPointExtension>
        </extensions>
      </trkpt>
      <trkpt lat="28.980376236140727996826171875" lon="82.824786119163036346435546875">
        <ele>2346.39990234375</ele>
        <time>2026-08-05T05:41:29.000Z</time>
        <extensions>
          <ns3:TrackPointExtension>
            <ns3:hr>56</ns3:hr>
            <ns3:cad>78</ns3:cad>
          </ns3:TrackPointExtension>
        </extensions>
      </trkpt>
      <trkpt lat="28.98037648759782314300537109375" lon="82.82478771172463893890380859375">
        <ele>2346.199951171875</ele>
        <time>2026-08-05T05:41:30.000Z</time>
        <extensions>
          <ns3:TrackPointExtension>
            <ns3:hr>57</ns3:hr>
            <ns3:cad>78</ns3:cad>
          </ns3:TrackPointExtension>
        </extensions>
      </trkpt>
      <trkpt lat="28.98039844818413257598876953125" lon="82.82480900175869464874267578125">
        <ele>2345.39990234375</ele>
        <time>2026-08-05T05:41:36.000Z</time>
        <extensions>
          <ns3:TrackPointExtension>
            <ns3:hr>60</ns3:hr>
            <ns3:cad>45</ns3:cad>
          </ns3:TrackPointExtension>
        </extensions>
      </trkpt>
      <trkpt lat="28.9803980290889739990234375" lon="82.82483884133398532867431640625">
        <ele>2344.199951171875</ele>
        <time>2026-08-05T05:41:40.000Z</time>
        <extensions>
          <ns3:TrackPointExtension>
            <ns3:hr>63</ns3:hr>
            <ns3:cad>45</ns3:cad>
          </ns3:TrackPointExtension>
        </extensions>
      </trkpt>
      <trkpt lat="28.98038269020617008209228515625" lon="82.824852503836154937744140625">
        <ele>2343.60009765625</ele>
        <time>2026-08-05T05:41:43.000Z</time>
        <extensions>
          <ns3:TrackPointExtension>
            <ns3:hr>63</ns3:hr>
            <ns3:cad>44</ns3:cad>
          </ns3:TrackPointExtension>
        </extensions>
      </trkpt>
      <trkpt lat="28.98036651313304901123046875" lon="82.8248382546007633209228515625">
        <ele>2343.199951171875</ele>
        <time>2026-08-05T05:41:46.000Z</time>
        <extensions>
          <ns3:TrackPointExtension>
            <ns3:hr>66</ns3:hr>
            <ns3:cad>44</ns3:cad>
          </ns3:TrackPointExtension>
        </extensions>
      </trkpt>
      <trkpt lat="28.98036140017211437225341796875" lon="82.8248362429440021514892578125">
        <ele>2343</ele>
        <time>2026-08-05T05:41:47.000Z</time>
        <extensions>
          <ns3:TrackPointExtension>
            <ns3:hr>72</ns3:hr>
            <ns3:cad>44</ns3:cad>
          </ns3:TrackPointExtension>
        </extensions>
      </trkpt>
      <trkpt lat="28.980356790125370025634765625" lon="82.82483297400176525115966796875">
        <ele>2342.800048828125</ele>
        <time>2026-08-05T05:41:48.000Z</time>
        <extensions>
          <ns3:TrackPointExtension>
            <ns3:hr>75</ns3:hr>
            <ns3:cad>44</ns3:cad>
          </ns3:TrackPointExtension>
        </extensions>
      </trkpt>
      <trkpt lat="28.9803512580692768096923828125" lon="82.8248335607349872589111328125">
        <ele>2342.39990234375</ele>
        <time>2026-08-05T05:41:49.000Z</time>
        <extensions>
          <ns3:TrackPointExtension>
            <ns3:hr>76</ns3:hr>
            <ns3:cad>44</ns3:cad>
          </ns3:TrackPointExtension>
        </extensions>
      </trkpt>
      <trkpt lat="28.9803479053080081939697265625" lon="82.82485007308423519134521484375">
        <ele>2342</ele>
        <time>2026-08-05T05:41:51.000Z</time>
        <extensions>
          <ns3:TrackPointExtension>
            <ns3:hr>78</ns3:hr>
            <ns3:cad>44</ns3:cad>
          </ns3:TrackPointExtension>
        </extensions>
      </trkpt>
      <trkpt lat="28.9803355000913143157958984375" lon="82.8248634003102779388427734375">
        <ele>2341.39990234375</ele>
        <time>2026-08-05T05:41:54.000Z</time>
        <extensions>
          <ns3:TrackPointExtension>
            <ns3:hr>78</ns3:hr>
            <ns3:cad>44</ns3:cad>
          </ns3:TrackPointExtension>
        </extensions>
      </trkpt>
      <trkpt lat="28.98033172823488712310791015625" lon="82.8248741291463375091552734375">
        <ele>2340.60009765625</ele>
        <time>2026-08-05T05:41:56.000Z</time>
        <extensions>
          <ns3:TrackPointExtension>
            <ns3:hr>78</ns3:hr>
            <ns3:cad>47</ns3:cad>
          </ns3:TrackPointExtension>
        </extensions>
      </trkpt>
      <trkpt lat="28.98031446151435375213623046875" lon="82.82487622462213039398193359375">
        <ele>2339.60009765625</ele>
        <time>2026-08-05T05:42:00.000Z</time>
        <extensions>
          <ns3:TrackPointExtension>
            <ns3:hr>77</ns3:hr>
            <ns3:cad>45</ns3:cad>
          </ns3:TrackPointExtension>
        </extensions>
      </trkpt>
      <trkpt lat="28.9803121984004974365234375" lon="82.82491260208189487457275390625">
        <ele>2338.60009765625</ele>
        <time>2026-08-05T05:42:05.000Z</time>
        <extensions>
          <ns3:TrackPointExtension>
            <ns3:hr>78</ns3:hr>
            <ns3:cad>45</ns3:cad>
          </ns3:TrackPointExtension>
        </extensions>
      </trkpt>
      <trkpt lat="28.98030909709632396697998046875" lon="82.8249207325279712677001953125">
        <ele>2338.39990234375</ele>
        <time>2026-08-05T05:42:06.000Z</time>
        <extensions>
          <ns3:TrackPointExtension>
            <ns3:hr>78</ns3:hr>
            <ns3:cad>45</ns3:cad>
          </ns3:TrackPointExtension>
        </extensions>
      </trkpt>
      <trkpt lat="28.98029702715575695037841796875" lon="82.82493255101144313812255859375">
        <ele>2337.39990234375</ele>
        <time>2026-08-05T05:42:09.000Z</time>
        <extensions>
          <ns3:TrackPointExtension>
            <ns3:hr>78</ns3:hr>
            <ns3:cad>0</ns3:cad>
          </ns3:TrackPointExtension>
        </extensions>
      </trkpt>
      <trkpt lat="28.98027489893138408660888671875" lon="82.82494864426553249359130859375">
        <ele>2336.39990234375</ele>
        <time>2026-08-05T05:42:14.000Z</time>
        <extensions>
          <ns3:TrackPointExtension>
            <ns3:hr>79</ns3:hr>
            <ns3:cad>0</ns3:cad>
          </ns3:TrackPointExtension>
        </extensions>
      </trkpt>
      <trkpt lat="28.9802691154181957244873046875" lon="82.82495970837771892547607421875">
        <ele>2335.39990234375</ele>
        <time>2026-08-05T05:42:19.000Z</time>
        <extensions>
          <ns3:TrackPointExtension>
            <ns3:hr>79</ns3:hr>
            <ns3:cad>0</ns3:cad>
          </ns3:TrackPointExtension>
        </extensions>
      </trkpt>
      <trkpt lat="28.98027154617011547088623046875" lon="82.824969179928302764892578125">
        <ele>2335</ele>
        <time>2026-08-05T05:42:21.000Z</time>
        <extensions>
          <ns3:TrackPointExtension>
            <ns3:hr>79</ns3:hr>
            <ns3:cad>60</ns3:cad>
          </ns3:TrackPointExtension>
        </extensions>
      </trkpt>
      <trkpt lat="28.98026316426694393157958984375" lon="82.82497680746018886566162109375">
        <ele>2334.39990234375</ele>
        <time>2026-08-05T05:42:25.000Z</time>
        <extensions>
          <ns3:TrackPointExtension>
            <ns3:hr>79</ns3:hr>
            <ns3:cad>0</ns3:cad>
          </ns3:TrackPointExtension>
        </extensions>
      </trkpt>
      <trkpt lat="28.98025847040116786956787109375" lon="82.82498451881110668182373046875">
        <ele>2334</ele>
        <time>2026-08-05T05:42:27.000Z</time>
        <extensions>
          <ns3:TrackPointExtension>
            <ns3:hr>78</ns3:hr>
            <ns3:cad>0</ns3:cad>
          </ns3:TrackPointExtension>
        </extensions>
      </trkpt>
      <trkpt lat="28.9802416227757930755615234375" lon="82.8249797411262989044189453125">
        <ele>2333.60009765625</ele>
        <time>2026-08-05T05:42:29.000Z</time>
        <extensions>
          <ns3:TrackPointExtension>
            <ns3:hr>74</ns3:hr>
            <ns3:cad>0</ns3:cad>
          </ns3:TrackPointExtension>
        </extensions>
      </trkpt>
      <trkpt lat="28.98023818619549274444580078125" lon="82.82496188767254352569580078125">
        <ele>2333.39990234375</ele>
        <time>2026-08-05T05:42:31.000Z</time>
        <extensions>
          <ns3:TrackPointExtension>
            <ns3:hr>71</ns3:hr>
            <ns3:cad>0</ns3:cad>
          </ns3:TrackPointExtension>
        </extensions>
      </trkpt>
      <trkpt lat="28.9802292175590991973876953125" lon="82.82495434395968914031982421875">
        <ele>2333.199951171875</ele>
        <time>2026-08-05T05:42:32.000Z</time>
        <extensions>
          <ns3:TrackPointExtension>
            <ns3:hr>69</ns3:hr>
            <ns3:cad>0</ns3:cad>
          </ns3:TrackPointExtension>
        </extensions>
      </trkpt>
      <trkpt lat="28.9801970310509204864501953125" lon="82.82491989433765411376953125">
        <ele>2333.199951171875</ele>
        <time>2026-08-05T05:42:38.000Z</time>
        <extensions>
          <ns3:TrackPointExtension>
            <ns3:hr>68</ns3:hr>
            <ns3:cad>0</ns3:cad>
          </ns3:TrackPointExtension>
        </extensions>
      </trkpt>
      <trkpt lat="28.98015797138214111328125" lon="82.82489332370460033416748046875">
        <ele>2334.199951171875</ele>
        <time>2026-08-05T05:42:44.000Z</time>
        <extensions>
          <ns3:TrackPointExtension>
            <ns3:hr>67</ns3:hr>
            <ns3:cad>74</ns3:cad>
          </ns3:TrackPointExtension>
        </extensions>
      </trkpt>
      <trkpt lat="28.98013374768197536468505859375" lon="82.82487873919308185577392578125">
        <ele>2334.199951171875</ele>
        <time>2026-08-05T05:42:47.000Z</time>
        <extensions>
          <ns3:TrackPointExtension>
            <ns3:hr>67</ns3:hr>
            <ns3:cad>75</ns3:cad>
          </ns3:TrackPointExtension>
        </extensions>
      </trkpt>
      <trkpt lat="28.9801215939223766326904296875" lon="82.82486683689057826995849609375">
        <ele>2334.60009765625</ele>
        <time>2026-08-05T05:42:49.000Z</time>
        <extensions>
          <ns3:TrackPointExtension>
            <ns3:hr>66</ns3:hr>
            <ns3:cad>75</ns3:cad>
          </ns3:TrackPointExtension>
        </extensions>
      </trkpt>
      <trkpt lat="28.9800734817981719970703125" lon="82.82484537921845912933349609375">
        <ele>2335</ele>
        <time>2026-08-05T05:42:55.000Z</time>
        <extensions>
          <ns3:TrackPointExtension>
            <ns3:hr>68</ns3:hr>
            <ns3:cad>72</ns3:cad>
          </ns3:TrackPointExtension>
        </extensions>
      </trkpt>
      <trkpt lat="28.98002679459750652313232421875" lon="82.824814282357692718505859375">
        <ele>2334.60009765625</ele>
        <time>2026-08-05T05:43:01.000Z</time>
        <extensions>
          <ns3:TrackPointExtension>
            <ns3:hr>69</ns3:hr>
            <ns3:cad>72</ns3:cad>
          </ns3:TrackPointExtension>
        </extensions>
      </trkpt>
      <trkpt lat="28.98001690395176410675048828125" lon="82.82480514608323574066162109375">
        <ele>2333.800048828125</ele>
        <time>2026-08-05T05:43:07.000Z</time>
        <extensions>
          <ns3:TrackPointExtension>
            <ns3:hr>72</ns3:hr>
            <ns3:cad>0</ns3:cad>
          </ns3:TrackPointExtension>
        </extensions>
      </trkpt>
      <trkpt lat="28.98001640103757381439208984375" lon="82.8248050622642040252685546875">
        <ele>2333.800048828125</ele>
        <time>2026-08-05T05:43:09.000Z</time>
        <extensions>
          <ns3:TrackPointExtension>
            <ns3:hr>77</ns3:hr>
            <ns3:cad>0</ns3:cad>
          </ns3:TrackPointExtension>
        </extensions>
      </trkpt>
      <trkpt lat="28.9800082705914974212646484375" lon="82.82481084577739238739013671875">
        <ele>2334</ele>
        <time>2026-08-05T05:43:10.000Z</time>
        <extensions>
          <ns3:TrackPointExtension>
            <ns3:hr>91</ns3:hr>
            <ns3:cad>0</ns3:cad>
          </ns3:TrackPointExtension>
        </extensions>
      </trkpt>
      <trkpt lat="28.97999661974608898162841796875" lon="82.82481101341545581817626953125">
        <ele>2334.199951171875</ele>
        <time>2026-08-05T05:43:11.000Z</time>
        <extensions>
          <ns3:TrackPointExtension>
            <ns3:hr>106</ns3:hr>
            <ns3:cad>0</ns3:cad>
          </ns3:TrackPointExtension>
        </extensions>
      </trkpt>
      <trkpt lat="28.97998086176812648773193359375" lon="82.8248007036745548248291015625">
        <ele>2334.60009765625</ele>
        <time>2026-08-05T05:43:13.000Z</time>
        <extensions>
          <ns3:TrackPointExtension>
            <ns3:hr>108</ns3:hr>
            <ns3:cad>0</ns3:cad>
          </ns3:TrackPointExtension>
        </extensions>
      </trkpt>
      <trkpt lat="28.9799368567764759063720703125" lon="82.82474513165652751922607421875">
        <ele>2333.60009765625</ele>
        <time>2026-08-05T05:43:20.000Z</time>
        <extensions>
          <ns3:TrackPointExtension>
            <ns3:hr>108</ns3:hr>
            <ns3:cad>47</ns3:cad>
          </ns3:TrackPointExtension>
        </extensions>
      </trkpt>
      <trkpt lat="28.97993333637714385986328125" lon="82.82469685189425945281982421875">
        <ele>2333.60009765625</ele>
        <time>2026-08-05T05:43:24.000Z</time>
        <extensions>
          <ns3:TrackPointExtension>
            <ns3:hr>108</ns3:hr>
            <ns3:cad>46</ns3:cad>
          </ns3:TrackPointExtension>
        </extensions>
      </trkpt>
      <trkpt lat="28.97992956452071666717529296875" lon="82.82466013915836811065673828125">
        <ele>2333.199951171875</ele>
        <time>2026-08-05T05:43:28.000Z</time>
        <extensions>
          <ns3:TrackPointExtension>
            <ns3:hr>108</ns3:hr>
            <ns3:cad>43</ns3:cad>
          </ns3:TrackPointExtension>
        </extensions>
      </trkpt>
      <trkpt lat="28.9799271337687969207763671875" lon="82.82465494237840175628662109375">
        <ele>2333</ele>
        <time>2026-08-05T05:43:29.000Z</time>
        <extensions>
          <ns3:TrackPointExtension>
            <ns3:hr>108</ns3:hr>
            <ns3:cad>41</ns3:cad>
          </ns3:TrackPointExtension>
        </extensions>
      </trkpt>
      <trkpt lat="28.9799117110669612884521484375" lon="82.82464186660945415496826171875">
        <ele>2334.199951171875</ele>
        <time>2026-08-05T05:43:33.000Z</time>
        <extensions>
          <ns3:TrackPointExtension>
            <ns3:hr>107</ns3:hr>
            <ns3:cad>79</ns3:cad>
          </ns3:TrackPointExtension>
        </extensions>
      </trkpt>
      <trkpt lat="28.97990542463958263397216796875" lon="82.82464102841913700103759765625">
        <ele>2335</ele>
        <time>2026-08-05T05:43:35.000Z</time>
        <extensions>
          <ns3:TrackPointExtension>
            <ns3:hr>107</ns3:hr>
            <ns3:cad>79</ns3:cad>
          </ns3:TrackPointExtension>
        </extensions>
      </trkpt>
      <trkpt lat="28.979892767965793609619140625" lon="82.8246414475142955780029296875">
        <ele>2335.39990234375</ele>
        <time>2026-08-05T05:43:36.000Z</time>
        <extensions>
          <ns3:TrackPointExtension>
            <ns3:hr>108</ns3:hr>
            <ns3:cad>74</ns3:cad>
          </ns3:TrackPointExtension>
        </extensions>
      </trkpt>
      <trkpt lat="28.97986854426562786102294921875" lon="82.824656032025814056396484375">
        <ele>2335.60009765625</ele>
        <time>2026-08-05T05:43:39.000Z</time>
        <extensions>
          <ns3:TrackPointExtension>
            <ns3:hr>110</ns3:hr>
            <ns3:cad>70</ns3:cad>
          </ns3:TrackPointExtension>
        </extensions>
      </trkpt>
      <trkpt lat="28.979849517345428466796875" lon="82.82466265372931957244873046875">
        <ele>2335.60009765625</ele>
        <time>2026-08-05T05:43:41.000Z</time>
        <extensions>
          <ns3:TrackPointExtension>
            <ns3:hr>113</ns3:hr>
            <ns3:cad>70</ns3:cad>
          </ns3:TrackPointExtension>
        </extensions>
      </trkpt>
      <trkpt lat="28.9798242039978504180908203125" lon="82.82466483302414417266845703125">
        <ele>2335.800048828125</ele>
        <time>2026-08-05T05:43:44.000Z</time>
        <extensions>
          <ns3:TrackPointExtension>
            <ns3:hr>114</ns3:hr>
            <ns3:cad>75</ns3:cad>
          </ns3:TrackPointExtension>
        </extensions>
      </trkpt>
      <trkpt lat="28.97979713045060634613037109375" lon="82.824656702578067779541015625">
        <ele>2336.39990234375</ele>
        <time>2026-08-05T05:43:49.000Z</time>
        <extensions>
          <ns3:TrackPointExtension>
            <ns3:hr>113</ns3:hr>
            <ns3:cad>75</ns3:cad>
          </ns3:TrackPointExtension>
        </extensions>
      </trkpt>
      <trkpt lat="28.979798890650272369384765625" lon="82.8246558643877506256103515625">
        <ele>2336.60009765625</ele>
        <time>2026-08-05T05:43:51.000Z</time>
        <extensions>
          <ns3:TrackPointExtension>
            <ns3:hr>112</ns3:hr>
            <ns3:cad>0</ns3:cad>
          </ns3:TrackPointExtension>
        </extensions>
      </trkpt>
      <trkpt lat="28.979798890650272369384765625" lon="82.82465443946421146392822265625">
        <ele>2336.60009765625</ele>
        <time>2026-08-05T05:43:55.000Z</time>
        <extensions>
          <ns3:TrackPointExtension>
            <ns3:hr>109</ns3:hr>
            <ns3:cad>0</ns3:cad>
          </ns3:TrackPointExtension>
        </extensions>
      </trkpt>
      <trkpt lat="28.979798890650272369384765625" lon="82.82465443946421146392822265625">
        <ele>2336.39990234375</ele>
        <time>2026-08-05T05:43:59.000Z</time>
        <extensions>
          <ns3:TrackPointExtension>
            <ns3:hr>112</ns3:hr>
            <ns3:cad>0</ns3:cad>
          </ns3:TrackPointExtension>
        </extensions>
      </trkpt>
      <trkpt lat="28.979798890650272369384765625" lon="82.82465443946421146392822265625">
        <ele>2336.199951171875</ele>
        <time>2026-08-05T05:44:02.000Z</time>
        <extensions>
          <ns3:TrackPointExtension>
            <ns3:hr>113</ns3:hr>
            <ns3:cad>0</ns3:cad>
          </ns3:TrackPointExtension>
        </extensions>
      </trkpt>
      <trkpt lat="28.97976569831371307373046875" lon="82.82465712167322635650634765625">
        <ele>2335.60009765625</ele>
        <time>2026-08-05T05:44:12.000Z</time>
        <extensions>
          <ns3:TrackPointExtension>
            <ns3:hr>114</ns3:hr>
            <ns3:cad>0</ns3:cad>
          </ns3:TrackPointExtension>
        </extensions>
      </trkpt>
      <trkpt lat="28.9797596633434295654296875" lon="82.82465645112097263336181640625">
        <ele>2335.39990234375</ele>
        <time>2026-08-05T05:44:13.000Z</time>
        <extensions>
          <ns3:TrackPointExtension>
            <ns3:hr>113</ns3:hr>
            <ns3:cad>0</ns3:cad>
          </ns3:TrackPointExtension>
        </extensions>
      </trkpt>
      <trkpt lat="28.9797534607350826263427734375" lon="82.82464773394167423248291015625">
        <ele>2336.199951171875</ele>
        <time>2026-08-05T05:44:19.000Z</time>
        <extensions>
          <ns3:TrackPointExtension>
            <ns3:hr>112</ns3:hr>
            <ns3:cad>0</ns3:cad>
          </ns3:TrackPointExtension>
        </extensions>
      </trkpt>
      <trkpt lat="28.9797534607350826263427734375" lon="82.82464773394167423248291015625">
        <ele>2336.39990234375</ele>
        <time>2026-08-05T05:44:21.000Z</time>
        <extensions>
          <ns3:TrackPointExtension>
            <ns3:hr>112</ns3:hr>
            <ns3:cad>0</ns3:cad>
          </ns3:TrackPointExtension>
        </extensions>
      </trkpt>
      <trkpt lat="28.9797534607350826263427734375" lon="82.82464773394167423248291015625">
        <ele>2336.39990234375</ele>
        <time>2026-08-05T05:44:25.000Z</time>
        <extensions>
          <ns3:TrackPointExtension>
            <ns3:hr>109</ns3:hr>
            <ns3:cad>0</ns3:cad>
          </ns3:TrackPointExtension>
        </extensions>
      </trkpt>
      <trkpt lat="28.9797263033688068389892578125" lon="82.82464790157973766326904296875">
        <ele>2336</ele>
        <time>2026-08-05T05:44:29.000Z</time>
        <extensions>
          <ns3:TrackPointExtension>
            <ns3:hr>110</ns3:hr>
            <ns3:cad>44</ns3:cad>
          </ns3:TrackPointExtension>
        </extensions>
      </trkpt>
      <trkpt lat="28.979666121304035186767578125" lon="82.8246625699102878570556640625">
        <ele>2337.199951171875</ele>
        <time>2026-08-05T05:44:36.000Z</time>
        <extensions>
          <ns3:TrackPointExtension>
            <ns3:hr>109</ns3:hr>
            <ns3:cad>0</ns3:cad>
          </ns3:TrackPointExtension>
        </extensions>
      </trkpt>
      <trkpt lat="28.9796619303524494171142578125" lon="82.82466131262481212615966796875">
        <ele>2337.39990234375</ele>
        <time>2026-08-05T05:44:37.000Z</time>
        <extensions>
          <ns3:TrackPointExtension>
            <ns3:hr>108</ns3:hr>
            <ns3:cad>42</ns3:cad>
          </ns3:TrackPointExtension>
        </extensions>
      </trkpt>
      <trkpt lat="28.979629576206207275390625" lon="82.824642956256866455078125">
        <ele>2337.60009765625</ele>
        <time>2026-08-05T05:44:41.000Z</time>
        <extensions>
          <ns3:TrackPointExtension>
            <ns3:hr>107</ns3:hr>
            <ns3:cad>41</ns3:cad>
          </ns3:TrackPointExtension>
        </extensions>
      </trkpt>
      <trkpt lat="28.9796015806496143341064453125" lon="82.82463130541145801544189453125">
        <ele>2338.60009765625</ele>
        <time>2026-08-05T05:44:45.000Z</time>
        <extensions>
          <ns3:TrackPointExtension>
            <ns3:hr>108</ns3:hr>
            <ns3:cad>77</ns3:cad>
          </ns3:TrackPointExtension>
        </extensions>
      </trkpt>
      <trkpt lat="28.97958724759519100189208984375" lon="82.8246250189840793609619140625">
        <ele>2339</ele>
        <time>2026-08-05T05:44:47.000Z</time>
        <extensions>
          <ns3:TrackPointExtension>
            <ns3:hr>109</ns3:hr>
            <ns3:cad>78</ns3:cad>
          </ns3:TrackPointExtension>
        </extensions>
      </trkpt>
      <trkpt lat="28.979559503495693206787109375" lon="82.82461973838508129119873046875">
        <ele>2339.60009765625</ele>
        <time>2026-08-05T05:44:51.000Z</time>
        <extensions>
          <ns3:TrackPointExtension>
            <ns3:hr>110</ns3:hr>
            <ns3:cad>0</ns3:cad>
          </ns3:TrackPointExtension>
        </extensions>
      </trkpt>
      <trkpt lat="28.9795506186783313751220703125" lon="82.824617139995098114013671875">
        <ele>2339.800048828125</ele>
        <time>2026-08-05T05:44:52.000Z</time>
        <extensions>
          <ns3:TrackPointExtension>
            <ns3:hr>111</ns3:hr>
            <ns3:cad>0</ns3:cad>
          </ns3:TrackPointExtension>
        </extensions>
      </trkpt>
      <trkpt lat="28.979537375271320343017578125" lon="82.82460129819810390472412109375">
        <ele>2339</ele>
        <time>2026-08-05T05:44:57.000Z</time>
        <extensions>
          <ns3:TrackPointExtension>
            <ns3:hr>114</ns3:hr>
            <ns3:cad>0</ns3:cad>
          </ns3:TrackPointExtension>
        </extensions>
      </trkpt>
      <trkpt lat="28.9795375429093837738037109375" lon="82.8245978616178035736083984375">
        <ele>2339.199951171875</ele>
        <time>2026-08-05T05:44:58.000Z</time>
        <extensions>
          <ns3:TrackPointExtension>
            <ns3:hr>114</ns3:hr>
            <ns3:cad>0</ns3:cad>
          </ns3:TrackPointExtension>
        </extensions>
      </trkpt>
      <trkpt lat="28.979543745517730712890625" lon="82.82459945417940616607666015625">
        <ele>2340</ele>
        <time>2026-08-05T05:45:06.000Z</time>
        <extensions>
          <ns3:TrackPointExtension>
            <ns3:hr>115</ns3:hr>
            <ns3:cad>0</ns3:cad>
          </ns3:TrackPointExtension>
        </extensions>
      </trkpt>
      <trkpt lat="28.979543745517730712890625" lon="82.82459945417940616607666015625">
        <ele>2340</ele>
        <time>2026-08-05T05:45:09.000Z</time>
        <extensions>
          <ns3:TrackPointExtension>
            <ns3:hr>111</ns3:hr>
            <ns3:cad>0</ns3:cad>
          </ns3:TrackPointExtension>
        </extensions>
      </trkpt>
      <trkpt lat="28.979543745517730712890625" lon="82.82459945417940616607666015625">
        <ele>2339.800048828125</ele>
        <time>2026-08-05T05:45:11.000Z</time>
        <extensions>
          <ns3:TrackPointExtension>
            <ns3:hr>107</ns3:hr>
            <ns3:cad>0</ns3:cad>
          </ns3:TrackPointExtension>
        </extensions>
      </trkpt>
      <trkpt lat="28.97956679575145244598388671875" lon="82.82461035065352916717529296875">
        <ele>2339.60009765625</ele>
        <time>2026-08-05T05:45:14.000Z</time>
        <extensions>
          <ns3:TrackPointExtension>
            <ns3:hr>107</ns3:hr>
            <ns3:cad>0</ns3:cad>
          </ns3:TrackPointExtension>
        </extensions>
      </trkpt>
      <trkpt lat="28.9795933663845062255859375" lon="82.82461806200444698333740234375">
        <ele>2339</ele>
        <time>2026-08-05T05:45:21.000Z</time>
        <extensions>
          <ns3:TrackPointExtension>
            <ns3:hr>108</ns3:hr>
            <ns3:cad>0</ns3:cad>
          </ns3:TrackPointExtension>
        </extensions>
      </trkpt>
      <trkpt lat="28.9795750938355922698974609375" lon="82.82461571507155895233154296875">
        <ele>2339.199951171875</ele>
        <time>2026-08-05T05:45:30.000Z</time>
        <extensions>
          <ns3:TrackPointExtension>
            <ns3:hr>105</ns3:hr>
            <ns3:cad>50</ns3:cad>
          </ns3:TrackPointExtension>
        </extensions>
      </trkpt>
      <trkpt lat="28.97953343577682971954345703125" lon="82.82460113056004047393798828125">
        <ele>2339.39990234375</ele>
        <time>2026-08-05T05:45:36.000Z</time>
        <extensions>
          <ns3:TrackPointExtension>
            <ns3:hr>105</ns3:hr>
            <ns3:cad>50</ns3:cad>
          </ns3:TrackPointExtension>
        </extensions>
      </trkpt>
      <trkpt lat="28.97950409911572933197021484375" lon="82.8245924971997737884521484375">
        <ele>2339.39990234375</ele>
        <time>2026-08-05T05:45:43.000Z</time>
        <extensions>
          <ns3:TrackPointExtension>
            <ns3:hr>103</ns3:hr>
            <ns3:cad>69</ns3:cad>
          </ns3:TrackPointExtension>
        </extensions>
      </trkpt>
      <trkpt lat="28.97949068807065486907958984375" lon="82.82458906061947345733642578125">
        <ele>2339</ele>
        <time>2026-08-05T05:45:49.000Z</time>
        <extensions>
          <ns3:TrackPointExtension>
            <ns3:hr>100</ns3:hr>
            <ns3:cad>0</ns3:cad>
          </ns3:TrackPointExtension>
        </extensions>
      </trkpt>
      <trkpt lat="28.9794678054749965667724609375" lon="82.82458755187690258026123046875">
        <ele>2338.800048828125</ele>
        <time>2026-08-05T05:45:51.000Z</time>
        <extensions>
          <ns3:TrackPointExtension>
            <ns3:hr>100</ns3:hr>
            <ns3:cad>0</ns3:cad>
          </ns3:TrackPointExtension>
        </extensions>
      </trkpt>
      <trkpt lat="28.979440145194530487060546875" lon="82.8245826065540313720703125">
        <ele>2338.60009765625</ele>
        <time>2026-08-05T05:45:54.000Z</time>
        <extensions>
          <ns3:TrackPointExtension>
            <ns3:hr>99</ns3:hr>
            <ns3:cad>45</ns3:cad>
          </ns3:TrackPointExtension>
        </extensions>
      </trkpt>
      <trkpt lat="28.9794191904366016387939453125" lon="82.824581600725650787353515625">
        <ele>2338.199951171875</ele>
        <time>2026-08-05T05:45:56.000Z</time>
        <extensions>
          <ns3:TrackPointExtension>
            <ns3:hr>98</ns3:hr>
            <ns3:cad>45</ns3:cad>
          </ns3:TrackPointExtension>
        </extensions>
      </trkpt>
      <trkpt lat="28.97936479188501834869384765625" lon="82.82458956353366374969482421875">
        <ele>2338</ele>
        <time>2026-08-05T05:46:02.000Z</time>
        <extensions>
          <ns3:TrackPointExtension>
            <ns3:hr>97</ns3:hr>
            <ns3:cad>45</ns3:cad>
          </ns3:TrackPointExtension>
        </extensions>
      </trkpt>
      <trkpt lat="28.9793434180319309234619140625" lon="82.82459794543683528900146484375">
        <ele>2338.39990234375</ele>
        <time>2026-08-05T05:46:06.000Z</time>
        <extensions>
          <ns3:TrackPointExtension>
            <ns3:hr>98</ns3:hr>
            <ns3:cad>43</ns3:cad>
          </ns3:TrackPointExtension>
        </extensions>
      </trkpt>
      <trkpt lat="28.9793296717107295989990234375" lon="82.82460515387356281280517578125">
        <ele>2338.39990234375</ele>
        <time>2026-08-05T05:46:09.000Z</time>
        <extensions>
          <ns3:TrackPointExtension>
            <ns3:hr>101</ns3:hr>
            <ns3:cad>40</ns3:cad>
          </ns3:TrackPointExtension>
        </extensions>
      </trkpt>
      <trkpt lat="28.9793159253895282745361328125" lon="82.8246119432151317596435546875">
        <ele>2338.199951171875</ele>
        <time>2026-08-05T05:46:12.000Z</time>
        <extensions>
          <ns3:TrackPointExtension>
            <ns3:hr>101</ns3:hr>
            <ns3:cad>40</ns3:cad>
          </ns3:TrackPointExtension>
        </extensions>
      </trkpt>
      <trkpt lat="28.9792790450155735015869140625" lon="82.82464438118040561676025390625">
        <ele>2337.800048828125</ele>
        <time>2026-08-05T05:46:18.000Z</time>
        <extensions>
          <ns3:TrackPointExtension>
            <ns3:hr>100</ns3:hr>
            <ns3:cad>0</ns3:cad>
          </ns3:TrackPointExtension>
        </extensions>
      </trkpt>
      <trkpt lat="28.9792646281421184539794921875" lon="82.82465544529259204864501953125">
        <ele>2337.39990234375</ele>
        <time>2026-08-05T05:46:20.000Z</time>
        <extensions>
          <ns3:TrackPointExtension>
            <ns3:hr>100</ns3:hr>
            <ns3:cad>75</ns3:cad>
          </ns3:TrackPointExtension>
        </extensions>
      </trkpt>
      <trkpt lat="28.979248367249965667724609375" lon="82.8246657550334930419921875">
        <ele>2336.39990234375</ele>
        <time>2026-08-05T05:46:24.000Z</time>
        <extensions>
          <ns3:TrackPointExtension>
            <ns3:hr>100</ns3:hr>
            <ns3:cad>0</ns3:cad>
          </ns3:TrackPointExtension>
        </extensions>
      </trkpt>
      <trkpt lat="28.97924744524061679840087890625" lon="82.824668101966381072998046875">
        <ele>2336</ele>
        <time>2026-08-05T05:46:25.000Z</time>
        <extensions>
          <ns3:TrackPointExtension>
            <ns3:hr>100</ns3:hr>
            <ns3:cad>0</ns3:cad>
          </ns3:TrackPointExtension>
        </extensions>
      </trkpt>
      <trkpt lat="28.9792321063578128814697265625" lon="82.8246833570301532745361328125">
        <ele>2337.199951171875</ele>
        <time>2026-08-05T05:46:32.000Z</time>
        <extensions>
          <ns3:TrackPointExtension>
            <ns3:hr>100</ns3:hr>
            <ns3:cad>0</ns3:cad>
          </ns3:TrackPointExtension>
        </extensions>
      </trkpt>
      <trkpt lat="28.97921877913177013397216796875" lon="82.82469064928591251373291015625">
        <ele>2336.60009765625</ele>
        <time>2026-08-05T05:46:39.000Z</time>
        <extensions>
          <ns3:TrackPointExtension>
            <ns3:hr>99</ns3:hr>
            <ns3:cad>0</ns3:cad>
          </ns3:TrackPointExtension>
        </extensions>
      </trkpt>
      <trkpt lat="28.97921877913177013397216796875" lon="82.82469064928591251373291015625">
        <ele>2335.39990234375</ele>
        <time>2026-08-05T05:46:43.000Z</time>
        <extensions>
          <ns3:TrackPointExtension>
            <ns3:hr>99</ns3:hr>
            <ns3:cad>0</ns3:cad>
          </ns3:TrackPointExtension>
        </extensions>
      </trkpt>
      <trkpt lat="28.97921877913177013397216796875" lon="82.82469064928591251373291015625">
        <ele>2335.800048828125</ele>
        <time>2026-08-05T05:46:53.000Z</time>
        <extensions>
          <ns3:TrackPointExtension>
            <ns3:hr>101</ns3:hr>
            <ns3:cad>0</ns3:cad>
          </ns3:TrackPointExtension>
        </extensions>
      </trkpt>
      <trkpt lat="28.97921877913177013397216796875" lon="82.82469064928591251373291015625">
        <ele>2336.60009765625</ele>
        <time>2026-08-05T05:46:56.000Z</time>
        <extensions>
          <ns3:TrackPointExtension>
            <ns3:hr>98</ns3:hr>
            <ns3:cad>0</ns3:cad>
          </ns3:TrackPointExtension>
        </extensions>
      </trkpt>
      <trkpt lat="28.9791952259838581085205078125" lon="82.82470607198774814605712890625">
        <ele>2336.800048828125</ele>
        <time>2026-08-05T05:47:04.000Z</time>
        <extensions>
          <ns3:TrackPointExtension>
            <ns3:hr>98</ns3:hr>
            <ns3:cad>0</ns3:cad>
          </ns3:TrackPointExtension>
        </extensions>
      </trkpt>
      <trkpt lat="28.97915960289537906646728515625" lon="82.8247178904712200164794921875">
        <ele>2337.60009765625</ele>
        <time>2026-08-05T05:47:10.000Z</time>
        <extensions>
          <ns3:TrackPointExtension>
            <ns3:hr>98</ns3:hr>
            <ns3:cad>75</ns3:cad>
          </ns3:TrackPointExtension>
        </extensions>
      </trkpt>
      <trkpt lat="28.9791534841060638427734375" lon="82.82471604645252227783203125">
        <ele>2337.800048828125</ele>
        <time>2026-08-05T05:47:11.000Z</time>
        <extensions>
          <ns3:TrackPointExtension>
            <ns3:hr>98</ns3:hr>
            <ns3:cad>77</ns3:cad>
          </ns3:TrackPointExtension>
        </extensions>
      </trkpt>
      <trkpt lat="28.9791372232139110565185546875" lon="82.82471713609993457794189453125">
        <ele>2338.199951171875</ele>
        <time>2026-08-05T05:47:13.000Z</time>
        <extensions>
          <ns3:TrackPointExtension>
            <ns3:hr>93</ns3:hr>
            <ns3:cad>41</ns3:cad>
          </ns3:TrackPointExtension>
        </extensions>
      </trkpt>
      <trkpt lat="28.9791218005120754241943359375" lon="82.82472082413733005523681640625">
        <ele>2338.60009765625</ele>
        <time>2026-08-05T05:47:15.000Z</time>
        <extensions>
          <ns3:TrackPointExtension>
            <ns3:hr>92</ns3:hr>
            <ns3:cad>41</ns3:cad>
          </ns3:TrackPointExtension>
        </extensions>
      </trkpt>
      <trkpt lat="28.979093134403228759765625" lon="82.82472535036504268646240234375">
        <ele>2339.199951171875</ele>
        <time>2026-08-05T05:47:18.000Z</time>
        <extensions>
          <ns3:TrackPointExtension>
            <ns3:hr>94</ns3:hr>
            <ns3:cad>75</ns3:cad>
          </ns3:TrackPointExtension>
        </extensions>
      </trkpt>
      <trkpt lat="28.97905818186700344085693359375" lon="82.82472467981278896331787109375">
        <ele>2338.199951171875</ele>
        <time>2026-08-05T05:47:25.000Z</time>
        <extensions>
          <ns3:TrackPointExtension>
            <ns3:hr>95</ns3:hr>
            <ns3:cad>0</ns3:cad>
          </ns3:TrackPointExtension>
        </extensions>
      </trkpt>
      <trkpt lat="28.979057930409908294677734375" lon="82.82472074031829833984375">
        <ele>2338.199951171875</ele>
        <time>2026-08-05T05:47:26.000Z</time>
        <extensions>
          <ns3:TrackPointExtension>
            <ns3:hr>98</ns3:hr>
            <ns3:cad>0</ns3:cad>
          </ns3:TrackPointExtension>
        </extensions>
      </trkpt>
      <trkpt lat="28.9790327847003936767578125" lon="82.82471696846187114715576171875">
        <ele>2338.199951171875</ele>
        <time>2026-08-05T05:47:34.000Z</time>
        <extensions>
          <ns3:TrackPointExtension>
            <ns3:hr>101</ns3:hr>
            <ns3:cad>0</ns3:cad>
          </ns3:TrackPointExtension>
        </extensions>
      </trkpt>
      <trkpt lat="28.9790094830095767974853515625" lon="82.824719734489917755126953125">
        <ele>2337.60009765625</ele>
        <time>2026-08-05T05:47:37.000Z</time>
        <extensions>
          <ns3:TrackPointExtension>
            <ns3:hr>101</ns3:hr>
            <ns3:cad>48</ns3:cad>
          </ns3:TrackPointExtension>
        </extensions>
      </trkpt>
      <trkpt lat="28.97897704504430294036865234375" lon="82.82474345527589321136474609375">
        <ele>2336.800048828125</ele>
        <time>2026-08-05T05:47:41.000Z</time>
        <extensions>
          <ns3:TrackPointExtension>
            <ns3:hr>99</ns3:hr>
            <ns3:cad>48</ns3:cad>
          </ns3:TrackPointExtension>
        </extensions>
      </trkpt>
      <trkpt lat="28.978965394198894500732421875" lon="82.82475384883582592010498046875">
        <ele>2336.199951171875</ele>
        <time>2026-08-05T05:47:43.000Z</time>
        <extensions>
          <ns3:TrackPointExtension>
            <ns3:hr>97</ns3:hr>
            <ns3:cad>48</ns3:cad>
          </ns3:TrackPointExtension>
        </extensions>
      </trkpt>
      <trkpt lat="28.9789496362209320068359375" lon="82.82478804700076580047607421875">
        <ele>2335.60009765625</ele>
        <time>2026-08-05T05:47:46.000Z</time>
        <extensions>
          <ns3:TrackPointExtension>
            <ns3:hr>100</ns3:hr>
            <ns3:cad>50</ns3:cad>
          </ns3:TrackPointExtension>
        </extensions>
      </trkpt>
      <trkpt lat="28.978941924870014190673828125" lon="82.824792154133319854736328125">
        <ele>2335.60009765625</ele>
        <time>2026-08-05T05:47:47.000Z</time>
        <extensions>
          <ns3:TrackPointExtension>
            <ns3:hr>102</ns3:hr>
            <ns3:cad>50</ns3:cad>
          </ns3:TrackPointExtension>
        </extensions>
      </trkpt>
      <trkpt lat="28.97893329150974750518798828125" lon="82.82480497844517230987548828125">
        <ele>2335</ele>
        <time>2026-08-05T05:47:49.000Z</time>
        <extensions>
          <ns3:TrackPointExtension>
            <ns3:hr>103</ns3:hr>
            <ns3:cad>50</ns3:cad>
          </ns3:TrackPointExtension>
        </extensions>
      </trkpt>
      <trkpt lat="28.9789040386676788330078125" lon="82.8248278610408306121826171875">
        <ele>2334.39990234375</ele>
        <time>2026-08-05T05:47:53.000Z</time>
        <extensions>
          <ns3:TrackPointExtension>
            <ns3:hr>102</ns3:hr>
            <ns3:cad>48</ns3:cad>
          </ns3:TrackPointExtension>
        </extensions>
      </trkpt>
      <trkpt lat="28.978856764733791351318359375" lon="82.8248446248471736907958984375">
        <ele>2334.199951171875</ele>
        <time>2026-08-05T05:47:58.000Z</time>
        <extensions>
          <ns3:TrackPointExtension>
            <ns3:hr>99</ns3:hr>
            <ns3:cad>48</ns3:cad>
          </ns3:TrackPointExtension>
        </extensions>
      </trkpt>
      <trkpt lat="28.9788354746997356414794921875" lon="82.8248469717800617218017578125">
        <ele>2334</ele>
        <time>2026-08-05T05:48:00.000Z</time>
        <extensions>
          <ns3:TrackPointExtension>
            <ns3:hr>100</ns3:hr>
            <ns3:cad>48</ns3:cad>
          </ns3:TrackPointExtension>
        </extensions>
      </trkpt>
      <trkpt lat="28.97880144417285919189453125" lon="82.824850492179393768310546875">
        <ele>2333.39990234375</ele>
        <time>2026-08-05T05:48:04.000Z</time>
        <extensions>
          <ns3:TrackPointExtension>
            <ns3:hr>100</ns3:hr>
            <ns3:cad>45</ns3:cad>
          </ns3:TrackPointExtension>
        </extensions>
      </trkpt>
      <trkpt lat="28.97878275252878665924072265625" lon="82.82486650161445140838623046875">
        <ele>2333.199951171875</ele>
        <time>2026-08-05T05:48:10.000Z</time>
        <extensions>
          <ns3:TrackPointExtension>
            <ns3:hr>100</ns3:hr>
            <ns3:cad>0</ns3:cad>
          </ns3:TrackPointExtension>
        </extensions>
      </trkpt>
      <trkpt lat="28.97878426127135753631591796875" lon="82.82486482523381710052490234375">
        <ele>2333</ele>
        <time>2026-08-05T05:48:12.000Z</time>
        <extensions>
          <ns3:TrackPointExtension>
            <ns3:hr>98</ns3:hr>
            <ns3:cad>71</ns3:cad>
          </ns3:TrackPointExtension>
        </extensions>
      </trkpt>
      <trkpt lat="28.97878400981426239013671875" lon="82.82486784271895885467529296875">
        <ele>2332.60009765625</ele>
        <time>2026-08-05T05:48:15.000Z</time>
        <extensions>
          <ns3:TrackPointExtension>
            <ns3:hr>97</ns3:hr>
            <ns3:cad>0</ns3:cad>
          </ns3:TrackPointExtension>
        </extensions>
      </trkpt>
      <trkpt lat="28.97878409363329410552978515625" lon="82.8248677588999271392822265625">
        <ele>2332.60009765625</ele>
        <time>2026-08-05T05:48:21.000Z</time>
        <extensions>
          <ns3:TrackPointExtension>
            <ns3:hr>94</ns3:hr>
            <ns3:cad>0</ns3:cad>
          </ns3:TrackPointExtension>
        </extensions>
      </trkpt>
      <trkpt lat="28.97876900620758533477783203125" lon="82.82489483244717121124267578125">
        <ele>2332</ele>
        <time>2026-08-05T05:48:32.000Z</time>
        <extensions>
          <ns3:TrackPointExtension>
            <ns3:hr>96</ns3:hr>
            <ns3:cad>0</ns3:cad>
          </ns3:TrackPointExtension>
        </extensions>
      </trkpt>
      <trkpt lat="28.978762216866016387939453125" lon="82.8249012865126132965087890625">
        <ele>2332</ele>
        <time>2026-08-05T05:48:41.000Z</time>
        <extensions>
          <ns3:TrackPointExtension>
            <ns3:hr>97</ns3:hr>
            <ns3:cad>0</ns3:cad>
          </ns3:TrackPointExtension>
        </extensions>
      </trkpt>
      <trkpt lat="28.978762216866016387939453125" lon="82.8249012865126132965087890625">
        <ele>2331.60009765625</ele>
        <time>2026-08-05T05:48:59.000Z</time>
        <extensions>
          <ns3:TrackPointExtension>
            <ns3:hr>97</ns3:hr>
            <ns3:cad>0</ns3:cad>
          </ns3:TrackPointExtension>
        </extensions>
      </trkpt>
      <trkpt lat="28.978762216866016387939453125" lon="82.8249012865126132965087890625">
        <ele>2330.800048828125</ele>
        <time>2026-08-05T05:49:02.000Z</time>
        <extensions>
          <ns3:TrackPointExtension>
            <ns3:hr>96</ns3:hr>
            <ns3:cad>0</ns3:cad>
          </ns3:TrackPointExtension>
        </extensions>
      </trkpt>
      <trkpt lat="28.978762216866016387939453125" lon="82.8249012865126132965087890625">
        <ele>2331.39990234375</ele>
        <time>2026-08-05T05:49:13.000Z</time>
        <extensions>
          <ns3:TrackPointExtension>
            <ns3:hr>94</ns3:hr>
            <ns3:cad>0</ns3:cad>
          </ns3:TrackPointExtension>
        </extensions>
      </trkpt>
      <trkpt lat="28.978762216866016387939453125" lon="82.8249012865126132965087890625">
        <ele>2331.39990234375</ele>
        <time>2026-08-05T05:49:27.000Z</time>
        <extensions>
          <ns3:TrackPointExtension>
            <ns3:hr>94</ns3:hr>
            <ns3:cad>0</ns3:cad>
          </ns3:TrackPointExtension>
        </extensions>
      </trkpt>
      <trkpt lat="28.978762216866016387939453125" lon="82.8249012865126132965087890625">
        <ele>2331.199951171875</ele>
        <time>2026-08-05T05:49:42.000Z</time>
        <extensions>
          <ns3:TrackPointExtension>
            <ns3:hr>91</ns3:hr>
            <ns3:cad>0</ns3:cad>
          </ns3:TrackPointExtension>
        </extensions>
      </trkpt>
      <trkpt lat="28.978762216866016387939453125" lon="82.8249012865126132965087890625">
        <ele>2331</ele>
        <time>2026-08-05T05:49:43.000Z</time>
        <extensions>
          <ns3:TrackPointExtension>
            <ns3:hr>91</ns3:hr>
            <ns3:cad>0</ns3:cad>
          </ns3:TrackPointExtension>
        </extensions>
      </trkpt>
      <trkpt lat="28.9787570200860500335693359375" lon="82.824901454150676727294921875">
        <ele>2331.800048828125</ele>
        <time>2026-08-05T05:50:00.000Z</time>
        <extensions>
          <ns3:TrackPointExtension>
            <ns3:hr>90</ns3:hr>
            <ns3:cad>0</ns3:cad>
          </ns3:TrackPointExtension>
        </extensions>
      </trkpt>
      <trkpt lat="28.978762216866016387939453125" lon="82.8249012865126132965087890625">
        <ele>2331.800048828125</ele>
        <time>2026-08-05T05:50:02.000Z</time>
        <extensions>
          <ns3:TrackPointExtension>
            <ns3:hr>90</ns3:hr>
            <ns3:cad>0</ns3:cad>
          </ns3:TrackPointExtension>
        </extensions>
      </trkpt>
      <trkpt lat="28.978762216866016387939453125" lon="82.8249012865126132965087890625">
        <ele>2331.199951171875</ele>
        <time>2026-08-05T05:50:10.000Z</time>
        <extensions>
          <ns3:TrackPointExtension>
            <ns3:hr>87</ns3:hr>
            <ns3:cad>0</ns3:cad>
          </ns3:TrackPointExtension>
        </extensions>
      </trkpt>
      <trkpt lat="28.978762216866016387939453125" lon="82.8249012865126132965087890625">
        <ele>2331.60009765625</ele>
        <time>2026-08-05T05:50:14.000Z</time>
        <extensions>
          <ns3:TrackPointExtension>
            <ns3:hr>88</ns3:hr>
            <ns3:cad>0</ns3:cad>
          </ns3:TrackPointExtension>
        </extensions>
      </trkpt>
      <trkpt lat="28.9787768013775348663330078125" lon="82.82489047385752201080322265625">
        <ele>2332.199951171875</ele>
        <time>2026-08-05T05:50:20.000Z</time>
        <extensions>
          <ns3:TrackPointExtension>
            <ns3:hr>87</ns3:hr>
            <ns3:cad>0</ns3:cad>
          </ns3:TrackPointExtension>
        </extensions>
      </trkpt>
      <trkpt lat="28.97877755574882030487060546875" lon="82.8249073214828968048095703125">
        <ele>2332</ele>
        <time>2026-08-05T05:50:24.000Z</time>
        <extensions>
          <ns3:TrackPointExtension>
            <ns3:hr>88</ns3:hr>
            <ns3:cad>0</ns3:cad>
          </ns3:TrackPointExtension>
        </extensions>
      </trkpt>
      <trkpt lat="28.97875861264765262603759765625" lon="82.82493439503014087677001953125">
        <ele>2331.800048828125</ele>
        <time>2026-08-05T05:50:33.000Z</time>
        <extensions>
          <ns3:TrackPointExtension>
            <ns3:hr>88</ns3:hr>
            <ns3:cad>44</ns3:cad>
          </ns3:TrackPointExtension>
        </extensions>
      </trkpt>
      <trkpt lat="28.978739082813262939453125" lon="82.82494914717972278594970703125">
        <ele>2331.39990234375</ele>
        <time>2026-08-05T05:50:38.000Z</time>
        <extensions>
          <ns3:TrackPointExtension>
            <ns3:hr>87</ns3:hr>
            <ns3:cad>44</ns3:cad>
          </ns3:TrackPointExtension>
        </extensions>
      </trkpt>
      <trkpt lat="28.97873170673847198486328125" lon="82.82497127540409564971923828125">
        <ele>2331.199951171875</ele>
        <time>2026-08-05T05:50:42.000Z</time>
        <extensions>
          <ns3:TrackPointExtension>
            <ns3:hr>84</ns3:hr>
            <ns3:cad>43</ns3:cad>
          </ns3:TrackPointExtension>
        </extensions>
      </trkpt>
      <trkpt lat="28.97871234454214572906494140625" lon="82.82496809028089046478271484375">
        <ele>2331</ele>
        <time>2026-08-05T05:50:44.000Z</time>
        <extensions>
          <ns3:TrackPointExtension>
            <ns3:hr>85</ns3:hr>
            <ns3:cad>0</ns3:cad>
          </ns3:TrackPointExtension>
        </extensions>
      </trkpt>
      <trkpt lat="28.978701196610927581787109375" lon="82.82497446052730083465576171875">
        <ele>2330.800048828125</ele>
        <time>2026-08-05T05:50:45.000Z</time>
        <extensions>
          <ns3:TrackPointExtension>
            <ns3:hr>85</ns3:hr>
            <ns3:cad>0</ns3:cad>
          </ns3:TrackPointExtension>
        </extensions>
      </trkpt>
      <trkpt lat="28.97865870036184787750244140625" lon="82.82499373890459537506103515625">
        <ele>2330.39990234375</ele>
        <time>2026-08-05T05:50:50.000Z</time>
        <extensions>
          <ns3:TrackPointExtension>
            <ns3:hr>88</ns3:hr>
            <ns3:cad>0</ns3:cad>
          </ns3:TrackPointExtension>
        </extensions>
      </trkpt>
      <trkpt lat="28.97864730097353458404541015625" lon="82.82499977387487888336181640625">
        <ele>2330.39990234375</ele>
        <time>2026-08-05T05:50:52.000Z</time>
        <extensions>
          <ns3:TrackPointExtension>
            <ns3:hr>91</ns3:hr>
            <ns3:cad>0</ns3:cad>
          </ns3:TrackPointExtension>
        </extensions>
      </trkpt>
      <trkpt lat="28.97860572673380374908447265625" lon="82.82501217909157276153564453125">
        <ele>2331.39990234375</ele>
        <time>2026-08-05T05:50:57.000Z</time>
        <extensions>
          <ns3:TrackPointExtension>
            <ns3:hr>90</ns3:hr>
            <ns3:cad>0</ns3:cad>
          </ns3:TrackPointExtension>
        </extensions>
      </trkpt>
      <trkpt lat="28.97858410142362117767333984375" lon="82.82501821406185626983642578125">
        <ele>2331.60009765625</ele>
        <time>2026-08-05T05:51:00.000Z</time>
        <extensions>
          <ns3:TrackPointExtension>
            <ns3:hr>94</ns3:hr>
            <ns3:cad>76</ns3:cad>
          </ns3:TrackPointExtension>
        </extensions>
      </trkpt>
      <trkpt lat="28.97855727933347225189208984375" lon="82.82500916160643100738525390625">
        <ele>2331.800048828125</ele>
        <time>2026-08-05T05:51:03.000Z</time>
        <extensions>
          <ns3:TrackPointExtension>
            <ns3:hr>95</ns3:hr>
            <ns3:cad>40</ns3:cad>
          </ns3:TrackPointExtension>
        </extensions>
      </trkpt>
      <trkpt lat="28.978545963764190673828125" lon="82.825007401406764984130859375">
        <ele>2332</ele>
        <time>2026-08-05T05:51:04.000Z</time>
        <extensions>
          <ns3:TrackPointExtension>
            <ns3:hr>95</ns3:hr>
            <ns3:cad>40</ns3:cad>
          </ns3:TrackPointExtension>
        </extensions>
      </trkpt>
      <trkpt lat="28.9785146154463291168212890625" lon="82.82500631175935268402099609375">
        <ele>2331.800048828125</ele>
        <time>2026-08-05T05:51:08.000Z</time>
        <extensions>
          <ns3:TrackPointExtension>
            <ns3:hr>97</ns3:hr>
            <ns3:cad>40</ns3:cad>
          </ns3:TrackPointExtension>
        </extensions>
      </trkpt>
      <trkpt lat="28.9784837700426578521728515625" lon="82.82500446774065494537353515625">
        <ele>2332.800048828125</ele>
        <time>2026-08-05T05:51:16.000Z</time>
        <extensions>
          <ns3:TrackPointExtension>
            <ns3:hr>97</ns3:hr>
            <ns3:cad>0</ns3:cad>
          </ns3:TrackPointExtension>
        </extensions>
      </trkpt>
      <trkpt lat="28.97847983054816722869873046875" lon="82.825005054473876953125">
        <ele>2333.199951171875</ele>
        <time>2026-08-05T05:51:17.000Z</time>
        <extensions>
          <ns3:TrackPointExtension>
            <ns3:hr>98</ns3:hr>
            <ns3:cad>0</ns3:cad>
          </ns3:TrackPointExtension>
        </extensions>
      </trkpt>
      <trkpt lat="28.97846038453280925750732421875" lon="82.82498837448656558990478515625">
        <ele>2333</ele>
        <time>2026-08-05T05:51:21.000Z</time>
        <extensions>
          <ns3:TrackPointExtension>
            <ns3:hr>101</ns3:hr>
            <ns3:cad>73</ns3:cad>
          </ns3:TrackPointExtension>
        </extensions>
      </trkpt>
      <trkpt lat="28.97845418192446231842041015625" lon="82.82498820684850215911865234375">
        <ele>2333</ele>
        <time>2026-08-05T05:51:22.000Z</time>
        <extensions>
          <ns3:TrackPointExtension>
            <ns3:hr>102</ns3:hr>
            <ns3:cad>73</ns3:cad>
          </ns3:TrackPointExtension>
        </extensions>
      </trkpt>
      <trkpt lat="28.97842886857688426971435546875" lon="82.824987955391407012939453125">
        <ele>2332.800048828125</ele>
        <time>2026-08-05T05:51:25.000Z</time>
        <extensions>
          <ns3:TrackPointExtension>
            <ns3:hr>103</ns3:hr>
            <ns3:cad>73</ns3:cad>
          </ns3:TrackPointExtension>
        </extensions>
      </trkpt>
      <trkpt lat="28.97841042838990688323974609375" lon="82.82497756183147430419921875">
        <ele>2332.60009765625</ele>
        <time>2026-08-05T05:51:27.000Z</time>
        <extensions>
          <ns3:TrackPointExtension>
            <ns3:hr>104</ns3:hr>
            <ns3:cad>41</ns3:cad>
          </ns3:TrackPointExtension>
        </extensions>
      </trkpt>
      <trkpt lat="28.9783888868987560272216796875" lon="82.824961803853511810302734375">
        <ele>2332.60009765625</ele>
        <time>2026-08-05T05:51:32.000Z</time>
        <extensions>
          <ns3:TrackPointExtension>
            <ns3:hr>102</ns3:hr>
            <ns3:cad>0</ns3:cad>
          </ns3:TrackPointExtension>
        </extensions>
      </trkpt>
      <trkpt lat="28.9783865399658679962158203125" lon="82.8249607980251312255859375">
        <ele>2332.39990234375</ele>
        <time>2026-08-05T05:51:35.000Z</time>
        <extensions>
          <ns3:TrackPointExtension>
            <ns3:hr>98</ns3:hr>
            <ns3:cad>0</ns3:cad>
          </ns3:TrackPointExtension>
        </extensions>
      </trkpt>
      <trkpt lat="28.9783595502376556396484375" lon="82.824946381151676177978515625">
        <ele>2332</ele>
        <time>2026-08-05T05:51:40.000Z</time>
        <extensions>
          <ns3:TrackPointExtension>
            <ns3:hr>99</ns3:hr>
            <ns3:cad>0</ns3:cad>
          </ns3:TrackPointExtension>
        </extensions>
      </trkpt>
      <trkpt lat="28.97836181335151195526123046875" lon="82.8249408490955829620361328125">
        <ele>2332</ele>
        <time>2026-08-05T05:51:41.000Z</time>
        <extensions>
          <ns3:TrackPointExtension>
            <ns3:hr>102</ns3:hr>
            <ns3:cad>0</ns3:cad>
          </ns3:TrackPointExtension>
        </extensions>
      </trkpt>
      <trkpt lat="28.97835913114249706268310546875" lon="82.82493322156369686126708984375">
        <ele>2331.800048828125</ele>
        <time>2026-08-05T05:51:42.000Z</time>
        <extensions>
          <ns3:TrackPointExtension>
            <ns3:hr>105</ns3:hr>
            <ns3:cad>0</ns3:cad>
          </ns3:TrackPointExtension>
        </extensions>
      </trkpt>
      <trkpt lat="28.9783499948680400848388671875" lon="82.82493196427822113037109375">
        <ele>2331.800048828125</ele>
        <time>2026-08-05T05:51:44.000Z</time>
        <extensions>
          <ns3:TrackPointExtension>
            <ns3:hr>106</ns3:hr>
            <ns3:cad>72</ns3:cad>
          </ns3:TrackPointExtension>
        </extensions>
      </trkpt>
      <trkpt lat="28.9783355779945850372314453125" lon="82.82493825070559978485107421875">
        <ele>2331.800048828125</ele>
        <time>2026-08-05T05:51:46.000Z</time>
        <extensions>
          <ns3:TrackPointExtension>
            <ns3:hr>103</ns3:hr>
            <ns3:cad>0</ns3:cad>
          </ns3:TrackPointExtension>
        </extensions>
      </trkpt>
      <trkpt lat="28.9783221669495105743408203125" lon="82.8249378316104412078857421875">
        <ele>2331.60009765625</ele>
        <time>2026-08-05T05:51:48.000Z</time>
        <extensions>
          <ns3:TrackPointExtension>
            <ns3:hr>100</ns3:hr>
            <ns3:cad>0</ns3:cad>
          </ns3:TrackPointExtension>
        </extensions>
      </trkpt>
      <trkpt lat="28.978320658206939697265625" lon="82.82494193874299526214599609375">
        <ele>2331.60009765625</ele>
        <time>2026-08-05T05:51:50.000Z</time>
        <extensions>
          <ns3:TrackPointExtension>
            <ns3:hr>98</ns3:hr>
            <ns3:cad>0</ns3:cad>
          </ns3:TrackPointExtension>
        </extensions>
      </trkpt>
      <trkpt lat="28.978320658206939697265625" lon="82.82494193874299526214599609375">
        <ele>2330.800048828125</ele>
        <time>2026-08-05T05:51:55.000Z</time>
        <extensions>
          <ns3:TrackPointExtension>
            <ns3:hr>98</ns3:hr>
            <ns3:cad>0</ns3:cad>
          </ns3:TrackPointExtension>
        </extensions>
      </trkpt>
      <trkpt lat="28.978320658206939697265625" lon="82.82494193874299526214599609375">
        <ele>2330.199951171875</ele>
        <time>2026-08-05T05:51:58.000Z</time>
        <extensions>
          <ns3:TrackPointExtension>
            <ns3:hr>97</ns3:hr>
            <ns3:cad>0</ns3:cad>
          </ns3:TrackPointExtension>
        </extensions>
      </trkpt>
      <trkpt lat="28.9783166348934173583984375" lon="82.824942357838153839111328125">
        <ele>2330.199951171875</ele>
        <time>2026-08-05T05:52:04.000Z</time>
        <extensions>
          <ns3:TrackPointExtension>
            <ns3:hr>94</ns3:hr>
            <ns3:cad>0</ns3:cad>
          </ns3:TrackPointExtension>
        </extensions>
      </trkpt>
      <trkpt lat="28.97828436456620693206787109375" lon="82.82494780607521533966064453125">
        <ele>2330.39990234375</ele>
        <time>2026-08-05T05:52:07.000Z</time>
        <extensions>
          <ns3:TrackPointExtension>
            <ns3:hr>93</ns3:hr>
            <ns3:cad>0</ns3:cad>
          </ns3:TrackPointExtension>
        </extensions>
      </trkpt>
      <trkpt lat="28.97820188663899898529052734375" lon="82.8249549306929111480712890625">
        <ele>2331.199951171875</ele>
        <time>2026-08-05T05:52:13.000Z</time>
        <extensions>
          <ns3:TrackPointExtension>
            <ns3:hr>95</ns3:hr>
            <ns3:cad>49</ns3:cad>
          </ns3:TrackPointExtension>
        </extensions>
      </trkpt>
      <trkpt lat="28.9781773276627063751220703125" lon="82.82496909610927104949951171875">
        <ele>2330</ele>
        <time>2026-08-05T05:52:16.000Z</time>
        <extensions>
          <ns3:TrackPointExtension>
            <ns3:hr>95</ns3:hr>
            <ns3:cad>52</ns3:cad>
          </ns3:TrackPointExtension>
        </extensions>
      </trkpt>
      <trkpt lat="28.97817439399659633636474609375" lon="82.8249790705740451812744140625">
        <ele>2329.199951171875</ele>
        <time>2026-08-05T05:52:17.000Z</time>
        <extensions>
          <ns3:TrackPointExtension>
            <ns3:hr>95</ns3:hr>
            <ns3:cad>52</ns3:cad>
          </ns3:TrackPointExtension>
        </extensions>
      </trkpt>
      <trkpt lat="28.97816349752247333526611328125" lon="82.8249983489513397216796875">
        <ele>2328.199951171875</ele>
        <time>2026-08-05T05:52:19.000Z</time>
        <extensions>
          <ns3:TrackPointExtension>
            <ns3:hr>95</ns3:hr>
            <ns3:cad>53</ns3:cad>
          </ns3:TrackPointExtension>
        </extensions>
      </trkpt>
      <trkpt lat="28.97810465656220912933349609375" lon="82.8250286914408206939697265625">
        <ele>2328</ele>
        <time>2026-08-05T05:52:26.000Z</time>
        <extensions>
          <ns3:TrackPointExtension>
            <ns3:hr>94</ns3:hr>
            <ns3:cad>47</ns3:cad>
          </ns3:TrackPointExtension>
        </extensions>
      </trkpt>
      <trkpt lat="28.9780752360820770263671875" lon="82.8250358998775482177734375">
        <ele>2327</ele>
        <time>2026-08-05T05:52:29.000Z</time>
        <extensions>
          <ns3:TrackPointExtension>
            <ns3:hr>94</ns3:hr>
            <ns3:cad>49</ns3:cad>
          </ns3:TrackPointExtension>
        </extensions>
      </trkpt>
      <trkpt lat="28.97803726606070995330810546875" lon="82.82506012357771396636962890625">
        <ele>2326.60009765625</ele>
        <time>2026-08-05T05:52:33.000Z</time>
        <extensions>
          <ns3:TrackPointExtension>
            <ns3:hr>92</ns3:hr>
            <ns3:cad>48</ns3:cad>
          </ns3:TrackPointExtension>
        </extensions>
      </trkpt>
      <trkpt lat="28.97799669764935970306396484375" lon="82.82508795149624347686767578125">
        <ele>2326</ele>
        <time>2026-08-05T05:52:38.000Z</time>
        <extensions>
          <ns3:TrackPointExtension>
            <ns3:hr>93</ns3:hr>
            <ns3:cad>49</ns3:cad>
          </ns3:TrackPointExtension>
        </extensions>
      </trkpt>
      <trkpt lat="28.977983035147190093994140625" lon="82.8251083195209503173828125">
        <ele>2325.60009765625</ele>
        <time>2026-08-05T05:52:40.000Z</time>
        <extensions>
          <ns3:TrackPointExtension>
            <ns3:hr>93</ns3:hr>
            <ns3:cad>50</ns3:cad>
          </ns3:TrackPointExtension>
        </extensions>
      </trkpt>
      <trkpt lat="28.9779744856059551239013671875" lon="82.82512516714632511138916015625">
        <ele>2325</ele>
        <time>2026-08-05T05:52:42.000Z</time>
        <extensions>
          <ns3:TrackPointExtension>
            <ns3:hr>92</ns3:hr>
            <ns3:cad>49</ns3:cad>
          </ns3:TrackPointExtension>
        </extensions>
      </trkpt>
      <trkpt lat="28.97795009426772594451904296875" lon="82.82516724430024623870849609375">
        <ele>2324.60009765625</ele>
        <time>2026-08-05T05:52:47.000Z</time>
        <extensions>
          <ns3:TrackPointExtension>
            <ns3:hr>90</ns3:hr>
            <ns3:cad>52</ns3:cad>
          </ns3:TrackPointExtension>
        </extensions>
      </trkpt>
      <trkpt lat="28.97793215699493885040283203125" lon="82.82519373111426830291748046875">
        <ele>2323.800048828125</ele>
        <time>2026-08-05T05:52:51.000Z</time>
        <extensions>
          <ns3:TrackPointExtension>
            <ns3:hr>89</ns3:hr>
            <ns3:cad>49</ns3:cad>
          </ns3:TrackPointExtension>
        </extensions>
      </trkpt>
      <trkpt lat="28.97791572846472263336181640625" lon="82.8252181224524974822998046875">
        <ele>2323.199951171875</ele>
        <time>2026-08-05T05:52:54.000Z</time>
        <extensions>
          <ns3:TrackPointExtension>
            <ns3:hr>91</ns3:hr>
            <ns3:cad>45</ns3:cad>
          </ns3:TrackPointExtension>
        </extensions>
      </trkpt>
      <trkpt lat="28.97791589610278606414794921875" lon="82.8252268396317958831787109375">
        <ele>2322.800048828125</ele>
        <time>2026-08-05T05:52:56.000Z</time>
        <extensions>
          <ns3:TrackPointExtension>
            <ns3:hr>92</ns3:hr>
            <ns3:cad>45</ns3:cad>
          </ns3:TrackPointExtension>
        </extensions>
      </trkpt>
      <trkpt lat="28.97791053168475627899169921875" lon="82.8252424299716949462890625">
        <ele>2322.39990234375</ele>
        <time>2026-08-05T05:52:58.000Z</time>
        <extensions>
          <ns3:TrackPointExtension>
            <ns3:hr>93</ns3:hr>
            <ns3:cad>41</ns3:cad>
          </ns3:TrackPointExtension>
        </extensions>
      </trkpt>
      <trkpt lat="28.97790365852415561676025390625" lon="82.8252477943897247314453125">
        <ele>2322.199951171875</ele>
        <time>2026-08-05T05:52:59.000Z</time>
        <extensions>
          <ns3:TrackPointExtension>
            <ns3:hr>93</ns3:hr>
            <ns3:cad>49</ns3:cad>
          </ns3:TrackPointExtension>
        </extensions>
      </trkpt>
      <trkpt lat="28.9778859727084636688232421875" lon="82.8252721019089221954345703125">
        <ele>2322</ele>
        <time>2026-08-05T05:53:02.000Z</time>
        <extensions>
          <ns3:TrackPointExtension>
            <ns3:hr>95</ns3:hr>
            <ns3:cad>52</ns3:cad>
          </ns3:TrackPointExtension>
        </extensions>
      </trkpt>
      <trkpt lat="28.9778836257755756378173828125" lon="82.825285680592060089111328125">
        <ele>2321.800048828125</ele>
        <time>2026-08-05T05:53:03.000Z</time>
        <extensions>
          <ns3:TrackPointExtension>
            <ns3:hr>95</ns3:hr>
            <ns3:cad>52</ns3:cad>
          </ns3:TrackPointExtension>
        </extensions>
      </trkpt>
      <trkpt lat="28.97787742316722869873046875" lon="82.8253099881112575531005859375">
        <ele>2321.39990234375</ele>
        <time>2026-08-05T05:53:05.000Z</time>
        <extensions>
          <ns3:TrackPointExtension>
            <ns3:hr>95</ns3:hr>
            <ns3:cad>52</ns3:cad>
          </ns3:TrackPointExtension>
        </extensions>
      </trkpt>
      <trkpt lat="28.9778500981628894805908203125" lon="82.825387604534626007080078125">
        <ele>2320.60009765625</ele>
        <time>2026-08-05T05:53:12.000Z</time>
        <extensions>
          <ns3:TrackPointExtension>
            <ns3:hr>96</ns3:hr>
            <ns3:cad>0</ns3:cad>
          </ns3:TrackPointExtension>
        </extensions>
      </trkpt>
      <trkpt lat="28.97784783504903316497802734375" lon="82.825436890125274658203125">
        <ele>2321.39990234375</ele>
        <time>2026-08-05T05:53:17.000Z</time>
        <extensions>
          <ns3:TrackPointExtension>
            <ns3:hr>98</ns3:hr>
            <ns3:cad>0</ns3:cad>
          </ns3:TrackPointExtension>
        </extensions>
      </trkpt>
      <trkpt lat="28.97785596549510955810546875" lon="82.82550302334129810333251953125">
        <ele>2320.60009765625</ele>
        <time>2026-08-05T05:53:23.000Z</time>
        <extensions>
          <ns3:TrackPointExtension>
            <ns3:hr>99</ns3:hr>
            <ns3:cad>0</ns3:cad>
          </ns3:TrackPointExtension>
        </extensions>
      </trkpt>
      <trkpt lat="28.97786443121731281280517578125" lon="82.82558248378336429595947265625">
        <ele>2321.199951171875</ele>
        <time>2026-08-05T05:53:30.000Z</time>
        <extensions>
          <ns3:TrackPointExtension>
            <ns3:hr>99</ns3:hr>
            <ns3:cad>43</ns3:cad>
          </ns3:TrackPointExtension>
        </extensions>
      </trkpt>
      <trkpt lat="28.977879099547863006591796875" lon="82.82566747628152370452880859375">
        <ele>2320.60009765625</ele>
        <time>2026-08-05T05:53:38.000Z</time>
        <extensions>
          <ns3:TrackPointExtension>
            <ns3:hr>100</ns3:hr>
            <ns3:cad>44</ns3:cad>
          </ns3:TrackPointExtension>
        </extensions>
      </trkpt>
      <trkpt lat="28.977885134518146514892578125" lon="82.82569681294262409210205078125">
        <ele>2320.199951171875</ele>
        <time>2026-08-05T05:53:41.000Z</time>
        <extensions>
          <ns3:TrackPointExtension>
            <ns3:hr>97</ns3:hr>
            <ns3:cad>47</ns3:cad>
          </ns3:TrackPointExtension>
        </extensions>
      </trkpt>
      <trkpt lat="28.97788873873651027679443359375" lon="82.825726568698883056640625">
        <ele>2320</ele>
        <time>2026-08-05T05:53:44.000Z</time>
        <extensions>
          <ns3:TrackPointExtension>
            <ns3:hr>94</ns3:hr>
            <ns3:cad>46</ns3:cad>
          </ns3:TrackPointExtension>
        </extensions>
      </trkpt>
      <trkpt lat="28.97789242677390575408935546875" lon="82.8257424943149089813232421875">
        <ele>2320</ele>
        <time>2026-08-05T05:53:47.000Z</time>
        <extensions>
          <ns3:TrackPointExtension>
            <ns3:hr>94</ns3:hr>
            <ns3:cad>0</ns3:cad>
          </ns3:TrackPointExtension>
        </extensions>
      </trkpt>
      <trkpt lat="28.97789460606873035430908203125" lon="82.82574676908552646636962890625">
        <ele>2319.60009765625</ele>
        <time>2026-08-05T05:53:52.000Z</time>
        <extensions>
          <ns3:TrackPointExtension>
            <ns3:hr>96</ns3:hr>
            <ns3:cad>0</ns3:cad>
          </ns3:TrackPointExtension>
        </extensions>
      </trkpt>
      <trkpt lat="28.97789460606873035430908203125" lon="82.82574676908552646636962890625">
        <ele>2319.39990234375</ele>
        <time>2026-08-05T05:53:59.000Z</time>
        <extensions>
          <ns3:TrackPointExtension>
            <ns3:hr>98</ns3:hr>
            <ns3:cad>0</ns3:cad>
          </ns3:TrackPointExtension>
        </extensions>
      </trkpt>
      <trkpt lat="28.97789460606873035430908203125" lon="82.82574676908552646636962890625">
        <ele>2320</ele>
        <time>2026-08-05T05:54:07.000Z</time>
        <extensions>
          <ns3:TrackPointExtension>
            <ns3:hr>99</ns3:hr>
            <ns3:cad>0</ns3:cad>
          </ns3:TrackPointExtension>
        </extensions>
      </trkpt>
      <trkpt lat="28.97789611481130123138427734375" lon="82.82575070858001708984375">
        <ele>2319.800048828125</ele>
        <time>2026-08-05T05:54:17.000Z</time>
        <extensions>
          <ns3:TrackPointExtension>
            <ns3:hr>98</ns3:hr>
            <ns3:cad>0</ns3:cad>
          </ns3:TrackPointExtension>
        </extensions>
      </trkpt>
      <trkpt lat="28.977899886667728424072265625" lon="82.82581952400505542755126953125">
        <ele>2319.39990234375</ele>
        <time>2026-08-05T05:54:23.000Z</time>
        <extensions>
          <ns3:TrackPointExtension>
            <ns3:hr>96</ns3:hr>
            <ns3:cad>47</ns3:cad>
          </ns3:TrackPointExtension>
        </extensions>
      </trkpt>
      <trkpt lat="28.97791321389377117156982421875" lon="82.8258363716304302215576171875">
        <ele>2319</ele>
        <time>2026-08-05T05:54:27.000Z</time>
        <extensions>
          <ns3:TrackPointExtension>
            <ns3:hr>93</ns3:hr>
            <ns3:cad>43</ns3:cad>
          </ns3:TrackPointExtension>
        </extensions>
      </trkpt>
      <trkpt lat="28.9779161475598812103271484375" lon="82.82584584318101406097412109375">
        <ele>2319</ele>
        <time>2026-08-05T05:54:28.000Z</time>
        <extensions>
          <ns3:TrackPointExtension>
            <ns3:hr>93</ns3:hr>
            <ns3:cad>0</ns3:cad>
          </ns3:TrackPointExtension>
        </extensions>
      </trkpt>
      <trkpt lat="28.97791505791246891021728515625" lon="82.82590870745480060577392578125">
        <ele>2319.199951171875</ele>
        <time>2026-08-05T05:54:33.000Z</time>
        <extensions>
          <ns3:TrackPointExtension>
            <ns3:hr>92</ns3:hr>
            <ns3:cad>50</ns3:cad>
          </ns3:TrackPointExtension>
        </extensions>
      </trkpt>
      <trkpt lat="28.97791824303567409515380859375" lon="82.82597626559436321258544921875">
        <ele>2319.39990234375</ele>
        <time>2026-08-05T05:54:38.000Z</time>
        <extensions>
          <ns3:TrackPointExtension>
            <ns3:hr>89</ns3:hr>
            <ns3:cad>48</ns3:cad>
          </ns3:TrackPointExtension>
        </extensions>
      </trkpt>
      <trkpt lat="28.977917991578578948974609375" lon="82.82599269412457942962646484375">
        <ele>2319.39990234375</ele>
        <time>2026-08-05T05:54:39.000Z</time>
        <extensions>
          <ns3:TrackPointExtension>
            <ns3:hr>90</ns3:hr>
            <ns3:cad>48</ns3:cad>
          </ns3:TrackPointExtension>
        </extensions>
      </trkpt>
      <trkpt lat="28.9779121242463588714599609375" lon="82.82601892948150634765625">
        <ele>2319.39990234375</ele>
        <time>2026-08-05T05:54:41.000Z</time>
        <extensions>
          <ns3:TrackPointExtension>
            <ns3:hr>93</ns3:hr>
            <ns3:cad>48</ns3:cad>
          </ns3:TrackPointExtension>
        </extensions>
      </trkpt>
      <trkpt lat="28.97790634073317050933837890625" lon="82.82604373991489410400390625">
        <ele>2319</ele>
        <time>2026-08-05T05:54:43.000Z</time>
        <extensions>
          <ns3:TrackPointExtension>
            <ns3:hr>96</ns3:hr>
            <ns3:cad>47</ns3:cad>
          </ns3:TrackPointExtension>
        </extensions>
      </trkpt>
      <trkpt lat="28.9778970368206501007080078125" lon="82.82606963999569416046142578125">
        <ele>2318.800048828125</ele>
        <time>2026-08-05T05:54:45.000Z</time>
        <extensions>
          <ns3:TrackPointExtension>
            <ns3:hr>97</ns3:hr>
            <ns3:cad>49</ns3:cad>
          </ns3:TrackPointExtension>
        </extensions>
      </trkpt>
      <trkpt lat="28.97789628244936466217041015625" lon="82.8260838054120540618896484375">
        <ele>2318.39990234375</ele>
        <time>2026-08-05T05:54:46.000Z</time>
        <extensions>
          <ns3:TrackPointExtension>
            <ns3:hr>98</ns3:hr>
            <ns3:cad>49</ns3:cad>
          </ns3:TrackPointExtension>
        </extensions>
      </trkpt>
      <trkpt lat="28.9778705500066280364990234375" lon="82.8261347673833370208740234375">
        <ele>2317.60009765625</ele>
        <time>2026-08-05T05:54:51.000Z</time>
        <extensions>
          <ns3:TrackPointExtension>
            <ns3:hr>98</ns3:hr>
            <ns3:cad>50</ns3:cad>
          </ns3:TrackPointExtension>
        </extensions>
      </trkpt>
      <trkpt lat="28.97783291526138782501220703125" lon="82.8262068517506122589111328125">
        <ele>2318</ele>
        <time>2026-08-05T05:54:58.000Z</time>
        <extensions>
          <ns3:TrackPointExtension>
            <ns3:hr>95</ns3:hr>
            <ns3:cad>48</ns3:cad>
          </ns3:TrackPointExtension>
        </extensions>
      </trkpt>
      <trkpt lat="28.97781933657824993133544921875" lon="82.8262544609606266021728515625">
        <ele>2317.800048828125</ele>
        <time>2026-08-05T05:55:02.000Z</time>
        <extensions>
          <ns3:TrackPointExtension>
            <ns3:hr>92</ns3:hr>
            <ns3:cad>50</ns3:cad>
          </ns3:TrackPointExtension>
        </extensions>
      </trkpt>
      <trkpt lat="28.97781413979828357696533203125" lon="82.82627105712890625">
        <ele>2317.800048828125</ele>
        <time>2026-08-05T05:55:04.000Z</time>
        <extensions>
          <ns3:TrackPointExtension>
            <ns3:hr>92</ns3:hr>
            <ns3:cad>0</ns3:cad>
          </ns3:TrackPointExtension>
        </extensions>
      </trkpt>
      <trkpt lat="28.97781933657824993133544921875" lon="82.8263231925666332244873046875">
        <ele>2318</ele>
        <time>2026-08-05T05:55:08.000Z</time>
        <extensions>
          <ns3:TrackPointExtension>
            <ns3:hr>95</ns3:hr>
            <ns3:cad>47</ns3:cad>
          </ns3:TrackPointExtension>
        </extensions>
      </trkpt>
      <trkpt lat="28.97782252170145511627197265625" lon="82.826333083212375640869140625">
        <ele>2318</ele>
        <time>2026-08-05T05:55:09.000Z</time>
        <extensions>
          <ns3:TrackPointExtension>
            <ns3:hr>95</ns3:hr>
            <ns3:cad>47</ns3:cad>
          </ns3:TrackPointExtension>
        </extensions>
      </trkpt>
      <trkpt lat="28.9778222702443599700927734375" lon="82.82641430385410785675048828125">
        <ele>2317.39990234375</ele>
        <time>2026-08-05T05:55:15.000Z</time>
        <extensions>
          <ns3:TrackPointExtension>
            <ns3:hr>96</ns3:hr>
            <ns3:cad>49</ns3:cad>
          </ns3:TrackPointExtension>
        </extensions>
      </trkpt>
      <trkpt lat="28.97781615145504474639892578125" lon="82.8264948539435863494873046875">
        <ele>2316.800048828125</ele>
        <time>2026-08-05T05:55:21.000Z</time>
        <extensions>
          <ns3:TrackPointExtension>
            <ns3:hr>99</ns3:hr>
            <ns3:cad>49</ns3:cad>
          </ns3:TrackPointExtension>
        </extensions>
      </trkpt>
      <trkpt lat="28.97780902683734893798828125" lon="82.8265377692878246307373046875">
        <ele>2316.199951171875</ele>
        <time>2026-08-05T05:55:24.000Z</time>
        <extensions>
          <ns3:TrackPointExtension>
            <ns3:hr>99</ns3:hr>
            <ns3:cad>50</ns3:cad>
          </ns3:TrackPointExtension>
        </extensions>
      </trkpt>
      <trkpt lat="28.9778011478483676910400390625" lon="82.82656953670084476470947265625">
        <ele>2316.39990234375</ele>
        <time>2026-08-05T05:55:27.000Z</time>
        <extensions>
          <ns3:TrackPointExtension>
            <ns3:hr>97</ns3:hr>
            <ns3:cad>51</ns3:cad>
          </ns3:TrackPointExtension>
        </extensions>
      </trkpt>
      <trkpt lat="28.9777874015271663665771484375" lon="82.826650924980640411376953125">
        <ele>2316</ele>
        <time>2026-08-05T05:55:33.000Z</time>
        <extensions>
          <ns3:TrackPointExtension>
            <ns3:hr>96</ns3:hr>
            <ns3:cad>49</ns3:cad>
          </ns3:TrackPointExtension>
        </extensions>
      </trkpt>
      <trkpt lat="28.97775982506573200225830078125" lon="82.82672342844307422637939453125">
        <ele>2315.60009765625</ele>
        <time>2026-08-05T05:55:39.000Z</time>
        <extensions>
          <ns3:TrackPointExtension>
            <ns3:hr>98</ns3:hr>
            <ns3:cad>50</ns3:cad>
          </ns3:TrackPointExtension>
        </extensions>
      </trkpt>
      <trkpt lat="28.97774624638259410858154296875" lon="82.8267945908010005950927734375">
        <ele>2315.60009765625</ele>
        <time>2026-08-05T05:55:45.000Z</time>
        <extensions>
          <ns3:TrackPointExtension>
            <ns3:hr>98</ns3:hr>
            <ns3:cad>0</ns3:cad>
          </ns3:TrackPointExtension>
        </extensions>
      </trkpt>
      <trkpt lat="28.9777505211532115936279296875" lon="82.82685200683772563934326171875">
        <ele>2315.39990234375</ele>
        <time>2026-08-05T05:55:50.000Z</time>
        <extensions>
          <ns3:TrackPointExtension>
            <ns3:hr>97</ns3:hr>
            <ns3:cad>47</ns3:cad>
          </ns3:TrackPointExtension>
        </extensions>
      </trkpt>
      <trkpt lat="28.97775697521865367889404296875" lon="82.82691470347344875335693359375">
        <ele>2315.39990234375</ele>
        <time>2026-08-05T05:55:55.000Z</time>
        <extensions>
          <ns3:TrackPointExtension>
            <ns3:hr>99</ns3:hr>
            <ns3:cad>45</ns3:cad>
          </ns3:TrackPointExtension>
        </extensions>
      </trkpt>
      <trkpt lat="28.9777629263699054718017578125" lon="82.8269867040216922760009765625">
        <ele>2315.60009765625</ele>
        <time>2026-08-05T05:56:01.000Z</time>
        <extensions>
          <ns3:TrackPointExtension>
            <ns3:hr>100</ns3:hr>
            <ns3:cad>47</ns3:cad>
          </ns3:TrackPointExtension>
        </extensions>
      </trkpt>
      <trkpt lat="28.97776183672249317169189453125" lon="82.8270245902240276336669921875">
        <ele>2315</ele>
        <time>2026-08-05T05:56:04.000Z</time>
        <extensions>
          <ns3:TrackPointExtension>
            <ns3:hr>99</ns3:hr>
            <ns3:cad>50</ns3:cad>
          </ns3:TrackPointExtension>
        </extensions>
      </trkpt>
      <trkpt lat="28.97776485420763492584228515625" lon="82.82707010395824909210205078125">
        <ele>2315</ele>
        <time>2026-08-05T05:56:08.000Z</time>
        <extensions>
          <ns3:TrackPointExtension>
            <ns3:hr>99</ns3:hr>
            <ns3:cad>48</ns3:cad>
          </ns3:TrackPointExtension>
        </extensions>
      </trkpt>
      <trkpt lat="28.97776720114052295684814453125" lon="82.827135063707828521728515625">
        <ele>2315.199951171875</ele>
        <time>2026-08-05T05:56:13.000Z</time>
        <extensions>
          <ns3:TrackPointExtension>
            <ns3:hr>99</ns3:hr>
            <ns3:cad>45</ns3:cad>
          </ns3:TrackPointExtension>
        </extensions>
      </trkpt>
      <trkpt lat="28.977773487567901611328125" lon="82.82721360214054584503173828125">
        <ele>2315.199951171875</ele>
        <time>2026-08-05T05:56:19.000Z</time>
        <extensions>
          <ns3:TrackPointExtension>
            <ns3:hr>102</ns3:hr>
            <ns3:cad>48</ns3:cad>
          </ns3:TrackPointExtension>
        </extensions>
      </trkpt>
      <trkpt lat="28.977783881127834320068359375" lon="82.8272706829011440277099609375">
        <ele>2315</ele>
        <time>2026-08-05T05:56:24.000Z</time>
        <extensions>
          <ns3:TrackPointExtension>
            <ns3:hr>102</ns3:hr>
            <ns3:cad>46</ns3:cad>
          </ns3:TrackPointExtension>
        </extensions>
      </trkpt>
      <trkpt lat="28.97780743427574634552001953125" lon="82.82732784748077392578125">
        <ele>2315</ele>
        <time>2026-08-05T05:56:30.000Z</time>
        <extensions>
          <ns3:TrackPointExtension>
            <ns3:hr>103</ns3:hr>
            <ns3:cad>47</ns3:cad>
          </ns3:TrackPointExtension>
        </extensions>
      </trkpt>
      <trkpt lat="28.97784213535487651824951171875" lon="82.827381156384944915771484375">
        <ele>2315</ele>
        <time>2026-08-05T05:56:35.000Z</time>
        <extensions>
          <ns3:TrackPointExtension>
            <ns3:hr>102</ns3:hr>
            <ns3:cad>49</ns3:cad>
          </ns3:TrackPointExtension>
        </extensions>
      </trkpt>
      <trkpt lat="28.97786937654018402099609375" lon="82.82741845585405826568603515625">
        <ele>2313.60009765625</ele>
        <time>2026-08-05T05:56:39.000Z</time>
        <extensions>
          <ns3:TrackPointExtension>
            <ns3:hr>102</ns3:hr>
            <ns3:cad>49</ns3:cad>
          </ns3:TrackPointExtension>
        </extensions>
      </trkpt>
      <trkpt lat="28.9779017306864261627197265625" lon="82.827471680939197540283203125">
        <ele>2314.199951171875</ele>
        <time>2026-08-05T05:56:44.000Z</time>
        <extensions>
          <ns3:TrackPointExtension>
            <ns3:hr>100</ns3:hr>
            <ns3:cad>46</ns3:cad>
          </ns3:TrackPointExtension>
        </extensions>
      </trkpt>
      <trkpt lat="28.977905921638011932373046875" lon="82.8274809010326862335205078125">
        <ele>2314.60009765625</ele>
        <time>2026-08-05T05:56:45.000Z</time>
        <extensions>
          <ns3:TrackPointExtension>
            <ns3:hr>100</ns3:hr>
            <ns3:cad>46</ns3:cad>
          </ns3:TrackPointExtension>
        </extensions>
      </trkpt>
      <trkpt lat="28.97792746312916278839111328125" lon="82.82751400955021381378173828125">
        <ele>2315.60009765625</ele>
        <time>2026-08-05T05:56:49.000Z</time>
        <extensions>
          <ns3:TrackPointExtension>
            <ns3:hr>98</ns3:hr>
            <ns3:cad>46</ns3:cad>
          </ns3:TrackPointExtension>
        </extensions>
      </trkpt>
      <trkpt lat="28.97793031297624111175537109375" lon="82.8275201283395290374755859375">
        <ele>2315.39990234375</ele>
        <time>2026-08-05T05:56:50.000Z</time>
        <extensions>
          <ns3:TrackPointExtension>
            <ns3:hr>95</ns3:hr>
            <ns3:cad>45</ns3:cad>
          </ns3:TrackPointExtension>
        </extensions>
      </trkpt>
      <trkpt lat="28.977945484220981597900390625" lon="82.8275472857058048248291015625">
        <ele>2315</ele>
        <time>2026-08-05T05:56:52.000Z</time>
        <extensions>
          <ns3:TrackPointExtension>
            <ns3:hr>92</ns3:hr>
            <ns3:cad>45</ns3:cad>
          </ns3:TrackPointExtension>
        </extensions>
      </trkpt>
      <trkpt lat="28.97796317003667354583740234375" lon="82.82756815664470195770263671875">
        <ele>2314.800048828125</ele>
        <time>2026-08-05T05:56:54.000Z</time>
        <extensions>
          <ns3:TrackPointExtension>
            <ns3:hr>92</ns3:hr>
            <ns3:cad>47</ns3:cad>
          </ns3:TrackPointExtension>
        </extensions>
      </trkpt>
      <trkpt lat="28.97800558246672153472900390625" lon="82.8276374749839305877685546875">
        <ele>2314.39990234375</ele>
        <time>2026-08-05T05:57:00.000Z</time>
        <extensions>
          <ns3:TrackPointExtension>
            <ns3:hr>92</ns3:hr>
            <ns3:cad>48</ns3:cad>
          </ns3:TrackPointExtension>
        </extensions>
      </trkpt>
      <trkpt lat="28.97801153361797332763671875" lon="82.827673517167568206787109375">
        <ele>2314.60009765625</ele>
        <time>2026-08-05T05:57:03.000Z</time>
        <extensions>
          <ns3:TrackPointExtension>
            <ns3:hr>95</ns3:hr>
            <ns3:cad>0</ns3:cad>
          </ns3:TrackPointExtension>
        </extensions>
      </trkpt>
      <trkpt lat="28.97801631130278110504150390625" lon="82.82768684439361095428466796875">
        <ele>2314.60009765625</ele>
        <time>2026-08-05T05:57:04.000Z</time>
        <extensions>
          <ns3:TrackPointExtension>
            <ns3:hr>97</ns3:hr>
            <ns3:cad>0</ns3:cad>
          </ns3:TrackPointExtension>
        </extensions>
      </trkpt>
      <trkpt lat="28.97802553139626979827880859375" lon="82.8277149237692356109619140625">
        <ele>2314.39990234375</ele>
        <time>2026-08-05T05:57:07.000Z</time>
        <extensions>
          <ns3:TrackPointExtension>
            <ns3:hr>100</ns3:hr>
            <ns3:cad>48</ns3:cad>
          </ns3:TrackPointExtension>
        </extensions>
      </trkpt>
      <trkpt lat="28.97803508676588535308837890625" lon="82.82774115912616252899169921875">
        <ele>2314.39990234375</ele>
        <time>2026-08-05T05:57:09.000Z</time>
        <extensions>
          <ns3:TrackPointExtension>
            <ns3:hr>102</ns3:hr>
            <ns3:cad>46</ns3:cad>
          </ns3:TrackPointExtension>
        </extensions>
      </trkpt>
      <trkpt lat="28.97805713117122650146484375" lon="82.8278093039989471435546875">
        <ele>2313.60009765625</ele>
        <time>2026-08-05T05:57:15.000Z</time>
        <extensions>
          <ns3:TrackPointExtension>
            <ns3:hr>101</ns3:hr>
            <ns3:cad>50</ns3:cad>
          </ns3:TrackPointExtension>
        </extensions>
      </trkpt>
      <trkpt lat="28.97809359245002269744873046875" lon="82.82787074334919452667236328125">
        <ele>2313.39990234375</ele>
        <time>2026-08-05T05:57:21.000Z</time>
        <extensions>
          <ns3:TrackPointExtension>
            <ns3:hr>100</ns3:hr>
            <ns3:cad>48</ns3:cad>
          </ns3:TrackPointExtension>
        </extensions>
      </trkpt>
      <trkpt lat="28.97814002819359302520751953125" lon="82.82791902311146259307861328125">
        <ele>2313.199951171875</ele>
        <time>2026-08-05T05:57:27.000Z</time>
        <extensions>
          <ns3:TrackPointExtension>
            <ns3:hr>102</ns3:hr>
            <ns3:cad>49</ns3:cad>
          </ns3:TrackPointExtension>
        </extensions>
      </trkpt>
      <trkpt lat="28.97817607037723064422607421875" lon="82.82796663232147693634033203125">
        <ele>2313</ele>
        <time>2026-08-05T05:57:32.000Z</time>
        <extensions>
          <ns3:TrackPointExtension>
            <ns3:hr>101</ns3:hr>
            <ns3:cad>47</ns3:cad>
          </ns3:TrackPointExtension>
        </extensions>
      </trkpt>
      <trkpt lat="28.97821538150310516357421875" lon="82.8280203603208065032958984375">
        <ele>2312.800048828125</ele>
        <time>2026-08-05T05:57:37.000Z</time>
        <extensions>
          <ns3:TrackPointExtension>
            <ns3:hr>102</ns3:hr>
            <ns3:cad>48</ns3:cad>
          </ns3:TrackPointExtension>
        </extensions>
      </trkpt>
      <trkpt lat="28.97824899293482303619384765625" lon="82.8280890919268131256103515625">
        <ele>2312.60009765625</ele>
        <time>2026-08-05T05:57:43.000Z</time>
        <extensions>
          <ns3:TrackPointExtension>
            <ns3:hr>101</ns3:hr>
            <ns3:cad>49</ns3:cad>
          </ns3:TrackPointExtension>
        </extensions>
      </trkpt>
      <trkpt lat="28.9782577939331531524658203125" lon="82.82811172306537628173828125">
        <ele>2312.60009765625</ele>
        <time>2026-08-05T05:57:45.000Z</time>
        <extensions>
          <ns3:TrackPointExtension>
            <ns3:hr>102</ns3:hr>
            <ns3:cad>49</ns3:cad>
          </ns3:TrackPointExtension>
        </extensions>
      </trkpt>
      <trkpt lat="28.97827782668173313140869140625" lon="82.82814390957355499267578125">
        <ele>2312.39990234375</ele>
        <time>2026-08-05T05:57:48.000Z</time>
        <extensions>
          <ns3:TrackPointExtension>
            <ns3:hr>102</ns3:hr>
            <ns3:cad>48</ns3:cad>
          </ns3:TrackPointExtension>
        </extensions>
      </trkpt>
      <trkpt lat="28.9783060736954212188720703125" lon="82.82821205444633960723876953125">
        <ele>2312.39990234375</ele>
        <time>2026-08-05T05:57:54.000Z</time>
        <extensions>
          <ns3:TrackPointExtension>
            <ns3:hr>101</ns3:hr>
            <ns3:cad>48</ns3:cad>
          </ns3:TrackPointExtension>
        </extensions>
      </trkpt>
      <trkpt lat="28.97833465598523616790771484375" lon="82.82829302363097667694091796875">
        <ele>2311.60009765625</ele>
        <time>2026-08-05T05:58:01.000Z</time>
        <extensions>
          <ns3:TrackPointExtension>
            <ns3:hr>102</ns3:hr>
            <ns3:cad>48</ns3:cad>
          </ns3:TrackPointExtension>
        </extensions>
      </trkpt>
      <trkpt lat="28.97833767347037792205810546875" lon="82.82829620875418186187744140625">
        <ele>2311.39990234375</ele>
        <time>2026-08-05T05:58:02.000Z</time>
        <extensions>
          <ns3:TrackPointExtension>
            <ns3:hr>102</ns3:hr>
            <ns3:cad>48</ns3:cad>
          </ns3:TrackPointExtension>
        </extensions>
      </trkpt>
      <trkpt lat="28.97834136150777339935302734375" lon="82.82829939387738704681396484375">
        <ele>2311.39990234375</ele>
        <time>2026-08-05T05:58:06.000Z</time>
        <extensions>
          <ns3:TrackPointExtension>
            <ns3:hr>101</ns3:hr>
            <ns3:cad>0</ns3:cad>
          </ns3:TrackPointExtension>
        </extensions>
      </trkpt>
      <trkpt lat="28.97835276089608669281005859375" lon="82.828342728316783905029296875">
        <ele>2311.60009765625</ele>
        <time>2026-08-05T05:58:10.000Z</time>
        <extensions>
          <ns3:TrackPointExtension>
            <ns3:hr>101</ns3:hr>
            <ns3:cad>0</ns3:cad>
          </ns3:TrackPointExtension>
        </extensions>
      </trkpt>
      <trkpt lat="28.9783818461000919342041015625" lon="82.82835848629474639892578125">
        <ele>2311.39990234375</ele>
        <time>2026-08-05T05:58:15.000Z</time>
        <extensions>
          <ns3:TrackPointExtension>
            <ns3:hr>99</ns3:hr>
            <ns3:cad>0</ns3:cad>
          </ns3:TrackPointExtension>
        </extensions>
      </trkpt>
      <trkpt lat="28.978394754230976104736328125" lon="82.82841213047504425048828125">
        <ele>2311.199951171875</ele>
        <time>2026-08-05T05:58:19.000Z</time>
        <extensions>
          <ns3:TrackPointExtension>
            <ns3:hr>98</ns3:hr>
            <ns3:cad>55</ns3:cad>
          </ns3:TrackPointExtension>
        </extensions>
      </trkpt>
      <trkpt lat="28.97842920385301113128662109375" lon="82.82849536277353763580322265625">
        <ele>2310.60009765625</ele>
        <time>2026-08-05T05:58:25.000Z</time>
        <extensions>
          <ns3:TrackPointExtension>
            <ns3:hr>99</ns3:hr>
            <ns3:cad>53</ns3:cad>
          </ns3:TrackPointExtension>
        </extensions>
      </trkpt>
      <trkpt lat="28.9784338138997554779052734375" lon="82.82851816155016422271728515625">
        <ele>2310.199951171875</ele>
        <time>2026-08-05T05:58:27.000Z</time>
        <extensions>
          <ns3:TrackPointExtension>
            <ns3:hr>98</ns3:hr>
            <ns3:cad>53</ns3:cad>
          </ns3:TrackPointExtension>
        </extensions>
      </trkpt>
      <trkpt lat="28.9784489013254642486572265625" lon="82.82857582904398441314697265625">
        <ele>2310</ele>
        <time>2026-08-05T05:58:31.000Z</time>
        <extensions>
          <ns3:TrackPointExtension>
            <ns3:hr>98</ns3:hr>
            <ns3:cad>51</ns3:cad>
          </ns3:TrackPointExtension>
        </extensions>
      </trkpt>
      <trkpt lat="28.97847848944365978240966796875" lon="82.82864548265933990478515625">
        <ele>2309.199951171875</ele>
        <time>2026-08-05T05:58:37.000Z</time>
        <extensions>
          <ns3:TrackPointExtension>
            <ns3:hr>96</ns3:hr>
            <ns3:cad>53</ns3:cad>
          </ns3:TrackPointExtension>
        </extensions>
      </trkpt>
      <trkpt lat="28.97848133929073810577392578125" lon="82.8286622464656829833984375">
        <ele>2308.800048828125</ele>
        <time>2026-08-05T05:58:38.000Z</time>
        <extensions>
          <ns3:TrackPointExtension>
            <ns3:hr>96</ns3:hr>
            <ns3:cad>54</ns3:cad>
          </ns3:TrackPointExtension>
        </extensions>
      </trkpt>
      <trkpt lat="28.97849726490676403045654296875" lon="82.828698121011257171630859375">
        <ele>2308</ele>
        <time>2026-08-05T05:58:41.000Z</time>
        <extensions>
          <ns3:TrackPointExtension>
            <ns3:hr>97</ns3:hr>
            <ns3:cad>51</ns3:cad>
          </ns3:TrackPointExtension>
        </extensions>
      </trkpt>
      <trkpt lat="28.9785109274089336395263671875" lon="82.828726954758167266845703125">
        <ele>2307.60009765625</ele>
        <time>2026-08-05T05:58:44.000Z</time>
        <extensions>
          <ns3:TrackPointExtension>
            <ns3:hr>99</ns3:hr>
            <ns3:cad>51</ns3:cad>
          </ns3:TrackPointExtension>
        </extensions>
      </trkpt>
      <trkpt lat="28.9785357378423213958740234375" lon="82.82876576296985149383544921875">
        <ele>2306.800048828125</ele>
        <time>2026-08-05T05:58:48.000Z</time>
        <extensions>
          <ns3:TrackPointExtension>
            <ns3:hr>100</ns3:hr>
            <ns3:cad>53</ns3:cad>
          </ns3:TrackPointExtension>
        </extensions>
      </trkpt>
      <trkpt lat="28.9785540103912353515625" lon="82.8288005478680133819580078125">
        <ele>2306.39990234375</ele>
        <time>2026-08-05T05:58:51.000Z</time>
        <extensions>
          <ns3:TrackPointExtension>
            <ns3:hr>101</ns3:hr>
            <ns3:cad>49</ns3:cad>
          </ns3:TrackPointExtension>
        </extensions>
      </trkpt>
      <trkpt lat="28.97857236675918102264404296875" lon="82.8288494981825351715087890625">
        <ele>2306</ele>
        <time>2026-08-05T05:58:56.000Z</time>
        <extensions>
          <ns3:TrackPointExtension>
            <ns3:hr>102</ns3:hr>
            <ns3:cad>50</ns3:cad>
          </ns3:TrackPointExtension>
        </extensions>
      </trkpt>
      <trkpt lat="28.9785769768059253692626953125" lon="82.828863076865673065185546875">
        <ele>2305.800048828125</ele>
        <time>2026-08-05T05:58:57.000Z</time>
        <extensions>
          <ns3:TrackPointExtension>
            <ns3:hr>102</ns3:hr>
            <ns3:cad>50</ns3:cad>
          </ns3:TrackPointExtension>
        </extensions>
      </trkpt>
      <trkpt lat="28.97860103286802768707275390625" lon="82.82891563139855861663818359375">
        <ele>2305.199951171875</ele>
        <time>2026-08-05T05:59:02.000Z</time>
        <extensions>
          <ns3:TrackPointExtension>
            <ns3:hr>101</ns3:hr>
            <ns3:cad>51</ns3:cad>
          </ns3:TrackPointExtension>
        </extensions>
      </trkpt>
      <trkpt lat="28.97862802259624004364013671875" lon="82.828974388539791107177734375">
        <ele>2304.60009765625</ele>
        <time>2026-08-05T05:59:07.000Z</time>
        <extensions>
          <ns3:TrackPointExtension>
            <ns3:hr>102</ns3:hr>
            <ns3:cad>51</ns3:cad>
          </ns3:TrackPointExtension>
        </extensions>
      </trkpt>
      <trkpt lat="28.97863380610942840576171875" lon="82.8289814293384552001953125">
        <ele>2304.60009765625</ele>
        <time>2026-08-05T05:59:08.000Z</time>
        <extensions>
          <ns3:TrackPointExtension>
            <ns3:hr>102</ns3:hr>
            <ns3:cad>51</ns3:cad>
          </ns3:TrackPointExtension>
        </extensions>
      </trkpt>
      <trkpt lat="28.9786896295845508575439453125" lon="82.8290610574185848236083984375">
        <ele>2304.199951171875</ele>
        <time>2026-08-05T05:59:15.000Z</time>
        <extensions>
          <ns3:TrackPointExtension>
            <ns3:hr>100</ns3:hr>
            <ns3:cad>50</ns3:cad>
          </ns3:TrackPointExtension>
        </extensions>
      </trkpt>
      <trkpt lat="28.97874318994581699371337890625" lon="82.8291235864162445068359375">
        <ele>2303.60009765625</ele>
        <time>2026-08-05T05:59:21.000Z</time>
        <extensions>
          <ns3:TrackPointExtension>
            <ns3:hr>99</ns3:hr>
            <ns3:cad>51</ns3:cad>
          </ns3:TrackPointExtension>
        </extensions>
      </trkpt>
      <trkpt lat="28.9787519909441471099853515625" lon="82.82913339324295520782470703125">
        <ele>2303.199951171875</ele>
        <time>2026-08-05T05:59:22.000Z</time>
        <extensions>
          <ns3:TrackPointExtension>
            <ns3:hr>99</ns3:hr>
            <ns3:cad>51</ns3:cad>
          </ns3:TrackPointExtension>
        </extensions>
      </trkpt>
      <trkpt lat="28.97878040559589862823486328125" lon="82.829174213111400604248046875">
        <ele>2302.800048828125</ele>
        <time>2026-08-05T05:59:26.000Z</time>
        <extensions>
          <ns3:TrackPointExtension>
            <ns3:hr>99</ns3:hr>
            <ns3:cad>0</ns3:cad>
          </ns3:TrackPointExtension>
        </extensions>
      </trkpt>
      <trkpt lat="28.978815861046314239501953125" lon="82.82923380844295024871826171875">
        <ele>2303</ele>
        <time>2026-08-05T05:59:32.000Z</time>
        <extensions>
          <ns3:TrackPointExtension>
            <ns3:hr>98</ns3:hr>
            <ns3:cad>50</ns3:cad>
          </ns3:TrackPointExtension>
        </extensions>
      </trkpt>
      <trkpt lat="28.97882835008203983306884765625" lon="82.829309664666652679443359375">
        <ele>2302.199951171875</ele>
        <time>2026-08-05T05:59:38.000Z</time>
        <extensions>
          <ns3:TrackPointExtension>
            <ns3:hr>99</ns3:hr>
            <ns3:cad>52</ns3:cad>
          </ns3:TrackPointExtension>
        </extensions>
      </trkpt>
      <trkpt lat="28.97883840836584568023681640625" lon="82.829382754862308502197265625">
        <ele>2301.800048828125</ele>
        <time>2026-08-05T05:59:44.000Z</time>
        <extensions>
          <ns3:TrackPointExtension>
            <ns3:hr>99</ns3:hr>
            <ns3:cad>50</ns3:cad>
          </ns3:TrackPointExtension>
        </extensions>
      </trkpt>
      <trkpt lat="28.97884528152644634246826171875" lon="82.8294261731207370758056640625">
        <ele>2301</ele>
        <time>2026-08-05T05:59:48.000Z</time>
        <extensions>
          <ns3:TrackPointExtension>
            <ns3:hr>99</ns3:hr>
            <ns3:cad>50</ns3:cad>
          </ns3:TrackPointExtension>
        </extensions>
      </trkpt>
      <trkpt lat="28.97884846664965152740478515625" lon="82.82944922335445880889892578125">
        <ele>2300.39990234375</ele>
        <time>2026-08-05T05:59:50.000Z</time>
        <extensions>
          <ns3:TrackPointExtension>
            <ns3:hr>98</ns3:hr>
            <ns3:cad>51</ns3:cad>
          </ns3:TrackPointExtension>
        </extensions>
      </trkpt>
      <trkpt lat="28.9788522385060787200927734375" lon="82.82947252504527568817138671875">
        <ele>2300</ele>
        <time>2026-08-05T05:59:52.000Z</time>
        <extensions>
          <ns3:TrackPointExtension>
            <ns3:hr>99</ns3:hr>
            <ns3:cad>50</ns3:cad>
          </ns3:TrackPointExtension>
        </extensions>
      </trkpt>
      <trkpt lat="28.9788539148867130279541015625" lon="82.8295197151601314544677734375">
        <ele>2299.39990234375</ele>
        <time>2026-08-05T05:59:57.000Z</time>
        <extensions>
          <ns3:TrackPointExtension>
            <ns3:hr>99</ns3:hr>
            <ns3:cad>50</ns3:cad>
          </ns3:TrackPointExtension>
        </extensions>
      </trkpt>
      <trkpt lat="28.97885240614414215087890625" lon="82.8295552544295787811279296875">
        <ele>2299.39990234375</ele>
        <time>2026-08-05T06:00:02.000Z</time>
        <extensions>
          <ns3:TrackPointExtension>
            <ns3:hr>98</ns3:hr>
            <ns3:cad>0</ns3:cad>
          </ns3:TrackPointExtension>
        </extensions>
      </trkpt>
      <trkpt lat="28.9788438566029071807861328125" lon="82.82959557138383388519287109375">
        <ele>2298.800048828125</ele>
        <time>2026-08-05T06:00:06.000Z</time>
        <extensions>
          <ns3:TrackPointExtension>
            <ns3:hr>98</ns3:hr>
            <ns3:cad>47</ns3:cad>
          </ns3:TrackPointExtension>
        </extensions>
      </trkpt>
      <trkpt lat="28.97884343750774860382080078125" lon="82.82963261939585208892822265625">
        <ele>2297.800048828125</ele>
        <time>2026-08-05T06:00:10.000Z</time>
        <extensions>
          <ns3:TrackPointExtension>
            <ns3:hr>97</ns3:hr>
            <ns3:cad>50</ns3:cad>
          </ns3:TrackPointExtension>
        </extensions>
      </trkpt>
      <trkpt lat="28.97884008474647998809814453125" lon="82.82964435406029224395751953125">
        <ele>2297.39990234375</ele>
        <time>2026-08-05T06:00:11.000Z</time>
        <extensions>
          <ns3:TrackPointExtension>
            <ns3:hr>96</ns3:hr>
            <ns3:cad>50</ns3:cad>
          </ns3:TrackPointExtension>
        </extensions>
      </trkpt>
      <trkpt lat="28.9788358099758625030517578125" lon="82.82967746257781982421875">
        <ele>2296.39990234375</ele>
        <time>2026-08-05T06:00:14.000Z</time>
        <extensions>
          <ns3:TrackPointExtension>
            <ns3:hr>96</ns3:hr>
            <ns3:cad>50</ns3:cad>
          </ns3:TrackPointExtension>
        </extensions>
      </trkpt>
      <trkpt lat="28.9788334630429744720458984375" lon="82.8297084756195545196533203125">
        <ele>2295.60009765625</ele>
        <time>2026-08-05T06:00:17.000Z</time>
        <extensions>
          <ns3:TrackPointExtension>
            <ns3:hr>96</ns3:hr>
            <ns3:cad>51</ns3:cad>
          </ns3:TrackPointExtension>
        </extensions>
      </trkpt>
      <trkpt lat="28.9788316190242767333984375" lon="82.8297242335975170135498046875">
        <ele>2295.199951171875</ele>
        <time>2026-08-05T06:00:19.000Z</time>
        <extensions>
          <ns3:TrackPointExtension>
            <ns3:hr>96</ns3:hr>
            <ns3:cad>51</ns3:cad>
          </ns3:TrackPointExtension>
        </extensions>
      </trkpt>
      <trkpt lat="28.97884444333612918853759765625" lon="82.82978265546262264251708984375">
        <ele>2295.199951171875</ele>
        <time>2026-08-05T06:00:24.000Z</time>
        <extensions>
          <ns3:TrackPointExtension>
            <ns3:hr>96</ns3:hr>
            <ns3:cad>50</ns3:cad>
          </ns3:TrackPointExtension>
        </extensions>
      </trkpt>
      <trkpt lat="28.97885869257152080535888671875" lon="82.82986010424792766571044921875">
        <ele>2294.199951171875</ele>
        <time>2026-08-05T06:00:31.000Z</time>
        <extensions>
          <ns3:TrackPointExtension>
            <ns3:hr>95</ns3:hr>
            <ns3:cad>50</ns3:cad>
          </ns3:TrackPointExtension>
        </extensions>
      </trkpt>
      <trkpt lat="28.97885869257152080535888671875" lon="82.8299304284155368804931640625">
        <ele>2293</ele>
        <time>2026-08-05T06:00:37.000Z</time>
        <extensions>
          <ns3:TrackPointExtension>
            <ns3:hr>95</ns3:hr>
            <ns3:cad>52</ns3:cad>
          </ns3:TrackPointExtension>
        </extensions>
      </trkpt>
      <trkpt lat="28.97885986603796482086181640625" lon="82.8299448452889919281005859375">
        <ele>2293</ele>
        <time>2026-08-05T06:00:38.000Z</time>
        <extensions>
          <ns3:TrackPointExtension>
            <ns3:hr>95</ns3:hr>
            <ns3:cad>51</ns3:cad>
          </ns3:TrackPointExtension>
        </extensions>
      </trkpt>
      <trkpt lat="28.9788710139691829681396484375" lon="82.83003008924424648284912109375">
        <ele>2292.39990234375</ele>
        <time>2026-08-05T06:00:45.000Z</time>
        <extensions>
          <ns3:TrackPointExtension>
            <ns3:hr>96</ns3:hr>
            <ns3:cad>52</ns3:cad>
          </ns3:TrackPointExtension>
        </extensions>
      </trkpt>
      <trkpt lat="28.97889356128871440887451171875" lon="82.83011189661920070648193359375">
        <ele>2292</ele>
        <time>2026-08-05T06:00:52.000Z</time>
        <extensions>
          <ns3:TrackPointExtension>
            <ns3:hr>96</ns3:hr>
            <ns3:cad>50</ns3:cad>
          </ns3:TrackPointExtension>
        </extensions>
      </trkpt>
      <trkpt lat="28.978925831615924835205078125" lon="82.83019336871802806854248046875">
        <ele>2291.39990234375</ele>
        <time>2026-08-05T06:00:59.000Z</time>
        <extensions>
          <ns3:TrackPointExtension>
            <ns3:hr>97</ns3:hr>
            <ns3:cad>51</ns3:cad>
          </ns3:TrackPointExtension>
        </extensions>
      </trkpt>
      <trkpt lat="28.97894267924129962921142578125" lon="82.8302241303026676177978515625">
        <ele>2290.800048828125</ele>
        <time>2026-08-05T06:01:02.000Z</time>
        <extensions>
          <ns3:TrackPointExtension>
            <ns3:hr>99</ns3:hr>
            <ns3:cad>51</ns3:cad>
          </ns3:TrackPointExtension>
        </extensions>
      </trkpt>
      <trkpt lat="28.97895927540957927703857421875" lon="82.83026754856109619140625">
        <ele>2290.199951171875</ele>
        <time>2026-08-05T06:01:06.000Z</time>
        <extensions>
          <ns3:TrackPointExtension>
            <ns3:hr>100</ns3:hr>
            <ns3:cad>50</ns3:cad>
          </ns3:TrackPointExtension>
        </extensions>
      </trkpt>
      <trkpt lat="28.97896246053278446197509765625" lon="82.83029906451702117919921875">
        <ele>2289.800048828125</ele>
        <time>2026-08-05T06:01:09.000Z</time>
        <extensions>
          <ns3:TrackPointExtension>
            <ns3:hr>98</ns3:hr>
            <ns3:cad>50</ns3:cad>
          </ns3:TrackPointExtension>
        </extensions>
      </trkpt>
      <trkpt lat="28.97896162234246730804443359375" lon="82.83034105785191059112548828125">
        <ele>2289</ele>
        <time>2026-08-05T06:01:13.000Z</time>
        <extensions>
          <ns3:TrackPointExtension>
            <ns3:hr>96</ns3:hr>
            <ns3:cad>48</ns3:cad>
          </ns3:TrackPointExtension>
        </extensions>
      </trkpt>
      <trkpt lat="28.97896505892276763916015625" lon="82.83036570064723491668701171875">
        <ele>2288.60009765625</ele>
        <time>2026-08-05T06:01:15.000Z</time>
        <extensions>
          <ns3:TrackPointExtension>
            <ns3:hr>96</ns3:hr>
            <ns3:cad>48</ns3:cad>
          </ns3:TrackPointExtension>
        </extensions>
      </trkpt>
      <trkpt lat="28.9789605326950550079345703125" lon="82.83036787994205951690673828125">
        <ele>2288.199951171875</ele>
        <time>2026-08-05T06:01:17.000Z</time>
        <extensions>
          <ns3:TrackPointExtension>
            <ns3:hr>96</ns3:hr>
            <ns3:cad>50</ns3:cad>
          </ns3:TrackPointExtension>
        </extensions>
      </trkpt>
      <trkpt lat="28.97897117771208286285400390625" lon="82.8303632698953151702880859375">
        <ele>2288</ele>
        <time>2026-08-05T06:01:19.000Z</time>
        <extensions>
          <ns3:TrackPointExtension>
            <ns3:hr>96</ns3:hr>
            <ns3:cad>0</ns3:cad>
          </ns3:TrackPointExtension>
        </extensions>
      </trkpt>
      <trkpt lat="28.97897654213011264801025390625" lon="82.8303434886038303375244140625">
        <ele>2288</ele>
        <time>2026-08-05T06:01:21.000Z</time>
        <extensions>
          <ns3:TrackPointExtension>
            <ns3:hr>97</ns3:hr>
            <ns3:cad>0</ns3:cad>
          </ns3:TrackPointExtension>
        </extensions>
      </trkpt>
      <trkpt lat="28.9789672382175922393798828125" lon="82.830341644585132598876953125">
        <ele>2287.800048828125</ele>
        <time>2026-08-05T06:01:25.000Z</time>
        <extensions>
          <ns3:TrackPointExtension>
            <ns3:hr>94</ns3:hr>
            <ns3:cad>43</ns3:cad>
          </ns3:TrackPointExtension>
        </extensions>
      </trkpt>
      <trkpt lat="28.978968076407909393310546875" lon="82.83033988438546657562255859375">
        <ele>2288.199951171875</ele>
        <time>2026-08-05T06:01:31.000Z</time>
        <extensions>
          <ns3:TrackPointExtension>
            <ns3:hr>92</ns3:hr>
            <ns3:cad>0</ns3:cad>
          </ns3:TrackPointExtension>
        </extensions>
      </trkpt>
      <trkpt lat="28.9789786376059055328369140625" lon="82.83033720217645168304443359375">
        <ele>2287.800048828125</ele>
        <time>2026-08-05T06:01:36.000Z</time>
        <extensions>
          <ns3:TrackPointExtension>
            <ns3:hr>93</ns3:hr>
            <ns3:cad>0</ns3:cad>
          </ns3:TrackPointExtension>
        </extensions>
      </trkpt>
      <trkpt lat="28.97897587157785892486572265625" lon="82.830383889377117156982421875">
        <ele>2288</ele>
        <time>2026-08-05T06:01:41.000Z</time>
        <extensions>
          <ns3:TrackPointExtension>
            <ns3:hr>96</ns3:hr>
            <ns3:cad>0</ns3:cad>
          </ns3:TrackPointExtension>
        </extensions>
      </trkpt>
      <trkpt lat="28.97898693569004535675048828125" lon="82.83040794543921947479248046875">
        <ele>2287.39990234375</ele>
        <time>2026-08-05T06:01:44.000Z</time>
        <extensions>
          <ns3:TrackPointExtension>
            <ns3:hr>98</ns3:hr>
            <ns3:cad>49</ns3:cad>
          </ns3:TrackPointExtension>
        </extensions>
      </trkpt>
      <trkpt lat="28.97899330593645572662353515625" lon="82.830434180796146392822265625">
        <ele>2286.60009765625</ele>
        <time>2026-08-05T06:01:47.000Z</time>
        <extensions>
          <ns3:TrackPointExtension>
            <ns3:hr>99</ns3:hr>
            <ns3:cad>48</ns3:cad>
          </ns3:TrackPointExtension>
        </extensions>
      </trkpt>
      <trkpt lat="28.97899481467902660369873046875" lon="82.83044197596609592437744140625">
        <ele>2286.39990234375</ele>
        <time>2026-08-05T06:01:48.000Z</time>
        <extensions>
          <ns3:TrackPointExtension>
            <ns3:hr>100</ns3:hr>
            <ns3:cad>48</ns3:cad>
          </ns3:TrackPointExtension>
        </extensions>
      </trkpt>
      <trkpt lat="28.97898945026099681854248046875" lon="82.8304886631667613983154296875">
        <ele>2286.800048828125</ele>
        <time>2026-08-05T06:01:53.000Z</time>
        <extensions>
          <ns3:TrackPointExtension>
            <ns3:hr>101</ns3:hr>
            <ns3:cad>46</ns3:cad>
          </ns3:TrackPointExtension>
        </extensions>
      </trkpt>
      <trkpt lat="28.9789964072406291961669921875" lon="82.8305156528949737548828125">
        <ele>2286.60009765625</ele>
        <time>2026-08-05T06:01:56.000Z</time>
        <extensions>
          <ns3:TrackPointExtension>
            <ns3:hr>97</ns3:hr>
            <ns3:cad>47</ns3:cad>
          </ns3:TrackPointExtension>
        </extensions>
      </trkpt>
      <trkpt lat="28.9790011011064052581787109375" lon="82.83053644001483917236328125">
        <ele>2286</ele>
        <time>2026-08-05T06:01:58.000Z</time>
        <extensions>
          <ns3:TrackPointExtension>
            <ns3:hr>96</ns3:hr>
            <ns3:cad>45</ns3:cad>
          </ns3:TrackPointExtension>
        </extensions>
      </trkpt>
      <trkpt lat="28.979015350341796875" lon="82.83059871755540370941162109375">
        <ele>2286</ele>
        <time>2026-08-05T06:02:04.000Z</time>
        <extensions>
          <ns3:TrackPointExtension>
            <ns3:hr>95</ns3:hr>
            <ns3:cad>46</ns3:cad>
          </ns3:TrackPointExtension>
        </extensions>
      </trkpt>
      <trkpt lat="28.97902666591107845306396484375" lon="82.8306529484689235687255859375">
        <ele>2286</ele>
        <time>2026-08-05T06:02:09.000Z</time>
        <extensions>
          <ns3:TrackPointExtension>
            <ns3:hr>96</ns3:hr>
            <ns3:cad>46</ns3:cad>
          </ns3:TrackPointExtension>
        </extensions>
      </trkpt>
      <trkpt lat="28.9790420047938823699951171875" lon="82.83069225959479808807373046875">
        <ele>2286</ele>
        <time>2026-08-05T06:02:13.000Z</time>
        <extensions>
          <ns3:TrackPointExtension>
            <ns3:hr>96</ns3:hr>
            <ns3:cad>46</ns3:cad>
          </ns3:TrackPointExtension>
        </extensions>
      </trkpt>
      <trkpt lat="28.9790540747344493865966796875" lon="82.8307516872882843017578125">
        <ele>2285.800048828125</ele>
        <time>2026-08-05T06:02:19.000Z</time>
        <extensions>
          <ns3:TrackPointExtension>
            <ns3:hr>96</ns3:hr>
            <ns3:cad>46</ns3:cad>
          </ns3:TrackPointExtension>
        </extensions>
      </trkpt>
      <trkpt lat="28.97904125042259693145751953125" lon="82.83076769672334194183349609375">
        <ele>2285.60009765625</ele>
        <time>2026-08-05T06:02:22.000Z</time>
        <extensions>
          <ns3:TrackPointExtension>
            <ns3:hr>96</ns3:hr>
            <ns3:cad>44</ns3:cad>
          </ns3:TrackPointExtension>
        </extensions>
      </trkpt>
      <trkpt lat="28.9790373109281063079833984375" lon="82.8307662717998027801513671875">
        <ele>2285.39990234375</ele>
        <time>2026-08-05T06:02:25.000Z</time>
        <extensions>
          <ns3:TrackPointExtension>
            <ns3:hr>95</ns3:hr>
            <ns3:cad>0</ns3:cad>
          </ns3:TrackPointExtension>
        </extensions>
      </trkpt>
      <trkpt lat="28.9790373109281063079833984375" lon="82.8307662717998027801513671875">
        <ele>2285.60009765625</ele>
        <time>2026-08-05T06:02:30.000Z</time>
        <extensions>
          <ns3:TrackPointExtension>
            <ns3:hr>99</ns3:hr>
            <ns3:cad>0</ns3:cad>
          </ns3:TrackPointExtension>
        </extensions>
      </trkpt>
      <trkpt lat="28.9790373109281063079833984375" lon="82.8307662717998027801513671875">
        <ele>2285.39990234375</ele>
        <time>2026-08-05T06:02:33.000Z</time>
        <extensions>
          <ns3:TrackPointExtension>
            <ns3:hr>102</ns3:hr>
            <ns3:cad>0</ns3:cad>
          </ns3:TrackPointExtension>
        </extensions>
      </trkpt>
      <trkpt lat="28.9790373109281063079833984375" lon="82.8307662717998027801513671875">
        <ele>2285.60009765625</ele>
        <time>2026-08-05T06:02:34.000Z</time>
        <extensions>
          <ns3:TrackPointExtension>
            <ns3:hr>102</ns3:hr>
            <ns3:cad>0</ns3:cad>
          </ns3:TrackPointExtension>
        </extensions>
      </trkpt>
      <trkpt lat="28.9790373109281063079833984375" lon="82.8307662717998027801513671875">
        <ele>2285.39990234375</ele>
        <time>2026-08-05T06:02:36.000Z</time>
        <extensions>
          <ns3:TrackPointExtension>
            <ns3:hr>99</ns3:hr>
            <ns3:cad>0</ns3:cad>
          </ns3:TrackPointExtension>
        </extensions>
      </trkpt>
      <trkpt lat="28.9790373109281063079833984375" lon="82.8307662717998027801513671875">
        <ele>2285.199951171875</ele>
        <time>2026-08-05T06:02:37.000Z</time>
        <extensions>
          <ns3:TrackPointExtension>
            <ns3:hr>97</ns3:hr>
            <ns3:cad>0</ns3:cad>
          </ns3:TrackPointExtension>
        </extensions>
      </trkpt>
      <trkpt lat="28.9790373109281063079833984375" lon="82.8307662717998027801513671875">
        <ele>2285</ele>
        <time>2026-08-05T06:02:39.000Z</time>
        <extensions>
          <ns3:TrackPointExtension>
            <ns3:hr>94</ns3:hr>
            <ns3:cad>0</ns3:cad>
          </ns3:TrackPointExtension>
        </extensions>
      </trkpt>
      <trkpt lat="28.9790373109281063079833984375" lon="82.8307662717998027801513671875">
        <ele>2285</ele>
        <time>2026-08-05T06:02:41.000Z</time>
        <extensions>
          <ns3:TrackPointExtension>
            <ns3:hr>91</ns3:hr>
            <ns3:cad>0</ns3:cad>
          </ns3:TrackPointExtension>
        </extensions>
      </trkpt>
      <trkpt lat="28.9790373109281063079833984375" lon="82.8307662717998027801513671875">
        <ele>2285.199951171875</ele>
        <time>2026-08-05T06:02:43.000Z</time>
        <extensions>
          <ns3:TrackPointExtension>
            <ns3:hr>86</ns3:hr>
            <ns3:cad>0</ns3:cad>
          </ns3:TrackPointExtension>
        </extensions>
      </trkpt>
      <trkpt lat="28.9790373109281063079833984375" lon="82.8307662717998027801513671875">
        <ele>2285.199951171875</ele>
        <time>2026-08-05T06:02:44.000Z</time>
        <extensions>
          <ns3:TrackPointExtension>
            <ns3:hr>82</ns3:hr>
            <ns3:cad>0</ns3:cad>
          </ns3:TrackPointExtension>
        </extensions>
      </trkpt>
      <trkpt lat="28.9790373109281063079833984375" lon="82.8307662717998027801513671875">
        <ele>2285.39990234375</ele>
        <time>2026-08-05T06:02:49.000Z</time>
        <extensions>
          <ns3:TrackPointExtension>
            <ns3:hr>89</ns3:hr>
            <ns3:cad>0</ns3:cad>
          </ns3:TrackPointExtension>
        </extensions>
      </trkpt>
      <trkpt lat="28.9790373109281063079833984375" lon="82.8307662717998027801513671875">
        <ele>2285.39990234375</ele>
        <time>2026-08-05T06:02:51.000Z</time>
        <extensions>
          <ns3:TrackPointExtension>
            <ns3:hr>92</ns3:hr>
            <ns3:cad>0</ns3:cad>
          </ns3:TrackPointExtension>
        </extensions>
      </trkpt>
      <trkpt lat="28.9790373109281063079833984375" lon="82.8307662717998027801513671875">
        <ele>2285.800048828125</ele>
        <time>2026-08-05T06:02:55.000Z</time>
        <extensions>
          <ns3:TrackPointExtension>
            <ns3:hr>93</ns3:hr>
            <ns3:cad>0</ns3:cad>
          </ns3:TrackPointExtension>
        </extensions>
      </trkpt>
      <trkpt lat="28.97905449382960796356201171875" lon="82.83082972280681133270263671875">
        <ele>2285.39990234375</ele>
        <time>2026-08-05T06:03:03.000Z</time>
        <extensions>
          <ns3:TrackPointExtension>
            <ns3:hr>93</ns3:hr>
            <ns3:cad>0</ns3:cad>
          </ns3:TrackPointExtension>
        </extensions>
      </trkpt>
      <trkpt lat="28.9790580980479717254638671875" lon="82.83086660318076610565185546875">
        <ele>2285.39990234375</ele>
        <time>2026-08-05T06:03:07.000Z</time>
        <extensions>
          <ns3:TrackPointExtension>
            <ns3:hr>90</ns3:hr>
            <ns3:cad>45</ns3:cad>
          </ns3:TrackPointExtension>
        </extensions>
      </trkpt>
      <trkpt lat="28.97905868478119373321533203125" lon="82.83089644275605678558349609375">
        <ele>2285</ele>
        <time>2026-08-05T06:03:10.000Z</time>
        <extensions>
          <ns3:TrackPointExtension>
            <ns3:hr>89</ns3:hr>
            <ns3:cad>46</ns3:cad>
          </ns3:TrackPointExtension>
        </extensions>
      </trkpt>
      <trkpt lat="28.97906237281858921051025390625" lon="82.8309322334825992584228515625">
        <ele>2284.199951171875</ele>
        <time>2026-08-05T06:03:14.000Z</time>
        <extensions>
          <ns3:TrackPointExtension>
            <ns3:hr>90</ns3:hr>
            <ns3:cad>46</ns3:cad>
          </ns3:TrackPointExtension>
        </extensions>
      </trkpt>
      <trkpt lat="28.97906740196049213409423828125" lon="82.8309474885463714599609375">
        <ele>2284</ele>
        <time>2026-08-05T06:03:17.000Z</time>
        <extensions>
          <ns3:TrackPointExtension>
            <ns3:hr>90</ns3:hr>
            <ns3:cad>0</ns3:cad>
          </ns3:TrackPointExtension>
        </extensions>
      </trkpt>
      <trkpt lat="28.97906824015080928802490234375" lon="82.83094874583184719085693359375">
        <ele>2284.199951171875</ele>
        <time>2026-08-05T06:03:25.000Z</time>
        <extensions>
          <ns3:TrackPointExtension>
            <ns3:hr>87</ns3:hr>
            <ns3:cad>0</ns3:cad>
          </ns3:TrackPointExtension>
        </extensions>
      </trkpt>
      <trkpt lat="28.97906907834112644195556640625" lon="82.8309582173824310302734375">
        <ele>2284.39990234375</ele>
        <time>2026-08-05T06:03:31.000Z</time>
        <extensions>
          <ns3:TrackPointExtension>
            <ns3:hr>87</ns3:hr>
            <ns3:cad>0</ns3:cad>
          </ns3:TrackPointExtension>
        </extensions>
      </trkpt>
      <trkpt lat="28.9790711738169193267822265625" lon="82.830980680882930755615234375">
        <ele>2284</ele>
        <time>2026-08-05T06:03:34.000Z</time>
        <extensions>
          <ns3:TrackPointExtension>
            <ns3:hr>90</ns3:hr>
            <ns3:cad>0</ns3:cad>
          </ns3:TrackPointExtension>
        </extensions>
      </trkpt>
      <trkpt lat="28.9790869317948818206787109375" lon="82.83103172667324542999267578125">
        <ele>2283.39990234375</ele>
        <time>2026-08-05T06:03:38.000Z</time>
        <extensions>
          <ns3:TrackPointExtension>
            <ns3:hr>92</ns3:hr>
            <ns3:cad>0</ns3:cad>
          </ns3:TrackPointExtension>
        </extensions>
      </trkpt>
      <trkpt lat="28.979094140231609344482421875" lon="82.83105519600212574005126953125">
        <ele>2283.199951171875</ele>
        <time>2026-08-05T06:03:40.000Z</time>
        <extensions>
          <ns3:TrackPointExtension>
            <ns3:hr>92</ns3:hr>
            <ns3:cad>0</ns3:cad>
          </ns3:TrackPointExtension>
        </extensions>
      </trkpt>
      <trkpt lat="28.979109562933444976806640625" lon="82.83112945966422557830810546875">
        <ele>2283.199951171875</ele>
        <time>2026-08-05T06:03:47.000Z</time>
        <extensions>
          <ns3:TrackPointExtension>
            <ns3:hr>92</ns3:hr>
            <ns3:cad>46</ns3:cad>
          </ns3:TrackPointExtension>
        </extensions>
      </trkpt>
      <trkpt lat="28.9791258238255977630615234375" lon="82.83119081519544124603271484375">
        <ele>2282.800048828125</ele>
        <time>2026-08-05T06:03:52.000Z</time>
        <extensions>
          <ns3:TrackPointExtension>
            <ns3:hr>89</ns3:hr>
            <ns3:cad>48</ns3:cad>
          </ns3:TrackPointExtension>
        </extensions>
      </trkpt>
      <trkpt lat="28.9791238121688365936279296875" lon="82.8311971016228199005126953125">
        <ele>2282.60009765625</ele>
        <time>2026-08-05T06:03:53.000Z</time>
        <extensions>
          <ns3:TrackPointExtension>
            <ns3:hr>88</ns3:hr>
            <ns3:cad>48</ns3:cad>
          </ns3:TrackPointExtension>
        </extensions>
      </trkpt>
      <trkpt lat="28.9791308529675006866455078125" lon="82.8312393464148044586181640625">
        <ele>2282.39990234375</ele>
        <time>2026-08-05T06:03:57.000Z</time>
        <extensions>
          <ns3:TrackPointExtension>
            <ns3:hr>88</ns3:hr>
            <ns3:cad>0</ns3:cad>
          </ns3:TrackPointExtension>
        </extensions>
      </trkpt>
      <trkpt lat="28.97914166562259197235107421875" lon="82.83129290677607059478759765625">
        <ele>2282.60009765625</ele>
        <time>2026-08-05T06:04:01.000Z</time>
        <extensions>
          <ns3:TrackPointExtension>
            <ns3:hr>88</ns3:hr>
            <ns3:cad>44</ns3:cad>
          </ns3:TrackPointExtension>
        </extensions>
      </trkpt>
      <trkpt lat="28.97915272973477840423583984375" lon="82.83133439719676971435546875">
        <ele>2282.199951171875</ele>
        <time>2026-08-05T06:04:05.000Z</time>
        <extensions>
          <ns3:TrackPointExtension>
            <ns3:hr>91</ns3:hr>
            <ns3:cad>0</ns3:cad>
          </ns3:TrackPointExtension>
        </extensions>
      </trkpt>
      <trkpt lat="28.9791576750576496124267578125" lon="82.83134856261312961578369140625">
        <ele>2282.199951171875</ele>
        <time>2026-08-05T06:04:06.000Z</time>
        <extensions>
          <ns3:TrackPointExtension>
            <ns3:hr>90</ns3:hr>
            <ns3:cad>0</ns3:cad>
          </ns3:TrackPointExtension>
        </extensions>
      </trkpt>
      <trkpt lat="28.9791642129421234130859375" lon="82.83136230893433094024658203125">
        <ele>2282.199951171875</ele>
        <time>2026-08-05T06:04:07.000Z</time>
        <extensions>
          <ns3:TrackPointExtension>
            <ns3:hr>91</ns3:hr>
            <ns3:cad>0</ns3:cad>
          </ns3:TrackPointExtension>
        </extensions>
      </trkpt>
      <trkpt lat="28.9791781269013881683349609375" lon="82.83142131753265857696533203125">
        <ele>2282.60009765625</ele>
        <time>2026-08-05T06:04:12.000Z</time>
        <extensions>
          <ns3:TrackPointExtension>
            <ns3:hr>90</ns3:hr>
            <ns3:cad>0</ns3:cad>
          </ns3:TrackPointExtension>
        </extensions>
      </trkpt>
      <trkpt lat="28.97919966839253902435302734375" lon="82.83146389760076999664306640625">
        <ele>2282.39990234375</ele>
        <time>2026-08-05T06:04:16.000Z</time>
        <extensions>
          <ns3:TrackPointExtension>
            <ns3:hr>90</ns3:hr>
            <ns3:cad>47</ns3:cad>
          </ns3:TrackPointExtension>
        </extensions>
      </trkpt>
      <trkpt lat="28.9792344532907009124755859375" lon="82.83153782598674297332763671875">
        <ele>2282</ele>
        <time>2026-08-05T06:04:23.000Z</time>
        <extensions>
          <ns3:TrackPointExtension>
            <ns3:hr>92</ns3:hr>
            <ns3:cad>0</ns3:cad>
          </ns3:TrackPointExtension>
        </extensions>
      </trkpt>
      <trkpt lat="28.97924937307834625244140625" lon="82.831595242023468017578125">
        <ele>2282.39990234375</ele>
        <time>2026-08-05T06:04:29.000Z</time>
        <extensions>
          <ns3:TrackPointExtension>
            <ns3:hr>94</ns3:hr>
            <ns3:cad>48</ns3:cad>
          </ns3:TrackPointExtension>
        </extensions>
      </trkpt>
      <trkpt lat="28.97927007637917995452880859375" lon="82.83166430890560150146484375">
        <ele>2281.60009765625</ele>
        <time>2026-08-05T06:04:35.000Z</time>
        <extensions>
          <ns3:TrackPointExtension>
            <ns3:hr>95</ns3:hr>
            <ns3:cad>47</ns3:cad>
          </ns3:TrackPointExtension>
        </extensions>
      </trkpt>
      <trkpt lat="28.97927242331206798553466796875" lon="82.8317073918879032135009765625">
        <ele>2281</ele>
        <time>2026-08-05T06:04:39.000Z</time>
        <extensions>
          <ns3:TrackPointExtension>
            <ns3:hr>92</ns3:hr>
            <ns3:cad>47</ns3:cad>
          </ns3:TrackPointExtension>
        </extensions>
      </trkpt>
      <trkpt lat="28.97926504723727703094482421875" lon="82.83171485178172588348388671875">
        <ele>2280.800048828125</ele>
        <time>2026-08-05T06:04:40.000Z</time>
        <extensions>
          <ns3:TrackPointExtension>
            <ns3:hr>91</ns3:hr>
            <ns3:cad>47</ns3:cad>
          </ns3:TrackPointExtension>
        </extensions>
      </trkpt>
      <trkpt lat="28.97926638834178447723388671875" lon="82.83172457478940486907958984375">
        <ele>2281</ele>
        <time>2026-08-05T06:04:41.000Z</time>
        <extensions>
          <ns3:TrackPointExtension>
            <ns3:hr>89</ns3:hr>
            <ns3:cad>53</ns3:cad>
          </ns3:TrackPointExtension>
        </extensions>
      </trkpt>
      <trkpt lat="28.97926806472241878509521484375" lon="82.83180914819240570068359375">
        <ele>2280</ele>
        <time>2026-08-05T06:04:49.000Z</time>
        <extensions>
          <ns3:TrackPointExtension>
            <ns3:hr>88</ns3:hr>
            <ns3:cad>49</ns3:cad>
          </ns3:TrackPointExtension>
        </extensions>
      </trkpt>
      <trkpt lat="28.97926454432308673858642578125" lon="82.83182297833263874053955078125">
        <ele>2279.800048828125</ele>
        <time>2026-08-05T06:04:50.000Z</time>
        <extensions>
          <ns3:TrackPointExtension>
            <ns3:hr>88</ns3:hr>
            <ns3:cad>49</ns3:cad>
          </ns3:TrackPointExtension>
        </extensions>
      </trkpt>
      <trkpt lat="28.97926286794245243072509765625" lon="82.8318783827126026153564453125">
        <ele>2279.39990234375</ele>
        <time>2026-08-05T06:04:54.000Z</time>
        <extensions>
          <ns3:TrackPointExtension>
            <ns3:hr>87</ns3:hr>
            <ns3:cad>50</ns3:cad>
          </ns3:TrackPointExtension>
        </extensions>
      </trkpt>
      <trkpt lat="28.9792636223137378692626953125" lon="82.8319209627807140350341796875">
        <ele>2278.60009765625</ele>
        <time>2026-08-05T06:04:59.000Z</time>
        <extensions>
          <ns3:TrackPointExtension>
            <ns3:hr>88</ns3:hr>
            <ns3:cad>0</ns3:cad>
          </ns3:TrackPointExtension>
        </extensions>
      </trkpt>
      <trkpt lat="28.97926202975213527679443359375" lon="82.831924818456172943115234375">
        <ele>2278.39990234375</ele>
        <time>2026-08-05T06:05:00.000Z</time>
        <extensions>
          <ns3:TrackPointExtension>
            <ns3:hr>88</ns3:hr>
            <ns3:cad>0</ns3:cad>
          </ns3:TrackPointExtension>
        </extensions>
      </trkpt>
      <trkpt lat="28.9792602695524692535400390625" lon="82.8319243155419826507568359375">
        <ele>2278.60009765625</ele>
        <time>2026-08-05T06:05:09.000Z</time>
        <extensions>
          <ns3:TrackPointExtension>
            <ns3:hr>90</ns3:hr>
            <ns3:cad>0</ns3:cad>
          </ns3:TrackPointExtension>
        </extensions>
      </trkpt>
      <trkpt lat="28.9792595990002155303955078125" lon="82.83196530304849147796630859375">
        <ele>2278.39990234375</ele>
        <time>2026-08-05T06:05:18.000Z</time>
        <extensions>
          <ns3:TrackPointExtension>
            <ns3:hr>91</ns3:hr>
            <ns3:cad>0</ns3:cad>
          </ns3:TrackPointExtension>
        </extensions>
      </trkpt>
      <trkpt lat="28.97926018573343753814697265625" lon="82.83201391808688640594482421875">
        <ele>2277.800048828125</ele>
        <time>2026-08-05T06:05:22.000Z</time>
        <extensions>
          <ns3:TrackPointExtension>
            <ns3:hr>95</ns3:hr>
            <ns3:cad>0</ns3:cad>
          </ns3:TrackPointExtension>
        </extensions>
      </trkpt>
      <trkpt lat="28.979254066944122314453125" lon="82.83204090781509876251220703125">
        <ele>2277.39990234375</ele>
        <time>2026-08-05T06:05:24.000Z</time>
        <extensions>
          <ns3:TrackPointExtension>
            <ns3:hr>97</ns3:hr>
            <ns3:cad>0</ns3:cad>
          </ns3:TrackPointExtension>
        </extensions>
      </trkpt>
      <trkpt lat="28.97927912883460521697998046875" lon="82.832095138728618621826171875">
        <ele>2277.199951171875</ele>
        <time>2026-08-05T06:05:30.000Z</time>
        <extensions>
          <ns3:TrackPointExtension>
            <ns3:hr>97</ns3:hr>
            <ns3:cad>50</ns3:cad>
          </ns3:TrackPointExtension>
        </extensions>
      </trkpt>
      <trkpt lat="28.97930779494345188140869140625" lon="82.83216227777302265167236328125">
        <ele>2277.39990234375</ele>
        <time>2026-08-05T06:05:36.000Z</time>
        <extensions>
          <ns3:TrackPointExtension>
            <ns3:hr>95</ns3:hr>
            <ns3:cad>47</ns3:cad>
          </ns3:TrackPointExtension>
        </extensions>
      </trkpt>
      <trkpt lat="28.97935456596314907073974609375" lon="82.832227237522602081298828125">
        <ele>2276.800048828125</ele>
        <time>2026-08-05T06:05:43.000Z</time>
        <extensions>
          <ns3:TrackPointExtension>
            <ns3:hr>95</ns3:hr>
            <ns3:cad>48</ns3:cad>
          </ns3:TrackPointExtension>
        </extensions>
      </trkpt>
      <trkpt lat="28.97937702946364879608154296875" lon="82.83225129358470439910888671875">
        <ele>2276.39990234375</ele>
        <time>2026-08-05T06:05:46.000Z</time>
        <extensions>
          <ns3:TrackPointExtension>
            <ns3:hr>94</ns3:hr>
            <ns3:cad>47</ns3:cad>
          </ns3:TrackPointExtension>
        </extensions>
      </trkpt>
      <trkpt lat="28.979385159909725189208984375" lon="82.83227258361876010894775390625">
        <ele>2276.39990234375</ele>
        <time>2026-08-05T06:05:48.000Z</time>
        <extensions>
          <ns3:TrackPointExtension>
            <ns3:hr>95</ns3:hr>
            <ns3:cad>46</ns3:cad>
          </ns3:TrackPointExtension>
        </extensions>
      </trkpt>
      <trkpt lat="28.97939345799386501312255859375" lon="82.8322805464267730712890625">
        <ele>2276.39990234375</ele>
        <time>2026-08-05T06:05:56.000Z</time>
        <extensions>
          <ns3:TrackPointExtension>
            <ns3:hr>95</ns3:hr>
            <ns3:cad>0</ns3:cad>
          </ns3:TrackPointExtension>
        </extensions>
      </trkpt>
      <trkpt lat="28.97939345799386501312255859375" lon="82.8322805464267730712890625">
        <ele>2276</ele>
        <time>2026-08-05T06:05:59.000Z</time>
        <extensions>
          <ns3:TrackPointExtension>
            <ns3:hr>92</ns3:hr>
            <ns3:cad>0</ns3:cad>
          </ns3:TrackPointExtension>
        </extensions>
      </trkpt>
      <trkpt lat="28.97939379326999187469482421875" lon="82.83228046260774135589599609375">
        <ele>2276</ele>
        <time>2026-08-05T06:06:00.000Z</time>
        <extensions>
          <ns3:TrackPointExtension>
            <ns3:hr>89</ns3:hr>
            <ns3:cad>0</ns3:cad>
          </ns3:TrackPointExtension>
        </extensions>
      </trkpt>
      <trkpt lat="28.97941893897950649261474609375" lon="82.832296304404735565185546875">
        <ele>2275.60009765625</ele>
        <time>2026-08-05T06:06:03.000Z</time>
        <extensions>
          <ns3:TrackPointExtension>
            <ns3:hr>88</ns3:hr>
            <ns3:cad>0</ns3:cad>
          </ns3:TrackPointExtension>
        </extensions>
      </trkpt>
      <trkpt lat="28.9794490300118923187255859375" lon="82.83235070295631885528564453125">
        <ele>2275.800048828125</ele>
        <time>2026-08-05T06:06:08.000Z</time>
        <extensions>
          <ns3:TrackPointExtension>
            <ns3:hr>86</ns3:hr>
            <ns3:cad>45</ns3:cad>
          </ns3:TrackPointExtension>
        </extensions>
      </trkpt>
      <trkpt lat="28.97947845049202442169189453125" lon="82.83238473348319530487060546875">
        <ele>2275.39990234375</ele>
        <time>2026-08-05T06:06:13.000Z</time>
        <extensions>
          <ns3:TrackPointExtension>
            <ns3:hr>87</ns3:hr>
            <ns3:cad>46</ns3:cad>
          </ns3:TrackPointExtension>
        </extensions>
      </trkpt>
      <trkpt lat="28.97947459481656551361083984375" lon="82.83238573931157588958740234375">
        <ele>2275.39990234375</ele>
        <time>2026-08-05T06:06:19.000Z</time>
        <extensions>
          <ns3:TrackPointExtension>
            <ns3:hr>88</ns3:hr>
            <ns3:cad>0</ns3:cad>
          </ns3:TrackPointExtension>
        </extensions>
      </trkpt>
      <trkpt lat="28.97948415018618106842041015625" lon="82.83240753225982189178466796875">
        <ele>2275.800048828125</ele>
        <time>2026-08-05T06:06:29.000Z</time>
        <extensions>
          <ns3:TrackPointExtension>
            <ns3:hr>89</ns3:hr>
            <ns3:cad>0</ns3:cad>
          </ns3:TrackPointExtension>
        </extensions>
      </trkpt>
      <trkpt lat="28.9794892631471157073974609375" lon="82.8324148245155811309814453125">
        <ele>2275.800048828125</ele>
        <time>2026-08-05T06:06:33.000Z</time>
        <extensions>
          <ns3:TrackPointExtension>
            <ns3:hr>92</ns3:hr>
            <ns3:cad>0</ns3:cad>
          </ns3:TrackPointExtension>
        </extensions>
      </trkpt>
      <trkpt lat="28.97948850877583026885986328125" lon="82.83241407014429569244384765625">
        <ele>2275.60009765625</ele>
        <time>2026-08-05T06:06:35.000Z</time>
        <extensions>
          <ns3:TrackPointExtension>
            <ns3:hr>92</ns3:hr>
            <ns3:cad>0</ns3:cad>
          </ns3:TrackPointExtension>
        </extensions>
      </trkpt>
      <trkpt lat="28.97948808968067169189453125" lon="82.83242203295230865478515625">
        <ele>2275.39990234375</ele>
        <time>2026-08-05T06:06:44.000Z</time>
        <extensions>
          <ns3:TrackPointExtension>
            <ns3:hr>91</ns3:hr>
            <ns3:cad>0</ns3:cad>
          </ns3:TrackPointExtension>
        </extensions>
      </trkpt>
      <trkpt lat="28.9794892631471157073974609375" lon="82.8324148245155811309814453125">
        <ele>2275.60009765625</ele>
        <time>2026-08-05T06:06:47.000Z</time>
        <extensions>
          <ns3:TrackPointExtension>
            <ns3:hr>88</ns3:hr>
            <ns3:cad>0</ns3:cad>
          </ns3:TrackPointExtension>
        </extensions>
      </trkpt>
      <trkpt lat="28.9794892631471157073974609375" lon="82.8324148245155811309814453125">
        <ele>2276</ele>
        <time>2026-08-05T06:06:51.000Z</time>
        <extensions>
          <ns3:TrackPointExtension>
            <ns3:hr>90</ns3:hr>
            <ns3:cad>0</ns3:cad>
          </ns3:TrackPointExtension>
        </extensions>
      </trkpt>
      <trkpt lat="28.97949471138417720794677734375" lon="82.8324268944561481475830078125">
        <ele>2275.800048828125</ele>
        <time>2026-08-05T06:07:00.000Z</time>
        <extensions>
          <ns3:TrackPointExtension>
            <ns3:hr>88</ns3:hr>
            <ns3:cad>0</ns3:cad>
          </ns3:TrackPointExtension>
        </extensions>
      </trkpt>
      <trkpt lat="28.9795301668345928192138671875" lon="82.8324651159346103668212890625">
        <ele>2275.800048828125</ele>
        <time>2026-08-05T06:07:06.000Z</time>
        <extensions>
          <ns3:TrackPointExtension>
            <ns3:hr>87</ns3:hr>
            <ns3:cad>43</ns3:cad>
          </ns3:TrackPointExtension>
        </extensions>
      </trkpt>
      <trkpt lat="28.97958808578550815582275390625" lon="82.83253158442676067352294921875">
        <ele>2275.39990234375</ele>
        <time>2026-08-05T06:07:13.000Z</time>
        <extensions>
          <ns3:TrackPointExtension>
            <ns3:hr>88</ns3:hr>
            <ns3:cad>48</ns3:cad>
          </ns3:TrackPointExtension>
        </extensions>
      </trkpt>
      <trkpt lat="28.9796029217541217803955078125" lon="82.83254985697567462921142578125">
        <ele>2275.39990234375</ele>
        <time>2026-08-05T06:07:15.000Z</time>
        <extensions>
          <ns3:TrackPointExtension>
            <ns3:hr>91</ns3:hr>
            <ns3:cad>51</ns3:cad>
          </ns3:TrackPointExtension>
        </extensions>
      </trkpt>
      <trkpt lat="28.97964893840253353118896484375" lon="82.83260517753660678863525390625">
        <ele>2275</ele>
        <time>2026-08-05T06:07:21.000Z</time>
        <extensions>
          <ns3:TrackPointExtension>
            <ns3:hr>90</ns3:hr>
            <ns3:cad>51</ns3:cad>
          </ns3:TrackPointExtension>
        </extensions>
      </trkpt>
      <trkpt lat="28.979664780199527740478515625" lon="82.83261674456298351287841796875">
        <ele>2274.800048828125</ele>
        <time>2026-08-05T06:07:27.000Z</time>
        <extensions>
          <ns3:TrackPointExtension>
            <ns3:hr>90</ns3:hr>
            <ns3:cad>0</ns3:cad>
          </ns3:TrackPointExtension>
        </extensions>
      </trkpt>
      <trkpt lat="28.979690261185169219970703125" lon="82.83264675177633762359619140625">
        <ele>2274.60009765625</ele>
        <time>2026-08-05T06:07:36.000Z</time>
        <extensions>
          <ns3:TrackPointExtension>
            <ns3:hr>90</ns3:hr>
            <ns3:cad>0</ns3:cad>
          </ns3:TrackPointExtension>
        </extensions>
      </trkpt>
      <trkpt lat="28.97970006801187992095947265625" lon="82.8326662816107273101806640625">
        <ele>2274.199951171875</ele>
        <time>2026-08-05T06:07:39.000Z</time>
        <extensions>
          <ns3:TrackPointExtension>
            <ns3:hr>91</ns3:hr>
            <ns3:cad>43</ns3:cad>
          </ns3:TrackPointExtension>
        </extensions>
      </trkpt>
      <trkpt lat="28.97971129976212978363037109375" lon="82.83267290331423282623291015625">
        <ele>2274.39990234375</ele>
        <time>2026-08-05T06:07:42.000Z</time>
        <extensions>
          <ns3:TrackPointExtension>
            <ns3:hr>92</ns3:hr>
            <ns3:cad>0</ns3:cad>
          </ns3:TrackPointExtension>
        </extensions>
      </trkpt>
      <trkpt lat="28.979713059961795806884765625" lon="82.8326689638197422027587890625">
        <ele>2274.199951171875</ele>
        <time>2026-08-05T06:07:48.000Z</time>
        <extensions>
          <ns3:TrackPointExtension>
            <ns3:hr>90</ns3:hr>
            <ns3:cad>0</ns3:cad>
          </ns3:TrackPointExtension>
        </extensions>
      </trkpt>
      <trkpt lat="28.9797316677868366241455078125" lon="82.8326974622905254364013671875">
        <ele>2273.800048828125</ele>
        <time>2026-08-05T06:07:53.000Z</time>
        <extensions>
          <ns3:TrackPointExtension>
            <ns3:hr>93</ns3:hr>
            <ns3:cad>0</ns3:cad>
          </ns3:TrackPointExtension>
        </extensions>
      </trkpt>
      <trkpt lat="28.97974424064159393310546875" lon="82.8327189199626445770263671875">
        <ele>2274</ele>
        <time>2026-08-05T06:07:55.000Z</time>
        <extensions>
          <ns3:TrackPointExtension>
            <ns3:hr>93</ns3:hr>
            <ns3:cad>0</ns3:cad>
          </ns3:TrackPointExtension>
        </extensions>
      </trkpt>
      <trkpt lat="28.979778774082660675048828125" lon="82.832802571356296539306640625">
        <ele>2274.199951171875</ele>
        <time>2026-08-05T06:08:03.000Z</time>
        <extensions>
          <ns3:TrackPointExtension>
            <ns3:hr>93</ns3:hr>
            <ns3:cad>47</ns3:cad>
          </ns3:TrackPointExtension>
        </extensions>
      </trkpt>
      <trkpt lat="28.979801572859287261962890625" lon="82.83287624828517436981201171875">
        <ele>2274</ele>
        <time>2026-08-05T06:08:10.000Z</time>
        <extensions>
          <ns3:TrackPointExtension>
            <ns3:hr>90</ns3:hr>
            <ns3:cad>46</ns3:cad>
          </ns3:TrackPointExtension>
        </extensions>
      </trkpt>
      <trkpt lat="28.97980450652539730072021484375" lon="82.8328858874738216400146484375">
        <ele>2274</ele>
        <time>2026-08-05T06:08:11.000Z</time>
        <extensions>
          <ns3:TrackPointExtension>
            <ns3:hr>90</ns3:hr>
            <ns3:cad>46</ns3:cad>
          </ns3:TrackPointExtension>
        </extensions>
      </trkpt>
      <trkpt lat="28.97982127033174037933349609375" lon="82.83295285888016223907470703125">
        <ele>2273.60009765625</ele>
        <time>2026-08-05T06:08:18.000Z</time>
        <extensions>
          <ns3:TrackPointExtension>
            <ns3:hr>92</ns3:hr>
            <ns3:cad>47</ns3:cad>
          </ns3:TrackPointExtension>
        </extensions>
      </trkpt>
      <trkpt lat="28.9798325859010219573974609375" lon="82.8330045752227306365966796875">
        <ele>2273.199951171875</ele>
        <time>2026-08-05T06:08:23.000Z</time>
        <extensions>
          <ns3:TrackPointExtension>
            <ns3:hr>90</ns3:hr>
            <ns3:cad>45</ns3:cad>
          </ns3:TrackPointExtension>
        </extensions>
      </trkpt>
      <trkpt lat="28.9798372797667980194091796875" lon="82.83303357660770416259765625">
        <ele>2272.800048828125</ele>
        <time>2026-08-05T06:08:26.000Z</time>
        <extensions>
          <ns3:TrackPointExtension>
            <ns3:hr>88</ns3:hr>
            <ns3:cad>46</ns3:cad>
          </ns3:TrackPointExtension>
        </extensions>
      </trkpt>
      <trkpt lat="28.9798503555357456207275390625" lon="82.8330843709409236907958984375">
        <ele>2272</ele>
        <time>2026-08-05T06:08:31.000Z</time>
        <extensions>
          <ns3:TrackPointExtension>
            <ns3:hr>89</ns3:hr>
            <ns3:cad>47</ns3:cad>
          </ns3:TrackPointExtension>
        </extensions>
      </trkpt>
      <trkpt lat="28.9798617549240589141845703125" lon="82.8331132046878337860107421875">
        <ele>2271.199951171875</ele>
        <time>2026-08-05T06:08:34.000Z</time>
        <extensions>
          <ns3:TrackPointExtension>
            <ns3:hr>91</ns3:hr>
            <ns3:cad>48</ns3:cad>
          </ns3:TrackPointExtension>
        </extensions>
      </trkpt>
      <trkpt lat="28.9798654429614543914794921875" lon="82.83312334679067134857177734375">
        <ele>2271</ele>
        <time>2026-08-05T06:08:35.000Z</time>
        <extensions>
          <ns3:TrackPointExtension>
            <ns3:hr>92</ns3:hr>
            <ns3:cad>48</ns3:cad>
          </ns3:TrackPointExtension>
        </extensions>
      </trkpt>
      <trkpt lat="28.9798857271671295166015625" lon="82.8331802599132061004638671875">
        <ele>2270.60009765625</ele>
        <time>2026-08-05T06:08:40.000Z</time>
        <extensions>
          <ns3:TrackPointExtension>
            <ns3:hr>91</ns3:hr>
            <ns3:cad>47</ns3:cad>
          </ns3:TrackPointExtension>
        </extensions>
      </trkpt>
      <trkpt lat="28.97989670746028423309326171875" lon="82.83322409726679325103759765625">
        <ele>2269.800048828125</ele>
        <time>2026-08-05T06:08:44.000Z</time>
        <extensions>
          <ns3:TrackPointExtension>
            <ns3:hr>92</ns3:hr>
            <ns3:cad>49</ns3:cad>
          </ns3:TrackPointExtension>
        </extensions>
      </trkpt>
      <trkpt lat="28.9799045026302337646484375" lon="82.833259887993335723876953125">
        <ele>2269</ele>
        <time>2026-08-05T06:08:48.000Z</time>
        <extensions>
          <ns3:TrackPointExtension>
            <ns3:hr>92</ns3:hr>
            <ns3:cad>49</ns3:cad>
          </ns3:TrackPointExtension>
        </extensions>
      </trkpt>
      <trkpt lat="28.979911543428897857666015625" lon="82.8332925774157047271728515625">
        <ele>2268.60009765625</ele>
        <time>2026-08-05T06:08:51.000Z</time>
        <extensions>
          <ns3:TrackPointExtension>
            <ns3:hr>92</ns3:hr>
            <ns3:cad>50</ns3:cad>
          </ns3:TrackPointExtension>
        </extensions>
      </trkpt>
      <trkpt lat="28.97990827448666095733642578125" lon="82.8333217464387416839599609375">
        <ele>2268.199951171875</ele>
        <time>2026-08-05T06:08:54.000Z</time>
        <extensions>
          <ns3:TrackPointExtension>
            <ns3:hr>91</ns3:hr>
            <ns3:cad>49</ns3:cad>
          </ns3:TrackPointExtension>
        </extensions>
      </trkpt>
      <trkpt lat="28.97991053760051727294921875" lon="82.83335208892822265625">
        <ele>2267.39990234375</ele>
        <time>2026-08-05T06:08:57.000Z</time>
        <extensions>
          <ns3:TrackPointExtension>
            <ns3:hr>91</ns3:hr>
            <ns3:cad>49</ns3:cad>
          </ns3:TrackPointExtension>
        </extensions>
      </trkpt>
      <trkpt lat="28.979920931160449981689453125" lon="82.83338670618832111358642578125">
        <ele>2266.800048828125</ele>
        <time>2026-08-05T06:09:00.000Z</time>
        <extensions>
          <ns3:TrackPointExtension>
            <ns3:hr>90</ns3:hr>
            <ns3:cad>47</ns3:cad>
          </ns3:TrackPointExtension>
        </extensions>
      </trkpt>
      <trkpt lat="28.9799232780933380126953125" lon="82.8334089182317256927490234375">
        <ele>2266.39990234375</ele>
        <time>2026-08-05T06:09:02.000Z</time>
        <extensions>
          <ns3:TrackPointExtension>
            <ns3:hr>90</ns3:hr>
            <ns3:cad>48</ns3:cad>
          </ns3:TrackPointExtension>
        </extensions>
      </trkpt>
      <trkpt lat="28.9799348451197147369384765625" lon="82.833462059497833251953125">
        <ele>2265.39990234375</ele>
        <time>2026-08-05T06:09:07.000Z</time>
        <extensions>
          <ns3:TrackPointExtension>
            <ns3:hr>91</ns3:hr>
            <ns3:cad>50</ns3:cad>
          </ns3:TrackPointExtension>
        </extensions>
      </trkpt>
      <trkpt lat="28.9799405448138713836669921875" lon="82.83347488380968570709228515625">
        <ele>2265.39990234375</ele>
        <time>2026-08-05T06:09:09.000Z</time>
        <extensions>
          <ns3:TrackPointExtension>
            <ns3:hr>92</ns3:hr>
            <ns3:cad>50</ns3:cad>
          </ns3:TrackPointExtension>
        </extensions>
      </trkpt>
      <trkpt lat="28.97995211184024810791015625" lon="82.8335205651819705963134765625">
        <ele>2265</ele>
        <time>2026-08-05T06:09:13.000Z</time>
        <extensions>
          <ns3:TrackPointExtension>
            <ns3:hr>92</ns3:hr>
            <ns3:cad>48</ns3:cad>
          </ns3:TrackPointExtension>
        </extensions>
      </trkpt>
      <trkpt lat="28.97996040992438793182373046875" lon="82.83357881940901279449462890625">
        <ele>2264.199951171875</ele>
        <time>2026-08-05T06:09:18.000Z</time>
        <extensions>
          <ns3:TrackPointExtension>
            <ns3:hr>92</ns3:hr>
            <ns3:cad>50</ns3:cad>
          </ns3:TrackPointExtension>
        </extensions>
      </trkpt>
      <trkpt lat="28.9799613319337368011474609375" lon="82.83358820714056491851806640625">
        <ele>2264.199951171875</ele>
        <time>2026-08-05T06:09:19.000Z</time>
        <extensions>
          <ns3:TrackPointExtension>
            <ns3:hr>91</ns3:hr>
            <ns3:cad>50</ns3:cad>
          </ns3:TrackPointExtension>
        </extensions>
      </trkpt>
      <trkpt lat="28.9799834601581096649169921875" lon="82.8336462937295436859130859375">
        <ele>2263.199951171875</ele>
        <time>2026-08-05T06:09:25.000Z</time>
        <extensions>
          <ns3:TrackPointExtension>
            <ns3:hr>92</ns3:hr>
            <ns3:cad>49</ns3:cad>
          </ns3:TrackPointExtension>
        </extensions>
      </trkpt>
      <trkpt lat="28.98000751622021198272705078125" lon="82.83371376805007457733154296875">
        <ele>2263.199951171875</ele>
        <time>2026-08-05T06:09:31.000Z</time>
        <extensions>
          <ns3:TrackPointExtension>
            <ns3:hr>91</ns3:hr>
            <ns3:cad>50</ns3:cad>
          </ns3:TrackPointExtension>
        </extensions>
      </trkpt>
      <trkpt lat="28.9800334163010120391845703125" lon="82.833775542676448822021484375">
        <ele>2263</ele>
        <time>2026-08-05T06:09:37.000Z</time>
        <extensions>
          <ns3:TrackPointExtension>
            <ns3:hr>89</ns3:hr>
            <ns3:cad>52</ns3:cad>
          </ns3:TrackPointExtension>
        </extensions>
      </trkpt>
      <trkpt lat="28.980049006640911102294921875" lon="82.8338099084794521331787109375">
        <ele>2262.199951171875</ele>
        <time>2026-08-05T06:09:40.000Z</time>
        <extensions>
          <ns3:TrackPointExtension>
            <ns3:hr>88</ns3:hr>
            <ns3:cad>51</ns3:cad>
          </ns3:TrackPointExtension>
        </extensions>
      </trkpt>
      <trkpt lat="28.980055041611194610595703125" lon="82.833836562931537628173828125">
        <ele>2261.800048828125</ele>
        <time>2026-08-05T06:09:42.000Z</time>
        <extensions>
          <ns3:TrackPointExtension>
            <ns3:hr>87</ns3:hr>
            <ns3:cad>51</ns3:cad>
          </ns3:TrackPointExtension>
        </extensions>
      </trkpt>
      <trkpt lat="28.9800800196826457977294921875" lon="82.83389951102435588836669921875">
        <ele>2261.39990234375</ele>
        <time>2026-08-05T06:09:47.000Z</time>
        <extensions>
          <ns3:TrackPointExtension>
            <ns3:hr>83</ns3:hr>
            <ns3:cad>51</ns3:cad>
          </ns3:TrackPointExtension>
        </extensions>
      </trkpt>
      <trkpt lat="28.9800850488245487213134765625" lon="82.83392138779163360595703125">
        <ele>2261.60009765625</ele>
        <time>2026-08-05T06:09:49.000Z</time>
        <extensions>
          <ns3:TrackPointExtension>
            <ns3:hr>82</ns3:hr>
            <ns3:cad>53</ns3:cad>
          </ns3:TrackPointExtension>
        </extensions>
      </trkpt>
      <trkpt lat="28.9801128767430782318115234375" lon="82.83398232422769069671630859375">
        <ele>2261</ele>
        <time>2026-08-05T06:09:54.000Z</time>
        <extensions>
          <ns3:TrackPointExtension>
            <ns3:hr>82</ns3:hr>
            <ns3:cad>51</ns3:cad>
          </ns3:TrackPointExtension>
        </extensions>
      </trkpt>
      <trkpt lat="28.9801172353327274322509765625" lon="82.833990119397640228271484375">
        <ele>2260.800048828125</ele>
        <time>2026-08-05T06:09:55.000Z</time>
        <extensions>
          <ns3:TrackPointExtension>
            <ns3:hr>82</ns3:hr>
            <ns3:cad>51</ns3:cad>
          </ns3:TrackPointExtension>
        </extensions>
      </trkpt>
      <trkpt lat="28.9801319874823093414306640625" lon="82.834023647010326385498046875">
        <ele>2260.800048828125</ele>
        <time>2026-08-05T06:09:58.000Z</time>
        <extensions>
          <ns3:TrackPointExtension>
            <ns3:hr>86</ns3:hr>
            <ns3:cad>52</ns3:cad>
          </ns3:TrackPointExtension>
        </extensions>
      </trkpt>
      <trkpt lat="28.98013877682387828826904296875" lon="82.834041416645050048828125">
        <ele>2260.800048828125</ele>
        <time>2026-08-05T06:09:59.000Z</time>
        <extensions>
          <ns3:TrackPointExtension>
            <ns3:hr>90</ns3:hr>
            <ns3:cad>52</ns3:cad>
          </ns3:TrackPointExtension>
        </extensions>
      </trkpt>
      <trkpt lat="28.98014732636511325836181640625" lon="82.83405625261366367340087890625">
        <ele>2260.800048828125</ele>
        <time>2026-08-05T06:10:01.000Z</time>
        <extensions>
          <ns3:TrackPointExtension>
            <ns3:hr>91</ns3:hr>
            <ns3:cad>49</ns3:cad>
          </ns3:TrackPointExtension>
        </extensions>
      </trkpt>
      <trkpt lat="28.98017741739749908447265625" lon="82.83412733115255832672119140625">
        <ele>2260.60009765625</ele>
        <time>2026-08-05T06:10:08.000Z</time>
        <extensions>
          <ns3:TrackPointExtension>
            <ns3:hr>92</ns3:hr>
            <ns3:cad>50</ns3:cad>
          </ns3:TrackPointExtension>
        </extensions>
      </trkpt>
      <trkpt lat="28.980181775987148284912109375" lon="82.8341817297041416168212890625">
        <ele>2260.39990234375</ele>
        <time>2026-08-05T06:10:13.000Z</time>
        <extensions>
          <ns3:TrackPointExtension>
            <ns3:hr>91</ns3:hr>
            <ns3:cad>48</ns3:cad>
          </ns3:TrackPointExtension>
        </extensions>
      </trkpt>
      <trkpt lat="28.9801799319684505462646484375" lon="82.83420176245272159576416015625">
        <ele>2260</ele>
        <time>2026-08-05T06:10:15.000Z</time>
        <extensions>
          <ns3:TrackPointExtension>
            <ns3:hr>91</ns3:hr>
            <ns3:cad>48</ns3:cad>
          </ns3:TrackPointExtension>
        </extensions>
      </trkpt>
      <trkpt lat="28.98016911931335926055908203125" lon="82.83425322733819484710693359375">
        <ele>2258.800048828125</ele>
        <time>2026-08-05T06:10:20.000Z</time>
        <extensions>
          <ns3:TrackPointExtension>
            <ns3:hr>91</ns3:hr>
            <ns3:cad>48</ns3:cad>
          </ns3:TrackPointExtension>
        </extensions>
      </trkpt>
      <trkpt lat="28.980167023837566375732421875" lon="82.83426261506974697113037109375">
        <ele>2258.60009765625</ele>
        <time>2026-08-05T06:10:21.000Z</time>
        <extensions>
          <ns3:TrackPointExtension>
            <ns3:hr>92</ns3:hr>
            <ns3:cad>48</ns3:cad>
          </ns3:TrackPointExtension>
        </extensions>
      </trkpt>
      <trkpt lat="28.9801614917814731597900390625" lon="82.83429463393986225128173828125">
        <ele>2257.800048828125</ele>
        <time>2026-08-05T06:10:24.000Z</time>
        <extensions>
          <ns3:TrackPointExtension>
            <ns3:hr>92</ns3:hr>
            <ns3:cad>50</ns3:cad>
          </ns3:TrackPointExtension>
        </extensions>
      </trkpt>
      <trkpt lat="28.9801500923931598663330078125" lon="82.834332101047039031982421875">
        <ele>2257.60009765625</ele>
        <time>2026-08-05T06:10:27.000Z</time>
        <extensions>
          <ns3:TrackPointExtension>
            <ns3:hr>92</ns3:hr>
            <ns3:cad>50</ns3:cad>
          </ns3:TrackPointExtension>
        </extensions>
      </trkpt>
      <trkpt lat="28.9801350049674510955810546875" lon="82.83437660895287990570068359375">
        <ele>2257.199951171875</ele>
        <time>2026-08-05T06:10:31.000Z</time>
        <extensions>
          <ns3:TrackPointExtension>
            <ns3:hr>92</ns3:hr>
            <ns3:cad>49</ns3:cad>
          </ns3:TrackPointExtension>
        </extensions>
      </trkpt>
      <trkpt lat="28.980122767388820648193359375" lon="82.83439471386373043060302734375">
        <ele>2256.800048828125</ele>
        <time>2026-08-05T06:10:33.000Z</time>
        <extensions>
          <ns3:TrackPointExtension>
            <ns3:hr>92</ns3:hr>
            <ns3:cad>48</ns3:cad>
          </ns3:TrackPointExtension>
        </extensions>
      </trkpt>
      <trkpt lat="28.980095945298671722412109375" lon="82.83443042077124118804931640625">
        <ele>2256.199951171875</ele>
        <time>2026-08-05T06:10:37.000Z</time>
        <extensions>
          <ns3:TrackPointExtension>
            <ns3:hr>93</ns3:hr>
            <ns3:cad>50</ns3:cad>
          </ns3:TrackPointExtension>
        </extensions>
      </trkpt>
      <trkpt lat="28.9800749905407428741455078125" lon="82.8344566561281681060791015625">
        <ele>2255.60009765625</ele>
        <time>2026-08-05T06:10:41.000Z</time>
        <extensions>
          <ns3:TrackPointExtension>
            <ns3:hr>92</ns3:hr>
            <ns3:cad>49</ns3:cad>
          </ns3:TrackPointExtension>
        </extensions>
      </trkpt>
      <trkpt lat="28.980054371058940887451171875" lon="82.834481298923492431640625">
        <ele>2255.199951171875</ele>
        <time>2026-08-05T06:10:44.000Z</time>
        <extensions>
          <ns3:TrackPointExtension>
            <ns3:hr>91</ns3:hr>
            <ns3:cad>49</ns3:cad>
          </ns3:TrackPointExtension>
        </extensions>
      </trkpt>
      <trkpt lat="28.98003769107162952423095703125" lon="82.83450149931013584136962890625">
        <ele>2254.39990234375</ele>
        <time>2026-08-05T06:10:47.000Z</time>
        <extensions>
          <ns3:TrackPointExtension>
            <ns3:hr>92</ns3:hr>
            <ns3:cad>48</ns3:cad>
          </ns3:TrackPointExtension>
        </extensions>
      </trkpt>
      <trkpt lat="28.98000617511570453643798828125" lon="82.834529243409633636474609375">
        <ele>2253.39990234375</ele>
        <time>2026-08-05T06:10:51.000Z</time>
        <extensions>
          <ns3:TrackPointExtension>
            <ns3:hr>92</ns3:hr>
            <ns3:cad>49</ns3:cad>
          </ns3:TrackPointExtension>
        </extensions>
      </trkpt>
      <trkpt lat="28.9799983799457550048828125" lon="82.83453670330345630645751953125">
        <ele>2253.199951171875</ele>
        <time>2026-08-05T06:10:52.000Z</time>
        <extensions>
          <ns3:TrackPointExtension>
            <ns3:hr>92</ns3:hr>
            <ns3:cad>49</ns3:cad>
          </ns3:TrackPointExtension>
        </extensions>
      </trkpt>
      <trkpt lat="28.97995605133473873138427734375" lon="82.83457308076322078704833984375">
        <ele>2252.60009765625</ele>
        <time>2026-08-05T06:10:58.000Z</time>
        <extensions>
          <ns3:TrackPointExtension>
            <ns3:hr>93</ns3:hr>
            <ns3:cad>48</ns3:cad>
          </ns3:TrackPointExtension>
        </extensions>
      </trkpt>
      <trkpt lat="28.97990525700151920318603515625" lon="82.83460912294685840606689453125">
        <ele>2252.199951171875</ele>
        <time>2026-08-05T06:11:03.000Z</time>
        <extensions>
          <ns3:TrackPointExtension>
            <ns3:hr>92</ns3:hr>
            <ns3:cad>48</ns3:cad>
          </ns3:TrackPointExtension>
        </extensions>
      </trkpt>
      <trkpt lat="28.979893438518047332763671875" lon="82.8346162475645542144775390625">
        <ele>2252.199951171875</ele>
        <time>2026-08-05T06:11:04.000Z</time>
        <extensions>
          <ns3:TrackPointExtension>
            <ns3:hr>92</ns3:hr>
            <ns3:cad>48</ns3:cad>
          </ns3:TrackPointExtension>
        </extensions>
      </trkpt>
      <trkpt lat="28.97986988537013530731201171875" lon="82.8346440754830837249755859375">
        <ele>2251</ele>
        <time>2026-08-05T06:11:09.000Z</time>
        <extensions>
          <ns3:TrackPointExtension>
            <ns3:hr>92</ns3:hr>
            <ns3:cad>49</ns3:cad>
          </ns3:TrackPointExtension>
        </extensions>
      </trkpt>
      <trkpt lat="28.97982529364526271820068359375" lon="82.83468103967607021331787109375">
        <ele>2250.800048828125</ele>
        <time>2026-08-05T06:11:15.000Z</time>
        <extensions>
          <ns3:TrackPointExtension>
            <ns3:hr>90</ns3:hr>
            <ns3:cad>41</ns3:cad>
          </ns3:TrackPointExtension>
        </extensions>
      </trkpt>
      <trkpt lat="28.97978371940553188323974609375" lon="82.83470618538558483123779296875">
        <ele>2250.60009765625</ele>
        <time>2026-08-05T06:11:20.000Z</time>
        <extensions>
          <ns3:TrackPointExtension>
            <ns3:hr>90</ns3:hr>
            <ns3:cad>44</ns3:cad>
          </ns3:TrackPointExtension>
        </extensions>
      </trkpt>
      <trkpt lat="28.9797326736152172088623046875" lon="82.8347506932914257049560546875">
        <ele>2250.199951171875</ele>
        <time>2026-08-05T06:11:26.000Z</time>
        <extensions>
          <ns3:TrackPointExtension>
            <ns3:hr>90</ns3:hr>
            <ns3:cad>47</ns3:cad>
          </ns3:TrackPointExtension>
        </extensions>
      </trkpt>
      <trkpt lat="28.97966419346630573272705078125" lon="82.83480224199593067169189453125">
        <ele>2250.199951171875</ele>
        <time>2026-08-05T06:11:33.000Z</time>
        <extensions>
          <ns3:TrackPointExtension>
            <ns3:hr>91</ns3:hr>
            <ns3:cad>47</ns3:cad>
          </ns3:TrackPointExtension>
        </extensions>
      </trkpt>
      <trkpt lat="28.97964499890804290771484375" lon="82.8348160721361637115478515625">
        <ele>2250</ele>
        <time>2026-08-05T06:11:35.000Z</time>
        <extensions>
          <ns3:TrackPointExtension>
            <ns3:hr>92</ns3:hr>
            <ns3:cad>47</ns3:cad>
          </ns3:TrackPointExtension>
        </extensions>
      </trkpt>
      <trkpt lat="28.97960753180086612701416015625" lon="82.83485337160527706146240234375">
        <ele>2249.199951171875</ele>
        <time>2026-08-05T06:11:40.000Z</time>
        <extensions>
          <ns3:TrackPointExtension>
            <ns3:hr>91</ns3:hr>
            <ns3:cad>47</ns3:cad>
          </ns3:TrackPointExtension>
        </extensions>
      </trkpt>
      <trkpt lat="28.9795955456793308258056640625" lon="82.834862507879734039306640625">
        <ele>2249</ele>
        <time>2026-08-05T06:11:42.000Z</time>
        <extensions>
          <ns3:TrackPointExtension>
            <ns3:hr>89</ns3:hr>
            <ns3:cad>50</ns3:cad>
          </ns3:TrackPointExtension>
        </extensions>
      </trkpt>
      <trkpt lat="28.97957132197916507720947265625" lon="82.83488153479993343353271484375">
        <ele>2248.60009765625</ele>
        <time>2026-08-05T06:11:45.000Z</time>
        <extensions>
          <ns3:TrackPointExtension>
            <ns3:hr>86</ns3:hr>
            <ns3:cad>50</ns3:cad>
          </ns3:TrackPointExtension>
        </extensions>
      </trkpt>
      <trkpt lat="28.9795543067157268524169921875" lon="82.834904082119464874267578125">
        <ele>2248.199951171875</ele>
        <time>2026-08-05T06:11:47.000Z</time>
        <extensions>
          <ns3:TrackPointExtension>
            <ns3:hr>86</ns3:hr>
            <ns3:cad>49</ns3:cad>
          </ns3:TrackPointExtension>
        </extensions>
      </trkpt>
      <trkpt lat="28.9795301668345928192138671875" lon="82.83492344431579113006591796875">
        <ele>2247.800048828125</ele>
        <time>2026-08-05T06:11:50.000Z</time>
        <extensions>
          <ns3:TrackPointExtension>
            <ns3:hr>87</ns3:hr>
            <ns3:cad>50</ns3:cad>
          </ns3:TrackPointExtension>
        </extensions>
      </trkpt>
      <trkpt lat="28.97950912825763225555419921875" lon="82.83494389615952968597412109375">
        <ele>2247.199951171875</ele>
        <time>2026-08-05T06:11:53.000Z</time>
        <extensions>
          <ns3:TrackPointExtension>
            <ns3:hr>88</ns3:hr>
            <ns3:cad>50</ns3:cad>
          </ns3:TrackPointExtension>
        </extensions>
      </trkpt>
      <trkpt lat="28.97949052043259143829345703125" lon="82.83496149815618991851806640625">
        <ele>2246.60009765625</ele>
        <time>2026-08-05T06:11:56.000Z</time>
        <extensions>
          <ns3:TrackPointExtension>
            <ns3:hr>89</ns3:hr>
            <ns3:cad>49</ns3:cad>
          </ns3:TrackPointExtension>
        </extensions>
      </trkpt>
      <trkpt lat="28.97945347242057323455810546875" lon="82.83498823642730712890625">
        <ele>2245.39990234375</ele>
        <time>2026-08-05T06:12:01.000Z</time>
        <extensions>
          <ns3:TrackPointExtension>
            <ns3:hr>86</ns3:hr>
            <ns3:cad>51</ns3:cad>
          </ns3:TrackPointExtension>
        </extensions>
      </trkpt>
      <trkpt lat="28.97941273637115955352783203125" lon="82.83502385951578617095947265625">
        <ele>2244.39990234375</ele>
        <time>2026-08-05T06:12:06.000Z</time>
        <extensions>
          <ns3:TrackPointExtension>
            <ns3:hr>86</ns3:hr>
            <ns3:cad>50</ns3:cad>
          </ns3:TrackPointExtension>
        </extensions>
      </trkpt>
      <trkpt lat="28.97940603084862232208251953125" lon="82.83502989448606967926025390625">
        <ele>2244.199951171875</ele>
        <time>2026-08-05T06:12:07.000Z</time>
        <extensions>
          <ns3:TrackPointExtension>
            <ns3:hr>87</ns3:hr>
            <ns3:cad>50</ns3:cad>
          </ns3:TrackPointExtension>
        </extensions>
      </trkpt>
      <trkpt lat="28.97936336696147918701171875" lon="82.83507783897221088409423828125">
        <ele>2243.199951171875</ele>
        <time>2026-08-05T06:12:13.000Z</time>
        <extensions>
          <ns3:TrackPointExtension>
            <ns3:hr>88</ns3:hr>
            <ns3:cad>51</ns3:cad>
          </ns3:TrackPointExtension>
        </extensions>
      </trkpt>
      <trkpt lat="28.97934886626899242401123046875" lon="82.8350953571498394012451171875">
        <ele>2243</ele>
        <time>2026-08-05T06:12:15.000Z</time>
        <extensions>
          <ns3:TrackPointExtension>
            <ns3:hr>88</ns3:hr>
            <ns3:cad>51</ns3:cad>
          </ns3:TrackPointExtension>
        </extensions>
      </trkpt>
      <trkpt lat="28.97932305000722408294677734375" lon="82.83512997440993785858154296875">
        <ele>2242</ele>
        <time>2026-08-05T06:12:19.000Z</time>
        <extensions>
          <ns3:TrackPointExtension>
            <ns3:hr>89</ns3:hr>
            <ns3:cad>50</ns3:cad>
          </ns3:TrackPointExtension>
        </extensions>
      </trkpt>
      <trkpt lat="28.97928717546164989471435546875" lon="82.83517121337354183197021484375">
        <ele>2240.800048828125</ele>
        <time>2026-08-05T06:12:24.000Z</time>
        <extensions>
          <ns3:TrackPointExtension>
            <ns3:hr>91</ns3:hr>
            <ns3:cad>50</ns3:cad>
          </ns3:TrackPointExtension>
        </extensions>
      </trkpt>
      <trkpt lat="28.97927946411073207855224609375" lon="82.83517641015350818634033203125">
        <ele>2240.60009765625</ele>
        <time>2026-08-05T06:12:25.000Z</time>
        <extensions>
          <ns3:TrackPointExtension>
            <ns3:hr>90</ns3:hr>
            <ns3:cad>50</ns3:cad>
          </ns3:TrackPointExtension>
        </extensions>
      </trkpt>
      <trkpt lat="28.97922246716916561126708984375" lon="82.83522871322929859161376953125">
        <ele>2239.60009765625</ele>
        <time>2026-08-05T06:12:32.000Z</time>
        <extensions>
          <ns3:TrackPointExtension>
            <ns3:hr>90</ns3:hr>
            <ns3:cad>50</ns3:cad>
          </ns3:TrackPointExtension>
        </extensions>
      </trkpt>
      <trkpt lat="28.9791791327297687530517578125" lon="82.83528286032378673553466796875">
        <ele>2238.60009765625</ele>
        <time>2026-08-05T06:12:38.000Z</time>
        <extensions>
          <ns3:TrackPointExtension>
            <ns3:hr>93</ns3:hr>
            <ns3:cad>50</ns3:cad>
          </ns3:TrackPointExtension>
        </extensions>
      </trkpt>
      <trkpt lat="28.97917100228369235992431640625" lon="82.83529057167470455169677734375">
        <ele>2238.39990234375</ele>
        <time>2026-08-05T06:12:39.000Z</time>
        <extensions>
          <ns3:TrackPointExtension>
            <ns3:hr>94</ns3:hr>
            <ns3:cad>50</ns3:cad>
          </ns3:TrackPointExtension>
        </extensions>
      </trkpt>
      <trkpt lat="28.979140408337116241455078125" lon="82.835335917770862579345703125">
        <ele>2237.199951171875</ele>
        <time>2026-08-05T06:12:44.000Z</time>
        <extensions>
          <ns3:TrackPointExtension>
            <ns3:hr>96</ns3:hr>
            <ns3:cad>50</ns3:cad>
          </ns3:TrackPointExtension>
        </extensions>
      </trkpt>
      <trkpt lat="28.97912758402526378631591796875" lon="82.83534890972077846527099609375">
        <ele>2236.800048828125</ele>
        <time>2026-08-05T06:12:46.000Z</time>
        <extensions>
          <ns3:TrackPointExtension>
            <ns3:hr>95</ns3:hr>
            <ns3:cad>50</ns3:cad>
          </ns3:TrackPointExtension>
        </extensions>
      </trkpt>
      <trkpt lat="28.97909707389771938323974609375" lon="82.8353920765221118927001953125">
        <ele>2236.199951171875</ele>
        <time>2026-08-05T06:12:50.000Z</time>
        <extensions>
          <ns3:TrackPointExtension>
            <ns3:hr>96</ns3:hr>
            <ns3:cad>50</ns3:cad>
          </ns3:TrackPointExtension>
        </extensions>
      </trkpt>
      <trkpt lat="28.9790611155331134796142578125" lon="82.8354326449334621429443359375">
        <ele>2235.800048828125</ele>
        <time>2026-08-05T06:12:54.000Z</time>
        <extensions>
          <ns3:TrackPointExtension>
            <ns3:hr>96</ns3:hr>
            <ns3:cad>51</ns3:cad>
          </ns3:TrackPointExtension>
        </extensions>
      </trkpt>
      <trkpt lat="28.9790078066289424896240234375" lon="82.83550011925399303436279296875">
        <ele>2235.199951171875</ele>
        <time>2026-08-05T06:13:01.000Z</time>
        <extensions>
          <ns3:TrackPointExtension>
            <ns3:hr>97</ns3:hr>
            <ns3:cad>51</ns3:cad>
          </ns3:TrackPointExtension>
        </extensions>
      </trkpt>
      <trkpt lat="28.97895441390573978424072265625" lon="82.83557086251676082611083984375">
        <ele>2234.60009765625</ele>
        <time>2026-08-05T06:13:08.000Z</time>
        <extensions>
          <ns3:TrackPointExtension>
            <ns3:hr>97</ns3:hr>
            <ns3:cad>51</ns3:cad>
          </ns3:TrackPointExtension>
        </extensions>
      </trkpt>
      <trkpt lat="28.9789112471044063568115234375" lon="82.83565250225365161895751953125">
        <ele>2234.39990234375</ele>
        <time>2026-08-05T06:13:15.000Z</time>
        <extensions>
          <ns3:TrackPointExtension>
            <ns3:hr>97</ns3:hr>
            <ns3:cad>49</ns3:cad>
          </ns3:TrackPointExtension>
        </extensions>
      </trkpt>
      <trkpt lat="28.9788938127458095550537109375" lon="82.8356827609241008758544921875">
        <ele>2234</ele>
        <time>2026-08-05T06:13:18.000Z</time>
        <extensions>
          <ns3:TrackPointExtension>
            <ns3:hr>99</ns3:hr>
            <ns3:cad>49</ns3:cad>
          </ns3:TrackPointExtension>
        </extensions>
      </trkpt>
      <trkpt lat="28.9788763783872127532958984375" lon="82.83571838401257991790771484375">
        <ele>2233</ele>
        <time>2026-08-05T06:13:22.000Z</time>
        <extensions>
          <ns3:TrackPointExtension>
            <ns3:hr>100</ns3:hr>
            <ns3:cad>0</ns3:cad>
          </ns3:TrackPointExtension>
        </extensions>
      </trkpt>
      <trkpt lat="28.9788492210209369659423828125" lon="82.83574503846466541290283203125">
        <ele>2234</ele>
        <time>2026-08-05T06:13:26.000Z</time>
        <extensions>
          <ns3:TrackPointExtension>
            <ns3:hr>101</ns3:hr>
            <ns3:cad>0</ns3:cad>
          </ns3:TrackPointExtension>
        </extensions>
      </trkpt>
      <trkpt lat="28.97884109057486057281494140625" lon="82.83575342036783695220947265625">
        <ele>2234</ele>
        <time>2026-08-05T06:13:27.000Z</time>
        <extensions>
          <ns3:TrackPointExtension>
            <ns3:hr>101</ns3:hr>
            <ns3:cad>46</ns3:cad>
          </ns3:TrackPointExtension>
        </extensions>
      </trkpt>
      <trkpt lat="28.9788096584379673004150390625" lon="82.83581226132810115814208984375">
        <ele>2233.800048828125</ele>
        <time>2026-08-05T06:13:33.000Z</time>
        <extensions>
          <ns3:TrackPointExtension>
            <ns3:hr>102</ns3:hr>
            <ns3:cad>47</ns3:cad>
          </ns3:TrackPointExtension>
        </extensions>
      </trkpt>
      <trkpt lat="28.97879431955516338348388671875" lon="82.8358886204659938812255859375">
        <ele>2233.199951171875</ele>
        <time>2026-08-05T06:13:39.000Z</time>
        <extensions>
          <ns3:TrackPointExtension>
            <ns3:hr>101</ns3:hr>
            <ns3:cad>49</ns3:cad>
          </ns3:TrackPointExtension>
        </extensions>
      </trkpt>
      <trkpt lat="28.97880077362060546875" lon="82.83591435290873050689697265625">
        <ele>2232.800048828125</ele>
        <time>2026-08-05T06:13:41.000Z</time>
        <extensions>
          <ns3:TrackPointExtension>
            <ns3:hr>102</ns3:hr>
            <ns3:cad>50</ns3:cad>
          </ns3:TrackPointExtension>
        </extensions>
      </trkpt>
      <trkpt lat="28.97883622907102108001708984375" lon="82.8359710983932018280029296875">
        <ele>2232.60009765625</ele>
        <time>2026-08-05T06:13:46.000Z</time>
        <extensions>
          <ns3:TrackPointExtension>
            <ns3:hr>102</ns3:hr>
            <ns3:cad>50</ns3:cad>
          </ns3:TrackPointExtension>
        </extensions>
      </trkpt>
      <trkpt lat="28.97886841557919979095458984375" lon="82.83600923605263233184814453125">
        <ele>2231.800048828125</ele>
        <time>2026-08-05T06:13:51.000Z</time>
        <extensions>
          <ns3:TrackPointExtension>
            <ns3:hr>103</ns3:hr>
            <ns3:cad>51</ns3:cad>
          </ns3:TrackPointExtension>
        </extensions>
      </trkpt>
      <trkpt lat="28.9788745343685150146484375" lon="82.83601543866097927093505859375">
        <ele>2231.60009765625</ele>
        <time>2026-08-05T06:13:52.000Z</time>
        <extensions>
          <ns3:TrackPointExtension>
            <ns3:hr>104</ns3:hr>
            <ns3:cad>51</ns3:cad>
          </ns3:TrackPointExtension>
        </extensions>
      </trkpt>
      <trkpt lat="28.9789142645895481109619140625" lon="82.836074866354465484619140625">
        <ele>2231.39990234375</ele>
        <time>2026-08-05T06:13:58.000Z</time>
        <extensions>
          <ns3:TrackPointExtension>
            <ns3:hr>104</ns3:hr>
            <ns3:cad>50</ns3:cad>
          </ns3:TrackPointExtension>
        </extensions>
      </trkpt>
      <trkpt lat="28.97894569672644138336181640625" lon="82.836127169430255889892578125">
        <ele>2231.39990234375</ele>
        <time>2026-08-05T06:14:03.000Z</time>
        <extensions>
          <ns3:TrackPointExtension>
            <ns3:hr>102</ns3:hr>
            <ns3:cad>50</ns3:cad>
          </ns3:TrackPointExtension>
        </extensions>
      </trkpt>
      <trkpt lat="28.9789662323892116546630859375" lon="82.8361850045621395111083984375">
        <ele>2231</ele>
        <time>2026-08-05T06:14:08.000Z</time>
        <extensions>
          <ns3:TrackPointExtension>
            <ns3:hr>102</ns3:hr>
            <ns3:cad>47</ns3:cad>
          </ns3:TrackPointExtension>
        </extensions>
      </trkpt>
      <trkpt lat="28.97897419519722461700439453125" lon="82.83625063486397266387939453125">
        <ele>2230.800048828125</ele>
        <time>2026-08-05T06:14:14.000Z</time>
        <extensions>
          <ns3:TrackPointExtension>
            <ns3:hr>102</ns3:hr>
            <ns3:cad>48</ns3:cad>
          </ns3:TrackPointExtension>
        </extensions>
      </trkpt>
      <trkpt lat="28.97897553630173206329345703125" lon="82.83626220189034938812255859375">
        <ele>2230.800048828125</ele>
        <time>2026-08-05T06:14:15.000Z</time>
        <extensions>
          <ns3:TrackPointExtension>
            <ns3:hr>102</ns3:hr>
            <ns3:cad>48</ns3:cad>
          </ns3:TrackPointExtension>
        </extensions>
      </trkpt>
      <trkpt lat="28.97898090071976184844970703125" lon="82.83631500788033008575439453125">
        <ele>2230.39990234375</ele>
        <time>2026-08-05T06:14:19.000Z</time>
        <extensions>
          <ns3:TrackPointExtension>
            <ns3:hr>99</ns3:hr>
            <ns3:cad>50</ns3:cad>
          </ns3:TrackPointExtension>
        </extensions>
      </trkpt>
      <trkpt lat="28.97898727096617221832275390625" lon="82.83634208142757415771484375">
        <ele>2230.39990234375</ele>
        <time>2026-08-05T06:14:21.000Z</time>
        <extensions>
          <ns3:TrackPointExtension>
            <ns3:hr>97</ns3:hr>
            <ns3:cad>50</ns3:cad>
          </ns3:TrackPointExtension>
        </extensions>
      </trkpt>
      <trkpt lat="28.9789950661361217498779296875" lon="82.8364082984626293182373046875">
        <ele>2229.800048828125</ele>
        <time>2026-08-05T06:14:26.000Z</time>
        <extensions>
          <ns3:TrackPointExtension>
            <ns3:hr>96</ns3:hr>
            <ns3:cad>48</ns3:cad>
          </ns3:TrackPointExtension>
        </extensions>
      </trkpt>
      <trkpt lat="28.97899867035448551177978515625" lon="82.8364191949367523193359375">
        <ele>2229.60009765625</ele>
        <time>2026-08-05T06:14:27.000Z</time>
        <extensions>
          <ns3:TrackPointExtension>
            <ns3:hr>97</ns3:hr>
            <ns3:cad>48</ns3:cad>
          </ns3:TrackPointExtension>
        </extensions>
      </trkpt>
      <trkpt lat="28.9790059626102447509765625" lon="82.8364835679531097412109375">
        <ele>2228.800048828125</ele>
        <time>2026-08-05T06:14:33.000Z</time>
        <extensions>
          <ns3:TrackPointExtension>
            <ns3:hr>97</ns3:hr>
            <ns3:cad>50</ns3:cad>
          </ns3:TrackPointExtension>
        </extensions>
      </trkpt>
      <trkpt lat="28.97900705225765705108642578125" lon="82.83657543361186981201171875">
        <ele>2227.60009765625</ele>
        <time>2026-08-05T06:14:41.000Z</time>
        <extensions>
          <ns3:TrackPointExtension>
            <ns3:hr>96</ns3:hr>
            <ns3:cad>51</ns3:cad>
          </ns3:TrackPointExtension>
        </extensions>
      </trkpt>
      <trkpt lat="28.97901359014213085174560546875" lon="82.836658246815204620361328125">
        <ele>2226.800048828125</ele>
        <time>2026-08-05T06:14:48.000Z</time>
        <extensions>
          <ns3:TrackPointExtension>
            <ns3:hr>97</ns3:hr>
            <ns3:cad>52</ns3:cad>
          </ns3:TrackPointExtension>
        </extensions>
      </trkpt>
      <trkpt lat="28.97901476360857486724853515625" lon="82.8366805426776409149169921875">
        <ele>2226.39990234375</ele>
        <time>2026-08-05T06:14:50.000Z</time>
        <extensions>
          <ns3:TrackPointExtension>
            <ns3:hr>97</ns3:hr>
            <ns3:cad>52</ns3:cad>
          </ns3:TrackPointExtension>
        </extensions>
      </trkpt>
      <trkpt lat="28.97902406752109527587890625" lon="82.83674449659883975982666015625">
        <ele>2225.199951171875</ele>
        <time>2026-08-05T06:14:55.000Z</time>
        <extensions>
          <ns3:TrackPointExtension>
            <ns3:hr>97</ns3:hr>
            <ns3:cad>53</ns3:cad>
          </ns3:TrackPointExtension>
        </extensions>
      </trkpt>
      <trkpt lat="28.97903320379555225372314453125" lon="82.8367955423891544342041015625">
        <ele>2224.60009765625</ele>
        <time>2026-08-05T06:15:00.000Z</time>
        <extensions>
          <ns3:TrackPointExtension>
            <ns3:hr>97</ns3:hr>
            <ns3:cad>53</ns3:cad>
          </ns3:TrackPointExtension>
        </extensions>
      </trkpt>
      <trkpt lat="28.9790376462042331695556640625" lon="82.83686435781419277191162109375">
        <ele>2224.199951171875</ele>
        <time>2026-08-05T06:15:06.000Z</time>
        <extensions>
          <ns3:TrackPointExtension>
            <ns3:hr>98</ns3:hr>
            <ns3:cad>52</ns3:cad>
          </ns3:TrackPointExtension>
        </extensions>
      </trkpt>
      <trkpt lat="28.97903957404196262359619140625" lon="82.8368793614208698272705078125">
        <ele>2224</ele>
        <time>2026-08-05T06:15:07.000Z</time>
        <extensions>
          <ns3:TrackPointExtension>
            <ns3:hr>98</ns3:hr>
            <ns3:cad>52</ns3:cad>
          </ns3:TrackPointExtension>
        </extensions>
      </trkpt>
      <trkpt lat="28.97903990931808948516845703125" lon="82.83696837723255157470703125">
        <ele>2223.39990234375</ele>
        <time>2026-08-05T06:15:14.000Z</time>
        <extensions>
          <ns3:TrackPointExtension>
            <ns3:hr>98</ns3:hr>
            <ns3:cad>51</ns3:cad>
          </ns3:TrackPointExtension>
        </extensions>
      </trkpt>
      <trkpt lat="28.9790460281074047088623046875" lon="82.8369993902742862701416015625">
        <ele>2223</ele>
        <time>2026-08-05T06:15:17.000Z</time>
        <extensions>
          <ns3:TrackPointExtension>
            <ns3:hr>98</ns3:hr>
            <ns3:cad>51</ns3:cad>
          </ns3:TrackPointExtension>
        </extensions>
      </trkpt>
      <trkpt lat="28.97904996760189533233642578125" lon="82.837051860988140106201171875">
        <ele>2222.60009765625</ele>
        <time>2026-08-05T06:15:21.000Z</time>
        <extensions>
          <ns3:TrackPointExtension>
            <ns3:hr>97</ns3:hr>
            <ns3:cad>51</ns3:cad>
          </ns3:TrackPointExtension>
        </extensions>
      </trkpt>
      <trkpt lat="28.9790483750402927398681640625" lon="82.8371160663664340972900390625">
        <ele>2222.199951171875</ele>
        <time>2026-08-05T06:15:26.000Z</time>
        <extensions>
          <ns3:TrackPointExtension>
            <ns3:hr>97</ns3:hr>
            <ns3:cad>51</ns3:cad>
          </ns3:TrackPointExtension>
        </extensions>
      </trkpt>
      <trkpt lat="28.9790641330182552337646484375" lon="82.8371566347777843475341796875">
        <ele>2221.800048828125</ele>
        <time>2026-08-05T06:15:30.000Z</time>
        <extensions>
          <ns3:TrackPointExtension>
            <ns3:hr>97</ns3:hr>
            <ns3:cad>50</ns3:cad>
          </ns3:TrackPointExtension>
        </extensions>
      </trkpt>
      <trkpt lat="28.97907477803528308868408203125" lon="82.837192676961421966552734375">
        <ele>2221.199951171875</ele>
        <time>2026-08-05T06:15:33.000Z</time>
        <extensions>
          <ns3:TrackPointExtension>
            <ns3:hr>98</ns3:hr>
            <ns3:cad>49</ns3:cad>
          </ns3:TrackPointExtension>
        </extensions>
      </trkpt>
      <trkpt lat="28.97910411469638347625732421875" lon="82.837279848754405975341796875">
        <ele>2221</ele>
        <time>2026-08-05T06:15:40.000Z</time>
        <extensions>
          <ns3:TrackPointExtension>
            <ns3:hr>96</ns3:hr>
            <ns3:cad>52</ns3:cad>
          </ns3:TrackPointExtension>
        </extensions>
      </trkpt>
      <trkpt lat="28.9791231416165828704833984375" lon="82.8373098559677600860595703125">
        <ele>2220.60009765625</ele>
        <time>2026-08-05T06:15:43.000Z</time>
        <extensions>
          <ns3:TrackPointExtension>
            <ns3:hr>97</ns3:hr>
            <ns3:cad>52</ns3:cad>
          </ns3:TrackPointExtension>
        </extensions>
      </trkpt>
      <trkpt lat="28.97914149798452854156494140625" lon="82.83733676187694072723388671875">
        <ele>2219.39990234375</ele>
        <time>2026-08-05T06:15:46.000Z</time>
        <extensions>
          <ns3:TrackPointExtension>
            <ns3:hr>97</ns3:hr>
            <ns3:cad>51</ns3:cad>
          </ns3:TrackPointExtension>
        </extensions>
      </trkpt>
      <trkpt lat="28.9791422523558139801025390625" lon="82.837346233427524566650390625">
        <ele>2219</ele>
        <time>2026-08-05T06:15:47.000Z</time>
        <extensions>
          <ns3:TrackPointExtension>
            <ns3:hr>98</ns3:hr>
            <ns3:cad>52</ns3:cad>
          </ns3:TrackPointExtension>
        </extensions>
      </trkpt>
      <trkpt lat="28.97915490902960300445556640625" lon="82.8373665176331996917724609375">
        <ele>2218.39990234375</ele>
        <time>2026-08-05T06:15:49.000Z</time>
        <extensions>
          <ns3:TrackPointExtension>
            <ns3:hr>98</ns3:hr>
            <ns3:cad>51</ns3:cad>
          </ns3:TrackPointExtension>
        </extensions>
      </trkpt>
      <trkpt lat="28.97917184047400951385498046875" lon="82.8374121151864528656005859375">
        <ele>2218.60009765625</ele>
        <time>2026-08-05T06:15:53.000Z</time>
        <extensions>
          <ns3:TrackPointExtension>
            <ns3:hr>98</ns3:hr>
            <ns3:cad>51</ns3:cad>
          </ns3:TrackPointExtension>
        </extensions>
      </trkpt>
      <trkpt lat="28.9791982434689998626708984375" lon="82.83749534748494625091552734375">
        <ele>2217.800048828125</ele>
        <time>2026-08-05T06:16:00.000Z</time>
        <extensions>
          <ns3:TrackPointExtension>
            <ns3:hr>96</ns3:hr>
            <ns3:cad>51</ns3:cad>
          </ns3:TrackPointExtension>
        </extensions>
      </trkpt>
      <trkpt lat="28.97920251823961734771728515625" lon="82.83754530362784862518310546875">
        <ele>2217.199951171875</ele>
        <time>2026-08-05T06:16:04.000Z</time>
        <extensions>
          <ns3:TrackPointExtension>
            <ns3:hr>97</ns3:hr>
            <ns3:cad>51</ns3:cad>
          </ns3:TrackPointExtension>
        </extensions>
      </trkpt>
      <trkpt lat="28.97920302115380764007568359375" lon="82.83755435608327388763427734375">
        <ele>2217.199951171875</ele>
        <time>2026-08-05T06:16:05.000Z</time>
        <extensions>
          <ns3:TrackPointExtension>
            <ns3:hr>97</ns3:hr>
            <ns3:cad>51</ns3:cad>
          </ns3:TrackPointExtension>
        </extensions>
      </trkpt>
      <trkpt lat="28.97919681854546070098876953125" lon="82.8376333974301815032958984375">
        <ele>2217.199951171875</ele>
        <time>2026-08-05T06:16:11.000Z</time>
        <extensions>
          <ns3:TrackPointExtension>
            <ns3:hr>96</ns3:hr>
            <ns3:cad>50</ns3:cad>
          </ns3:TrackPointExtension>
        </extensions>
      </trkpt>
      <trkpt lat="28.97918022237718105316162109375" lon="82.83770263195037841796875">
        <ele>2216.39990234375</ele>
        <time>2026-08-05T06:16:17.000Z</time>
        <extensions>
          <ns3:TrackPointExtension>
            <ns3:hr>97</ns3:hr>
            <ns3:cad>51</ns3:cad>
          </ns3:TrackPointExtension>
        </extensions>
      </trkpt>
      <trkpt lat="28.97917301394045352935791015625" lon="82.83771025948226451873779296875">
        <ele>2216.199951171875</ele>
        <time>2026-08-05T06:16:18.000Z</time>
        <extensions>
          <ns3:TrackPointExtension>
            <ns3:hr>96</ns3:hr>
            <ns3:cad>50</ns3:cad>
          </ns3:TrackPointExtension>
        </extensions>
      </trkpt>
      <trkpt lat="28.9791449345648288726806640625" lon="82.837762646377086639404296875">
        <ele>2215</ele>
        <time>2026-08-05T06:16:23.000Z</time>
        <extensions>
          <ns3:TrackPointExtension>
            <ns3:hr>96</ns3:hr>
            <ns3:cad>52</ns3:cad>
          </ns3:TrackPointExtension>
        </extensions>
      </trkpt>
      <trkpt lat="28.97910327650606632232666015625" lon="82.8378312103450298309326171875">
        <ele>2214.199951171875</ele>
        <time>2026-08-05T06:16:30.000Z</time>
        <extensions>
          <ns3:TrackPointExtension>
            <ns3:hr>99</ns3:hr>
            <ns3:cad>51</ns3:cad>
          </ns3:TrackPointExtension>
        </extensions>
      </trkpt>
      <trkpt lat="28.9790946431457996368408203125" lon="82.83784420229494571685791015625">
        <ele>2214</ele>
        <time>2026-08-05T06:16:32.000Z</time>
        <extensions>
          <ns3:TrackPointExtension>
            <ns3:hr>100</ns3:hr>
            <ns3:cad>50</ns3:cad>
          </ns3:TrackPointExtension>
        </extensions>
      </trkpt>
      <trkpt lat="28.97906773723661899566650390625" lon="82.83788862638175487518310546875">
        <ele>2213</ele>
        <time>2026-08-05T06:16:37.000Z</time>
        <extensions>
          <ns3:TrackPointExtension>
            <ns3:hr>101</ns3:hr>
            <ns3:cad>51</ns3:cad>
          </ns3:TrackPointExtension>
        </extensions>
      </trkpt>
      <trkpt lat="28.9790614508092403411865234375" lon="82.83789868466556072235107421875">
        <ele>2212.800048828125</ele>
        <time>2026-08-05T06:16:38.000Z</time>
        <extensions>
          <ns3:TrackPointExtension>
            <ns3:hr>101</ns3:hr>
            <ns3:cad>51</ns3:cad>
          </ns3:TrackPointExtension>
        </extensions>
      </trkpt>
      <trkpt lat="28.97903303615748882293701171875" lon="82.837949730455875396728515625">
        <ele>2211.60009765625</ele>
        <time>2026-08-05T06:16:43.000Z</time>
        <extensions>
          <ns3:TrackPointExtension>
            <ns3:hr>102</ns3:hr>
            <ns3:cad>50</ns3:cad>
          </ns3:TrackPointExtension>
        </extensions>
      </trkpt>
      <trkpt lat="28.97900101728737354278564453125" lon="82.83803413622081279754638671875">
        <ele>2210.60009765625</ele>
        <time>2026-08-05T06:16:51.000Z</time>
        <extensions>
          <ns3:TrackPointExtension>
            <ns3:hr>102</ns3:hr>
            <ns3:cad>51</ns3:cad>
          </ns3:TrackPointExtension>
        </extensions>
      </trkpt>
      <trkpt lat="28.9789960719645023345947265625" lon="82.838044948875904083251953125">
        <ele>2210.60009765625</ele>
        <time>2026-08-05T06:16:52.000Z</time>
        <extensions>
          <ns3:TrackPointExtension>
            <ns3:hr>102</ns3:hr>
            <ns3:cad>51</ns3:cad>
          </ns3:TrackPointExtension>
        </extensions>
      </trkpt>
      <trkpt lat="28.9789890311658382415771484375" lon="82.8381145186722278594970703125">
        <ele>2209.60009765625</ele>
        <time>2026-08-05T06:16:58.000Z</time>
        <extensions>
          <ns3:TrackPointExtension>
            <ns3:hr>99</ns3:hr>
            <ns3:cad>53</ns3:cad>
          </ns3:TrackPointExtension>
        </extensions>
      </trkpt>
      <trkpt lat="28.9789927192032337188720703125" lon="82.838125415146350860595703125">
        <ele>2209.60009765625</ele>
        <time>2026-08-05T06:16:59.000Z</time>
        <extensions>
          <ns3:TrackPointExtension>
            <ns3:hr>99</ns3:hr>
            <ns3:cad>53</ns3:cad>
          </ns3:TrackPointExtension>
        </extensions>
      </trkpt>
      <trkpt lat="28.97899095900356769561767578125" lon="82.838174365460872650146484375">
        <ele>2209</ele>
        <time>2026-08-05T06:17:03.000Z</time>
        <extensions>
          <ns3:TrackPointExtension>
            <ns3:hr>98</ns3:hr>
            <ns3:cad>51</ns3:cad>
          </ns3:TrackPointExtension>
        </extensions>
      </trkpt>
      <trkpt lat="28.97899112664163112640380859375" lon="82.83819959498941898345947265625">
        <ele>2208.60009765625</ele>
        <time>2026-08-05T06:17:05.000Z</time>
        <extensions>
          <ns3:TrackPointExtension>
            <ns3:hr>98</ns3:hr>
            <ns3:cad>52</ns3:cad>
          </ns3:TrackPointExtension>
        </extensions>
      </trkpt>
      <trkpt lat="28.97899925708770751953125" lon="82.8382560051977634429931640625">
        <ele>2207.39990234375</ele>
        <time>2026-08-05T06:17:10.000Z</time>
        <extensions>
          <ns3:TrackPointExtension>
            <ns3:hr>97</ns3:hr>
            <ns3:cad>55</ns3:cad>
          </ns3:TrackPointExtension>
        </extensions>
      </trkpt>
      <trkpt lat="28.9789979159832000732421875" lon="82.838268578052520751953125">
        <ele>2207.199951171875</ele>
        <time>2026-08-05T06:17:11.000Z</time>
        <extensions>
          <ns3:TrackPointExtension>
            <ns3:hr>97</ns3:hr>
            <ns3:cad>55</ns3:cad>
          </ns3:TrackPointExtension>
        </extensions>
      </trkpt>
      <trkpt lat="28.9789979159832000732421875" lon="82.83831543289124965667724609375">
        <ele>2206.39990234375</ele>
        <time>2026-08-05T06:17:15.000Z</time>
        <extensions>
          <ns3:TrackPointExtension>
            <ns3:hr>98</ns3:hr>
            <ns3:cad>52</ns3:cad>
          </ns3:TrackPointExtension>
        </extensions>
      </trkpt>
      <trkpt lat="28.9789947308599948883056640625" lon="82.83834191970527172088623046875">
        <ele>2205.60009765625</ele>
        <time>2026-08-05T06:17:18.000Z</time>
        <extensions>
          <ns3:TrackPointExtension>
            <ns3:hr>98</ns3:hr>
            <ns3:cad>53</ns3:cad>
          </ns3:TrackPointExtension>
        </extensions>
      </trkpt>
      <trkpt lat="28.9789893664419651031494140625" lon="82.83836555667221546173095703125">
        <ele>2205.199951171875</ele>
        <time>2026-08-05T06:17:20.000Z</time>
        <extensions>
          <ns3:TrackPointExtension>
            <ns3:hr>99</ns3:hr>
            <ns3:cad>53</ns3:cad>
          </ns3:TrackPointExtension>
        </extensions>
      </trkpt>
      <trkpt lat="28.97897184826433658599853515625" lon="82.83843060024082660675048828125">
        <ele>2204.39990234375</ele>
        <time>2026-08-05T06:17:26.000Z</time>
        <extensions>
          <ns3:TrackPointExtension>
            <ns3:hr>99</ns3:hr>
            <ns3:cad>51</ns3:cad>
          </ns3:TrackPointExtension>
        </extensions>
      </trkpt>
      <trkpt lat="28.9789692498743534088134765625" lon="82.8384447656571865081787109375">
        <ele>2204.199951171875</ele>
        <time>2026-08-05T06:17:27.000Z</time>
        <extensions>
          <ns3:TrackPointExtension>
            <ns3:hr>99</ns3:hr>
            <ns3:cad>51</ns3:cad>
          </ns3:TrackPointExtension>
        </extensions>
      </trkpt>
      <trkpt lat="28.97895340807735919952392578125" lon="82.8384940512478351593017578125">
        <ele>2203</ele>
        <time>2026-08-05T06:17:31.000Z</time>
        <extensions>
          <ns3:TrackPointExtension>
            <ns3:hr>99</ns3:hr>
            <ns3:cad>51</ns3:cad>
          </ns3:TrackPointExtension>
        </extensions>
      </trkpt>
      <trkpt lat="28.978939913213253021240234375" lon="82.83851911313831806182861328125">
        <ele>2202.60009765625</ele>
        <time>2026-08-05T06:17:33.000Z</time>
        <extensions>
          <ns3:TrackPointExtension>
            <ns3:hr>99</ns3:hr>
            <ns3:cad>51</ns3:cad>
          </ns3:TrackPointExtension>
        </extensions>
      </trkpt>
      <trkpt lat="28.978915773332118988037109375" lon="82.8385741822421550750732421875">
        <ele>2202</ele>
        <time>2026-08-05T06:17:38.000Z</time>
        <extensions>
          <ns3:TrackPointExtension>
            <ns3:hr>100</ns3:hr>
            <ns3:cad>52</ns3:cad>
          </ns3:TrackPointExtension>
        </extensions>
      </trkpt>
      <trkpt lat="28.97890269756317138671875" lon="82.83860309980809688568115234375">
        <ele>2201.199951171875</ele>
        <time>2026-08-05T06:17:41.000Z</time>
        <extensions>
          <ns3:TrackPointExtension>
            <ns3:hr>99</ns3:hr>
            <ns3:cad>51</ns3:cad>
          </ns3:TrackPointExtension>
        </extensions>
      </trkpt>
      <trkpt lat="28.9788904599845409393310546875" lon="82.83860242925584316253662109375">
        <ele>2200.800048828125</ele>
        <time>2026-08-05T06:17:43.000Z</time>
        <extensions>
          <ns3:TrackPointExtension>
            <ns3:hr>98</ns3:hr>
            <ns3:cad>51</ns3:cad>
          </ns3:TrackPointExtension>
        </extensions>
      </trkpt>
      <trkpt lat="28.97889406420290470123291015625" lon="82.83859672956168651580810546875">
        <ele>2200.60009765625</ele>
        <time>2026-08-05T06:17:45.000Z</time>
        <extensions>
          <ns3:TrackPointExtension>
            <ns3:hr>99</ns3:hr>
            <ns3:cad>0</ns3:cad>
          </ns3:TrackPointExtension>
        </extensions>
      </trkpt>
      <trkpt lat="28.97889406420290470123291015625" lon="82.838596142828464508056640625">
        <ele>2200.199951171875</ele>
        <time>2026-08-05T06:17:54.000Z</time>
        <extensions>
          <ns3:TrackPointExtension>
            <ns3:hr>93</ns3:hr>
            <ns3:cad>0</ns3:cad>
          </ns3:TrackPointExtension>
        </extensions>
      </trkpt>
      <trkpt lat="28.97889406420290470123291015625" lon="82.838596142828464508056640625">
        <ele>2200.39990234375</ele>
        <time>2026-08-05T06:18:06.000Z</time>
        <extensions>
          <ns3:TrackPointExtension>
            <ns3:hr>91</ns3:hr>
            <ns3:cad>0</ns3:cad>
          </ns3:TrackPointExtension>
        </extensions>
      </trkpt>
      <trkpt lat="28.97889406420290470123291015625" lon="82.838596142828464508056640625">
        <ele>2200.60009765625</ele>
        <time>2026-08-05T06:18:11.000Z</time>
        <extensions>
          <ns3:TrackPointExtension>
            <ns3:hr>88</ns3:hr>
            <ns3:cad>0</ns3:cad>
          </ns3:TrackPointExtension>
        </extensions>
      </trkpt>
      <trkpt lat="28.97889406420290470123291015625" lon="82.838596142828464508056640625">
        <ele>2200.800048828125</ele>
        <time>2026-08-05T06:18:24.000Z</time>
        <extensions>
          <ns3:TrackPointExtension>
            <ns3:hr>88</ns3:hr>
            <ns3:cad>0</ns3:cad>
          </ns3:TrackPointExtension>
        </extensions>
      </trkpt>
      <trkpt lat="28.97889406420290470123291015625" lon="82.838596142828464508056640625">
        <ele>2201</ele>
        <time>2026-08-05T06:18:30.000Z</time>
        <extensions>
          <ns3:TrackPointExtension>
            <ns3:hr>92</ns3:hr>
            <ns3:cad>0</ns3:cad>
          </ns3:TrackPointExtension>
        </extensions>
      </trkpt>
      <trkpt lat="28.9788981713354587554931640625" lon="82.838588096201419830322265625">
        <ele>2201.39990234375</ele>
        <time>2026-08-05T06:18:35.000Z</time>
        <extensions>
          <ns3:TrackPointExtension>
            <ns3:hr>95</ns3:hr>
            <ns3:cad>0</ns3:cad>
          </ns3:TrackPointExtension>
        </extensions>
      </trkpt>
      <trkpt lat="28.97889406420290470123291015625" lon="82.838596142828464508056640625">
        <ele>2201.199951171875</ele>
        <time>2026-08-05T06:18:41.000Z</time>
        <extensions>
          <ns3:TrackPointExtension>
            <ns3:hr>92</ns3:hr>
            <ns3:cad>0</ns3:cad>
          </ns3:TrackPointExtension>
        </extensions>
      </trkpt>
      <trkpt lat="28.97889406420290470123291015625" lon="82.838596142828464508056640625">
        <ele>2201.39990234375</ele>
        <time>2026-08-05T06:18:46.000Z</time>
        <extensions>
          <ns3:TrackPointExtension>
            <ns3:hr>94</ns3:hr>
            <ns3:cad>0</ns3:cad>
          </ns3:TrackPointExtension>
        </extensions>
      </trkpt>
      <trkpt lat="28.97889406420290470123291015625" lon="82.838596142828464508056640625">
        <ele>2201.39990234375</ele>
        <time>2026-08-05T06:18:54.000Z</time>
        <extensions>
          <ns3:TrackPointExtension>
            <ns3:hr>95</ns3:hr>
            <ns3:cad>0</ns3:cad>
          </ns3:TrackPointExtension>
        </extensions>
      </trkpt>
      <trkpt lat="28.97889406420290470123291015625" lon="82.838596142828464508056640625">
        <ele>2201</ele>
        <time>2026-08-05T06:19:03.000Z</time>
        <extensions>
          <ns3:TrackPointExtension>
            <ns3:hr>92</ns3:hr>
            <ns3:cad>0</ns3:cad>
          </ns3:TrackPointExtension>
        </extensions>
      </trkpt>
      <trkpt lat="28.97889406420290470123291015625" lon="82.838596142828464508056640625">
        <ele>2200.800048828125</ele>
        <time>2026-08-05T06:19:14.000Z</time>
        <extensions>
          <ns3:TrackPointExtension>
            <ns3:hr>92</ns3:hr>
            <ns3:cad>0</ns3:cad>
          </ns3:TrackPointExtension>
        </extensions>
      </trkpt>
      <trkpt lat="28.97889406420290470123291015625" lon="82.838596142828464508056640625">
        <ele>2200.800048828125</ele>
        <time>2026-08-05T06:19:28.000Z</time>
        <extensions>
          <ns3:TrackPointExtension>
            <ns3:hr>95</ns3:hr>
            <ns3:cad>0</ns3:cad>
          </ns3:TrackPointExtension>
        </extensions>
      </trkpt>
      <trkpt lat="28.9788807369768619537353515625" lon="82.83858709037303924560546875">
        <ele>2200.60009765625</ele>
        <time>2026-08-05T06:19:36.000Z</time>
        <extensions>
          <ns3:TrackPointExtension>
            <ns3:hr>94</ns3:hr>
            <ns3:cad>0</ns3:cad>
          </ns3:TrackPointExtension>
        </extensions>
      </trkpt>
      <trkpt lat="28.97887847386300563812255859375" lon="82.838586755096912384033203125">
        <ele>2200.39990234375</ele>
        <time>2026-08-05T06:19:45.000Z</time>
        <extensions>
          <ns3:TrackPointExtension>
            <ns3:hr>91</ns3:hr>
            <ns3:cad>0</ns3:cad>
          </ns3:TrackPointExtension>
        </extensions>
      </trkpt>
      <trkpt lat="28.9788807369768619537353515625" lon="82.83858709037303924560546875">
        <ele>2200.60009765625</ele>
        <time>2026-08-05T06:19:48.000Z</time>
        <extensions>
          <ns3:TrackPointExtension>
            <ns3:hr>93</ns3:hr>
            <ns3:cad>0</ns3:cad>
          </ns3:TrackPointExtension>
        </extensions>
      </trkpt>
      <trkpt lat="28.9788807369768619537353515625" lon="82.83858709037303924560546875">
        <ele>2201.199951171875</ele>
        <time>2026-08-05T06:19:55.000Z</time>
        <extensions>
          <ns3:TrackPointExtension>
            <ns3:hr>87</ns3:hr>
            <ns3:cad>0</ns3:cad>
          </ns3:TrackPointExtension>
        </extensions>
      </trkpt>
      <trkpt lat="28.9788807369768619537353515625" lon="82.83858709037303924560546875">
        <ele>2201.199951171875</ele>
        <time>2026-08-05T06:20:03.000Z</time>
        <extensions>
          <ns3:TrackPointExtension>
            <ns3:hr>90</ns3:hr>
            <ns3:cad>0</ns3:cad>
          </ns3:TrackPointExtension>
        </extensions>
      </trkpt>
      <trkpt lat="28.9788807369768619537353515625" lon="82.83858709037303924560546875">
        <ele>2201.199951171875</ele>
        <time>2026-08-05T06:20:06.000Z</time>
        <extensions>
          <ns3:TrackPointExtension>
            <ns3:hr>91</ns3:hr>
            <ns3:cad>0</ns3:cad>
          </ns3:TrackPointExtension>
        </extensions>
      </trkpt>
      <trkpt lat="28.9788807369768619537353515625" lon="82.83858709037303924560546875">
        <ele>2201.199951171875</ele>
        <time>2026-08-05T06:20:09.000Z</time>
        <extensions>
          <ns3:TrackPointExtension>
            <ns3:hr>88</ns3:hr>
            <ns3:cad>0</ns3:cad>
          </ns3:TrackPointExtension>
        </extensions>
      </trkpt>
      <trkpt lat="28.9788807369768619537353515625" lon="82.83858709037303924560546875">
        <ele>2201</ele>
        <time>2026-08-05T06:20:11.000Z</time>
        <extensions>
          <ns3:TrackPointExtension>
            <ns3:hr>85</ns3:hr>
            <ns3:cad>0</ns3:cad>
          </ns3:TrackPointExtension>
        </extensions>
      </trkpt>
      <trkpt lat="28.9788807369768619537353515625" lon="82.83858709037303924560546875">
        <ele>2200.800048828125</ele>
        <time>2026-08-05T06:20:18.000Z</time>
        <extensions>
          <ns3:TrackPointExtension>
            <ns3:hr>89</ns3:hr>
            <ns3:cad>0</ns3:cad>
          </ns3:TrackPointExtension>
        </extensions>
      </trkpt>
      <trkpt lat="28.9788807369768619537353515625" lon="82.83858709037303924560546875">
        <ele>2201.199951171875</ele>
        <time>2026-08-05T06:20:22.000Z</time>
        <extensions>
          <ns3:TrackPointExtension>
            <ns3:hr>89</ns3:hr>
            <ns3:cad>0</ns3:cad>
          </ns3:TrackPointExtension>
        </extensions>
      </trkpt>
      <trkpt lat="28.9788807369768619537353515625" lon="82.83858709037303924560546875">
        <ele>2201.199951171875</ele>
        <time>2026-08-05T06:20:25.000Z</time>
        <extensions>
          <ns3:TrackPointExtension>
            <ns3:hr>85</ns3:hr>
            <ns3:cad>0</ns3:cad>
          </ns3:TrackPointExtension>
        </extensions>
      </trkpt>
      <trkpt lat="28.9788807369768619537353515625" lon="82.83858709037303924560546875">
        <ele>2201.39990234375</ele>
        <time>2026-08-05T06:20:28.000Z</time>
        <extensions>
          <ns3:TrackPointExtension>
            <ns3:hr>82</ns3:hr>
            <ns3:cad>0</ns3:cad>
          </ns3:TrackPointExtension>
        </extensions>
      </trkpt>
      <trkpt lat="28.9788807369768619537353515625" lon="82.83858709037303924560546875">
        <ele>2201.60009765625</ele>
        <time>2026-08-05T06:20:32.000Z</time>
        <extensions>
          <ns3:TrackPointExtension>
            <ns3:hr>85</ns3:hr>
            <ns3:cad>0</ns3:cad>
          </ns3:TrackPointExtension>
        </extensions>
      </trkpt>
      <trkpt lat="28.9788807369768619537353515625" lon="82.83858709037303924560546875">
        <ele>2201.60009765625</ele>
        <time>2026-08-05T06:20:33.000Z</time>
        <extensions>
          <ns3:TrackPointExtension>
            <ns3:hr>88</ns3:hr>
            <ns3:cad>0</ns3:cad>
          </ns3:TrackPointExtension>
        </extensions>
      </trkpt>
      <trkpt lat="28.9788807369768619537353515625" lon="82.83858709037303924560546875">
        <ele>2201.60009765625</ele>
        <time>2026-08-05T06:20:43.000Z</time>
        <extensions>
          <ns3:TrackPointExtension>
            <ns3:hr>88</ns3:hr>
            <ns3:cad>0</ns3:cad>
          </ns3:TrackPointExtension>
        </extensions>
      </trkpt>
      <trkpt lat="28.9788807369768619537353515625" lon="82.83858709037303924560546875">
        <ele>2201.60009765625</ele>
        <time>2026-08-05T06:20:46.000Z</time>
        <extensions>
          <ns3:TrackPointExtension>
            <ns3:hr>91</ns3:hr>
            <ns3:cad>0</ns3:cad>
          </ns3:TrackPointExtension>
        </extensions>
      </trkpt>
      <trkpt lat="28.9788807369768619537353515625" lon="82.83858709037303924560546875">
        <ele>2201.60009765625</ele>
        <time>2026-08-05T06:20:53.000Z</time>
        <extensions>
          <ns3:TrackPointExtension>
            <ns3:hr>93</ns3:hr>
            <ns3:cad>0</ns3:cad>
          </ns3:TrackPointExtension>
        </extensions>
      </trkpt>
      <trkpt lat="28.9788807369768619537353515625" lon="82.83858709037303924560546875">
        <ele>2201.199951171875</ele>
        <time>2026-08-05T06:21:04.000Z</time>
        <extensions>
          <ns3:TrackPointExtension>
            <ns3:hr>93</ns3:hr>
            <ns3:cad>0</ns3:cad>
          </ns3:TrackPointExtension>
        </extensions>
      </trkpt>
      <trkpt lat="28.9788807369768619537353515625" lon="82.83858709037303924560546875">
        <ele>2201.199951171875</ele>
        <time>2026-08-05T06:21:05.000Z</time>
        <extensions>
          <ns3:TrackPointExtension>
            <ns3:hr>97</ns3:hr>
            <ns3:cad>0</ns3:cad>
          </ns3:TrackPointExtension>
        </extensions>
      </trkpt>
      <trkpt lat="28.9788807369768619537353515625" lon="82.83858709037303924560546875">
        <ele>2200.60009765625</ele>
        <time>2026-08-05T06:21:09.000Z</time>
        <extensions>
          <ns3:TrackPointExtension>
            <ns3:hr>94</ns3:hr>
            <ns3:cad>0</ns3:cad>
          </ns3:TrackPointExtension>
        </extensions>
      </trkpt>
      <trkpt lat="28.9788807369768619537353515625" lon="82.83858709037303924560546875">
        <ele>2200.800048828125</ele>
        <time>2026-08-05T06:21:10.000Z</time>
        <extensions>
          <ns3:TrackPointExtension>
            <ns3:hr>98</ns3:hr>
            <ns3:cad>0</ns3:cad>
          </ns3:TrackPointExtension>
        </extensions>
      </trkpt>
      <trkpt lat="28.9788807369768619537353515625" lon="82.83858709037303924560546875">
        <ele>2201.60009765625</ele>
        <time>2026-08-05T06:21:15.000Z</time>
        <extensions>
          <ns3:TrackPointExtension>
            <ns3:hr>98</ns3:hr>
            <ns3:cad>0</ns3:cad>
          </ns3:TrackPointExtension>
        </extensions>
      </trkpt>
      <trkpt lat="28.9788807369768619537353515625" lon="82.83858709037303924560546875">
        <ele>2201.60009765625</ele>
        <time>2026-08-05T06:21:16.000Z</time>
        <extensions>
          <ns3:TrackPointExtension>
            <ns3:hr>92</ns3:hr>
            <ns3:cad>0</ns3:cad>
          </ns3:TrackPointExtension>
        </extensions>
      </trkpt>
      <trkpt lat="28.9788807369768619537353515625" lon="82.83858709037303924560546875">
        <ele>2201.60009765625</ele>
        <time>2026-08-05T06:21:17.000Z</time>
        <extensions>
          <ns3:TrackPointExtension>
            <ns3:hr>89</ns3:hr>
            <ns3:cad>0</ns3:cad>
          </ns3:TrackPointExtension>
        </extensions>
      </trkpt>
      <trkpt lat="28.9788807369768619537353515625" lon="82.83858709037303924560546875">
        <ele>2201.800048828125</ele>
        <time>2026-08-05T06:21:33.000Z</time>
        <extensions>
          <ns3:TrackPointExtension>
            <ns3:hr>88</ns3:hr>
            <ns3:cad>0</ns3:cad>
          </ns3:TrackPointExtension>
        </extensions>
      </trkpt>
      <trkpt lat="28.9788807369768619537353515625" lon="82.83858709037303924560546875">
        <ele>2201.60009765625</ele>
        <time>2026-08-05T06:21:40.000Z</time>
        <extensions>
          <ns3:TrackPointExtension>
            <ns3:hr>84</ns3:hr>
            <ns3:cad>0</ns3:cad>
          </ns3:TrackPointExtension>
        </extensions>
      </trkpt>
      <trkpt lat="28.9788807369768619537353515625" lon="82.83858709037303924560546875">
        <ele>2201.800048828125</ele>
        <time>2026-08-05T06:21:42.000Z</time>
        <extensions>
          <ns3:TrackPointExtension>
            <ns3:hr>81</ns3:hr>
            <ns3:cad>0</ns3:cad>
          </ns3:TrackPointExtension>
        </extensions>
      </trkpt>
      <trkpt lat="28.9788807369768619537353515625" lon="82.83858709037303924560546875">
        <ele>2201.60009765625</ele>
        <time>2026-08-05T06:21:47.000Z</time>
        <extensions>
          <ns3:TrackPointExtension>
            <ns3:hr>84</ns3:hr>
            <ns3:cad>0</ns3:cad>
          </ns3:TrackPointExtension>
        </extensions>
      </trkpt>
      <trkpt lat="28.9788807369768619537353515625" lon="82.83858709037303924560546875">
        <ele>2201.800048828125</ele>
        <time>2026-08-05T06:21:49.000Z</time>
        <extensions>
          <ns3:TrackPointExtension>
            <ns3:hr>85</ns3:hr>
            <ns3:cad>0</ns3:cad>
          </ns3:TrackPointExtension>
        </extensions>
      </trkpt>
      <trkpt lat="28.9788807369768619537353515625" lon="82.83858709037303924560546875">
        <ele>2201.800048828125</ele>
        <time>2026-08-05T06:21:51.000Z</time>
        <extensions>
          <ns3:TrackPointExtension>
            <ns3:hr>86</ns3:hr>
            <ns3:cad>0</ns3:cad>
          </ns3:TrackPointExtension>
        </extensions>
      </trkpt>
      <trkpt lat="28.9788807369768619537353515625" lon="82.83858709037303924560546875">
        <ele>2202.199951171875</ele>
        <time>2026-08-05T06:22:05.000Z</time>
        <extensions>
          <ns3:TrackPointExtension>
            <ns3:hr>89</ns3:hr>
            <ns3:cad>0</ns3:cad>
          </ns3:TrackPointExtension>
        </extensions>
      </trkpt>
      <trkpt lat="28.9788807369768619537353515625" lon="82.83858709037303924560546875">
        <ele>2201.800048828125</ele>
        <time>2026-08-05T06:22:17.000Z</time>
        <extensions>
          <ns3:TrackPointExtension>
            <ns3:hr>88</ns3:hr>
            <ns3:cad>0</ns3:cad>
          </ns3:TrackPointExtension>
        </extensions>
      </trkpt>
      <trkpt lat="28.9788807369768619537353515625" lon="82.83858709037303924560546875">
        <ele>2201.800048828125</ele>
        <time>2026-08-05T06:22:32.000Z</time>
        <extensions>
          <ns3:TrackPointExtension>
            <ns3:hr>88</ns3:hr>
            <ns3:cad>0</ns3:cad>
          </ns3:TrackPointExtension>
        </extensions>
      </trkpt>
      <trkpt lat="28.9788807369768619537353515625" lon="82.83858709037303924560546875">
        <ele>2201.60009765625</ele>
        <time>2026-08-05T06:22:40.000Z</time>
        <extensions>
          <ns3:TrackPointExtension>
            <ns3:hr>84</ns3:hr>
            <ns3:cad>0</ns3:cad>
          </ns3:TrackPointExtension>
        </extensions>
      </trkpt>
      <trkpt lat="28.9788807369768619537353515625" lon="82.83858709037303924560546875">
        <ele>2201.60009765625</ele>
        <time>2026-08-05T06:22:41.000Z</time>
        <extensions>
          <ns3:TrackPointExtension>
            <ns3:hr>81</ns3:hr>
            <ns3:cad>0</ns3:cad>
          </ns3:TrackPointExtension>
        </extensions>
      </trkpt>
      <trkpt lat="28.9788807369768619537353515625" lon="82.83858709037303924560546875">
        <ele>2201.39990234375</ele>
        <time>2026-08-05T06:22:43.000Z</time>
        <extensions>
          <ns3:TrackPointExtension>
            <ns3:hr>77</ns3:hr>
            <ns3:cad>0</ns3:cad>
          </ns3:TrackPointExtension>
        </extensions>
      </trkpt>
      <trkpt lat="28.9788807369768619537353515625" lon="82.83858709037303924560546875">
        <ele>2201.39990234375</ele>
        <time>2026-08-05T06:22:47.000Z</time>
        <extensions>
          <ns3:TrackPointExtension>
            <ns3:hr>76</ns3:hr>
            <ns3:cad>0</ns3:cad>
          </ns3:TrackPointExtension>
        </extensions>
      </trkpt>
      <trkpt lat="28.97888786159455776214599609375" lon="82.8385936282575130462646484375">
        <ele>2201.60009765625</ele>
        <time>2026-08-05T06:22:51.000Z</time>
        <extensions>
          <ns3:TrackPointExtension>
            <ns3:hr>79</ns3:hr>
            <ns3:cad>0</ns3:cad>
          </ns3:TrackPointExtension>
        </extensions>
      </trkpt>
      <trkpt lat="28.97889272309839725494384765625" lon="82.838601171970367431640625">
        <ele>2201.60009765625</ele>
        <time>2026-08-05T06:22:53.000Z</time>
        <extensions>
          <ns3:TrackPointExtension>
            <ns3:hr>79</ns3:hr>
            <ns3:cad>0</ns3:cad>
          </ns3:TrackPointExtension>
        </extensions>
      </trkpt>
      <trkpt lat="28.97889775224030017852783203125" lon="82.83860385417938232421875">
        <ele>2201.60009765625</ele>
        <time>2026-08-05T06:23:01.000Z</time>
        <extensions>
          <ns3:TrackPointExtension>
            <ns3:hr>81</ns3:hr>
            <ns3:cad>0</ns3:cad>
          </ns3:TrackPointExtension>
        </extensions>
      </trkpt>
      <trkpt lat="28.97889691404998302459716796875" lon="82.83860360272228717803955078125">
        <ele>2200.800048828125</ele>
        <time>2026-08-05T06:23:06.000Z</time>
        <extensions>
          <ns3:TrackPointExtension>
            <ns3:hr>83</ns3:hr>
            <ns3:cad>0</ns3:cad>
          </ns3:TrackPointExtension>
        </extensions>
      </trkpt>
      <trkpt lat="28.978903032839298248291015625" lon="82.83860578201711177825927734375">
        <ele>2201.60009765625</ele>
        <time>2026-08-05T06:23:10.000Z</time>
        <extensions>
          <ns3:TrackPointExtension>
            <ns3:hr>88</ns3:hr>
            <ns3:cad>0</ns3:cad>
          </ns3:TrackPointExtension>
        </extensions>
      </trkpt>
      <trkpt lat="28.97890160791575908660888671875" lon="82.83860846422612667083740234375">
        <ele>2201.60009765625</ele>
        <time>2026-08-05T06:23:11.000Z</time>
        <extensions>
          <ns3:TrackPointExtension>
            <ns3:hr>89</ns3:hr>
            <ns3:cad>0</ns3:cad>
          </ns3:TrackPointExtension>
        </extensions>
      </trkpt>
      <trkpt lat="28.978893645107746124267578125" lon="82.83860226161777973175048828125">
        <ele>2201.60009765625</ele>
        <time>2026-08-05T06:23:20.000Z</time>
        <extensions>
          <ns3:TrackPointExtension>
            <ns3:hr>86</ns3:hr>
            <ns3:cad>0</ns3:cad>
          </ns3:TrackPointExtension>
        </extensions>
      </trkpt>
      <trkpt lat="28.978893645107746124267578125" lon="82.83860226161777973175048828125">
        <ele>2201.39990234375</ele>
        <time>2026-08-05T06:23:24.000Z</time>
        <extensions>
          <ns3:TrackPointExtension>
            <ns3:hr>89</ns3:hr>
            <ns3:cad>0</ns3:cad>
          </ns3:TrackPointExtension>
        </extensions>
      </trkpt>
      <trkpt lat="28.978893645107746124267578125" lon="82.83860226161777973175048828125">
        <ele>2201.39990234375</ele>
        <time>2026-08-05T06:23:27.000Z</time>
        <extensions>
          <ns3:TrackPointExtension>
            <ns3:hr>94</ns3:hr>
            <ns3:cad>0</ns3:cad>
          </ns3:TrackPointExtension>
        </extensions>
      </trkpt>
      <trkpt lat="28.978893645107746124267578125" lon="82.83860226161777973175048828125">
        <ele>2201.60009765625</ele>
        <time>2026-08-05T06:23:33.000Z</time>
        <extensions>
          <ns3:TrackPointExtension>
            <ns3:hr>91</ns3:hr>
            <ns3:cad>0</ns3:cad>
          </ns3:TrackPointExtension>
        </extensions>
      </trkpt>
      <trkpt lat="28.978893645107746124267578125" lon="82.83860226161777973175048828125">
        <ele>2201.60009765625</ele>
        <time>2026-08-05T06:23:35.000Z</time>
        <extensions>
          <ns3:TrackPointExtension>
            <ns3:hr>91</ns3:hr>
            <ns3:cad>0</ns3:cad>
          </ns3:TrackPointExtension>
        </extensions>
      </trkpt>
      <trkpt lat="28.978893645107746124267578125" lon="82.83860226161777973175048828125">
        <ele>2201.60009765625</ele>
        <time>2026-08-05T06:23:40.000Z</time>
        <extensions>
          <ns3:TrackPointExtension>
            <ns3:hr>88</ns3:hr>
            <ns3:cad>0</ns3:cad>
          </ns3:TrackPointExtension>
        </extensions>
      </trkpt>
      <trkpt lat="28.978893645107746124267578125" lon="82.83860226161777973175048828125">
        <ele>2201.800048828125</ele>
        <time>2026-08-05T06:23:42.000Z</time>
        <extensions>
          <ns3:TrackPointExtension>
            <ns3:hr>85</ns3:hr>
            <ns3:cad>0</ns3:cad>
          </ns3:TrackPointExtension>
        </extensions>
      </trkpt>
      <trkpt lat="28.978893645107746124267578125" lon="82.83860226161777973175048828125">
        <ele>2201.60009765625</ele>
        <time>2026-08-05T06:23:49.000Z</time>
        <extensions>
          <ns3:TrackPointExtension>
            <ns3:hr>86</ns3:hr>
            <ns3:cad>0</ns3:cad>
          </ns3:TrackPointExtension>
        </extensions>
      </trkpt>
      <trkpt lat="28.978893645107746124267578125" lon="82.83860226161777973175048828125">
        <ele>2201.60009765625</ele>
        <time>2026-08-05T06:23:54.000Z</time>
        <extensions>
          <ns3:TrackPointExtension>
            <ns3:hr>83</ns3:hr>
            <ns3:cad>0</ns3:cad>
          </ns3:TrackPointExtension>
        </extensions>
      </trkpt>
      <trkpt lat="28.978893645107746124267578125" lon="82.83860226161777973175048828125">
        <ele>2202</ele>
        <time>2026-08-05T06:24:07.000Z</time>
        <extensions>
          <ns3:TrackPointExtension>
            <ns3:hr>84</ns3:hr>
            <ns3:cad>0</ns3:cad>
          </ns3:TrackPointExtension>
        </extensions>
      </trkpt>
      <trkpt lat="28.978893645107746124267578125" lon="82.83860226161777973175048828125">
        <ele>2202</ele>
        <time>2026-08-05T06:24:18.000Z</time>
        <extensions>
          <ns3:TrackPointExtension>
            <ns3:hr>85</ns3:hr>
            <ns3:cad>0</ns3:cad>
          </ns3:TrackPointExtension>
        </extensions>
      </trkpt>
      <trkpt lat="28.978893645107746124267578125" lon="82.83860226161777973175048828125">
        <ele>2202.199951171875</ele>
        <time>2026-08-05T06:24:35.000Z</time>
        <extensions>
          <ns3:TrackPointExtension>
            <ns3:hr>86</ns3:hr>
            <ns3:cad>0</ns3:cad>
          </ns3:TrackPointExtension>
        </extensions>
      </trkpt>
      <trkpt lat="28.978893645107746124267578125" lon="82.83860226161777973175048828125">
        <ele>2202</ele>
        <time>2026-08-05T06:24:52.000Z</time>
        <extensions>
          <ns3:TrackPointExtension>
            <ns3:hr>86</ns3:hr>
            <ns3:cad>0</ns3:cad>
          </ns3:TrackPointExtension>
        </extensions>
      </trkpt>
      <trkpt lat="28.978893645107746124267578125" lon="82.83860226161777973175048828125">
        <ele>2201.800048828125</ele>
        <time>2026-08-05T06:25:02.000Z</time>
        <extensions>
          <ns3:TrackPointExtension>
            <ns3:hr>83</ns3:hr>
            <ns3:cad>0</ns3:cad>
          </ns3:TrackPointExtension>
        </extensions>
      </trkpt>
      <trkpt lat="28.978893645107746124267578125" lon="82.83860226161777973175048828125">
        <ele>2201.60009765625</ele>
        <time>2026-08-05T06:25:06.000Z</time>
        <extensions>
          <ns3:TrackPointExtension>
            <ns3:hr>84</ns3:hr>
            <ns3:cad>0</ns3:cad>
          </ns3:TrackPointExtension>
        </extensions>
      </trkpt>
      <trkpt lat="28.978893645107746124267578125" lon="82.83860226161777973175048828125">
        <ele>2200.800048828125</ele>
        <time>2026-08-05T06:25:22.000Z</time>
        <extensions>
          <ns3:TrackPointExtension>
            <ns3:hr>82</ns3:hr>
            <ns3:cad>0</ns3:cad>
          </ns3:TrackPointExtension>
        </extensions>
      </trkpt>
      <trkpt lat="28.978893645107746124267578125" lon="82.83860226161777973175048828125">
        <ele>2200.800048828125</ele>
        <time>2026-08-05T06:25:29.000Z</time>
        <extensions>
          <ns3:TrackPointExtension>
            <ns3:hr>82</ns3:hr>
            <ns3:cad>0</ns3:cad>
          </ns3:TrackPointExtension>
        </extensions>
      </trkpt>
      <trkpt lat="28.978893645107746124267578125" lon="82.83860226161777973175048828125">
        <ele>2200.800048828125</ele>
        <time>2026-08-05T06:25:42.000Z</time>
        <extensions>
          <ns3:TrackPointExtension>
            <ns3:hr>85</ns3:hr>
            <ns3:cad>0</ns3:cad>
          </ns3:TrackPointExtension>
        </extensions>
      </trkpt>
      <trkpt lat="28.978893645107746124267578125" lon="82.83860226161777973175048828125">
        <ele>2200.800048828125</ele>
        <time>2026-08-05T06:25:45.000Z</time>
        <extensions>
          <ns3:TrackPointExtension>
            <ns3:hr>88</ns3:hr>
            <ns3:cad>0</ns3:cad>
          </ns3:TrackPointExtension>
        </extensions>
      </trkpt>
      <trkpt lat="28.978893645107746124267578125" lon="82.83860226161777973175048828125">
        <ele>2200.800048828125</ele>
        <time>2026-08-05T06:25:46.000Z</time>
        <extensions>
          <ns3:TrackPointExtension>
            <ns3:hr>88</ns3:hr>
            <ns3:cad>0</ns3:cad>
          </ns3:TrackPointExtension>
        </extensions>
      </trkpt>
      <trkpt lat="28.978893645107746124267578125" lon="82.83860226161777973175048828125">
        <ele>2201.39990234375</ele>
        <time>2026-08-05T06:25:52.000Z</time>
        <extensions>
          <ns3:TrackPointExtension>
            <ns3:hr>86</ns3:hr>
            <ns3:cad>0</ns3:cad>
          </ns3:TrackPointExtension>
        </extensions>
      </trkpt>
      <trkpt lat="28.978893645107746124267578125" lon="82.83860226161777973175048828125">
        <ele>2201.60009765625</ele>
        <time>2026-08-05T06:26:12.000Z</time>
        <extensions>
          <ns3:TrackPointExtension>
            <ns3:hr>87</ns3:hr>
            <ns3:cad>0</ns3:cad>
          </ns3:TrackPointExtension>
        </extensions>
      </trkpt>
      <trkpt lat="28.978893645107746124267578125" lon="82.83860226161777973175048828125">
        <ele>2201.39990234375</ele>
        <time>2026-08-05T06:26:20.000Z</time>
        <extensions>
          <ns3:TrackPointExtension>
            <ns3:hr>87</ns3:hr>
            <ns3:cad>0</ns3:cad>
          </ns3:TrackPointExtension>
        </extensions>
      </trkpt>
      <trkpt lat="28.978893645107746124267578125" lon="82.83860226161777973175048828125">
        <ele>2201.800048828125</ele>
        <time>2026-08-05T06:26:32.000Z</time>
        <extensions>
          <ns3:TrackPointExtension>
            <ns3:hr>84</ns3:hr>
            <ns3:cad>0</ns3:cad>
          </ns3:TrackPointExtension>
        </extensions>
      </trkpt>
      <trkpt lat="28.978893645107746124267578125" lon="82.83860226161777973175048828125">
        <ele>2201.800048828125</ele>
        <time>2026-08-05T06:26:33.000Z</time>
        <extensions>
          <ns3:TrackPointExtension>
            <ns3:hr>81</ns3:hr>
            <ns3:cad>0</ns3:cad>
          </ns3:TrackPointExtension>
        </extensions>
      </trkpt>
      <trkpt lat="28.978893645107746124267578125" lon="82.83860226161777973175048828125">
        <ele>2201.800048828125</ele>
        <time>2026-08-05T06:26:35.000Z</time>
        <extensions>
          <ns3:TrackPointExtension>
            <ns3:hr>78</ns3:hr>
            <ns3:cad>0</ns3:cad>
          </ns3:TrackPointExtension>
        </extensions>
      </trkpt>
      <trkpt lat="28.978893645107746124267578125" lon="82.83860226161777973175048828125">
        <ele>2201.800048828125</ele>
        <time>2026-08-05T06:26:36.000Z</time>
        <extensions>
          <ns3:TrackPointExtension>
            <ns3:hr>75</ns3:hr>
            <ns3:cad>0</ns3:cad>
          </ns3:TrackPointExtension>
        </extensions>
      </trkpt>
      <trkpt lat="28.978893645107746124267578125" lon="82.83860226161777973175048828125">
        <ele>2201.800048828125</ele>
        <time>2026-08-05T06:26:41.000Z</time>
        <extensions>
          <ns3:TrackPointExtension>
            <ns3:hr>77</ns3:hr>
            <ns3:cad>0</ns3:cad>
          </ns3:TrackPointExtension>
        </extensions>
      </trkpt>
      <trkpt lat="28.978893645107746124267578125" lon="82.83860226161777973175048828125">
        <ele>2201.800048828125</ele>
        <time>2026-08-05T06:26:42.000Z</time>
        <extensions>
          <ns3:TrackPointExtension>
            <ns3:hr>81</ns3:hr>
            <ns3:cad>0</ns3:cad>
          </ns3:TrackPointExtension>
        </extensions>
      </trkpt>
      <trkpt lat="28.978893645107746124267578125" lon="82.83860226161777973175048828125">
        <ele>2201.800048828125</ele>
        <time>2026-08-05T06:26:44.000Z</time>
        <extensions>
          <ns3:TrackPointExtension>
            <ns3:hr>85</ns3:hr>
            <ns3:cad>0</ns3:cad>
          </ns3:TrackPointExtension>
        </extensions>
      </trkpt>
      <trkpt lat="28.978893645107746124267578125" lon="82.83860226161777973175048828125">
        <ele>2201.60009765625</ele>
        <time>2026-08-05T06:26:48.000Z</time>
        <extensions>
          <ns3:TrackPointExtension>
            <ns3:hr>82</ns3:hr>
            <ns3:cad>0</ns3:cad>
          </ns3:TrackPointExtension>
        </extensions>
      </trkpt>
      <trkpt lat="28.978893645107746124267578125" lon="82.83860226161777973175048828125">
        <ele>2201</ele>
        <time>2026-08-05T06:27:01.000Z</time>
        <extensions>
          <ns3:TrackPointExtension>
            <ns3:hr>82</ns3:hr>
            <ns3:cad>0</ns3:cad>
          </ns3:TrackPointExtension>
        </extensions>
      </trkpt>
      <trkpt lat="28.978893645107746124267578125" lon="82.83860226161777973175048828125">
        <ele>2200.39990234375</ele>
        <time>2026-08-05T06:27:18.000Z</time>
        <extensions>
          <ns3:TrackPointExtension>
            <ns3:hr>80</ns3:hr>
            <ns3:cad>0</ns3:cad>
          </ns3:TrackPointExtension>
        </extensions>
      </trkpt>
      <trkpt lat="28.978893645107746124267578125" lon="82.83860226161777973175048828125">
        <ele>2200.39990234375</ele>
        <time>2026-08-05T06:27:22.000Z</time>
        <extensions>
          <ns3:TrackPointExtension>
            <ns3:hr>76</ns3:hr>
            <ns3:cad>0</ns3:cad>
          </ns3:TrackPointExtension>
        </extensions>
      </trkpt>
      <trkpt lat="28.978893645107746124267578125" lon="82.83860226161777973175048828125">
        <ele>2200.60009765625</ele>
        <time>2026-08-05T06:27:23.000Z</time>
        <extensions>
          <ns3:TrackPointExtension>
            <ns3:hr>73</ns3:hr>
            <ns3:cad>0</ns3:cad>
          </ns3:TrackPointExtension>
        </extensions>
      </trkpt>
      <trkpt lat="28.978893645107746124267578125" lon="82.83860226161777973175048828125">
        <ele>2200.60009765625</ele>
        <time>2026-08-05T06:27:25.000Z</time>
        <extensions>
          <ns3:TrackPointExtension>
            <ns3:hr>70</ns3:hr>
            <ns3:cad>0</ns3:cad>
          </ns3:TrackPointExtension>
        </extensions>
      </trkpt>
      <trkpt lat="28.978893645107746124267578125" lon="82.83860226161777973175048828125">
        <ele>2200.60009765625</ele>
        <time>2026-08-05T06:27:29.000Z</time>
        <extensions>
          <ns3:TrackPointExtension>
            <ns3:hr>71</ns3:hr>
            <ns3:cad>0</ns3:cad>
          </ns3:TrackPointExtension>
        </extensions>
      </trkpt>
      <trkpt lat="28.978893645107746124267578125" lon="82.83860226161777973175048828125">
        <ele>2200.800048828125</ele>
        <time>2026-08-05T06:27:35.000Z</time>
        <extensions>
          <ns3:TrackPointExtension>
            <ns3:hr>76</ns3:hr>
            <ns3:cad>0</ns3:cad>
          </ns3:TrackPointExtension>
        </extensions>
      </trkpt>
      <trkpt lat="28.978893645107746124267578125" lon="82.83860226161777973175048828125">
        <ele>2200.800048828125</ele>
        <time>2026-08-05T06:27:36.000Z</time>
        <extensions>
          <ns3:TrackPointExtension>
            <ns3:hr>84</ns3:hr>
            <ns3:cad>0</ns3:cad>
          </ns3:TrackPointExtension>
        </extensions>
      </trkpt>
      <trkpt lat="28.978893645107746124267578125" lon="82.83860226161777973175048828125">
        <ele>2200.800048828125</ele>
        <time>2026-08-05T06:27:47.000Z</time>
        <extensions>
          <ns3:TrackPointExtension>
            <ns3:hr>84</ns3:hr>
            <ns3:cad>0</ns3:cad>
          </ns3:TrackPointExtension>
        </extensions>
      </trkpt>
      <trkpt lat="28.978893645107746124267578125" lon="82.83860226161777973175048828125">
        <ele>2200.199951171875</ele>
        <time>2026-08-05T06:28:04.000Z</time>
        <extensions>
          <ns3:TrackPointExtension>
            <ns3:hr>80</ns3:hr>
            <ns3:cad>0</ns3:cad>
          </ns3:TrackPointExtension>
        </extensions>
      </trkpt>
      <trkpt lat="28.978893645107746124267578125" lon="82.83860226161777973175048828125">
        <ele>2200.199951171875</ele>
        <time>2026-08-05T06:28:08.000Z</time>
        <extensions>
          <ns3:TrackPointExtension>
            <ns3:hr>79</ns3:hr>
            <ns3:cad>0</ns3:cad>
          </ns3:TrackPointExtension>
        </extensions>
      </trkpt>
      <trkpt lat="28.97890009917318820953369140625" lon="82.8386164270341396331787109375">
        <ele>2200</ele>
        <time>2026-08-05T06:28:20.000Z</time>
        <extensions>
          <ns3:TrackPointExtension>
            <ns3:hr>81</ns3:hr>
            <ns3:cad>0</ns3:cad>
          </ns3:TrackPointExtension>
        </extensions>
      </trkpt>
      <trkpt lat="28.97889724932610988616943359375" lon="82.8386328555643558502197265625">
        <ele>2199.800048828125</ele>
        <time>2026-08-05T06:28:22.000Z</time>
        <extensions>
          <ns3:TrackPointExtension>
            <ns3:hr>80</ns3:hr>
            <ns3:cad>0</ns3:cad>
          </ns3:TrackPointExtension>
        </extensions>
      </trkpt>
      <trkpt lat="28.97888232953846454620361328125" lon="82.8386717475950717926025390625">
        <ele>2199.39990234375</ele>
        <time>2026-08-05T06:28:26.000Z</time>
        <extensions>
          <ns3:TrackPointExtension>
            <ns3:hr>81</ns3:hr>
            <ns3:cad>44</ns3:cad>
          </ns3:TrackPointExtension>
        </extensions>
      </trkpt>
      <trkpt lat="28.97885852493345737457275390625" lon="82.83871960826218128204345703125">
        <ele>2198.60009765625</ele>
        <time>2026-08-05T06:28:31.000Z</time>
        <extensions>
          <ns3:TrackPointExtension>
            <ns3:hr>83</ns3:hr>
            <ns3:cad>47</ns3:cad>
          </ns3:TrackPointExtension>
        </extensions>
      </trkpt>
      <trkpt lat="28.9788503944873809814453125" lon="82.83874173648655414581298828125">
        <ele>2198.199951171875</ele>
        <time>2026-08-05T06:28:34.000Z</time>
        <extensions>
          <ns3:TrackPointExtension>
            <ns3:hr>85</ns3:hr>
            <ns3:cad>48</ns3:cad>
          </ns3:TrackPointExtension>
        </extensions>
      </trkpt>
      <trkpt lat="28.97882533259689807891845703125" lon="82.83877090550959110260009765625">
        <ele>2198</ele>
        <time>2026-08-05T06:28:38.000Z</time>
        <extensions>
          <ns3:TrackPointExtension>
            <ns3:hr>89</ns3:hr>
            <ns3:cad>0</ns3:cad>
          </ns3:TrackPointExtension>
        </extensions>
      </trkpt>
      <trkpt lat="28.97882114164531230926513671875" lon="82.83877844922244548797607421875">
        <ele>2197.60009765625</ele>
        <time>2026-08-05T06:28:39.000Z</time>
        <extensions>
          <ns3:TrackPointExtension>
            <ns3:hr>91</ns3:hr>
            <ns3:cad>0</ns3:cad>
          </ns3:TrackPointExtension>
        </extensions>
      </trkpt>
      <trkpt lat="28.97881192155182361602783203125" lon="82.83879487775266170501708984375">
        <ele>2196.800048828125</ele>
        <time>2026-08-05T06:28:41.000Z</time>
        <extensions>
          <ns3:TrackPointExtension>
            <ns3:hr>92</ns3:hr>
            <ns3:cad>46</ns3:cad>
          </ns3:TrackPointExtension>
        </extensions>
      </trkpt>
      <trkpt lat="28.9788130111992359161376953125" lon="82.83880158327519893646240234375">
        <ele>2196.39990234375</ele>
        <time>2026-08-05T06:28:42.000Z</time>
        <extensions>
          <ns3:TrackPointExtension>
            <ns3:hr>91</ns3:hr>
            <ns3:cad>46</ns3:cad>
          </ns3:TrackPointExtension>
        </extensions>
      </trkpt>
      <trkpt lat="28.97879934869706630706787109375" lon="82.838837206363677978515625">
        <ele>2196.800048828125</ele>
        <time>2026-08-05T06:28:46.000Z</time>
        <extensions>
          <ns3:TrackPointExtension>
            <ns3:hr>88</ns3:hr>
            <ns3:cad>0</ns3:cad>
          </ns3:TrackPointExtension>
        </extensions>
      </trkpt>
      <trkpt lat="28.97879599593579769134521484375" lon="82.83884500153362751007080078125">
        <ele>2196.800048828125</ele>
        <time>2026-08-05T06:28:47.000Z</time>
        <extensions>
          <ns3:TrackPointExtension>
            <ns3:hr>87</ns3:hr>
            <ns3:cad>45</ns3:cad>
          </ns3:TrackPointExtension>
        </extensions>
      </trkpt>
      <trkpt lat="28.9787637256085872650146484375" lon="82.83889696933329105377197265625">
        <ele>2195.60009765625</ele>
        <time>2026-08-05T06:28:53.000Z</time>
        <extensions>
          <ns3:TrackPointExtension>
            <ns3:hr>88</ns3:hr>
            <ns3:cad>47</ns3:cad>
          </ns3:TrackPointExtension>
        </extensions>
      </trkpt>
      <trkpt lat="28.97876028902828693389892578125" lon="82.83890333957970142364501953125">
        <ele>2195.39990234375</ele>
        <time>2026-08-05T06:28:54.000Z</time>
        <extensions>
          <ns3:TrackPointExtension>
            <ns3:hr>87</ns3:hr>
            <ns3:cad>46</ns3:cad>
          </ns3:TrackPointExtension>
        </extensions>
      </trkpt>
      <trkpt lat="28.9787355624139308929443359375" lon="82.838952876627445220947265625">
        <ele>2195</ele>
        <time>2026-08-05T06:28:59.000Z</time>
        <extensions>
          <ns3:TrackPointExtension>
            <ns3:hr>87</ns3:hr>
            <ns3:cad>45</ns3:cad>
          </ns3:TrackPointExtension>
        </extensions>
      </trkpt>
      <trkpt lat="28.9787094108760356903076171875" lon="82.8390060178935527801513671875">
        <ele>2194.39990234375</ele>
        <time>2026-08-05T06:29:05.000Z</time>
        <extensions>
          <ns3:TrackPointExtension>
            <ns3:hr>88</ns3:hr>
            <ns3:cad>47</ns3:cad>
          </ns3:TrackPointExtension>
        </extensions>
      </trkpt>
      <trkpt lat="28.978675045073032379150390625" lon="82.8390906751155853271484375">
        <ele>2193.199951171875</ele>
        <time>2026-08-05T06:29:13.000Z</time>
        <extensions>
          <ns3:TrackPointExtension>
            <ns3:hr>90</ns3:hr>
            <ns3:cad>50</ns3:cad>
          </ns3:TrackPointExtension>
        </extensions>
      </trkpt>
      <trkpt lat="28.97864378057420253753662109375" lon="82.83916200511157512664794921875">
        <ele>2192.39990234375</ele>
        <time>2026-08-05T06:29:20.000Z</time>
        <extensions>
          <ns3:TrackPointExtension>
            <ns3:hr>89</ns3:hr>
            <ns3:cad>48</ns3:cad>
          </ns3:TrackPointExtension>
        </extensions>
      </trkpt>
      <trkpt lat="28.97862911224365234375" lon="82.8392145596444606781005859375">
        <ele>2192.39990234375</ele>
        <time>2026-08-05T06:29:25.000Z</time>
        <extensions>
          <ns3:TrackPointExtension>
            <ns3:hr>88</ns3:hr>
            <ns3:cad>47</ns3:cad>
          </ns3:TrackPointExtension>
        </extensions>
      </trkpt>
      <trkpt lat="28.97861410863697528839111328125" lon="82.83926032483577728271484375">
        <ele>2192.39990234375</ele>
        <time>2026-08-05T06:29:30.000Z</time>
        <extensions>
          <ns3:TrackPointExtension>
            <ns3:hr>88</ns3:hr>
            <ns3:cad>46</ns3:cad>
          </ns3:TrackPointExtension>
        </extensions>
      </trkpt>
      <trkpt lat="28.978599607944488525390625" lon="82.839304246008396148681640625">
        <ele>2192.199951171875</ele>
        <time>2026-08-05T06:29:34.000Z</time>
        <extensions>
          <ns3:TrackPointExtension>
            <ns3:hr>89</ns3:hr>
            <ns3:cad>46</ns3:cad>
          </ns3:TrackPointExtension>
        </extensions>
      </trkpt>
      <trkpt lat="28.9785927347838878631591796875" lon="82.8393245302140712738037109375">
        <ele>2192</ele>
        <time>2026-08-05T06:29:36.000Z</time>
        <extensions>
          <ns3:TrackPointExtension>
            <ns3:hr>88</ns3:hr>
            <ns3:cad>46</ns3:cad>
          </ns3:TrackPointExtension>
        </extensions>
      </trkpt>
      <trkpt lat="28.978584520518779754638671875" lon="82.83934540115296840667724609375">
        <ele>2191.199951171875</ele>
        <time>2026-08-05T06:29:38.000Z</time>
        <extensions>
          <ns3:TrackPointExtension>
            <ns3:hr>88</ns3:hr>
            <ns3:cad>46</ns3:cad>
          </ns3:TrackPointExtension>
        </extensions>
      </trkpt>
      <trkpt lat="28.9785635657608509063720703125" lon="82.83938479609787464141845703125">
        <ele>2190.60009765625</ele>
        <time>2026-08-05T06:29:42.000Z</time>
        <extensions>
          <ns3:TrackPointExtension>
            <ns3:hr>86</ns3:hr>
            <ns3:cad>0</ns3:cad>
          </ns3:TrackPointExtension>
        </extensions>
      </trkpt>
      <trkpt lat="28.97854420356452465057373046875" lon="82.83944497816264629364013671875">
        <ele>2191</ele>
        <time>2026-08-05T06:29:48.000Z</time>
        <extensions>
          <ns3:TrackPointExtension>
            <ns3:hr>85</ns3:hr>
            <ns3:cad>46</ns3:cad>
          </ns3:TrackPointExtension>
        </extensions>
      </trkpt>
      <trkpt lat="28.97851713001728057861328125" lon="82.83949526958167552947998046875">
        <ele>2189.800048828125</ele>
        <time>2026-08-05T06:29:53.000Z</time>
        <extensions>
          <ns3:TrackPointExtension>
            <ns3:hr>84</ns3:hr>
            <ns3:cad>47</ns3:cad>
          </ns3:TrackPointExtension>
        </extensions>
      </trkpt>
      <trkpt lat="28.97851604036986827850341796875" lon="82.839500717818737030029296875">
        <ele>2189.800048828125</ele>
        <time>2026-08-05T06:29:54.000Z</time>
        <extensions>
          <ns3:TrackPointExtension>
            <ns3:hr>84</ns3:hr>
            <ns3:cad>47</ns3:cad>
          </ns3:TrackPointExtension>
        </extensions>
      </trkpt>
      <trkpt lat="28.9784901402890682220458984375" lon="82.83955981023609638214111328125">
        <ele>2190.39990234375</ele>
        <time>2026-08-05T06:30:00.000Z</time>
        <extensions>
          <ns3:TrackPointExtension>
            <ns3:hr>84</ns3:hr>
            <ns3:cad>42</ns3:cad>
          </ns3:TrackPointExtension>
        </extensions>
      </trkpt>
      <trkpt lat="28.97847396321594715118408203125" lon="82.83962669782340526580810546875">
        <ele>2189.800048828125</ele>
        <time>2026-08-05T06:30:06.000Z</time>
        <extensions>
          <ns3:TrackPointExtension>
            <ns3:hr>86</ns3:hr>
            <ns3:cad>48</ns3:cad>
          </ns3:TrackPointExtension>
        </extensions>
      </trkpt>
      <trkpt lat="28.97846809588372707366943359375" lon="82.839683108031749725341796875">
        <ele>2189.199951171875</ele>
        <time>2026-08-05T06:30:11.000Z</time>
        <extensions>
          <ns3:TrackPointExtension>
            <ns3:hr>88</ns3:hr>
            <ns3:cad>48</ns3:cad>
          </ns3:TrackPointExtension>
        </extensions>
      </trkpt>
      <trkpt lat="28.978467844426631927490234375" lon="82.83970615826547145843505859375">
        <ele>2188.60009765625</ele>
        <time>2026-08-05T06:30:13.000Z</time>
        <extensions>
          <ns3:TrackPointExtension>
            <ns3:hr>89</ns3:hr>
            <ns3:cad>46</ns3:cad>
          </ns3:TrackPointExtension>
        </extensions>
      </trkpt>
      <trkpt lat="28.97845736704766750335693359375" lon="82.8397489897906780242919921875">
        <ele>2189</ele>
        <time>2026-08-05T06:30:17.000Z</time>
        <extensions>
          <ns3:TrackPointExtension>
            <ns3:hr>89</ns3:hr>
            <ns3:cad>47</ns3:cad>
          </ns3:TrackPointExtension>
        </extensions>
      </trkpt>
      <trkpt lat="28.978449068963527679443359375" lon="82.839799113571643829345703125">
        <ele>2188.199951171875</ele>
        <time>2026-08-05T06:30:22.000Z</time>
        <extensions>
          <ns3:TrackPointExtension>
            <ns3:hr>89</ns3:hr>
            <ns3:cad>50</ns3:cad>
          </ns3:TrackPointExtension>
        </extensions>
      </trkpt>
      <trkpt lat="28.97845518775284290313720703125" lon="82.8398485668003559112548828125">
        <ele>2187.60009765625</ele>
        <time>2026-08-05T06:30:27.000Z</time>
        <extensions>
          <ns3:TrackPointExtension>
            <ns3:hr>91</ns3:hr>
            <ns3:cad>47</ns3:cad>
          </ns3:TrackPointExtension>
        </extensions>
      </trkpt>
      <trkpt lat="28.97845585830509662628173828125" lon="82.83985535614192485809326171875">
        <ele>2187.39990234375</ele>
        <time>2026-08-05T06:30:28.000Z</time>
        <extensions>
          <ns3:TrackPointExtension>
            <ns3:hr>91</ns3:hr>
            <ns3:cad>47</ns3:cad>
          </ns3:TrackPointExtension>
        </extensions>
      </trkpt>
      <trkpt lat="28.97846021689474582672119140625" lon="82.83987748436629772186279296875">
        <ele>2186.60009765625</ele>
        <time>2026-08-05T06:30:30.000Z</time>
        <extensions>
          <ns3:TrackPointExtension>
            <ns3:hr>91</ns3:hr>
            <ns3:cad>47</ns3:cad>
          </ns3:TrackPointExtension>
        </extensions>
      </trkpt>
      <trkpt lat="28.97847815416753292083740234375" lon="82.8399060666561126708984375">
        <ele>2185.60009765625</ele>
        <time>2026-08-05T06:30:34.000Z</time>
        <extensions>
          <ns3:TrackPointExtension>
            <ns3:hr>91</ns3:hr>
            <ns3:cad>45</ns3:cad>
          </ns3:TrackPointExtension>
        </extensions>
      </trkpt>
      <trkpt lat="28.9784941636025905609130859375" lon="82.839953005313873291015625">
        <ele>2185.60009765625</ele>
        <time>2026-08-05T06:30:39.000Z</time>
        <extensions>
          <ns3:TrackPointExtension>
            <ns3:hr>90</ns3:hr>
            <ns3:cad>0</ns3:cad>
          </ns3:TrackPointExtension>
        </extensions>
      </trkpt>
      <trkpt lat="28.97851067595183849334716796875" lon="82.839998267590999603271484375">
        <ele>2184.60009765625</ele>
        <time>2026-08-05T06:30:44.000Z</time>
        <extensions>
          <ns3:TrackPointExtension>
            <ns3:hr>89</ns3:hr>
            <ns3:cad>43</ns3:cad>
          </ns3:TrackPointExtension>
        </extensions>
      </trkpt>
      <trkpt lat="28.97851469926536083221435546875" lon="82.8400111757218837738037109375">
        <ele>2183.800048828125</ele>
        <time>2026-08-05T06:30:46.000Z</time>
        <extensions>
          <ns3:TrackPointExtension>
            <ns3:hr>89</ns3:hr>
            <ns3:cad>45</ns3:cad>
          </ns3:TrackPointExtension>
        </extensions>
      </trkpt>
      <trkpt lat="28.97851771675050258636474609375" lon="82.84003539942204952239990234375">
        <ele>2183.39990234375</ele>
        <time>2026-08-05T06:30:48.000Z</time>
        <extensions>
          <ns3:TrackPointExtension>
            <ns3:hr>89</ns3:hr>
            <ns3:cad>46</ns3:cad>
          </ns3:TrackPointExtension>
        </extensions>
      </trkpt>
      <trkpt lat="28.97852324880659580230712890625" lon="82.840076051652431488037109375">
        <ele>2183.199951171875</ele>
        <time>2026-08-05T06:30:52.000Z</time>
        <extensions>
          <ns3:TrackPointExtension>
            <ns3:hr>90</ns3:hr>
            <ns3:cad>50</ns3:cad>
          </ns3:TrackPointExtension>
        </extensions>
      </trkpt>
      <trkpt lat="28.97852358408272266387939453125" lon="82.8401365689933300018310546875">
        <ele>2182.60009765625</ele>
        <time>2026-08-05T06:30:58.000Z</time>
        <extensions>
          <ns3:TrackPointExtension>
            <ns3:hr>86</ns3:hr>
            <ns3:cad>48</ns3:cad>
          </ns3:TrackPointExtension>
        </extensions>
      </trkpt>
      <trkpt lat="28.97852174006402492523193359375" lon="82.84017336554825305938720703125">
        <ele>2182.199951171875</ele>
        <time>2026-08-05T06:31:01.000Z</time>
        <extensions>
          <ns3:TrackPointExtension>
            <ns3:hr>86</ns3:hr>
            <ns3:cad>49</ns3:cad>
          </ns3:TrackPointExtension>
        </extensions>
      </trkpt>
      <trkpt lat="28.9785206504166126251220703125" lon="82.840222232043743133544921875">
        <ele>2181.60009765625</ele>
        <time>2026-08-05T06:31:05.000Z</time>
        <extensions>
          <ns3:TrackPointExtension>
            <ns3:hr>87</ns3:hr>
            <ns3:cad>49</ns3:cad>
          </ns3:TrackPointExtension>
        </extensions>
      </trkpt>
      <trkpt lat="28.97851855494081974029541015625" lon="82.84026472829282283782958984375">
        <ele>2181.199951171875</ele>
        <time>2026-08-05T06:31:09.000Z</time>
        <extensions>
          <ns3:TrackPointExtension>
            <ns3:hr>89</ns3:hr>
            <ns3:cad>48</ns3:cad>
          </ns3:TrackPointExtension>
        </extensions>
      </trkpt>
      <trkpt lat="28.97851604036986827850341796875" lon="82.84028836525976657867431640625">
        <ele>2181</ele>
        <time>2026-08-05T06:31:11.000Z</time>
        <extensions>
          <ns3:TrackPointExtension>
            <ns3:hr>88</ns3:hr>
            <ns3:cad>48</ns3:cad>
          </ns3:TrackPointExtension>
        </extensions>
      </trkpt>
      <trkpt lat="28.97852023132145404815673828125" lon="82.84032708965241909027099609375">
        <ele>2179.800048828125</ele>
        <time>2026-08-05T06:31:15.000Z</time>
        <extensions>
          <ns3:TrackPointExtension>
            <ns3:hr>88</ns3:hr>
            <ns3:cad>50</ns3:cad>
          </ns3:TrackPointExtension>
        </extensions>
      </trkpt>
      <trkpt lat="28.97852710448205471038818359375" lon="82.8403591923415660858154296875">
        <ele>2179</ele>
        <time>2026-08-05T06:31:18.000Z</time>
        <extensions>
          <ns3:TrackPointExtension>
            <ns3:hr>88</ns3:hr>
            <ns3:cad>0</ns3:cad>
          </ns3:TrackPointExtension>
        </extensions>
      </trkpt>
      <trkpt lat="28.97852811031043529510498046875" lon="82.8403752855956554412841796875">
        <ele>2178.800048828125</ele>
        <time>2026-08-05T06:31:19.000Z</time>
        <extensions>
          <ns3:TrackPointExtension>
            <ns3:hr>88</ns3:hr>
            <ns3:cad>0</ns3:cad>
          </ns3:TrackPointExtension>
        </extensions>
      </trkpt>
      <trkpt lat="28.97853615693747997283935546875" lon="82.840394563972949981689453125">
        <ele>2180.60009765625</ele>
        <time>2026-08-05T06:31:21.000Z</time>
        <extensions>
          <ns3:TrackPointExtension>
            <ns3:hr>88</ns3:hr>
            <ns3:cad>0</ns3:cad>
          </ns3:TrackPointExtension>
        </extensions>
      </trkpt>
      <trkpt lat="28.97853984497487545013427734375" lon="82.84041694365441799163818359375">
        <ele>2180.800048828125</ele>
        <time>2026-08-05T06:31:23.000Z</time>
        <extensions>
          <ns3:TrackPointExtension>
            <ns3:hr>88</ns3:hr>
            <ns3:cad>0</ns3:cad>
          </ns3:TrackPointExtension>
        </extensions>
      </trkpt>
      <trkpt lat="28.9785417728126049041748046875" lon="82.840488441288471221923828125">
        <ele>2179.800048828125</ele>
        <time>2026-08-05T06:31:29.000Z</time>
        <extensions>
          <ns3:TrackPointExtension>
            <ns3:hr>87</ns3:hr>
            <ns3:cad>49</ns3:cad>
          </ns3:TrackPointExtension>
        </extensions>
      </trkpt>
      <trkpt lat="28.97853917442262172698974609375" lon="82.8405140899121761322021484375">
        <ele>2179.60009765625</ele>
        <time>2026-08-05T06:31:31.000Z</time>
        <extensions>
          <ns3:TrackPointExtension>
            <ns3:hr>87</ns3:hr>
            <ns3:cad>50</ns3:cad>
          </ns3:TrackPointExtension>
        </extensions>
      </trkpt>
      <trkpt lat="28.97853146307170391082763671875" lon="82.84058826975524425506591796875">
        <ele>2178.39990234375</ele>
        <time>2026-08-05T06:31:37.000Z</time>
        <extensions>
          <ns3:TrackPointExtension>
            <ns3:hr>86</ns3:hr>
            <ns3:cad>50</ns3:cad>
          </ns3:TrackPointExtension>
        </extensions>
      </trkpt>
      <trkpt lat="28.97852324880659580230712890625" lon="82.8406438417732715606689453125">
        <ele>2177.800048828125</ele>
        <time>2026-08-05T06:31:42.000Z</time>
        <extensions>
          <ns3:TrackPointExtension>
            <ns3:hr>89</ns3:hr>
            <ns3:cad>50</ns3:cad>
          </ns3:TrackPointExtension>
        </extensions>
      </trkpt>
      <trkpt lat="28.97851981222629547119140625" lon="82.84065306186676025390625">
        <ele>2177.800048828125</ele>
        <time>2026-08-05T06:31:43.000Z</time>
        <extensions>
          <ns3:TrackPointExtension>
            <ns3:hr>89</ns3:hr>
            <ns3:cad>51</ns3:cad>
          </ns3:TrackPointExtension>
        </extensions>
      </trkpt>
      <trkpt lat="28.97850531153380870819091796875" lon="82.84069262444972991943359375">
        <ele>2177.39990234375</ele>
        <time>2026-08-05T06:31:47.000Z</time>
        <extensions>
          <ns3:TrackPointExtension>
            <ns3:hr>88</ns3:hr>
            <ns3:cad>50</ns3:cad>
          </ns3:TrackPointExtension>
        </extensions>
      </trkpt>
      <trkpt lat="28.97850212641060352325439453125" lon="82.8407227993011474609375">
        <ele>2177.39990234375</ele>
        <time>2026-08-05T06:31:49.000Z</time>
        <extensions>
          <ns3:TrackPointExtension>
            <ns3:hr>88</ns3:hr>
            <ns3:cad>51</ns3:cad>
          </ns3:TrackPointExtension>
        </extensions>
      </trkpt>
      <trkpt lat="28.978475891053676605224609375" lon="82.84079144708812236785888671875">
        <ele>2177.199951171875</ele>
        <time>2026-08-05T06:31:55.000Z</time>
        <extensions>
          <ns3:TrackPointExtension>
            <ns3:hr>88</ns3:hr>
            <ns3:cad>49</ns3:cad>
          </ns3:TrackPointExtension>
        </extensions>
      </trkpt>
      <trkpt lat="28.97845569066703319549560546875" lon="82.8408287465572357177734375">
        <ele>2176.199951171875</ele>
        <time>2026-08-05T06:31:59.000Z</time>
        <extensions>
          <ns3:TrackPointExtension>
            <ns3:hr>88</ns3:hr>
            <ns3:cad>51</ns3:cad>
          </ns3:TrackPointExtension>
        </extensions>
      </trkpt>
      <trkpt lat="28.97844714112579822540283203125" lon="82.840837128460407257080078125">
        <ele>2176.199951171875</ele>
        <time>2026-08-05T06:32:00.000Z</time>
        <extensions>
          <ns3:TrackPointExtension>
            <ns3:hr>88</ns3:hr>
            <ns3:cad>51</ns3:cad>
          </ns3:TrackPointExtension>
        </extensions>
      </trkpt>
      <trkpt lat="28.97841612808406352996826171875" lon="82.8408850729465484619140625">
        <ele>2175.39990234375</ele>
        <time>2026-08-05T06:32:05.000Z</time>
        <extensions>
          <ns3:TrackPointExtension>
            <ns3:hr>88</ns3:hr>
            <ns3:cad>50</ns3:cad>
          </ns3:TrackPointExtension>
        </extensions>
      </trkpt>
      <trkpt lat="28.97841596044600009918212890625" lon="82.8408946283161640167236328125">
        <ele>2175.199951171875</ele>
        <time>2026-08-05T06:32:06.000Z</time>
        <extensions>
          <ns3:TrackPointExtension>
            <ns3:hr>88</ns3:hr>
            <ns3:cad>47</ns3:cad>
          </ns3:TrackPointExtension>
        </extensions>
      </trkpt>
      <trkpt lat="28.97843071259558200836181640625" lon="82.840926982462406158447265625">
        <ele>2174.39990234375</ele>
        <time>2026-08-05T06:32:10.000Z</time>
        <extensions>
          <ns3:TrackPointExtension>
            <ns3:hr>89</ns3:hr>
            <ns3:cad>50</ns3:cad>
          </ns3:TrackPointExtension>
        </extensions>
      </trkpt>
      <trkpt lat="28.9784371666610240936279296875" lon="82.8409348614513874053955078125">
        <ele>2174.199951171875</ele>
        <time>2026-08-05T06:32:11.000Z</time>
        <extensions>
          <ns3:TrackPointExtension>
            <ns3:hr>88</ns3:hr>
            <ns3:cad>49</ns3:cad>
          </ns3:TrackPointExtension>
        </extensions>
      </trkpt>
      <trkpt lat="28.978445716202259063720703125" lon="82.84094600938260555267333984375">
        <ele>2174.199951171875</ele>
        <time>2026-08-05T06:32:12.000Z</time>
        <extensions>
          <ns3:TrackPointExtension>
            <ns3:hr>88</ns3:hr>
            <ns3:cad>48</ns3:cad>
          </ns3:TrackPointExtension>
        </extensions>
      </trkpt>
      <trkpt lat="28.9784700237214565277099609375" lon="82.84095254726707935333251953125">
        <ele>2173.800048828125</ele>
        <time>2026-08-05T06:32:15.000Z</time>
        <extensions>
          <ns3:TrackPointExtension>
            <ns3:hr>89</ns3:hr>
            <ns3:cad>48</ns3:cad>
          </ns3:TrackPointExtension>
        </extensions>
      </trkpt>
      <trkpt lat="28.97848351858556270599365234375" lon="82.84094475209712982177734375">
        <ele>2173.800048828125</ele>
        <time>2026-08-05T06:32:16.000Z</time>
        <extensions>
          <ns3:TrackPointExtension>
            <ns3:hr>89</ns3:hr>
            <ns3:cad>47</ns3:cad>
          </ns3:TrackPointExtension>
        </extensions>
      </trkpt>
      <trkpt lat="28.9785142801702022552490234375" lon="82.84091734327375888824462890625">
        <ele>2173.60009765625</ele>
        <time>2026-08-05T06:32:20.000Z</time>
        <extensions>
          <ns3:TrackPointExtension>
            <ns3:hr>88</ns3:hr>
            <ns3:cad>48</ns3:cad>
          </ns3:TrackPointExtension>
        </extensions>
      </trkpt>
      <trkpt lat="28.978514112532138824462890625" lon="82.8409033454954624176025390625">
        <ele>2173.60009765625</ele>
        <time>2026-08-05T06:32:21.000Z</time>
        <extensions>
          <ns3:TrackPointExtension>
            <ns3:hr>88</ns3:hr>
            <ns3:cad>48</ns3:cad>
          </ns3:TrackPointExtension>
        </extensions>
      </trkpt>
      <trkpt lat="28.97853179834783077239990234375" lon="82.840867303311824798583984375">
        <ele>2173</ele>
        <time>2026-08-05T06:32:25.000Z</time>
        <extensions>
          <ns3:TrackPointExtension>
            <ns3:hr>88</ns3:hr>
            <ns3:cad>48</ns3:cad>
          </ns3:TrackPointExtension>
        </extensions>
      </trkpt>
      <trkpt lat="28.97853858768939971923828125" lon="82.84085313789546489715576171875">
        <ele>2172.60009765625</ele>
        <time>2026-08-05T06:32:27.000Z</time>
        <extensions>
          <ns3:TrackPointExtension>
            <ns3:hr>85</ns3:hr>
            <ns3:cad>49</ns3:cad>
          </ns3:TrackPointExtension>
        </extensions>
      </trkpt>
      <trkpt lat="28.97855124436318874359130859375" lon="82.84083545207977294921875">
        <ele>2172.199951171875</ele>
        <time>2026-08-05T06:32:29.000Z</time>
        <extensions>
          <ns3:TrackPointExtension>
            <ns3:hr>82</ns3:hr>
            <ns3:cad>46</ns3:cad>
          </ns3:TrackPointExtension>
        </extensions>
      </trkpt>
      <trkpt lat="28.97857521660625934600830078125" lon="82.840814329683780670166015625">
        <ele>2172</ele>
        <time>2026-08-05T06:32:33.000Z</time>
        <extensions>
          <ns3:TrackPointExtension>
            <ns3:hr>80</ns3:hr>
            <ns3:cad>42</ns3:cad>
          </ns3:TrackPointExtension>
        </extensions>
      </trkpt>
      <trkpt lat="28.97860438562929630279541015625" lon="82.84080586396157741546630859375">
        <ele>2171.60009765625</ele>
        <time>2026-08-05T06:32:37.000Z</time>
        <extensions>
          <ns3:TrackPointExtension>
            <ns3:hr>79</ns3:hr>
            <ns3:cad>44</ns3:cad>
          </ns3:TrackPointExtension>
        </extensions>
      </trkpt>
      <trkpt lat="28.978611342608928680419921875" lon="82.84081608988344669342041015625">
        <ele>2171.39990234375</ele>
        <time>2026-08-05T06:32:38.000Z</time>
        <extensions>
          <ns3:TrackPointExtension>
            <ns3:hr>78</ns3:hr>
            <ns3:cad>44</ns3:cad>
          </ns3:TrackPointExtension>
        </extensions>
      </trkpt>
      <trkpt lat="28.97861461155116558074951171875" lon="82.84083385951817035675048828125">
        <ele>2171</ele>
        <time>2026-08-05T06:32:40.000Z</time>
        <extensions>
          <ns3:TrackPointExtension>
            <ns3:hr>79</ns3:hr>
            <ns3:cad>48</ns3:cad>
          </ns3:TrackPointExtension>
        </extensions>
      </trkpt>
      <trkpt lat="28.9786128513514995574951171875" lon="82.8408647887408733367919921875">
        <ele>2169.800048828125</ele>
        <time>2026-08-05T06:32:43.000Z</time>
        <extensions>
          <ns3:TrackPointExtension>
            <ns3:hr>79</ns3:hr>
            <ns3:cad>45</ns3:cad>
          </ns3:TrackPointExtension>
        </extensions>
      </trkpt>
      <trkpt lat="28.97861243225634098052978515625" lon="82.84087241627275943756103515625">
        <ele>2169.60009765625</ele>
        <time>2026-08-05T06:32:44.000Z</time>
        <extensions>
          <ns3:TrackPointExtension>
            <ns3:hr>80</ns3:hr>
            <ns3:cad>50</ns3:cad>
          </ns3:TrackPointExtension>
        </extensions>
      </trkpt>
      <trkpt lat="28.97860991768538951873779296875" lon="82.8409023396670818328857421875">
        <ele>2168.800048828125</ele>
        <time>2026-08-05T06:32:48.000Z</time>
        <extensions>
          <ns3:TrackPointExtension>
            <ns3:hr>80</ns3:hr>
            <ns3:cad>50</ns3:cad>
          </ns3:TrackPointExtension>
        </extensions>
      </trkpt>
      <trkpt lat="28.97860555909574031829833984375" lon="82.840928994119167327880859375">
        <ele>2168</ele>
        <time>2026-08-05T06:32:51.000Z</time>
        <extensions>
          <ns3:TrackPointExtension>
            <ns3:hr>83</ns3:hr>
            <ns3:cad>50</ns3:cad>
          </ns3:TrackPointExtension>
        </extensions>
      </trkpt>
      <trkpt lat="28.97860455326735973358154296875" lon="82.8409388847649097442626953125">
        <ele>2167.800048828125</ele>
        <time>2026-08-05T06:32:52.000Z</time>
        <extensions>
          <ns3:TrackPointExtension>
            <ns3:hr>84</ns3:hr>
            <ns3:cad>50</ns3:cad>
          </ns3:TrackPointExtension>
        </extensions>
      </trkpt>
      <trkpt lat="28.9785957522690296173095703125" lon="82.84099110402166843414306640625">
        <ele>2166.800048828125</ele>
        <time>2026-08-05T06:32:58.000Z</time>
        <extensions>
          <ns3:TrackPointExtension>
            <ns3:hr>84</ns3:hr>
            <ns3:cad>48</ns3:cad>
          </ns3:TrackPointExtension>
        </extensions>
      </trkpt>
      <trkpt lat="28.9785980992019176483154296875" lon="82.84100485034286975860595703125">
        <ele>2166.39990234375</ele>
        <time>2026-08-05T06:33:00.000Z</time>
        <extensions>
          <ns3:TrackPointExtension>
            <ns3:hr>82</ns3:hr>
            <ns3:cad>49</ns3:cad>
          </ns3:TrackPointExtension>
        </extensions>
      </trkpt>
      <trkpt lat="28.97859214805066585540771484375" lon="82.84102060832083225250244140625">
        <ele>2166</ele>
        <time>2026-08-05T06:33:02.000Z</time>
        <extensions>
          <ns3:TrackPointExtension>
            <ns3:hr>79</ns3:hr>
            <ns3:cad>47</ns3:cad>
          </ns3:TrackPointExtension>
        </extensions>
      </trkpt>
      <trkpt lat="28.97859047167003154754638671875" lon="82.841028235852718353271484375">
        <ele>2165.800048828125</ele>
        <time>2026-08-05T06:33:03.000Z</time>
        <extensions>
          <ns3:TrackPointExtension>
            <ns3:hr>79</ns3:hr>
            <ns3:cad>47</ns3:cad>
          </ns3:TrackPointExtension>
        </extensions>
      </trkpt>
      <trkpt lat="28.97859969176352024078369140625" lon="82.84104877151548862457275390625">
        <ele>2165.199951171875</ele>
        <time>2026-08-05T06:33:06.000Z</time>
        <extensions>
          <ns3:TrackPointExtension>
            <ns3:hr>77</ns3:hr>
            <ns3:cad>47</ns3:cad>
          </ns3:TrackPointExtension>
        </extensions>
      </trkpt>
      <trkpt lat="28.97860572673380374908447265625" lon="82.841061092913150787353515625">
        <ele>2164.60009765625</ele>
        <time>2026-08-05T06:33:08.000Z</time>
        <extensions>
          <ns3:TrackPointExtension>
            <ns3:hr>77</ns3:hr>
            <ns3:cad>46</ns3:cad>
          </ns3:TrackPointExtension>
        </extensions>
      </trkpt>
      <trkpt lat="28.97862014360725879669189453125" lon="82.84108330495655536651611328125">
        <ele>2163.39990234375</ele>
        <time>2026-08-05T06:33:12.000Z</time>
        <extensions>
          <ns3:TrackPointExtension>
            <ns3:hr>77</ns3:hr>
            <ns3:cad>46</ns3:cad>
          </ns3:TrackPointExtension>
        </extensions>
      </trkpt>
      <trkpt lat="28.97862399928271770477294921875" lon="82.84108347259461879730224609375">
        <ele>2163</ele>
        <time>2026-08-05T06:33:13.000Z</time>
        <extensions>
          <ns3:TrackPointExtension>
            <ns3:hr>76</ns3:hr>
            <ns3:cad>47</ns3:cad>
          </ns3:TrackPointExtension>
        </extensions>
      </trkpt>
      <trkpt lat="28.97865115664899349212646484375" lon="82.84112043678760528564453125">
        <ele>2162.39990234375</ele>
        <time>2026-08-05T06:33:18.000Z</time>
        <extensions>
          <ns3:TrackPointExtension>
            <ns3:hr>77</ns3:hr>
            <ns3:cad>47</ns3:cad>
          </ns3:TrackPointExtension>
        </extensions>
      </trkpt>
      <trkpt lat="28.97864528931677341461181640625" lon="82.841122783720493316650390625">
        <ele>2162.39990234375</ele>
        <time>2026-08-05T06:33:19.000Z</time>
        <extensions>
          <ns3:TrackPointExtension>
            <ns3:hr>77</ns3:hr>
            <ns3:cad>44</ns3:cad>
          </ns3:TrackPointExtension>
        </extensions>
      </trkpt>
      <trkpt lat="28.97863724268972873687744140625" lon="82.84114717505872249603271484375">
        <ele>2161.60009765625</ele>
        <time>2026-08-05T06:33:23.000Z</time>
        <extensions>
          <ns3:TrackPointExtension>
            <ns3:hr>78</ns3:hr>
            <ns3:cad>45</ns3:cad>
          </ns3:TrackPointExtension>
        </extensions>
      </trkpt>
      <trkpt lat="28.97863774560391902923583984375" lon="82.84114717505872249603271484375">
        <ele>2161.199951171875</ele>
        <time>2026-08-05T06:33:24.000Z</time>
        <extensions>
          <ns3:TrackPointExtension>
            <ns3:hr>79</ns3:hr>
            <ns3:cad>45</ns3:cad>
          </ns3:TrackPointExtension>
        </extensions>
      </trkpt>
      <trkpt lat="28.978652246296405792236328125" lon="82.84117550589144229888916015625">
        <ele>2160.199951171875</ele>
        <time>2026-08-05T06:33:28.000Z</time>
        <extensions>
          <ns3:TrackPointExtension>
            <ns3:hr>81</ns3:hr>
            <ns3:cad>55</ns3:cad>
          </ns3:TrackPointExtension>
        </extensions>
      </trkpt>
      <trkpt lat="28.9786520786583423614501953125" lon="82.84118522889912128448486328125">
        <ele>2160</ele>
        <time>2026-08-05T06:33:29.000Z</time>
        <extensions>
          <ns3:TrackPointExtension>
            <ns3:hr>79</ns3:hr>
            <ns3:cad>55</ns3:cad>
          </ns3:TrackPointExtension>
        </extensions>
      </trkpt>
      <trkpt lat="28.97863271646201610565185546875" lon="82.8412134759128093719482421875">
        <ele>2159.199951171875</ele>
        <time>2026-08-05T06:33:32.000Z</time>
        <extensions>
          <ns3:TrackPointExtension>
            <ns3:hr>79</ns3:hr>
            <ns3:cad>50</ns3:cad>
          </ns3:TrackPointExtension>
        </extensions>
      </trkpt>
      <trkpt lat="28.97862265817821025848388671875" lon="82.841230742633342742919921875">
        <ele>2158.39990234375</ele>
        <time>2026-08-05T06:33:34.000Z</time>
        <extensions>
          <ns3:TrackPointExtension>
            <ns3:hr>81</ns3:hr>
            <ns3:cad>50</ns3:cad>
          </ns3:TrackPointExtension>
        </extensions>
      </trkpt>
      <trkpt lat="28.97862575948238372802734375" lon="82.84124054946005344390869140625">
        <ele>2158</ele>
        <time>2026-08-05T06:33:35.000Z</time>
        <extensions>
          <ns3:TrackPointExtension>
            <ns3:hr>81</ns3:hr>
            <ns3:cad>49</ns3:cad>
          </ns3:TrackPointExtension>
        </extensions>
      </trkpt>
      <trkpt lat="28.97863246500492095947265625" lon="82.8412651084363460540771484375">
        <ele>2157</ele>
        <time>2026-08-05T06:33:38.000Z</time>
        <extensions>
          <ns3:TrackPointExtension>
            <ns3:hr>79</ns3:hr>
            <ns3:cad>49</ns3:cad>
          </ns3:TrackPointExtension>
        </extensions>
      </trkpt>
      <trkpt lat="28.978642188012599945068359375" lon="82.8412818722426891326904296875">
        <ele>2156.800048828125</ele>
        <time>2026-08-05T06:33:40.000Z</time>
        <extensions>
          <ns3:TrackPointExtension>
            <ns3:hr>78</ns3:hr>
            <ns3:cad>0</ns3:cad>
          </ns3:TrackPointExtension>
        </extensions>
      </trkpt>
      <trkpt lat="28.9786215685307979583740234375" lon="82.84133291803300380706787109375">
        <ele>2157</ele>
        <time>2026-08-05T06:33:46.000Z</time>
        <extensions>
          <ns3:TrackPointExtension>
            <ns3:hr>81</ns3:hr>
            <ns3:cad>49</ns3:cad>
          </ns3:TrackPointExtension>
        </extensions>
      </trkpt>
      <trkpt lat="28.97862383164465427398681640625" lon="82.84134482033550739288330078125">
        <ele>2156.800048828125</ele>
        <time>2026-08-05T06:33:47.000Z</time>
        <extensions>
          <ns3:TrackPointExtension>
            <ns3:hr>81</ns3:hr>
            <ns3:cad>49</ns3:cad>
          </ns3:TrackPointExtension>
        </extensions>
      </trkpt>
      <trkpt lat="28.9786172099411487579345703125" lon="82.84137382172048091888427734375">
        <ele>2156</ele>
        <time>2026-08-05T06:33:50.000Z</time>
        <extensions>
          <ns3:TrackPointExtension>
            <ns3:hr>79</ns3:hr>
            <ns3:cad>46</ns3:cad>
          </ns3:TrackPointExtension>
        </extensions>
      </trkpt>
      <trkpt lat="28.97861612029373645782470703125" lon="82.84139360301196575164794921875">
        <ele>2155.60009765625</ele>
        <time>2026-08-05T06:33:52.000Z</time>
        <extensions>
          <ns3:TrackPointExtension>
            <ns3:hr>79</ns3:hr>
            <ns3:cad>48</ns3:cad>
          </ns3:TrackPointExtension>
        </extensions>
      </trkpt>
      <trkpt lat="28.9786170423030853271484375" lon="82.8414314053952693939208984375">
        <ele>2154.800048828125</ele>
        <time>2026-08-05T06:33:56.000Z</time>
        <extensions>
          <ns3:TrackPointExtension>
            <ns3:hr>79</ns3:hr>
            <ns3:cad>47</ns3:cad>
          </ns3:TrackPointExtension>
        </extensions>
      </trkpt>
      <trkpt lat="28.97861595265567302703857421875" lon="82.84144976176321506500244140625">
        <ele>2154.60009765625</ele>
        <time>2026-08-05T06:33:58.000Z</time>
        <extensions>
          <ns3:TrackPointExtension>
            <ns3:hr>79</ns3:hr>
            <ns3:cad>47</ns3:cad>
          </ns3:TrackPointExtension>
        </extensions>
      </trkpt>
      <trkpt lat="28.9786195568740367889404296875" lon="82.8414964489638805389404296875">
        <ele>2153.800048828125</ele>
        <time>2026-08-05T06:34:03.000Z</time>
        <extensions>
          <ns3:TrackPointExtension>
            <ns3:hr>82</ns3:hr>
            <ns3:cad>50</ns3:cad>
          </ns3:TrackPointExtension>
        </extensions>
      </trkpt>
      <trkpt lat="28.97861612029373645782470703125" lon="82.8415477462112903594970703125">
        <ele>2152.60009765625</ele>
        <time>2026-08-05T06:34:10.000Z</time>
        <extensions>
          <ns3:TrackPointExtension>
            <ns3:hr>81</ns3:hr>
            <ns3:cad>48</ns3:cad>
          </ns3:TrackPointExtension>
        </extensions>
      </trkpt>
      <trkpt lat="28.9786175452172756195068359375" lon="82.841587476432323455810546875">
        <ele>2151.60009765625</ele>
        <time>2026-08-05T06:34:14.000Z</time>
        <extensions>
          <ns3:TrackPointExtension>
            <ns3:hr>79</ns3:hr>
            <ns3:cad>46</ns3:cad>
          </ns3:TrackPointExtension>
        </extensions>
      </trkpt>
      <trkpt lat="28.97860975004732608795166015625" lon="82.84158605150878429412841796875">
        <ele>2151.60009765625</ele>
        <time>2026-08-05T06:34:15.000Z</time>
        <extensions>
          <ns3:TrackPointExtension>
            <ns3:hr>79</ns3:hr>
            <ns3:cad>46</ns3:cad>
          </ns3:TrackPointExtension>
        </extensions>
      </trkpt>
      <trkpt lat="28.9786037988960742950439453125" lon="82.8416107781231403350830078125">
        <ele>2150.800048828125</ele>
        <time>2026-08-05T06:34:21.000Z</time>
        <extensions>
          <ns3:TrackPointExtension>
            <ns3:hr>79</ns3:hr>
            <ns3:cad>47</ns3:cad>
          </ns3:TrackPointExtension>
        </extensions>
      </trkpt>
      <trkpt lat="28.978607989847660064697265625" lon="82.84161019138991832733154296875">
        <ele>2150.60009765625</ele>
        <time>2026-08-05T06:34:22.000Z</time>
        <extensions>
          <ns3:TrackPointExtension>
            <ns3:hr>79</ns3:hr>
            <ns3:cad>47</ns3:cad>
          </ns3:TrackPointExtension>
        </extensions>
      </trkpt>
      <trkpt lat="28.97861695848405361175537109375" lon="82.84163181670010089874267578125">
        <ele>2150</ele>
        <time>2026-08-05T06:34:26.000Z</time>
        <extensions>
          <ns3:TrackPointExtension>
            <ns3:hr>81</ns3:hr>
            <ns3:cad>45</ns3:cad>
          </ns3:TrackPointExtension>
        </extensions>
      </trkpt>
      <trkpt lat="28.97861779667437076568603515625" lon="82.8416476584970951080322265625">
        <ele>2149.60009765625</ele>
        <time>2026-08-05T06:34:28.000Z</time>
        <extensions>
          <ns3:TrackPointExtension>
            <ns3:hr>82</ns3:hr>
            <ns3:cad>45</ns3:cad>
          </ns3:TrackPointExtension>
        </extensions>
      </trkpt>
      <trkpt lat="28.97861637175083160400390625" lon="82.84167967736721038818359375">
        <ele>2148.60009765625</ele>
        <time>2026-08-05T06:34:31.000Z</time>
        <extensions>
          <ns3:TrackPointExtension>
            <ns3:hr>83</ns3:hr>
            <ns3:cad>44</ns3:cad>
          </ns3:TrackPointExtension>
        </extensions>
      </trkpt>
      <trkpt lat="28.97861897014081478118896484375" lon="82.84167791716754436492919921875">
        <ele>2148.39990234375</ele>
        <time>2026-08-05T06:34:32.000Z</time>
        <extensions>
          <ns3:TrackPointExtension>
            <ns3:hr>84</ns3:hr>
            <ns3:cad>44</ns3:cad>
          </ns3:TrackPointExtension>
        </extensions>
      </trkpt>
      <trkpt lat="28.9786252565681934356689453125" lon="82.841700799763202667236328125">
        <ele>2147.60009765625</ele>
        <time>2026-08-05T06:34:35.000Z</time>
        <extensions>
          <ns3:TrackPointExtension>
            <ns3:hr>85</ns3:hr>
            <ns3:cad>48</ns3:cad>
          </ns3:TrackPointExtension>
        </extensions>
      </trkpt>
      <trkpt lat="28.97862441837787628173828125" lon="82.8417187370359897613525390625">
        <ele>2147.199951171875</ele>
        <time>2026-08-05T06:34:37.000Z</time>
        <extensions>
          <ns3:TrackPointExtension>
            <ns3:hr>84</ns3:hr>
            <ns3:cad>48</ns3:cad>
          </ns3:TrackPointExtension>
        </extensions>
      </trkpt>
      <trkpt lat="28.97860723547637462615966796875" lon="82.84174740314483642578125">
        <ele>2146.199951171875</ele>
        <time>2026-08-05T06:34:41.000Z</time>
        <extensions>
          <ns3:TrackPointExtension>
            <ns3:hr>82</ns3:hr>
            <ns3:cad>45</ns3:cad>
          </ns3:TrackPointExtension>
        </extensions>
      </trkpt>
      <trkpt lat="28.97860539145767688751220703125" lon="82.84176056273281574249267578125">
        <ele>2146</ele>
        <time>2026-08-05T06:34:42.000Z</time>
        <extensions>
          <ns3:TrackPointExtension>
            <ns3:hr>81</ns3:hr>
            <ns3:cad>46</ns3:cad>
          </ns3:TrackPointExtension>
        </extensions>
      </trkpt>
      <trkpt lat="28.97860296070575714111328125" lon="82.84176609478890895843505859375">
        <ele>2145.800048828125</ele>
        <time>2026-08-05T06:34:43.000Z</time>
        <extensions>
          <ns3:TrackPointExtension>
            <ns3:hr>77</ns3:hr>
            <ns3:cad>46</ns3:cad>
          </ns3:TrackPointExtension>
        </extensions>
      </trkpt>
      <trkpt lat="28.97858820855617523193359375" lon="82.84179274924099445343017578125">
        <ele>2145.39990234375</ele>
        <time>2026-08-05T06:34:46.000Z</time>
        <extensions>
          <ns3:TrackPointExtension>
            <ns3:hr>75</ns3:hr>
            <ns3:cad>45</ns3:cad>
          </ns3:TrackPointExtension>
        </extensions>
      </trkpt>
      <trkpt lat="28.978581838309764862060546875" lon="82.84181152470409870147705078125">
        <ele>2145</ele>
        <time>2026-08-05T06:34:48.000Z</time>
        <extensions>
          <ns3:TrackPointExtension>
            <ns3:hr>77</ns3:hr>
            <ns3:cad>45</ns3:cad>
          </ns3:TrackPointExtension>
        </extensions>
      </trkpt>
      <trkpt lat="28.97857454605400562286376953125" lon="82.841849662363529205322265625">
        <ele>2144</ele>
        <time>2026-08-05T06:34:52.000Z</time>
        <extensions>
          <ns3:TrackPointExtension>
            <ns3:hr>79</ns3:hr>
            <ns3:cad>47</ns3:cad>
          </ns3:TrackPointExtension>
        </extensions>
      </trkpt>
      <trkpt lat="28.97857035510241985321044921875" lon="82.84185695461928844451904296875">
        <ele>2143.800048828125</ele>
        <time>2026-08-05T06:34:53.000Z</time>
        <extensions>
          <ns3:TrackPointExtension>
            <ns3:hr>79</ns3:hr>
            <ns3:cad>48</ns3:cad>
          </ns3:TrackPointExtension>
        </extensions>
      </trkpt>
      <trkpt lat="28.978550992906093597412109375" lon="82.84190003760159015655517578125">
        <ele>2142.800048828125</ele>
        <time>2026-08-05T06:34:58.000Z</time>
        <extensions>
          <ns3:TrackPointExtension>
            <ns3:hr>80</ns3:hr>
            <ns3:cad>48</ns3:cad>
          </ns3:TrackPointExtension>
        </extensions>
      </trkpt>
      <trkpt lat="28.97852777503430843353271484375" lon="82.84195435233414173126220703125">
        <ele>2142.800048828125</ele>
        <time>2026-08-05T06:35:03.000Z</time>
        <extensions>
          <ns3:TrackPointExtension>
            <ns3:hr>81</ns3:hr>
            <ns3:cad>47</ns3:cad>
          </ns3:TrackPointExtension>
        </extensions>
      </trkpt>
      <trkpt lat="28.97849592380225658416748046875" lon="82.84200313501060009002685546875">
        <ele>2141.800048828125</ele>
        <time>2026-08-05T06:35:09.000Z</time>
        <extensions>
          <ns3:TrackPointExtension>
            <ns3:hr>78</ns3:hr>
            <ns3:cad>47</ns3:cad>
          </ns3:TrackPointExtension>
        </extensions>
      </trkpt>
      <trkpt lat="28.9784914813935756683349609375" lon="82.84200481139123439788818359375">
        <ele>2141.60009765625</ele>
        <time>2026-08-05T06:35:10.000Z</time>
        <extensions>
          <ns3:TrackPointExtension>
            <ns3:hr>78</ns3:hr>
            <ns3:cad>46</ns3:cad>
          </ns3:TrackPointExtension>
        </extensions>
      </trkpt>
      <trkpt lat="28.9784881286323070526123046875" lon="82.8420169651508331298828125">
        <ele>2141.199951171875</ele>
        <time>2026-08-05T06:35:13.000Z</time>
        <extensions>
          <ns3:TrackPointExtension>
            <ns3:hr>77</ns3:hr>
            <ns3:cad>48</ns3:cad>
          </ns3:TrackPointExtension>
        </extensions>
      </trkpt>
      <trkpt lat="28.97848226130008697509765625" lon="82.842034734785556793212890625">
        <ele>2141</ele>
        <time>2026-08-05T06:35:15.000Z</time>
        <extensions>
          <ns3:TrackPointExtension>
            <ns3:hr>78</ns3:hr>
            <ns3:cad>0</ns3:cad>
          </ns3:TrackPointExtension>
        </extensions>
      </trkpt>
      <trkpt lat="28.97848117165267467498779296875" lon="82.84204370342195034027099609375">
        <ele>2140.800048828125</ele>
        <time>2026-08-05T06:35:16.000Z</time>
        <extensions>
          <ns3:TrackPointExtension>
            <ns3:hr>78</ns3:hr>
            <ns3:cad>0</ns3:cad>
          </ns3:TrackPointExtension>
        </extensions>
      </trkpt>
      <trkpt lat="28.97847463376820087432861328125" lon="82.8420813381671905517578125">
        <ele>2139.800048828125</ele>
        <time>2026-08-05T06:35:21.000Z</time>
        <extensions>
          <ns3:TrackPointExtension>
            <ns3:hr>79</ns3:hr>
            <ns3:cad>54</ns3:cad>
          </ns3:TrackPointExtension>
        </extensions>
      </trkpt>
      <trkpt lat="28.97847496904432773590087890625" lon="82.842086367309093475341796875">
        <ele>2139.39990234375</ele>
        <time>2026-08-05T06:35:22.000Z</time>
        <extensions>
          <ns3:TrackPointExtension>
            <ns3:hr>79</ns3:hr>
            <ns3:cad>49</ns3:cad>
          </ns3:TrackPointExtension>
        </extensions>
      </trkpt>
      <trkpt lat="28.97846809588372707366943359375" lon="82.84211344085633754730224609375">
        <ele>2138.39990234375</ele>
        <time>2026-08-05T06:35:26.000Z</time>
        <extensions>
          <ns3:TrackPointExtension>
            <ns3:hr>80</ns3:hr>
            <ns3:cad>47</ns3:cad>
          </ns3:TrackPointExtension>
        </extensions>
      </trkpt>
      <trkpt lat="28.9784670062363147735595703125" lon="82.84213305450975894927978515625">
        <ele>2138.199951171875</ele>
        <time>2026-08-05T06:35:28.000Z</time>
        <extensions>
          <ns3:TrackPointExtension>
            <ns3:hr>79</ns3:hr>
            <ns3:cad>47</ns3:cad>
          </ns3:TrackPointExtension>
        </extensions>
      </trkpt>
      <trkpt lat="28.97846960462629795074462890625" lon="82.84214981831610202789306640625">
        <ele>2138</ele>
        <time>2026-08-05T06:35:30.000Z</time>
        <extensions>
          <ns3:TrackPointExtension>
            <ns3:hr>75</ns3:hr>
            <ns3:cad>47</ns3:cad>
          </ns3:TrackPointExtension>
        </extensions>
      </trkpt>
      <trkpt lat="28.97846214473247528076171875" lon="82.84217186272144317626953125">
        <ele>2137.199951171875</ele>
        <time>2026-08-05T06:35:33.000Z</time>
        <extensions>
          <ns3:TrackPointExtension>
            <ns3:hr>74</ns3:hr>
            <ns3:cad>0</ns3:cad>
          </ns3:TrackPointExtension>
        </extensions>
      </trkpt>
      <trkpt lat="28.9784614741802215576171875" lon="82.84218301065266132354736328125">
        <ele>2136.800048828125</ele>
        <time>2026-08-05T06:35:34.000Z</time>
        <extensions>
          <ns3:TrackPointExtension>
            <ns3:hr>74</ns3:hr>
            <ns3:cad>0</ns3:cad>
          </ns3:TrackPointExtension>
        </extensions>
      </trkpt>
      <trkpt lat="28.97846021689474582672119140625" lon="82.8422330506145954132080078125">
        <ele>2136.199951171875</ele>
        <time>2026-08-05T06:35:40.000Z</time>
        <extensions>
          <ns3:TrackPointExtension>
            <ns3:hr>76</ns3:hr>
            <ns3:cad>45</ns3:cad>
          </ns3:TrackPointExtension>
        </extensions>
      </trkpt>
      <trkpt lat="28.97845434956252574920654296875" lon="82.8422692604362964630126953125">
        <ele>2136.199951171875</ele>
        <time>2026-08-05T06:35:44.000Z</time>
        <extensions>
          <ns3:TrackPointExtension>
            <ns3:hr>77</ns3:hr>
            <ns3:cad>46</ns3:cad>
          </ns3:TrackPointExtension>
        </extensions>
      </trkpt>
      <trkpt lat="28.9784478954970836639404296875" lon="82.84228376112878322601318359375">
        <ele>2136</ele>
        <time>2026-08-05T06:35:46.000Z</time>
        <extensions>
          <ns3:TrackPointExtension>
            <ns3:hr>76</ns3:hr>
            <ns3:cad>46</ns3:cad>
          </ns3:TrackPointExtension>
        </extensions>
      </trkpt>
      <trkpt lat="28.9784418605268001556396484375" lon="82.84231309778988361358642578125">
        <ele>2135.199951171875</ele>
        <time>2026-08-05T06:35:49.000Z</time>
        <extensions>
          <ns3:TrackPointExtension>
            <ns3:hr>79</ns3:hr>
            <ns3:cad>43</ns3:cad>
          </ns3:TrackPointExtension>
        </extensions>
      </trkpt>
      <trkpt lat="28.97844026796519756317138671875" lon="82.84232080914080142974853515625">
        <ele>2135</ele>
        <time>2026-08-05T06:35:50.000Z</time>
        <extensions>
          <ns3:TrackPointExtension>
            <ns3:hr>79</ns3:hr>
            <ns3:cad>43</ns3:cad>
          </ns3:TrackPointExtension>
        </extensions>
      </trkpt>
      <trkpt lat="28.978439681231975555419921875" lon="82.84234209917485713958740234375">
        <ele>2134.39990234375</ele>
        <time>2026-08-05T06:35:52.000Z</time>
        <extensions>
          <ns3:TrackPointExtension>
            <ns3:hr>80</ns3:hr>
            <ns3:cad>46</ns3:cad>
          </ns3:TrackPointExtension>
        </extensions>
      </trkpt>
      <trkpt lat="28.9784281142055988311767578125" lon="82.84236841835081577301025390625">
        <ele>2133.800048828125</ele>
        <time>2026-08-05T06:35:55.000Z</time>
        <extensions>
          <ns3:TrackPointExtension>
            <ns3:hr>80</ns3:hr>
            <ns3:cad>48</ns3:cad>
          </ns3:TrackPointExtension>
        </extensions>
      </trkpt>
      <trkpt lat="28.97842283360660076141357421875" lon="82.84240295179188251495361328125">
        <ele>2133</ele>
        <time>2026-08-05T06:35:58.000Z</time>
        <extensions>
          <ns3:TrackPointExtension>
            <ns3:hr>80</ns3:hr>
            <ns3:cad>50</ns3:cad>
          </ns3:TrackPointExtension>
        </extensions>
      </trkpt>
      <trkpt lat="28.97842115722596645355224609375" lon="82.84241870976984500885009765625">
        <ele>2132.60009765625</ele>
        <time>2026-08-05T06:36:00.000Z</time>
        <extensions>
          <ns3:TrackPointExtension>
            <ns3:hr>79</ns3:hr>
            <ns3:cad>50</ns3:cad>
          </ns3:TrackPointExtension>
        </extensions>
      </trkpt>
      <trkpt lat="28.97841914556920528411865234375" lon="82.84245005808770656585693359375">
        <ele>2132</ele>
        <time>2026-08-05T06:36:03.000Z</time>
        <extensions>
          <ns3:TrackPointExtension>
            <ns3:hr>79</ns3:hr>
            <ns3:cad>46</ns3:cad>
          </ns3:TrackPointExtension>
        </extensions>
      </trkpt>
      <trkpt lat="28.9784193970263004302978515625" lon="82.84249062649905681610107421875">
        <ele>2131.60009765625</ele>
        <time>2026-08-05T06:36:06.000Z</time>
        <extensions>
          <ns3:TrackPointExtension>
            <ns3:hr>78</ns3:hr>
            <ns3:cad>46</ns3:cad>
          </ns3:TrackPointExtension>
        </extensions>
      </trkpt>
      <trkpt lat="28.9784190617501735687255859375" lon="82.84249934367835521697998046875">
        <ele>2131.39990234375</ele>
        <time>2026-08-05T06:36:07.000Z</time>
        <extensions>
          <ns3:TrackPointExtension>
            <ns3:hr>78</ns3:hr>
            <ns3:cad>46</ns3:cad>
          </ns3:TrackPointExtension>
        </extensions>
      </trkpt>
      <trkpt lat="28.9784237556159496307373046875" lon="82.84254678525030612945556640625">
        <ele>2131.199951171875</ele>
        <time>2026-08-05T06:36:12.000Z</time>
        <extensions>
          <ns3:TrackPointExtension>
            <ns3:hr>79</ns3:hr>
            <ns3:cad>45</ns3:cad>
          </ns3:TrackPointExtension>
        </extensions>
      </trkpt>
      <trkpt lat="28.97842249833047389984130859375" lon="82.84259070642292499542236328125">
        <ele>2130.60009765625</ele>
        <time>2026-08-05T06:36:17.000Z</time>
        <extensions>
          <ns3:TrackPointExtension>
            <ns3:hr>80</ns3:hr>
            <ns3:cad>49</ns3:cad>
          </ns3:TrackPointExtension>
        </extensions>
      </trkpt>
      <trkpt lat="28.97842417471110820770263671875" lon="82.84261015243828296661376953125">
        <ele>2130.39990234375</ele>
        <time>2026-08-05T06:36:19.000Z</time>
        <extensions>
          <ns3:TrackPointExtension>
            <ns3:hr>79</ns3:hr>
            <ns3:cad>48</ns3:cad>
          </ns3:TrackPointExtension>
        </extensions>
      </trkpt>
      <trkpt lat="28.9784237556159496307373046875" lon="82.8426286764442920684814453125">
        <ele>2130.199951171875</ele>
        <time>2026-08-05T06:36:21.000Z</time>
        <extensions>
          <ns3:TrackPointExtension>
            <ns3:hr>76</ns3:hr>
            <ns3:cad>46</ns3:cad>
          </ns3:TrackPointExtension>
        </extensions>
      </trkpt>
      <trkpt lat="28.97841964848339557647705078125" lon="82.84266262315213680267333984375">
        <ele>2129.60009765625</ele>
        <time>2026-08-05T06:36:24.000Z</time>
        <extensions>
          <ns3:TrackPointExtension>
            <ns3:hr>74</ns3:hr>
            <ns3:cad>47</ns3:cad>
          </ns3:TrackPointExtension>
        </extensions>
      </trkpt>
      <trkpt lat="28.97841696627438068389892578125" lon="82.8426699154078960418701171875">
        <ele>2129.39990234375</ele>
        <time>2026-08-05T06:36:25.000Z</time>
        <extensions>
          <ns3:TrackPointExtension>
            <ns3:hr>74</ns3:hr>
            <ns3:cad>47</ns3:cad>
          </ns3:TrackPointExtension>
        </extensions>
      </trkpt>
      <trkpt lat="28.978408165276050567626953125" lon="82.842722050845623016357421875">
        <ele>2128.800048828125</ele>
        <time>2026-08-05T06:36:30.000Z</time>
        <extensions>
          <ns3:TrackPointExtension>
            <ns3:hr>75</ns3:hr>
            <ns3:cad>49</ns3:cad>
          </ns3:TrackPointExtension>
        </extensions>
      </trkpt>
      <trkpt lat="28.9784170500934123992919921875" lon="82.84276253543794155120849609375">
        <ele>2128.199951171875</ele>
        <time>2026-08-05T06:36:33.000Z</time>
        <extensions>
          <ns3:TrackPointExtension>
            <ns3:hr>75</ns3:hr>
            <ns3:cad>46</ns3:cad>
          </ns3:TrackPointExtension>
        </extensions>
      </trkpt>
      <trkpt lat="28.97842166014015674591064453125" lon="82.8427902795374393463134765625">
        <ele>2128</ele>
        <time>2026-08-05T06:36:36.000Z</time>
        <extensions>
          <ns3:TrackPointExtension>
            <ns3:hr>74</ns3:hr>
            <ns3:cad>45</ns3:cad>
          </ns3:TrackPointExtension>
        </extensions>
      </trkpt>
      <trkpt lat="28.9784448780119419097900390625" lon="82.8428409062325954437255859375">
        <ele>2127.60009765625</ele>
        <time>2026-08-05T06:36:41.000Z</time>
        <extensions>
          <ns3:TrackPointExtension>
            <ns3:hr>73</ns3:hr>
            <ns3:cad>48</ns3:cad>
          </ns3:TrackPointExtension>
        </extensions>
      </trkpt>
      <trkpt lat="28.97845284081995487213134765625" lon="82.8428801335394382476806640625">
        <ele>2128.199951171875</ele>
        <time>2026-08-05T06:36:45.000Z</time>
        <extensions>
          <ns3:TrackPointExtension>
            <ns3:hr>70</ns3:hr>
            <ns3:cad>47</ns3:cad>
          </ns3:TrackPointExtension>
        </extensions>
      </trkpt>
      <trkpt lat="28.97845133207738399505615234375" lon="82.842890359461307525634765625">
        <ele>2128.199951171875</ele>
        <time>2026-08-05T06:36:46.000Z</time>
        <extensions>
          <ns3:TrackPointExtension>
            <ns3:hr>68</ns3:hr>
            <ns3:cad>48</ns3:cad>
          </ns3:TrackPointExtension>
        </extensions>
      </trkpt>
      <trkpt lat="28.9784534275531768798828125" lon="82.842964790761470794677734375">
        <ele>2127.199951171875</ele>
        <time>2026-08-05T06:36:52.000Z</time>
        <extensions>
          <ns3:TrackPointExtension>
            <ns3:hr>67</ns3:hr>
            <ns3:cad>49</ns3:cad>
          </ns3:TrackPointExtension>
        </extensions>
      </trkpt>
      <trkpt lat="28.97845250554382801055908203125" lon="82.8429776988923549652099609375">
        <ele>2127</ele>
        <time>2026-08-05T06:36:53.000Z</time>
        <extensions>
          <ns3:TrackPointExtension>
            <ns3:hr>67</ns3:hr>
            <ns3:cad>48</ns3:cad>
          </ns3:TrackPointExtension>
        </extensions>
      </trkpt>
      <trkpt lat="28.97844563238322734832763671875" lon="82.84302036277949810028076171875">
        <ele>2126.60009765625</ele>
        <time>2026-08-05T06:36:58.000Z</time>
        <extensions>
          <ns3:TrackPointExtension>
            <ns3:hr>67</ns3:hr>
            <ns3:cad>48</ns3:cad>
          </ns3:TrackPointExtension>
        </extensions>
      </trkpt>
      <trkpt lat="28.97845141589641571044921875" lon="82.8430457599461078643798828125">
        <ele>2126</ele>
        <time>2026-08-05T06:37:01.000Z</time>
        <extensions>
          <ns3:TrackPointExtension>
            <ns3:hr>68</ns3:hr>
            <ns3:cad>48</ns3:cad>
          </ns3:TrackPointExtension>
        </extensions>
      </trkpt>
      <trkpt lat="28.978457115590572357177734375" lon="82.8430799581110477447509765625">
        <ele>2125.39990234375</ele>
        <time>2026-08-05T06:37:04.000Z</time>
        <extensions>
          <ns3:TrackPointExtension>
            <ns3:hr>69</ns3:hr>
            <ns3:cad>47</ns3:cad>
          </ns3:TrackPointExtension>
        </extensions>
      </trkpt>
      <trkpt lat="28.97846080362796783447265625" lon="82.84314173273742198944091796875">
        <ele>2124.800048828125</ele>
        <time>2026-08-05T06:37:10.000Z</time>
        <extensions>
          <ns3:TrackPointExtension>
            <ns3:hr>71</ns3:hr>
            <ns3:cad>46</ns3:cad>
          </ns3:TrackPointExtension>
        </extensions>
      </trkpt>
      <trkpt lat="28.97846826352179050445556640625" lon="82.843152545392513275146484375">
        <ele>2124.800048828125</ele>
        <time>2026-08-05T06:37:11.000Z</time>
        <extensions>
          <ns3:TrackPointExtension>
            <ns3:hr>71</ns3:hr>
            <ns3:cad>46</ns3:cad>
          </ns3:TrackPointExtension>
        </extensions>
      </trkpt>
      <trkpt lat="28.97847010754048824310302734375" lon="82.84319286234676837921142578125">
        <ele>2125</ele>
        <time>2026-08-05T06:37:15.000Z</time>
        <extensions>
          <ns3:TrackPointExtension>
            <ns3:hr>72</ns3:hr>
            <ns3:cad>49</ns3:cad>
          </ns3:TrackPointExtension>
        </extensions>
      </trkpt>
      <trkpt lat="28.97846742533147335052490234375" lon="82.84319889731705188751220703125">
        <ele>2124.800048828125</ele>
        <time>2026-08-05T06:37:16.000Z</time>
        <extensions>
          <ns3:TrackPointExtension>
            <ns3:hr>72</ns3:hr>
            <ns3:cad>49</ns3:cad>
          </ns3:TrackPointExtension>
        </extensions>
      </trkpt>
      <trkpt lat="28.9784730412065982818603515625" lon="82.84324097447097301483154296875">
        <ele>2123.800048828125</ele>
        <time>2026-08-05T06:37:22.000Z</time>
        <extensions>
          <ns3:TrackPointExtension>
            <ns3:hr>71</ns3:hr>
            <ns3:cad>46</ns3:cad>
          </ns3:TrackPointExtension>
        </extensions>
      </trkpt>
      <trkpt lat="28.97847547195851802825927734375" lon="82.84324667416512966156005859375">
        <ele>2123.39990234375</ele>
        <time>2026-08-05T06:37:23.000Z</time>
        <extensions>
          <ns3:TrackPointExtension>
            <ns3:hr>71</ns3:hr>
            <ns3:cad>47</ns3:cad>
          </ns3:TrackPointExtension>
        </extensions>
      </trkpt>
      <trkpt lat="28.97847379557788372039794921875" lon="82.8432720713317394256591796875">
        <ele>2122.800048828125</ele>
        <time>2026-08-05T06:37:26.000Z</time>
        <extensions>
          <ns3:TrackPointExtension>
            <ns3:hr>70</ns3:hr>
            <ns3:cad>47</ns3:cad>
          </ns3:TrackPointExtension>
        </extensions>
      </trkpt>
      <trkpt lat="28.97847513668239116668701171875" lon="82.84327961504459381103515625">
        <ele>2122.39990234375</ele>
        <time>2026-08-05T06:37:28.000Z</time>
        <extensions>
          <ns3:TrackPointExtension>
            <ns3:hr>70</ns3:hr>
            <ns3:cad>46</ns3:cad>
          </ns3:TrackPointExtension>
        </extensions>
      </trkpt>
      <trkpt lat="28.978479914367198944091796875" lon="82.8433089517056941986083984375">
        <ele>2121.60009765625</ele>
        <time>2026-08-05T06:37:32.000Z</time>
        <extensions>
          <ns3:TrackPointExtension>
            <ns3:hr>68</ns3:hr>
            <ns3:cad>49</ns3:cad>
          </ns3:TrackPointExtension>
        </extensions>
      </trkpt>
      <trkpt lat="28.97847949527204036712646484375" lon="82.843330912292003631591796875">
        <ele>2121.199951171875</ele>
        <time>2026-08-05T06:37:34.000Z</time>
        <extensions>
          <ns3:TrackPointExtension>
            <ns3:hr>67</ns3:hr>
            <ns3:cad>49</ns3:cad>
          </ns3:TrackPointExtension>
        </extensions>
      </trkpt>
      <trkpt lat="28.97847362793982028961181640625" lon="82.84334524534642696380615234375">
        <ele>2120.60009765625</ele>
        <time>2026-08-05T06:37:36.000Z</time>
        <extensions>
          <ns3:TrackPointExtension>
            <ns3:hr>66</ns3:hr>
            <ns3:cad>48</ns3:cad>
          </ns3:TrackPointExtension>
        </extensions>
      </trkpt>
      <trkpt lat="28.97846323437988758087158203125" lon="82.84338363446295261383056640625">
        <ele>2119.60009765625</ele>
        <time>2026-08-05T06:37:41.000Z</time>
        <extensions>
          <ns3:TrackPointExtension>
            <ns3:hr>67</ns3:hr>
            <ns3:cad>47</ns3:cad>
          </ns3:TrackPointExtension>
        </extensions>
      </trkpt>
      <trkpt lat="28.97846038453280925750732421875" lon="82.84339469857513904571533203125">
        <ele>2119.39990234375</ele>
        <time>2026-08-05T06:37:42.000Z</time>
        <extensions>
          <ns3:TrackPointExtension>
            <ns3:hr>67</ns3:hr>
            <ns3:cad>47</ns3:cad>
          </ns3:TrackPointExtension>
        </extensions>
      </trkpt>
      <trkpt lat="28.978457115590572357177734375" lon="82.84342847764492034912109375">
        <ele>2118.39990234375</ele>
        <time>2026-08-05T06:37:46.000Z</time>
        <extensions>
          <ns3:TrackPointExtension>
            <ns3:hr>67</ns3:hr>
            <ns3:cad>48</ns3:cad>
          </ns3:TrackPointExtension>
        </extensions>
      </trkpt>
      <trkpt lat="28.9784586243331432342529296875" lon="82.84345018677413463592529296875">
        <ele>2117.800048828125</ele>
        <time>2026-08-05T06:37:49.000Z</time>
        <extensions>
          <ns3:TrackPointExtension>
            <ns3:hr>68</ns3:hr>
            <ns3:cad>48</ns3:cad>
          </ns3:TrackPointExtension>
        </extensions>
      </trkpt>
      <trkpt lat="28.97845200262963771820068359375" lon="82.843472398817539215087890625">
        <ele>2117.199951171875</ele>
        <time>2026-08-05T06:37:52.000Z</time>
        <extensions>
          <ns3:TrackPointExtension>
            <ns3:hr>70</ns3:hr>
            <ns3:cad>48</ns3:cad>
          </ns3:TrackPointExtension>
        </extensions>
      </trkpt>
      <trkpt lat="28.97845652885735034942626953125" lon="82.843501567840576171875">
        <ele>2116.60009765625</ele>
        <time>2026-08-05T06:37:56.000Z</time>
        <extensions>
          <ns3:TrackPointExtension>
            <ns3:hr>71</ns3:hr>
            <ns3:cad>45</ns3:cad>
          </ns3:TrackPointExtension>
        </extensions>
      </trkpt>
      <trkpt lat="28.97846541367471218109130859375" lon="82.84351791255176067352294921875">
        <ele>2116.199951171875</ele>
        <time>2026-08-05T06:37:58.000Z</time>
        <extensions>
          <ns3:TrackPointExtension>
            <ns3:hr>71</ns3:hr>
            <ns3:cad>45</ns3:cad>
          </ns3:TrackPointExtension>
        </extensions>
      </trkpt>
      <trkpt lat="28.9784740470349788665771484375" lon="82.84354775212705135345458984375">
        <ele>2115.199951171875</ele>
        <time>2026-08-05T06:38:02.000Z</time>
        <extensions>
          <ns3:TrackPointExtension>
            <ns3:hr>70</ns3:hr>
            <ns3:cad>43</ns3:cad>
          </ns3:TrackPointExtension>
        </extensions>
      </trkpt>
      <trkpt lat="28.97847329266369342803955078125" lon="82.84355445764958858489990234375">
        <ele>2115</ele>
        <time>2026-08-05T06:38:03.000Z</time>
        <extensions>
          <ns3:TrackPointExtension>
            <ns3:hr>71</ns3:hr>
            <ns3:cad>46</ns3:cad>
          </ns3:TrackPointExtension>
        </extensions>
      </trkpt>
      <trkpt lat="28.978473879396915435791015625" lon="82.8435936011373996734619140625">
        <ele>2114.39990234375</ele>
        <time>2026-08-05T06:38:08.000Z</time>
        <extensions>
          <ns3:TrackPointExtension>
            <ns3:hr>69</ns3:hr>
            <ns3:cad>47</ns3:cad>
          </ns3:TrackPointExtension>
        </extensions>
      </trkpt>
      <trkpt lat="28.9784787409007549285888671875" lon="82.8436207585036754608154296875">
        <ele>2114</ele>
        <time>2026-08-05T06:38:12.000Z</time>
        <extensions>
          <ns3:TrackPointExtension>
            <ns3:hr>69</ns3:hr>
            <ns3:cad>45</ns3:cad>
          </ns3:TrackPointExtension>
        </extensions>
      </trkpt>
      <trkpt lat="28.97848804481327533721923828125" lon="82.843644060194492340087890625">
        <ele>2113.60009765625</ele>
        <time>2026-08-05T06:38:15.000Z</time>
        <extensions>
          <ns3:TrackPointExtension>
            <ns3:hr>65</ns3:hr>
            <ns3:cad>48</ns3:cad>
          </ns3:TrackPointExtension>
        </extensions>
      </trkpt>
      <trkpt lat="28.9784807525575160980224609375" lon="82.8436948545277118682861328125">
        <ele>2112.800048828125</ele>
        <time>2026-08-05T06:38:21.000Z</time>
        <extensions>
          <ns3:TrackPointExtension>
            <ns3:hr>67</ns3:hr>
            <ns3:cad>44</ns3:cad>
          </ns3:TrackPointExtension>
        </extensions>
      </trkpt>
      <trkpt lat="28.9784804172813892364501953125" lon="82.843704409897327423095703125">
        <ele>2112.60009765625</ele>
        <time>2026-08-05T06:38:22.000Z</time>
        <extensions>
          <ns3:TrackPointExtension>
            <ns3:hr>67</ns3:hr>
            <ns3:cad>43</ns3:cad>
          </ns3:TrackPointExtension>
        </extensions>
      </trkpt>
      <trkpt lat="28.9784854464232921600341796875" lon="82.8437347523868083953857421875">
        <ele>2111.800048828125</ele>
        <time>2026-08-05T06:38:26.000Z</time>
        <extensions>
          <ns3:TrackPointExtension>
            <ns3:hr>67</ns3:hr>
            <ns3:cad>48</ns3:cad>
          </ns3:TrackPointExtension>
        </extensions>
      </trkpt>
      <trkpt lat="28.9784884639084339141845703125" lon="82.84376299940049648284912109375">
        <ele>2111</ele>
        <time>2026-08-05T06:38:29.000Z</time>
        <extensions>
          <ns3:TrackPointExtension>
            <ns3:hr>67</ns3:hr>
            <ns3:cad>0</ns3:cad>
          </ns3:TrackPointExtension>
        </extensions>
      </trkpt>
      <trkpt lat="28.97847999818623065948486328125" lon="82.8438101895153522491455078125">
        <ele>2110.39990234375</ele>
        <time>2026-08-05T06:38:35.000Z</time>
        <extensions>
          <ns3:TrackPointExtension>
            <ns3:hr>70</ns3:hr>
            <ns3:cad>47</ns3:cad>
          </ns3:TrackPointExtension>
        </extensions>
      </trkpt>
      <trkpt lat="28.9784810878336429595947265625" lon="82.84382142126560211181640625">
        <ele>2110.199951171875</ele>
        <time>2026-08-05T06:38:36.000Z</time>
        <extensions>
          <ns3:TrackPointExtension>
            <ns3:hr>70</ns3:hr>
            <ns3:cad>45</ns3:cad>
          </ns3:TrackPointExtension>
        </extensions>
      </trkpt>
      <trkpt lat="28.97847597487270832061767578125" lon="82.84385628998279571533203125">
        <ele>2109.39990234375</ele>
        <time>2026-08-05T06:38:40.000Z</time>
        <extensions>
          <ns3:TrackPointExtension>
            <ns3:hr>72</ns3:hr>
            <ns3:cad>48</ns3:cad>
          </ns3:TrackPointExtension>
        </extensions>
      </trkpt>
      <trkpt lat="28.97845686413347721099853515625" lon="82.84387372434139251708984375">
        <ele>2108.60009765625</ele>
        <time>2026-08-05T06:38:43.000Z</time>
        <extensions>
          <ns3:TrackPointExtension>
            <ns3:hr>72</ns3:hr>
            <ns3:cad>49</ns3:cad>
          </ns3:TrackPointExtension>
        </extensions>
      </trkpt>
      <trkpt lat="28.978449739515781402587890625" lon="82.8438829444348812103271484375">
        <ele>2108.199951171875</ele>
        <time>2026-08-05T06:38:45.000Z</time>
        <extensions>
          <ns3:TrackPointExtension>
            <ns3:hr>72</ns3:hr>
            <ns3:cad>48</ns3:cad>
          </ns3:TrackPointExtension>
        </extensions>
      </trkpt>
      <trkpt lat="28.97843104787170886993408203125" lon="82.8439154662191867828369140625">
        <ele>2107.60009765625</ele>
        <time>2026-08-05T06:38:49.000Z</time>
        <extensions>
          <ns3:TrackPointExtension>
            <ns3:hr>72</ns3:hr>
            <ns3:cad>45</ns3:cad>
          </ns3:TrackPointExtension>
        </extensions>
      </trkpt>
      <trkpt lat="28.97842618636786937713623046875" lon="82.843931056559085845947265625">
        <ele>2107.199951171875</ele>
        <time>2026-08-05T06:38:51.000Z</time>
        <extensions>
          <ns3:TrackPointExtension>
            <ns3:hr>72</ns3:hr>
            <ns3:cad>44</ns3:cad>
          </ns3:TrackPointExtension>
        </extensions>
      </trkpt>
      <trkpt lat="28.97841109894216060638427734375" lon="82.8439634107053279876708984375">
        <ele>2106.199951171875</ele>
        <time>2026-08-05T06:38:56.000Z</time>
        <extensions>
          <ns3:TrackPointExtension>
            <ns3:hr>70</ns3:hr>
            <ns3:cad>44</ns3:cad>
          </ns3:TrackPointExtension>
        </extensions>
      </trkpt>
      <trkpt lat="28.97840984165668487548828125" lon="82.843971289694309234619140625">
        <ele>2106</ele>
        <time>2026-08-05T06:38:57.000Z</time>
        <extensions>
          <ns3:TrackPointExtension>
            <ns3:hr>69</ns3:hr>
            <ns3:cad>44</ns3:cad>
          </ns3:TrackPointExtension>
        </extensions>
      </trkpt>
      <trkpt lat="28.97839911282062530517578125" lon="82.84401588141918182373046875">
        <ele>2105.39990234375</ele>
        <time>2026-08-05T06:39:02.000Z</time>
        <extensions>
          <ns3:TrackPointExtension>
            <ns3:hr>67</ns3:hr>
            <ns3:cad>45</ns3:cad>
          </ns3:TrackPointExtension>
        </extensions>
      </trkpt>
      <trkpt lat="28.97839684970676898956298828125" lon="82.84403658472001552581787109375">
        <ele>2105</ele>
        <time>2026-08-05T06:39:04.000Z</time>
        <extensions>
          <ns3:TrackPointExtension>
            <ns3:hr>65</ns3:hr>
            <ns3:cad>45</ns3:cad>
          </ns3:TrackPointExtension>
        </extensions>
      </trkpt>
      <trkpt lat="28.97838427685201168060302734375" lon="82.84408134408295154571533203125">
        <ele>2104</ele>
        <time>2026-08-05T06:39:09.000Z</time>
        <extensions>
          <ns3:TrackPointExtension>
            <ns3:hr>64</ns3:hr>
            <ns3:cad>46</ns3:cad>
          </ns3:TrackPointExtension>
        </extensions>
      </trkpt>
      <trkpt lat="28.97838461212813854217529296875" lon="82.84409157000482082366943359375">
        <ele>2103.800048828125</ele>
        <time>2026-08-05T06:39:10.000Z</time>
        <extensions>
          <ns3:TrackPointExtension>
            <ns3:hr>64</ns3:hr>
            <ns3:cad>46</ns3:cad>
          </ns3:TrackPointExtension>
        </extensions>
      </trkpt>
      <trkpt lat="28.97837363183498382568359375" lon="82.84412845037877559661865234375">
        <ele>2102.800048828125</ele>
        <time>2026-08-05T06:39:14.000Z</time>
        <extensions>
          <ns3:TrackPointExtension>
            <ns3:hr>65</ns3:hr>
            <ns3:cad>44</ns3:cad>
          </ns3:TrackPointExtension>
        </extensions>
      </trkpt>
      <trkpt lat="28.97835929878056049346923828125" lon="82.84417237155139446258544921875">
        <ele>2102</ele>
        <time>2026-08-05T06:39:18.000Z</time>
        <extensions>
          <ns3:TrackPointExtension>
            <ns3:hr>65</ns3:hr>
            <ns3:cad>44</ns3:cad>
          </ns3:TrackPointExtension>
        </extensions>
      </trkpt>
      <trkpt lat="28.978356532752513885498046875" lon="82.8441846929490566253662109375">
        <ele>2101.60009765625</ele>
        <time>2026-08-05T06:39:19.000Z</time>
        <extensions>
          <ns3:TrackPointExtension>
            <ns3:hr>65</ns3:hr>
            <ns3:cad>47</ns3:cad>
          </ns3:TrackPointExtension>
        </extensions>
      </trkpt>
      <trkpt lat="28.9783540181815624237060546875" lon="82.84421662800014019012451171875">
        <ele>2100.60009765625</ele>
        <time>2026-08-05T06:39:23.000Z</time>
        <extensions>
          <ns3:TrackPointExtension>
            <ns3:hr>65</ns3:hr>
            <ns3:cad>47</ns3:cad>
          </ns3:TrackPointExtension>
        </extensions>
      </trkpt>
      <trkpt lat="28.97835083305835723876953125" lon="82.84423104487359523773193359375">
        <ele>2100.60009765625</ele>
        <time>2026-08-05T06:39:24.000Z</time>
        <extensions>
          <ns3:TrackPointExtension>
            <ns3:hr>65</ns3:hr>
            <ns3:cad>47</ns3:cad>
          </ns3:TrackPointExtension>
        </extensions>
      </trkpt>
      <trkpt lat="28.97832443006336688995361328125" lon="82.844295501708984375">
        <ele>2100</ele>
        <time>2026-08-05T06:39:31.000Z</time>
        <extensions>
          <ns3:TrackPointExtension>
            <ns3:hr>67</ns3:hr>
            <ns3:cad>47</ns3:cad>
          </ns3:TrackPointExtension>
        </extensions>
      </trkpt>
      <trkpt lat="28.978321664035320281982421875" lon="82.844315953552722930908203125">
        <ele>2099.800048828125</ele>
        <time>2026-08-05T06:39:33.000Z</time>
        <extensions>
          <ns3:TrackPointExtension>
            <ns3:hr>67</ns3:hr>
            <ns3:cad>47</ns3:cad>
          </ns3:TrackPointExtension>
        </extensions>
      </trkpt>
      <trkpt lat="28.978315629065036773681640625" lon="82.8443355672061443328857421875">
        <ele>2099.60009765625</ele>
        <time>2026-08-05T06:39:35.000Z</time>
        <extensions>
          <ns3:TrackPointExtension>
            <ns3:hr>68</ns3:hr>
            <ns3:cad>46</ns3:cad>
          </ns3:TrackPointExtension>
        </extensions>
      </trkpt>
      <trkpt lat="28.978320993483066558837890625" lon="82.8443452902138233184814453125">
        <ele>2099.39990234375</ele>
        <time>2026-08-05T06:39:36.000Z</time>
        <extensions>
          <ns3:TrackPointExtension>
            <ns3:hr>68</ns3:hr>
            <ns3:cad>48</ns3:cad>
          </ns3:TrackPointExtension>
        </extensions>
      </trkpt>
      <trkpt lat="28.9783211611211299896240234375" lon="82.844356186687946319580078125">
        <ele>2099.39990234375</ele>
        <time>2026-08-05T06:39:37.000Z</time>
        <extensions>
          <ns3:TrackPointExtension>
            <ns3:hr>68</ns3:hr>
            <ns3:cad>48</ns3:cad>
          </ns3:TrackPointExtension>
        </extensions>
      </trkpt>
      <trkpt lat="28.97832476533949375152587890625" lon="82.8443801589310169219970703125">
        <ele>2098.800048828125</ele>
        <time>2026-08-05T06:39:40.000Z</time>
        <extensions>
          <ns3:TrackPointExtension>
            <ns3:hr>71</ns3:hr>
            <ns3:cad>46</ns3:cad>
          </ns3:TrackPointExtension>
        </extensions>
      </trkpt>
      <trkpt lat="28.97832275368273258209228515625" lon="82.84438996575772762298583984375">
        <ele>2098.39990234375</ele>
        <time>2026-08-05T06:39:42.000Z</time>
        <extensions>
          <ns3:TrackPointExtension>
            <ns3:hr>72</ns3:hr>
            <ns3:cad>46</ns3:cad>
          </ns3:TrackPointExtension>
        </extensions>
      </trkpt>
      <trkpt lat="28.9783171378076076507568359375" lon="82.84443564713001251220703125">
        <ele>2098</ele>
        <time>2026-08-05T06:39:48.000Z</time>
        <extensions>
          <ns3:TrackPointExtension>
            <ns3:hr>73</ns3:hr>
            <ns3:cad>46</ns3:cad>
          </ns3:TrackPointExtension>
        </extensions>
      </trkpt>
      <trkpt lat="28.97831453941762447357177734375" lon="82.8444633074104785919189453125">
        <ele>2097.199951171875</ele>
        <time>2026-08-05T06:39:51.000Z</time>
        <extensions>
          <ns3:TrackPointExtension>
            <ns3:hr>73</ns3:hr>
            <ns3:cad>46</ns3:cad>
          </ns3:TrackPointExtension>
        </extensions>
      </trkpt>
      <trkpt lat="28.9783097617328166961669921875" lon="82.844494991004467010498046875">
        <ele>2097.199951171875</ele>
        <time>2026-08-05T06:39:54.000Z</time>
        <extensions>
          <ns3:TrackPointExtension>
            <ns3:hr>76</ns3:hr>
            <ns3:cad>47</ns3:cad>
          </ns3:TrackPointExtension>
        </extensions>
      </trkpt>
      <trkpt lat="28.97830984555184841156005859375" lon="82.8445055522024631500244140625">
        <ele>2097.199951171875</ele>
        <time>2026-08-05T06:39:55.000Z</time>
        <extensions>
          <ns3:TrackPointExtension>
            <ns3:hr>76</ns3:hr>
            <ns3:cad>47</ns3:cad>
          </ns3:TrackPointExtension>
        </extensions>
      </trkpt>
      <trkpt lat="28.9783074147999286651611328125" lon="82.84454117529094219207763671875">
        <ele>2096.800048828125</ele>
        <time>2026-08-05T06:39:58.000Z</time>
        <extensions>
          <ns3:TrackPointExtension>
            <ns3:hr>79</ns3:hr>
            <ns3:cad>47</ns3:cad>
          </ns3:TrackPointExtension>
        </extensions>
      </trkpt>
      <trkpt lat="28.978296853601932525634765625" lon="82.8445729427039623260498046875">
        <ele>2096.39990234375</ele>
        <time>2026-08-05T06:40:01.000Z</time>
        <extensions>
          <ns3:TrackPointExtension>
            <ns3:hr>80</ns3:hr>
            <ns3:cad>47</ns3:cad>
          </ns3:TrackPointExtension>
        </extensions>
      </trkpt>
      <trkpt lat="28.9782916568219661712646484375" lon="82.84457788802683353424072265625">
        <ele>2096.199951171875</ele>
        <time>2026-08-05T06:40:02.000Z</time>
        <extensions>
          <ns3:TrackPointExtension>
            <ns3:hr>80</ns3:hr>
            <ns3:cad>48</ns3:cad>
          </ns3:TrackPointExtension>
        </extensions>
      </trkpt>
      <trkpt lat="28.97826642729341983795166015625" lon="82.844610996544361114501953125">
        <ele>2095</ele>
        <time>2026-08-05T06:40:07.000Z</time>
        <extensions>
          <ns3:TrackPointExtension>
            <ns3:hr>77</ns3:hr>
            <ns3:cad>49</ns3:cad>
          </ns3:TrackPointExtension>
        </extensions>
      </trkpt>
      <trkpt lat="28.97826123051345348358154296875" lon="82.84461778588593006134033203125">
        <ele>2094.800048828125</ele>
        <time>2026-08-05T06:40:08.000Z</time>
        <extensions>
          <ns3:TrackPointExtension>
            <ns3:hr>77</ns3:hr>
            <ns3:cad>49</ns3:cad>
          </ns3:TrackPointExtension>
        </extensions>
      </trkpt>
      <trkpt lat="28.97823256440460681915283203125" lon="82.8446547500789165496826171875">
        <ele>2094</ele>
        <time>2026-08-05T06:40:13.000Z</time>
        <extensions>
          <ns3:TrackPointExtension>
            <ns3:hr>77</ns3:hr>
            <ns3:cad>49</ns3:cad>
          </ns3:TrackPointExtension>
        </extensions>
      </trkpt>
      <trkpt lat="28.9782252721488475799560546875" lon="82.8446701727807521820068359375">
        <ele>2093.39990234375</ele>
        <time>2026-08-05T06:40:15.000Z</time>
        <extensions>
          <ns3:TrackPointExtension>
            <ns3:hr>78</ns3:hr>
            <ns3:cad>50</ns3:cad>
          </ns3:TrackPointExtension>
        </extensions>
      </trkpt>
      <trkpt lat="28.97820574231445789337158203125" lon="82.844725660979747772216796875">
        <ele>2093.39990234375</ele>
        <time>2026-08-05T06:40:20.000Z</time>
        <extensions>
          <ns3:TrackPointExtension>
            <ns3:hr>77</ns3:hr>
            <ns3:cad>47</ns3:cad>
          </ns3:TrackPointExtension>
        </extensions>
      </trkpt>
      <trkpt lat="28.97820859216153621673583984375" lon="82.8447700850665569305419921875">
        <ele>2092.800048828125</ele>
        <time>2026-08-05T06:40:24.000Z</time>
        <extensions>
          <ns3:TrackPointExtension>
            <ns3:hr>78</ns3:hr>
            <ns3:cad>47</ns3:cad>
          </ns3:TrackPointExtension>
        </extensions>
      </trkpt>
      <trkpt lat="28.978197611868381500244140625" lon="82.8447876870632171630859375">
        <ele>2092.60009765625</ele>
        <time>2026-08-05T06:40:26.000Z</time>
        <extensions>
          <ns3:TrackPointExtension>
            <ns3:hr>78</ns3:hr>
            <ns3:cad>49</ns3:cad>
          </ns3:TrackPointExtension>
        </extensions>
      </trkpt>
      <trkpt lat="28.97819501347839832305908203125" lon="82.8448183648288249969482421875">
        <ele>2091.60009765625</ele>
        <time>2026-08-05T06:40:30.000Z</time>
        <extensions>
          <ns3:TrackPointExtension>
            <ns3:hr>76</ns3:hr>
            <ns3:cad>47</ns3:cad>
          </ns3:TrackPointExtension>
        </extensions>
      </trkpt>
      <trkpt lat="28.97819031961262226104736328125" lon="82.84483705647289752960205078125">
        <ele>2091.199951171875</ele>
        <time>2026-08-05T06:40:32.000Z</time>
        <extensions>
          <ns3:TrackPointExtension>
            <ns3:hr>76</ns3:hr>
            <ns3:cad>47</ns3:cad>
          </ns3:TrackPointExtension>
        </extensions>
      </trkpt>
      <trkpt lat="28.97818746976554393768310546875" lon="82.8448854200541973114013671875">
        <ele>2090.60009765625</ele>
        <time>2026-08-05T06:40:37.000Z</time>
        <extensions>
          <ns3:TrackPointExtension>
            <ns3:hr>78</ns3:hr>
            <ns3:cad>48</ns3:cad>
          </ns3:TrackPointExtension>
        </extensions>
      </trkpt>
      <trkpt lat="28.97818998433649539947509765625" lon="82.84489975310862064361572265625">
        <ele>2090.39990234375</ele>
        <time>2026-08-05T06:40:39.000Z</time>
        <extensions>
          <ns3:TrackPointExtension>
            <ns3:hr>78</ns3:hr>
            <ns3:cad>46</ns3:cad>
          </ns3:TrackPointExtension>
        </extensions>
      </trkpt>
      <trkpt lat="28.97819400765001773834228515625" lon="82.84494635649025440216064453125">
        <ele>2089.60009765625</ele>
        <time>2026-08-05T06:40:44.000Z</time>
        <extensions>
          <ns3:TrackPointExtension>
            <ns3:hr>76</ns3:hr>
            <ns3:cad>47</ns3:cad>
          </ns3:TrackPointExtension>
        </extensions>
      </trkpt>
      <trkpt lat="28.97818914614617824554443359375" lon="82.84495457075536251068115234375">
        <ele>2089.39990234375</ele>
        <time>2026-08-05T06:40:45.000Z</time>
        <extensions>
          <ns3:TrackPointExtension>
            <ns3:hr>75</ns3:hr>
            <ns3:cad>46</ns3:cad>
          </ns3:TrackPointExtension>
        </extensions>
      </trkpt>
      <trkpt lat="28.97818009369075298309326171875" lon="82.84499212168157100677490234375">
        <ele>2088.60009765625</ele>
        <time>2026-08-05T06:40:49.000Z</time>
        <extensions>
          <ns3:TrackPointExtension>
            <ns3:hr>71</ns3:hr>
            <ns3:cad>47</ns3:cad>
          </ns3:TrackPointExtension>
        </extensions>
      </trkpt>
      <trkpt lat="28.978178501129150390625" lon="82.845001257956027984619140625">
        <ele>2088.39990234375</ele>
        <time>2026-08-05T06:40:50.000Z</time>
        <extensions>
          <ns3:TrackPointExtension>
            <ns3:hr>71</ns3:hr>
            <ns3:cad>49</ns3:cad>
          </ns3:TrackPointExtension>
        </extensions>
      </trkpt>
      <trkpt lat="28.978165090084075927734375" lon="82.8450168482959270477294921875">
        <ele>2088</ele>
        <time>2026-08-05T06:40:53.000Z</time>
        <extensions>
          <ns3:TrackPointExtension>
            <ns3:hr>70</ns3:hr>
            <ns3:cad>45</ns3:cad>
          </ns3:TrackPointExtension>
        </extensions>
      </trkpt>
      <trkpt lat="28.97815461270511150360107421875" lon="82.84504241310060024261474609375">
        <ele>2087.39990234375</ele>
        <time>2026-08-05T06:40:56.000Z</time>
        <extensions>
          <ns3:TrackPointExtension>
            <ns3:hr>71</ns3:hr>
            <ns3:cad>44</ns3:cad>
          </ns3:TrackPointExtension>
        </extensions>
      </trkpt>
      <trkpt lat="28.9781424589455127716064453125" lon="82.84506035037338733673095703125">
        <ele>2086.800048828125</ele>
        <time>2026-08-05T06:40:59.000Z</time>
        <extensions>
          <ns3:TrackPointExtension>
            <ns3:hr>71</ns3:hr>
            <ns3:cad>44</ns3:cad>
          </ns3:TrackPointExtension>
        </extensions>
      </trkpt>
      <trkpt lat="28.97813432849943637847900390625" lon="82.8450631164014339447021484375">
        <ele>2086.39990234375</ele>
        <time>2026-08-05T06:41:01.000Z</time>
        <extensions>
          <ns3:TrackPointExtension>
            <ns3:hr>71</ns3:hr>
            <ns3:cad>44</ns3:cad>
          </ns3:TrackPointExtension>
        </extensions>
      </trkpt>
      <trkpt lat="28.978127539157867431640625" lon="82.84509086050093173980712890625">
        <ele>2085</ele>
        <time>2026-08-05T06:41:05.000Z</time>
        <extensions>
          <ns3:TrackPointExtension>
            <ns3:hr>72</ns3:hr>
            <ns3:cad>44</ns3:cad>
          </ns3:TrackPointExtension>
        </extensions>
      </trkpt>
      <trkpt lat="28.9780958555638790130615234375" lon="82.845130003988742828369140625">
        <ele>2084</ele>
        <time>2026-08-05T06:41:10.000Z</time>
        <extensions>
          <ns3:TrackPointExtension>
            <ns3:hr>71</ns3:hr>
            <ns3:cad>50</ns3:cad>
          </ns3:TrackPointExtension>
        </extensions>
      </trkpt>
      <trkpt lat="28.978076912462711334228515625" lon="82.84517996013164520263671875">
        <ele>2082.800048828125</ele>
        <time>2026-08-05T06:41:16.000Z</time>
        <extensions>
          <ns3:TrackPointExtension>
            <ns3:hr>71</ns3:hr>
            <ns3:cad>49</ns3:cad>
          </ns3:TrackPointExtension>
        </extensions>
      </trkpt>
      <trkpt lat="28.97806945256888866424560546875" lon="82.84519513137638568878173828125">
        <ele>2082</ele>
        <time>2026-08-05T06:41:18.000Z</time>
        <extensions>
          <ns3:TrackPointExtension>
            <ns3:hr>71</ns3:hr>
            <ns3:cad>49</ns3:cad>
          </ns3:TrackPointExtension>
        </extensions>
      </trkpt>
      <trkpt lat="28.97806459106504917144775390625" lon="82.84520208835601806640625">
        <ele>2081.800048828125</ele>
        <time>2026-08-05T06:41:19.000Z</time>
        <extensions>
          <ns3:TrackPointExtension>
            <ns3:hr>72</ns3:hr>
            <ns3:cad>49</ns3:cad>
          </ns3:TrackPointExtension>
        </extensions>
      </trkpt>
      <trkpt lat="28.97806040011346340179443359375" lon="82.84522379748523235321044921875">
        <ele>2080.60009765625</ele>
        <time>2026-08-05T06:41:22.000Z</time>
        <extensions>
          <ns3:TrackPointExtension>
            <ns3:hr>72</ns3:hr>
            <ns3:cad>50</ns3:cad>
          </ns3:TrackPointExtension>
        </extensions>
      </trkpt>
      <trkpt lat="28.9780564606189727783203125" lon="82.8452678024768829345703125">
        <ele>2080.199951171875</ele>
        <time>2026-08-05T06:41:27.000Z</time>
        <extensions>
          <ns3:TrackPointExtension>
            <ns3:hr>75</ns3:hr>
            <ns3:cad>48</ns3:cad>
          </ns3:TrackPointExtension>
        </extensions>
      </trkpt>
      <trkpt lat="28.9780542813241481781005859375" lon="82.845298312604427337646484375">
        <ele>2079.60009765625</ele>
        <time>2026-08-05T06:41:32.000Z</time>
        <extensions>
          <ns3:TrackPointExtension>
            <ns3:hr>76</ns3:hr>
            <ns3:cad>50</ns3:cad>
          </ns3:TrackPointExtension>
        </extensions>
      </trkpt>
      <trkpt lat="28.97805000655353069305419921875" lon="82.845308370888233184814453125">
        <ele>2079.199951171875</ele>
        <time>2026-08-05T06:41:33.000Z</time>
        <extensions>
          <ns3:TrackPointExtension>
            <ns3:hr>76</ns3:hr>
            <ns3:cad>51</ns3:cad>
          </ns3:TrackPointExtension>
        </extensions>
      </trkpt>
      <trkpt lat="28.9780403673648834228515625" lon="82.84534852020442485809326171875">
        <ele>2078.39990234375</ele>
        <time>2026-08-05T06:41:37.000Z</time>
        <extensions>
          <ns3:TrackPointExtension>
            <ns3:hr>77</ns3:hr>
            <ns3:cad>49</ns3:cad>
          </ns3:TrackPointExtension>
        </extensions>
      </trkpt>
      <trkpt lat="28.9780371822416782379150390625" lon="82.84536260180175304412841796875">
        <ele>2078.199951171875</ele>
        <time>2026-08-05T06:41:38.000Z</time>
        <extensions>
          <ns3:TrackPointExtension>
            <ns3:hr>80</ns3:hr>
            <ns3:cad>49</ns3:cad>
          </ns3:TrackPointExtension>
        </extensions>
      </trkpt>
      <trkpt lat="28.9780358411371707916259765625" lon="82.8453719057142734527587890625">
        <ele>2078</ele>
        <time>2026-08-05T06:41:39.000Z</time>
        <extensions>
          <ns3:TrackPointExtension>
            <ns3:hr>82</ns3:hr>
            <ns3:cad>49</ns3:cad>
          </ns3:TrackPointExtension>
        </extensions>
      </trkpt>
      <trkpt lat="28.978005833923816680908203125" lon="82.845414318144321441650390625">
        <ele>2077.199951171875</ele>
        <time>2026-08-05T06:41:45.000Z</time>
        <extensions>
          <ns3:TrackPointExtension>
            <ns3:hr>84</ns3:hr>
            <ns3:cad>46</ns3:cad>
          </ns3:TrackPointExtension>
        </extensions>
      </trkpt>
      <trkpt lat="28.97801555693149566650390625" lon="82.84541624598205089569091796875">
        <ele>2076.800048828125</ele>
        <time>2026-08-05T06:41:54.000Z</time>
        <extensions>
          <ns3:TrackPointExtension>
            <ns3:hr>85</ns3:hr>
            <ns3:cad>0</ns3:cad>
          </ns3:TrackPointExtension>
        </extensions>
      </trkpt>
      <trkpt lat="28.97801555693149566650390625" lon="82.84541624598205089569091796875">
        <ele>2076.60009765625</ele>
        <time>2026-08-05T06:42:01.000Z</time>
        <extensions>
          <ns3:TrackPointExtension>
            <ns3:hr>88</ns3:hr>
            <ns3:cad>0</ns3:cad>
          </ns3:TrackPointExtension>
        </extensions>
      </trkpt>
      <trkpt lat="28.97801555693149566650390625" lon="82.84541624598205089569091796875">
        <ele>2076.60009765625</ele>
        <time>2026-08-05T06:42:02.000Z</time>
        <extensions>
          <ns3:TrackPointExtension>
            <ns3:hr>93</ns3:hr>
            <ns3:cad>0</ns3:cad>
          </ns3:TrackPointExtension>
        </extensions>
      </trkpt>
      <trkpt lat="28.97801555693149566650390625" lon="82.84541624598205089569091796875">
        <ele>2076.60009765625</ele>
        <time>2026-08-05T06:42:03.000Z</time>
        <extensions>
          <ns3:TrackPointExtension>
            <ns3:hr>100</ns3:hr>
            <ns3:cad>0</ns3:cad>
          </ns3:TrackPointExtension>
        </extensions>
      </trkpt>
      <trkpt lat="28.97801555693149566650390625" lon="82.84541624598205089569091796875">
        <ele>2076.60009765625</ele>
        <time>2026-08-05T06:42:04.000Z</time>
        <extensions>
          <ns3:TrackPointExtension>
            <ns3:hr>103</ns3:hr>
            <ns3:cad>0</ns3:cad>
          </ns3:TrackPointExtension>
        </extensions>
      </trkpt>
      <trkpt lat="28.97801555693149566650390625" lon="82.84541624598205089569091796875">
        <ele>2076.800048828125</ele>
        <time>2026-08-05T06:42:07.000Z</time>
        <extensions>
          <ns3:TrackPointExtension>
            <ns3:hr>106</ns3:hr>
            <ns3:cad>0</ns3:cad>
          </ns3:TrackPointExtension>
        </extensions>
      </trkpt>
      <trkpt lat="28.97801555693149566650390625" lon="82.84541624598205089569091796875">
        <ele>2077</ele>
        <time>2026-08-05T06:42:20.000Z</time>
        <extensions>
          <ns3:TrackPointExtension>
            <ns3:hr>103</ns3:hr>
            <ns3:cad>0</ns3:cad>
          </ns3:TrackPointExtension>
        </extensions>
      </trkpt>
      <trkpt lat="28.97801555693149566650390625" lon="82.84541624598205089569091796875">
        <ele>2077.199951171875</ele>
        <time>2026-08-05T06:42:21.000Z</time>
        <extensions>
          <ns3:TrackPointExtension>
            <ns3:hr>103</ns3:hr>
            <ns3:cad>0</ns3:cad>
          </ns3:TrackPointExtension>
        </extensions>
      </trkpt>
      <trkpt lat="28.97801555693149566650390625" lon="82.84541624598205089569091796875">
        <ele>2077.199951171875</ele>
        <time>2026-08-05T06:42:24.000Z</time>
        <extensions>
          <ns3:TrackPointExtension>
            <ns3:hr>100</ns3:hr>
            <ns3:cad>0</ns3:cad>
          </ns3:TrackPointExtension>
        </extensions>
      </trkpt>
      <trkpt lat="28.9780418761074542999267578125" lon="82.84539143554866313934326171875">
        <ele>2077.39990234375</ele>
        <time>2026-08-05T06:42:34.000Z</time>
        <extensions>
          <ns3:TrackPointExtension>
            <ns3:hr>101</ns3:hr>
            <ns3:cad>0</ns3:cad>
          </ns3:TrackPointExtension>
        </extensions>
      </trkpt>
      <trkpt lat="28.978058136999607086181640625" lon="82.84537173807621002197265625">
        <ele>2078</ele>
        <time>2026-08-05T06:42:37.000Z</time>
        <extensions>
          <ns3:TrackPointExtension>
            <ns3:hr>98</ns3:hr>
            <ns3:cad>0</ns3:cad>
          </ns3:TrackPointExtension>
        </extensions>
      </trkpt>
      <trkpt lat="28.978073559701442718505859375" lon="82.845368050038814544677734375">
        <ele>2077.800048828125</ele>
        <time>2026-08-05T06:42:42.000Z</time>
        <extensions>
          <ns3:TrackPointExtension>
            <ns3:hr>96</ns3:hr>
            <ns3:cad>0</ns3:cad>
          </ns3:TrackPointExtension>
        </extensions>
      </trkpt>
      <trkpt lat="28.97809007205069065093994140625" lon="82.8453437425196170806884765625">
        <ele>2076.800048828125</ele>
        <time>2026-08-05T06:42:50.000Z</time>
        <extensions>
          <ns3:TrackPointExtension>
            <ns3:hr>98</ns3:hr>
            <ns3:cad>0</ns3:cad>
          </ns3:TrackPointExtension>
        </extensions>
      </trkpt>
      <trkpt lat="28.97810867987573146820068359375" lon="82.8453134000301361083984375">
        <ele>2076.39990234375</ele>
        <time>2026-08-05T06:42:54.000Z</time>
        <extensions>
          <ns3:TrackPointExtension>
            <ns3:hr>101</ns3:hr>
            <ns3:cad>0</ns3:cad>
          </ns3:TrackPointExtension>
        </extensions>
      </trkpt>
      <trkpt lat="28.9781159721314907073974609375" lon="82.8453078679740428924560546875">
        <ele>2076.199951171875</ele>
        <time>2026-08-05T06:42:55.000Z</time>
        <extensions>
          <ns3:TrackPointExtension>
            <ns3:hr>101</ns3:hr>
            <ns3:cad>50</ns3:cad>
          </ns3:TrackPointExtension>
        </extensions>
      </trkpt>
      <trkpt lat="28.97812276147305965423583984375" lon="82.84529370255768299102783203125">
        <ele>2076.199951171875</ele>
        <time>2026-08-05T06:42:57.000Z</time>
        <extensions>
          <ns3:TrackPointExtension>
            <ns3:hr>101</ns3:hr>
            <ns3:cad>50</ns3:cad>
          </ns3:TrackPointExtension>
        </extensions>
      </trkpt>
      <trkpt lat="28.9781337417662143707275390625" lon="82.8452726639807224273681640625">
        <ele>2075.39990234375</ele>
        <time>2026-08-05T06:43:00.000Z</time>
        <extensions>
          <ns3:TrackPointExtension>
            <ns3:hr>98</ns3:hr>
            <ns3:cad>54</ns3:cad>
          </ns3:TrackPointExtension>
        </extensions>
      </trkpt>
      <trkpt lat="28.97814338095486164093017578125" lon="82.8452659584581851959228515625">
        <ele>2075</ele>
        <time>2026-08-05T06:43:01.000Z</time>
        <extensions>
          <ns3:TrackPointExtension>
            <ns3:hr>97</ns3:hr>
            <ns3:cad>54</ns3:cad>
          </ns3:TrackPointExtension>
        </extensions>
      </trkpt>
      <trkpt lat="28.97815637290477752685546875" lon="82.84527610056102275848388671875">
        <ele>2074.60009765625</ele>
        <time>2026-08-05T06:43:02.000Z</time>
        <extensions>
          <ns3:TrackPointExtension>
            <ns3:hr>97</ns3:hr>
            <ns3:cad>54</ns3:cad>
          </ns3:TrackPointExtension>
        </extensions>
      </trkpt>
      <trkpt lat="28.97817003540694713592529296875" lon="82.84529655240476131439208984375">
        <ele>2074</ele>
        <time>2026-08-05T06:43:04.000Z</time>
        <extensions>
          <ns3:TrackPointExtension>
            <ns3:hr>96</ns3:hr>
            <ns3:cad>55</ns3:cad>
          </ns3:TrackPointExtension>
        </extensions>
      </trkpt>
      <trkpt lat="28.97816416807472705841064453125" lon="82.84531633369624614715576171875">
        <ele>2073.800048828125</ele>
        <time>2026-08-05T06:43:06.000Z</time>
        <extensions>
          <ns3:TrackPointExtension>
            <ns3:hr>95</ns3:hr>
            <ns3:cad>56</ns3:cad>
          </ns3:TrackPointExtension>
        </extensions>
      </trkpt>
      <trkpt lat="28.97816576063632965087890625" lon="82.8453289903700351715087890625">
        <ele>2073.800048828125</ele>
        <time>2026-08-05T06:43:07.000Z</time>
        <extensions>
          <ns3:TrackPointExtension>
            <ns3:hr>94</ns3:hr>
            <ns3:cad>53</ns3:cad>
          </ns3:TrackPointExtension>
        </extensions>
      </trkpt>
      <trkpt lat="28.97813768126070499420166015625" lon="82.84539495594799518585205078125">
        <ele>2073</ele>
        <time>2026-08-05T06:43:14.000Z</time>
        <extensions>
          <ns3:TrackPointExtension>
            <ns3:hr>95</ns3:hr>
            <ns3:cad>50</ns3:cad>
          </ns3:TrackPointExtension>
        </extensions>
      </trkpt>
      <trkpt lat="28.978137262165546417236328125" lon="82.84540182910859584808349609375">
        <ele>2072.800048828125</ele>
        <time>2026-08-05T06:43:15.000Z</time>
        <extensions>
          <ns3:TrackPointExtension>
            <ns3:hr>95</ns3:hr>
            <ns3:cad>50</ns3:cad>
          </ns3:TrackPointExtension>
        </extensions>
      </trkpt>
      <trkpt lat="28.978105746209621429443359375" lon="82.84544943831861019134521484375">
        <ele>2072.199951171875</ele>
        <time>2026-08-05T06:43:21.000Z</time>
        <extensions>
          <ns3:TrackPointExtension>
            <ns3:hr>93</ns3:hr>
            <ns3:cad>46</ns3:cad>
          </ns3:TrackPointExtension>
        </extensions>
      </trkpt>
      <trkpt lat="28.97808940149843692779541015625" lon="82.84547341056168079376220703125">
        <ele>2071.800048828125</ele>
        <time>2026-08-05T06:43:25.000Z</time>
        <extensions>
          <ns3:TrackPointExtension>
            <ns3:hr>94</ns3:hr>
            <ns3:cad>46</ns3:cad>
          </ns3:TrackPointExtension>
        </extensions>
      </trkpt>
      <trkpt lat="28.97807682864367961883544921875" lon="82.8454902581870555877685546875">
        <ele>2071.199951171875</ele>
        <time>2026-08-05T06:43:28.000Z</time>
        <extensions>
          <ns3:TrackPointExtension>
            <ns3:hr>95</ns3:hr>
            <ns3:cad>49</ns3:cad>
          </ns3:TrackPointExtension>
        </extensions>
      </trkpt>
      <trkpt lat="28.97804983891546726226806640625" lon="82.8455211035907268524169921875">
        <ele>2070.800048828125</ele>
        <time>2026-08-05T06:43:32.000Z</time>
        <extensions>
          <ns3:TrackPointExtension>
            <ns3:hr>95</ns3:hr>
            <ns3:cad>49</ns3:cad>
          </ns3:TrackPointExtension>
        </extensions>
      </trkpt>
      <trkpt lat="28.9780475758016109466552734375" lon="82.84553132951259613037109375">
        <ele>2070.60009765625</ele>
        <time>2026-08-05T06:43:33.000Z</time>
        <extensions>
          <ns3:TrackPointExtension>
            <ns3:hr>95</ns3:hr>
            <ns3:cad>49</ns3:cad>
          </ns3:TrackPointExtension>
        </extensions>
      </trkpt>
      <trkpt lat="28.978025279939174652099609375" lon="82.84557248465716838836669921875">
        <ele>2070</ele>
        <time>2026-08-05T06:43:38.000Z</time>
        <extensions>
          <ns3:TrackPointExtension>
            <ns3:hr>100</ns3:hr>
            <ns3:cad>46</ns3:cad>
          </ns3:TrackPointExtension>
        </extensions>
      </trkpt>
      <trkpt lat="28.97802100516855716705322265625" lon="82.84557784907519817352294921875">
        <ele>2070</ele>
        <time>2026-08-05T06:43:39.000Z</time>
        <extensions>
          <ns3:TrackPointExtension>
            <ns3:hr>102</ns3:hr>
            <ns3:cad>45</ns3:cad>
          </ns3:TrackPointExtension>
        </extensions>
      </trkpt>
      <trkpt lat="28.9780147187411785125732421875" lon="82.84559964202344417572021484375">
        <ele>2069.60009765625</ele>
        <time>2026-08-05T06:43:41.000Z</time>
        <extensions>
          <ns3:TrackPointExtension>
            <ns3:hr>102</ns3:hr>
            <ns3:cad>45</ns3:cad>
          </ns3:TrackPointExtension>
        </extensions>
      </trkpt>
      <trkpt lat="28.97799678146839141845703125" lon="82.8456486761569976806640625">
        <ele>2068.60009765625</ele>
        <time>2026-08-05T06:43:46.000Z</time>
        <extensions>
          <ns3:TrackPointExtension>
            <ns3:hr>103</ns3:hr>
            <ns3:cad>50</ns3:cad>
          </ns3:TrackPointExtension>
        </extensions>
      </trkpt>
      <trkpt lat="28.9779781736433506011962890625" lon="82.84571397118270397186279296875">
        <ele>2068.199951171875</ele>
        <time>2026-08-05T06:43:52.000Z</time>
        <extensions>
          <ns3:TrackPointExtension>
            <ns3:hr>104</ns3:hr>
            <ns3:cad>48</ns3:cad>
          </ns3:TrackPointExtension>
        </extensions>
      </trkpt>
      <trkpt lat="28.9779825322329998016357421875" lon="82.84572570584714412689208984375">
        <ele>2068</ele>
        <time>2026-08-05T06:43:53.000Z</time>
        <extensions>
          <ns3:TrackPointExtension>
            <ns3:hr>103</ns3:hr>
            <ns3:cad>48</ns3:cad>
          </ns3:TrackPointExtension>
        </extensions>
      </trkpt>
      <trkpt lat="28.97796954028308391571044921875" lon="82.84578521735966205596923828125">
        <ele>2067.39990234375</ele>
        <time>2026-08-05T06:43:58.000Z</time>
        <extensions>
          <ns3:TrackPointExtension>
            <ns3:hr>103</ns3:hr>
            <ns3:cad>50</ns3:cad>
          </ns3:TrackPointExtension>
        </extensions>
      </trkpt>
      <trkpt lat="28.9779664389789104461669921875" lon="82.8458570502698421478271484375">
        <ele>2067</ele>
        <time>2026-08-05T06:44:04.000Z</time>
        <extensions>
          <ns3:TrackPointExtension>
            <ns3:hr>103</ns3:hr>
            <ns3:cad>47</ns3:cad>
          </ns3:TrackPointExtension>
        </extensions>
      </trkpt>
      <trkpt lat="28.97796048782765865325927734375" lon="82.845936678349971771240234375">
        <ele>2066.60009765625</ele>
        <time>2026-08-05T06:44:10.000Z</time>
        <extensions>
          <ns3:TrackPointExtension>
            <ns3:hr>103</ns3:hr>
            <ns3:cad>48</ns3:cad>
          </ns3:TrackPointExtension>
        </extensions>
      </trkpt>
      <trkpt lat="28.977958895266056060791015625" lon="82.84595117904245853424072265625">
        <ele>2066.39990234375</ele>
        <time>2026-08-05T06:44:11.000Z</time>
        <extensions>
          <ns3:TrackPointExtension>
            <ns3:hr>104</ns3:hr>
            <ns3:cad>48</ns3:cad>
          </ns3:TrackPointExtension>
        </extensions>
      </trkpt>
      <trkpt lat="28.97793718613684177398681640625" lon="82.8460062481462955474853515625">
        <ele>2065.39990234375</ele>
        <time>2026-08-05T06:44:16.000Z</time>
        <extensions>
          <ns3:TrackPointExtension>
            <ns3:hr>104</ns3:hr>
            <ns3:cad>48</ns3:cad>
          </ns3:TrackPointExtension>
        </extensions>
      </trkpt>
      <trkpt lat="28.97792276926338672637939453125" lon="82.84604891203343868255615234375">
        <ele>2065.800048828125</ele>
        <time>2026-08-05T06:44:20.000Z</time>
        <extensions>
          <ns3:TrackPointExtension>
            <ns3:hr>101</ns3:hr>
            <ns3:cad>48</ns3:cad>
          </ns3:TrackPointExtension>
        </extensions>
      </trkpt>
      <trkpt lat="28.97791606374084949493408203125" lon="82.84606751985847949981689453125">
        <ele>2065.60009765625</ele>
        <time>2026-08-05T06:44:22.000Z</time>
        <extensions>
          <ns3:TrackPointExtension>
            <ns3:hr>101</ns3:hr>
            <ns3:cad>48</ns3:cad>
          </ns3:TrackPointExtension>
        </extensions>
      </trkpt>
      <trkpt lat="28.977911956608295440673828125" lon="82.8460813499987125396728515625">
        <ele>2065.39990234375</ele>
        <time>2026-08-05T06:44:23.000Z</time>
        <extensions>
          <ns3:TrackPointExtension>
            <ns3:hr>101</ns3:hr>
            <ns3:cad>48</ns3:cad>
          </ns3:TrackPointExtension>
        </extensions>
      </trkpt>
      <trkpt lat="28.97789242677390575408935546875" lon="82.84612585790455341339111328125">
        <ele>2065</ele>
        <time>2026-08-05T06:44:27.000Z</time>
        <extensions>
          <ns3:TrackPointExtension>
            <ns3:hr>99</ns3:hr>
            <ns3:cad>48</ns3:cad>
          </ns3:TrackPointExtension>
        </extensions>
      </trkpt>
      <trkpt lat="28.97788102738559246063232421875" lon="82.8461457230150699615478515625">
        <ele>2064.60009765625</ele>
        <time>2026-08-05T06:44:29.000Z</time>
        <extensions>
          <ns3:TrackPointExtension>
            <ns3:hr>96</ns3:hr>
            <ns3:cad>47</ns3:cad>
          </ns3:TrackPointExtension>
        </extensions>
      </trkpt>
      <trkpt lat="28.97787876427173614501953125" lon="82.8461581282317638397216796875">
        <ele>2064.39990234375</ele>
        <time>2026-08-05T06:44:30.000Z</time>
        <extensions>
          <ns3:TrackPointExtension>
            <ns3:hr>96</ns3:hr>
            <ns3:cad>47</ns3:cad>
          </ns3:TrackPointExtension>
        </extensions>
      </trkpt>
      <trkpt lat="28.97787499241530895233154296875" lon="82.8461913205683231353759765625">
        <ele>2063.800048828125</ele>
        <time>2026-08-05T06:44:33.000Z</time>
        <extensions>
          <ns3:TrackPointExtension>
            <ns3:hr>96</ns3:hr>
            <ns3:cad>49</ns3:cad>
          </ns3:TrackPointExtension>
        </extensions>
      </trkpt>
      <trkpt lat="28.977858312427997589111328125" lon="82.846248485147953033447265625">
        <ele>2063.199951171875</ele>
        <time>2026-08-05T06:44:38.000Z</time>
        <extensions>
          <ns3:TrackPointExtension>
            <ns3:hr>97</ns3:hr>
            <ns3:cad>50</ns3:cad>
          </ns3:TrackPointExtension>
        </extensions>
      </trkpt>
      <trkpt lat="28.97785755805671215057373046875" lon="82.8462838567793369293212890625">
        <ele>2062.60009765625</ele>
        <time>2026-08-05T06:44:41.000Z</time>
        <extensions>
          <ns3:TrackPointExtension>
            <ns3:hr>96</ns3:hr>
            <ns3:cad>50</ns3:cad>
          </ns3:TrackPointExtension>
        </extensions>
      </trkpt>
      <trkpt lat="28.97785596549510955810546875" lon="82.8463586233556270599365234375">
        <ele>2062.199951171875</ele>
        <time>2026-08-05T06:44:47.000Z</time>
        <extensions>
          <ns3:TrackPointExtension>
            <ns3:hr>97</ns3:hr>
            <ns3:cad>51</ns3:cad>
          </ns3:TrackPointExtension>
        </extensions>
      </trkpt>
      <trkpt lat="28.97786074317991733551025390625" lon="82.8463690169155597686767578125">
        <ele>2062</ele>
        <time>2026-08-05T06:44:48.000Z</time>
        <extensions>
          <ns3:TrackPointExtension>
            <ns3:hr>97</ns3:hr>
            <ns3:cad>51</ns3:cad>
          </ns3:TrackPointExtension>
        </extensions>
      </trkpt>
      <trkpt lat="28.9778846316039562225341796875" lon="82.84643313847482204437255859375">
        <ele>2062</ele>
        <time>2026-08-05T06:44:54.000Z</time>
        <extensions>
          <ns3:TrackPointExtension>
            <ns3:hr>97</ns3:hr>
            <ns3:cad>51</ns3:cad>
          </ns3:TrackPointExtension>
        </extensions>
      </trkpt>
      <trkpt lat="28.97791790775954723358154296875" lon="82.846509329974651336669921875">
        <ele>2061.800048828125</ele>
        <time>2026-08-05T06:45:00.000Z</time>
        <extensions>
          <ns3:TrackPointExtension>
            <ns3:hr>98</ns3:hr>
            <ns3:cad>50</ns3:cad>
          </ns3:TrackPointExtension>
        </extensions>
      </trkpt>
      <trkpt lat="28.97794221527874469757080078125" lon="82.8465909697115421295166015625">
        <ele>2061.39990234375</ele>
        <time>2026-08-05T06:45:06.000Z</time>
        <extensions>
          <ns3:TrackPointExtension>
            <ns3:hr>97</ns3:hr>
            <ns3:cad>50</ns3:cad>
          </ns3:TrackPointExtension>
        </extensions>
      </trkpt>
      <trkpt lat="28.9779339171946048736572265625" lon="82.846653498709201812744140625">
        <ele>2061.60009765625</ele>
        <time>2026-08-05T06:45:11.000Z</time>
        <extensions>
          <ns3:TrackPointExtension>
            <ns3:hr>96</ns3:hr>
            <ns3:cad>0</ns3:cad>
          </ns3:TrackPointExtension>
        </extensions>
      </trkpt>
      <trkpt lat="28.97791857831180095672607421875" lon="82.84670504741370677947998046875">
        <ele>2061.39990234375</ele>
        <time>2026-08-05T06:45:16.000Z</time>
        <extensions>
          <ns3:TrackPointExtension>
            <ns3:hr>94</ns3:hr>
            <ns3:cad>44</ns3:cad>
          </ns3:TrackPointExtension>
        </extensions>
      </trkpt>
      <trkpt lat="28.9779134653508663177490234375" lon="82.84674100577831268310546875">
        <ele>2061.199951171875</ele>
        <time>2026-08-05T06:45:19.000Z</time>
        <extensions>
          <ns3:TrackPointExtension>
            <ns3:hr>93</ns3:hr>
            <ns3:cad>47</ns3:cad>
          </ns3:TrackPointExtension>
        </extensions>
      </trkpt>
      <trkpt lat="28.9779102802276611328125" lon="82.84678065218031406402587890625">
        <ele>2061</ele>
        <time>2026-08-05T06:45:22.000Z</time>
        <extensions>
          <ns3:TrackPointExtension>
            <ns3:hr>93</ns3:hr>
            <ns3:cad>48</ns3:cad>
          </ns3:TrackPointExtension>
        </extensions>
      </trkpt>
      <trkpt lat="28.97791120223701000213623046875" lon="82.846853323280811309814453125">
        <ele>2060.60009765625</ele>
        <time>2026-08-05T06:45:28.000Z</time>
        <extensions>
          <ns3:TrackPointExtension>
            <ns3:hr>93</ns3:hr>
            <ns3:cad>48</ns3:cad>
          </ns3:TrackPointExtension>
        </extensions>
      </trkpt>
      <trkpt lat="28.9778995513916015625" lon="82.84691710956394672393798828125">
        <ele>2060.39990234375</ele>
        <time>2026-08-05T06:45:34.000Z</time>
        <extensions>
          <ns3:TrackPointExtension>
            <ns3:hr>91</ns3:hr>
            <ns3:cad>50</ns3:cad>
          </ns3:TrackPointExtension>
        </extensions>
      </trkpt>
      <trkpt lat="28.9778956957161426544189453125" lon="82.84694644622504711151123046875">
        <ele>2060</ele>
        <time>2026-08-05T06:45:36.000Z</time>
        <extensions>
          <ns3:TrackPointExtension>
            <ns3:hr>91</ns3:hr>
            <ns3:cad>49</ns3:cad>
          </ns3:TrackPointExtension>
        </extensions>
      </trkpt>
      <trkpt lat="28.97788370959460735321044921875" lon="82.84696773625910282135009765625">
        <ele>2059.39990234375</ele>
        <time>2026-08-05T06:45:38.000Z</time>
        <extensions>
          <ns3:TrackPointExtension>
            <ns3:hr>90</ns3:hr>
            <ns3:cad>51</ns3:cad>
          </ns3:TrackPointExtension>
        </extensions>
      </trkpt>
      <trkpt lat="28.97787951864302158355712890625" lon="82.84698835574090480804443359375">
        <ele>2058.60009765625</ele>
        <time>2026-08-05T06:45:40.000Z</time>
        <extensions>
          <ns3:TrackPointExtension>
            <ns3:hr>92</ns3:hr>
            <ns3:cad>50</ns3:cad>
          </ns3:TrackPointExtension>
        </extensions>
      </trkpt>
      <trkpt lat="28.97788370959460735321044921875" lon="82.847039736807346343994140625">
        <ele>2058.199951171875</ele>
        <time>2026-08-05T06:45:44.000Z</time>
        <extensions>
          <ns3:TrackPointExtension>
            <ns3:hr>95</ns3:hr>
            <ns3:cad>50</ns3:cad>
          </ns3:TrackPointExtension>
        </extensions>
      </trkpt>
      <trkpt lat="28.97788404487073421478271484375" lon="82.847047783434391021728515625">
        <ele>2058.60009765625</ele>
        <time>2026-08-05T06:45:45.000Z</time>
        <extensions>
          <ns3:TrackPointExtension>
            <ns3:hr>96</ns3:hr>
            <ns3:cad>50</ns3:cad>
          </ns3:TrackPointExtension>
        </extensions>
      </trkpt>
      <trkpt lat="28.9778821170330047607421875" lon="82.84711542539298534393310546875">
        <ele>2058.60009765625</ele>
        <time>2026-08-05T06:45:50.000Z</time>
        <extensions>
          <ns3:TrackPointExtension>
            <ns3:hr>98</ns3:hr>
            <ns3:cad>48</ns3:cad>
          </ns3:TrackPointExtension>
        </extensions>
      </trkpt>
      <trkpt lat="28.97787851281464099884033203125" lon="82.84719354473054409027099609375">
        <ele>2057.800048828125</ele>
        <time>2026-08-05T06:45:56.000Z</time>
        <extensions>
          <ns3:TrackPointExtension>
            <ns3:hr>98</ns3:hr>
            <ns3:cad>49</ns3:cad>
          </ns3:TrackPointExtension>
        </extensions>
      </trkpt>
      <trkpt lat="28.97787876427173614501953125" lon="82.8472078777849674224853515625">
        <ele>2057.60009765625</ele>
        <time>2026-08-05T06:45:57.000Z</time>
        <extensions>
          <ns3:TrackPointExtension>
            <ns3:hr>98</ns3:hr>
            <ns3:cad>49</ns3:cad>
          </ns3:TrackPointExtension>
        </extensions>
      </trkpt>
      <trkpt lat="28.97787046618759632110595703125" lon="82.84727283753454685211181640625">
        <ele>2057</ele>
        <time>2026-08-05T06:46:02.000Z</time>
        <extensions>
          <ns3:TrackPointExtension>
            <ns3:hr>98</ns3:hr>
            <ns3:cad>50</ns3:cad>
          </ns3:TrackPointExtension>
        </extensions>
      </trkpt>
      <trkpt lat="28.9778713881969451904296875" lon="82.847295887768268585205078125">
        <ele>2056.39990234375</ele>
        <time>2026-08-05T06:46:04.000Z</time>
        <extensions>
          <ns3:TrackPointExtension>
            <ns3:hr>98</ns3:hr>
            <ns3:cad>50</ns3:cad>
          </ns3:TrackPointExtension>
        </extensions>
      </trkpt>
      <trkpt lat="28.97786309011280536651611328125" lon="82.847336791455745697021484375">
        <ele>2055.39990234375</ele>
        <time>2026-08-05T06:46:08.000Z</time>
        <extensions>
          <ns3:TrackPointExtension>
            <ns3:hr>98</ns3:hr>
            <ns3:cad>50</ns3:cad>
          </ns3:TrackPointExtension>
        </extensions>
      </trkpt>
      <trkpt lat="28.97785956971347332000732421875" lon="82.8473517112433910369873046875">
        <ele>2055.39990234375</ele>
        <time>2026-08-05T06:46:09.000Z</time>
        <extensions>
          <ns3:TrackPointExtension>
            <ns3:hr>97</ns3:hr>
            <ns3:cad>50</ns3:cad>
          </ns3:TrackPointExtension>
        </extensions>
      </trkpt>
      <trkpt lat="28.97783693857491016387939453125" lon="82.84744114615023136138916015625">
        <ele>2055.199951171875</ele>
        <time>2026-08-05T06:46:16.000Z</time>
        <extensions>
          <ns3:TrackPointExtension>
            <ns3:hr>98</ns3:hr>
            <ns3:cad>50</ns3:cad>
          </ns3:TrackPointExtension>
        </extensions>
      </trkpt>
      <trkpt lat="28.97784364409744739532470703125" lon="82.84751876257359981536865234375">
        <ele>2054.39990234375</ele>
        <time>2026-08-05T06:46:22.000Z</time>
        <extensions>
          <ns3:TrackPointExtension>
            <ns3:hr>98</ns3:hr>
            <ns3:cad>50</ns3:cad>
          </ns3:TrackPointExtension>
        </extensions>
      </trkpt>
      <trkpt lat="28.97785185836255550384521484375" lon="82.847597636282444000244140625">
        <ele>2054.60009765625</ele>
        <time>2026-08-05T06:46:28.000Z</time>
        <extensions>
          <ns3:TrackPointExtension>
            <ns3:hr>99</ns3:hr>
            <ns3:cad>48</ns3:cad>
          </ns3:TrackPointExtension>
        </extensions>
      </trkpt>
      <trkpt lat="28.9778767526149749755859375" lon="82.8476641885936260223388671875">
        <ele>2054.39990234375</ele>
        <time>2026-08-05T06:46:33.000Z</time>
        <extensions>
          <ns3:TrackPointExtension>
            <ns3:hr>100</ns3:hr>
            <ns3:cad>49</ns3:cad>
          </ns3:TrackPointExtension>
        </extensions>
      </trkpt>
      <trkpt lat="28.97787750698626041412353515625" lon="82.8477180004119873046875">
        <ele>2054.39990234375</ele>
        <time>2026-08-05T06:46:37.000Z</time>
        <extensions>
          <ns3:TrackPointExtension>
            <ns3:hr>99</ns3:hr>
            <ns3:cad>49</ns3:cad>
          </ns3:TrackPointExtension>
        </extensions>
      </trkpt>
      <trkpt lat="28.977867029607295989990234375" lon="82.847787402570247650146484375">
        <ele>2054.60009765625</ele>
        <time>2026-08-05T06:46:43.000Z</time>
        <extensions>
          <ns3:TrackPointExtension>
            <ns3:hr>100</ns3:hr>
            <ns3:cad>49</ns3:cad>
          </ns3:TrackPointExtension>
        </extensions>
      </trkpt>
      <trkpt lat="28.97783895023167133331298828125" lon="82.847847081720829010009765625">
        <ele>2054.199951171875</ele>
        <time>2026-08-05T06:46:49.000Z</time>
        <extensions>
          <ns3:TrackPointExtension>
            <ns3:hr>100</ns3:hr>
            <ns3:cad>46</ns3:cad>
          </ns3:TrackPointExtension>
        </extensions>
      </trkpt>
      <trkpt lat="28.977850265800952911376953125" lon="82.8479273803532123565673828125">
        <ele>2053.800048828125</ele>
        <time>2026-08-05T06:46:56.000Z</time>
        <extensions>
          <ns3:TrackPointExtension>
            <ns3:hr>100</ns3:hr>
            <ns3:cad>41</ns3:cad>
          </ns3:TrackPointExtension>
        </extensions>
      </trkpt>
      <trkpt lat="28.97784054279327392578125" lon="82.84797079861164093017578125">
        <ele>2054.800048828125</ele>
        <time>2026-08-05T06:47:00.000Z</time>
        <extensions>
          <ns3:TrackPointExtension>
            <ns3:hr>98</ns3:hr>
            <ns3:cad>0</ns3:cad>
          </ns3:TrackPointExtension>
        </extensions>
      </trkpt>
      <trkpt lat="28.97783610038459300994873046875" lon="82.848028801381587982177734375">
        <ele>2054.39990234375</ele>
        <time>2026-08-05T06:47:05.000Z</time>
        <extensions>
          <ns3:TrackPointExtension>
            <ns3:hr>99</ns3:hr>
            <ns3:cad>48</ns3:cad>
          </ns3:TrackPointExtension>
        </extensions>
      </trkpt>
      <trkpt lat="28.97784163244068622589111328125" lon="82.8481215052306652069091796875">
        <ele>2053.39990234375</ele>
        <time>2026-08-05T06:47:12.000Z</time>
        <extensions>
          <ns3:TrackPointExtension>
            <ns3:hr>101</ns3:hr>
            <ns3:cad>50</ns3:cad>
          </ns3:TrackPointExtension>
        </extensions>
      </trkpt>
      <trkpt lat="28.977836184203624725341796875" lon="82.84818981774151325225830078125">
        <ele>2053.199951171875</ele>
        <time>2026-08-05T06:47:17.000Z</time>
        <extensions>
          <ns3:TrackPointExtension>
            <ns3:hr>101</ns3:hr>
            <ns3:cad>50</ns3:cad>
          </ns3:TrackPointExtension>
        </extensions>
      </trkpt>
      <trkpt lat="28.97782956250011920928955078125" lon="82.8482452221214771270751953125">
        <ele>2052.60009765625</ele>
        <time>2026-08-05T06:47:21.000Z</time>
        <extensions>
          <ns3:TrackPointExtension>
            <ns3:hr>105</ns3:hr>
            <ns3:cad>50</ns3:cad>
          </ns3:TrackPointExtension>
        </extensions>
      </trkpt>
      <trkpt lat="28.9778326638042926788330078125" lon="82.848259471356868743896484375">
        <ele>2052.39990234375</ele>
        <time>2026-08-05T06:47:22.000Z</time>
        <extensions>
          <ns3:TrackPointExtension>
            <ns3:hr>108</ns3:hr>
            <ns3:cad>50</ns3:cad>
          </ns3:TrackPointExtension>
        </extensions>
      </trkpt>
      <trkpt lat="28.97782989777624607086181640625" lon="82.84827380441129207611083984375">
        <ele>2052.199951171875</ele>
        <time>2026-08-05T06:47:23.000Z</time>
        <extensions>
          <ns3:TrackPointExtension>
            <ns3:hr>111</ns3:hr>
            <ns3:cad>50</ns3:cad>
          </ns3:TrackPointExtension>
        </extensions>
      </trkpt>
      <trkpt lat="28.97782570682466030120849609375" lon="82.8482931666076183319091796875">
        <ele>2052.199951171875</ele>
        <time>2026-08-05T06:47:24.000Z</time>
        <extensions>
          <ns3:TrackPointExtension>
            <ns3:hr>113</ns3:hr>
            <ns3:cad>50</ns3:cad>
          </ns3:TrackPointExtension>
        </extensions>
      </trkpt>
      <trkpt lat="28.977822102606296539306640625" lon="82.8483657538890838623046875">
        <ele>2051.800048828125</ele>
        <time>2026-08-05T06:47:29.000Z</time>
        <extensions>
          <ns3:TrackPointExtension>
            <ns3:hr>113</ns3:hr>
            <ns3:cad>51</ns3:cad>
          </ns3:TrackPointExtension>
        </extensions>
      </trkpt>
      <trkpt lat="28.97782570682466030120849609375" lon="82.84842702560126781463623046875">
        <ele>2051.800048828125</ele>
        <time>2026-08-05T06:47:34.000Z</time>
        <extensions>
          <ns3:TrackPointExtension>
            <ns3:hr>111</ns3:hr>
            <ns3:cad>49</ns3:cad>
          </ns3:TrackPointExtension>
        </extensions>
      </trkpt>
      <trkpt lat="28.9778215996921062469482421875" lon="82.8485060669481754302978515625">
        <ele>2051.60009765625</ele>
        <time>2026-08-05T06:47:40.000Z</time>
        <extensions>
          <ns3:TrackPointExtension>
            <ns3:hr>112</ns3:hr>
            <ns3:cad>50</ns3:cad>
          </ns3:TrackPointExtension>
        </extensions>
      </trkpt>
      <trkpt lat="28.97782771848142147064208984375" lon="82.84855979494750499725341796875">
        <ele>2051.60009765625</ele>
        <time>2026-08-05T06:47:44.000Z</time>
        <extensions>
          <ns3:TrackPointExtension>
            <ns3:hr>113</ns3:hr>
            <ns3:cad>48</ns3:cad>
          </ns3:TrackPointExtension>
        </extensions>
      </trkpt>
      <trkpt lat="28.97782771848142147064208984375" lon="82.84861494787037372589111328125">
        <ele>2051.60009765625</ele>
        <time>2026-08-05T06:47:48.000Z</time>
        <extensions>
          <ns3:TrackPointExtension>
            <ns3:hr>108</ns3:hr>
            <ns3:cad>48</ns3:cad>
          </ns3:TrackPointExtension>
        </extensions>
      </trkpt>
      <trkpt lat="28.9778252877295017242431640625" lon="82.8486230783164501190185546875">
        <ele>2051.60009765625</ele>
        <time>2026-08-05T06:47:49.000Z</time>
        <extensions>
          <ns3:TrackPointExtension>
            <ns3:hr>106</ns3:hr>
            <ns3:cad>48</ns3:cad>
          </ns3:TrackPointExtension>
        </extensions>
      </trkpt>
      <trkpt lat="28.977813385426998138427734375" lon="82.84868133254349231719970703125">
        <ele>2052</ele>
        <time>2026-08-05T06:47:54.000Z</time>
        <extensions>
          <ns3:TrackPointExtension>
            <ns3:hr>105</ns3:hr>
            <ns3:cad>0</ns3:cad>
          </ns3:TrackPointExtension>
        </extensions>
      </trkpt>
      <trkpt lat="28.9778048358857631683349609375" lon="82.84872726537287235260009765625">
        <ele>2052.800048828125</ele>
        <time>2026-08-05T06:47:58.000Z</time>
        <extensions>
          <ns3:TrackPointExtension>
            <ns3:hr>104</ns3:hr>
            <ns3:cad>0</ns3:cad>
          </ns3:TrackPointExtension>
        </extensions>
      </trkpt>
      <trkpt lat="28.97779888473451137542724609375" lon="82.84875408746302127838134765625">
        <ele>2053.199951171875</ele>
        <time>2026-08-05T06:48:00.000Z</time>
        <extensions>
          <ns3:TrackPointExtension>
            <ns3:hr>103</ns3:hr>
            <ns3:cad>0</ns3:cad>
          </ns3:TrackPointExtension>
        </extensions>
      </trkpt>
      <trkpt lat="28.97779335267841815948486328125" lon="82.84879012964665889739990234375">
        <ele>2052.800048828125</ele>
        <time>2026-08-05T06:48:03.000Z</time>
        <extensions>
          <ns3:TrackPointExtension>
            <ns3:hr>104</ns3:hr>
            <ns3:cad>47</ns3:cad>
          </ns3:TrackPointExtension>
        </extensions>
      </trkpt>
      <trkpt lat="28.97779301740229129791259765625" lon="82.8488249145448207855224609375">
        <ele>2052.199951171875</ele>
        <time>2026-08-05T06:48:06.000Z</time>
        <extensions>
          <ns3:TrackPointExtension>
            <ns3:hr>105</ns3:hr>
            <ns3:cad>46</ns3:cad>
          </ns3:TrackPointExtension>
        </extensions>
      </trkpt>
      <trkpt lat="28.9777874015271663665771484375" lon="82.8488664887845516204833984375">
        <ele>2052</ele>
        <time>2026-08-05T06:48:09.000Z</time>
        <extensions>
          <ns3:TrackPointExtension>
            <ns3:hr>104</ns3:hr>
            <ns3:cad>45</ns3:cad>
          </ns3:TrackPointExtension>
        </extensions>
      </trkpt>
      <trkpt lat="28.97778295911848545074462890625" lon="82.8489129245281219482421875">
        <ele>2052</ele>
        <time>2026-08-05T06:48:13.000Z</time>
        <extensions>
          <ns3:TrackPointExtension>
            <ns3:hr>103</ns3:hr>
            <ns3:cad>45</ns3:cad>
          </ns3:TrackPointExtension>
        </extensions>
      </trkpt>
      <trkpt lat="28.97779134102165699005126953125" lon="82.84898777492344379425048828125">
        <ele>2052.199951171875</ele>
        <time>2026-08-05T06:48:19.000Z</time>
        <extensions>
          <ns3:TrackPointExtension>
            <ns3:hr>105</ns3:hr>
            <ns3:cad>48</ns3:cad>
          </ns3:TrackPointExtension>
        </extensions>
      </trkpt>
      <trkpt lat="28.9777914248406887054443359375" lon="82.84903454594314098358154296875">
        <ele>2052.199951171875</ele>
        <time>2026-08-05T06:48:23.000Z</time>
        <extensions>
          <ns3:TrackPointExtension>
            <ns3:hr>106</ns3:hr>
            <ns3:cad>46</ns3:cad>
          </ns3:TrackPointExtension>
        </extensions>
      </trkpt>
      <trkpt lat="28.9777823723852634429931640625" lon="82.84911484457552433013916015625">
        <ele>2052</ele>
        <time>2026-08-05T06:48:29.000Z</time>
        <extensions>
          <ns3:TrackPointExtension>
            <ns3:hr>105</ns3:hr>
            <ns3:cad>48</ns3:cad>
          </ns3:TrackPointExtension>
        </extensions>
      </trkpt>
      <trkpt lat="28.9777828752994537353515625" lon="82.849163375794887542724609375">
        <ele>2052.199951171875</ele>
        <time>2026-08-05T06:48:33.000Z</time>
        <extensions>
          <ns3:TrackPointExtension>
            <ns3:hr>106</ns3:hr>
            <ns3:cad>47</ns3:cad>
          </ns3:TrackPointExtension>
        </extensions>
      </trkpt>
      <trkpt lat="28.97777625359594821929931640625" lon="82.84923613071441650390625">
        <ele>2052.199951171875</ele>
        <time>2026-08-05T06:48:38.000Z</time>
        <extensions>
          <ns3:TrackPointExtension>
            <ns3:hr>107</ns3:hr>
            <ns3:cad>46</ns3:cad>
          </ns3:TrackPointExtension>
        </extensions>
      </trkpt>
      <trkpt lat="28.9777924306690692901611328125" lon="82.84930444322526454925537109375">
        <ele>2053</ele>
        <time>2026-08-05T06:48:44.000Z</time>
        <extensions>
          <ns3:TrackPointExtension>
            <ns3:hr>108</ns3:hr>
            <ns3:cad>47</ns3:cad>
          </ns3:TrackPointExtension>
        </extensions>
      </trkpt>
      <trkpt lat="28.97780978120863437652587890625" lon="82.849367894232273101806640625">
        <ele>2052.800048828125</ele>
        <time>2026-08-05T06:48:49.000Z</time>
        <extensions>
          <ns3:TrackPointExtension>
            <ns3:hr>109</ns3:hr>
            <ns3:cad>47</ns3:cad>
          </ns3:TrackPointExtension>
        </extensions>
      </trkpt>
      <trkpt lat="28.97780793718993663787841796875" lon="82.84943251870572566986083984375">
        <ele>2052.800048828125</ele>
        <time>2026-08-05T06:48:54.000Z</time>
        <extensions>
          <ns3:TrackPointExtension>
            <ns3:hr>110</ns3:hr>
            <ns3:cad>47</ns3:cad>
          </ns3:TrackPointExtension>
        </extensions>
      </trkpt>
      <trkpt lat="28.97781816311180591583251953125" lon="82.8495175950229167938232421875">
        <ele>2052.800048828125</ele>
        <time>2026-08-05T06:49:00.000Z</time>
        <extensions>
          <ns3:TrackPointExtension>
            <ns3:hr>110</ns3:hr>
            <ns3:cad>49</ns3:cad>
          </ns3:TrackPointExtension>
        </extensions>
      </trkpt>
      <trkpt lat="28.977842219173908233642578125" lon="82.8495601750910282135009765625">
        <ele>2053</ele>
        <time>2026-08-05T06:49:04.000Z</time>
        <extensions>
          <ns3:TrackPointExtension>
            <ns3:hr>111</ns3:hr>
            <ns3:cad>49</ns3:cad>
          </ns3:TrackPointExtension>
        </extensions>
      </trkpt>
      <trkpt lat="28.9778514392673969268798828125" lon="82.84958708100020885467529296875">
        <ele>2053.39990234375</ele>
        <time>2026-08-05T06:49:06.000Z</time>
        <extensions>
          <ns3:TrackPointExtension>
            <ns3:hr>111</ns3:hr>
            <ns3:cad>47</ns3:cad>
          </ns3:TrackPointExtension>
        </extensions>
      </trkpt>
      <trkpt lat="28.97785621695220470428466796875" lon="82.84961239434778690338134765625">
        <ele>2054</ele>
        <time>2026-08-05T06:49:08.000Z</time>
        <extensions>
          <ns3:TrackPointExtension>
            <ns3:hr>112</ns3:hr>
            <ns3:cad>46</ns3:cad>
          </ns3:TrackPointExtension>
        </extensions>
      </trkpt>
      <trkpt lat="28.9778598211705684661865234375" lon="82.84963787533342838287353515625">
        <ele>2054.60009765625</ele>
        <time>2026-08-05T06:49:10.000Z</time>
        <extensions>
          <ns3:TrackPointExtension>
            <ns3:hr>113</ns3:hr>
            <ns3:cad>48</ns3:cad>
          </ns3:TrackPointExtension>
        </extensions>
      </trkpt>
      <trkpt lat="28.97786845453083515167236328125" lon="82.8496693074703216552734375">
        <ele>2055</ele>
        <time>2026-08-05T06:49:12.000Z</time>
        <extensions>
          <ns3:TrackPointExtension>
            <ns3:hr>114</ns3:hr>
            <ns3:cad>48</ns3:cad>
          </ns3:TrackPointExtension>
        </extensions>
      </trkpt>
      <trkpt lat="28.977880775928497314453125" lon="82.84972990863025188446044921875">
        <ele>2054.800048828125</ele>
        <time>2026-08-05T06:49:17.000Z</time>
        <extensions>
          <ns3:TrackPointExtension>
            <ns3:hr>115</ns3:hr>
            <ns3:cad>46</ns3:cad>
          </ns3:TrackPointExtension>
        </extensions>
      </trkpt>
      <trkpt lat="28.97789561189711093902587890625" lon="82.84976008348166942596435546875">
        <ele>2055.39990234375</ele>
        <time>2026-08-05T06:49:21.000Z</time>
        <extensions>
          <ns3:TrackPointExtension>
            <ns3:hr>116</ns3:hr>
            <ns3:cad>45</ns3:cad>
          </ns3:TrackPointExtension>
        </extensions>
      </trkpt>
      <trkpt lat="28.97790013812482357025146484375" lon="82.84979562275111675262451171875">
        <ele>2055.800048828125</ele>
        <time>2026-08-05T06:49:23.000Z</time>
        <extensions>
          <ns3:TrackPointExtension>
            <ns3:hr>117</ns3:hr>
            <ns3:cad>44</ns3:cad>
          </ns3:TrackPointExtension>
        </extensions>
      </trkpt>
      <trkpt lat="28.97790013812482357025146484375" lon="82.84983015619218349456787109375">
        <ele>2056.199951171875</ele>
        <time>2026-08-05T06:49:26.000Z</time>
        <extensions>
          <ns3:TrackPointExtension>
            <ns3:hr>119</ns3:hr>
            <ns3:cad>43</ns3:cad>
          </ns3:TrackPointExtension>
        </extensions>
      </trkpt>
      <trkpt lat="28.9779215119779109954833984375" lon="82.84987173043191432952880859375">
        <ele>2056.60009765625</ele>
        <time>2026-08-05T06:49:30.000Z</time>
        <extensions>
          <ns3:TrackPointExtension>
            <ns3:hr>119</ns3:hr>
            <ns3:cad>43</ns3:cad>
          </ns3:TrackPointExtension>
        </extensions>
      </trkpt>
      <trkpt lat="28.9779255352914333343505859375" lon="82.84987843595445156097412109375">
        <ele>2057</ele>
        <time>2026-08-05T06:49:31.000Z</time>
        <extensions>
          <ns3:TrackPointExtension>
            <ns3:hr>119</ns3:hr>
            <ns3:cad>43</ns3:cad>
          </ns3:TrackPointExtension>
        </extensions>
      </trkpt>
      <trkpt lat="28.97793131880462169647216796875" lon="82.84993149340152740478515625">
        <ele>2057.39990234375</ele>
        <time>2026-08-05T06:49:35.000Z</time>
        <extensions>
          <ns3:TrackPointExtension>
            <ns3:hr>118</ns3:hr>
            <ns3:cad>42</ns3:cad>
          </ns3:TrackPointExtension>
        </extensions>
      </trkpt>
      <trkpt lat="28.97794808261096477508544921875" lon="82.8499762527644634246826171875">
        <ele>2058</ele>
        <time>2026-08-05T06:49:41.000Z</time>
        <extensions>
          <ns3:TrackPointExtension>
            <ns3:hr>119</ns3:hr>
            <ns3:cad>41</ns3:cad>
          </ns3:TrackPointExtension>
        </extensions>
      </trkpt>
      <trkpt lat="28.97795277647674083709716796875" lon="82.8500126302242279052734375">
        <ele>2058.199951171875</ele>
        <time>2026-08-05T06:49:44.000Z</time>
        <extensions>
          <ns3:TrackPointExtension>
            <ns3:hr>118</ns3:hr>
            <ns3:cad>41</ns3:cad>
          </ns3:TrackPointExtension>
        </extensions>
      </trkpt>
      <trkpt lat="28.9779587276279926300048828125" lon="82.85002562217414379119873046875">
        <ele>2058.800048828125</ele>
        <time>2026-08-05T06:49:46.000Z</time>
        <extensions>
          <ns3:TrackPointExtension>
            <ns3:hr>118</ns3:hr>
            <ns3:cad>41</ns3:cad>
          </ns3:TrackPointExtension>
        </extensions>
      </trkpt>
      <trkpt lat="28.97796216420829296112060546875" lon="82.8500352613627910614013671875">
        <ele>2059.199951171875</ele>
        <time>2026-08-05T06:49:48.000Z</time>
        <extensions>
          <ns3:TrackPointExtension>
            <ns3:hr>118</ns3:hr>
            <ns3:cad>41</ns3:cad>
          </ns3:TrackPointExtension>
        </extensions>
      </trkpt>
      <trkpt lat="28.9779640920460224151611328125" lon="82.8500627540051937103271484375">
        <ele>2059.60009765625</ele>
        <time>2026-08-05T06:49:50.000Z</time>
        <extensions>
          <ns3:TrackPointExtension>
            <ns3:hr>119</ns3:hr>
            <ns3:cad>40</ns3:cad>
          </ns3:TrackPointExtension>
        </extensions>
      </trkpt>
      <trkpt lat="28.97796836681663990020751953125" lon="82.85006786696612834930419921875">
        <ele>2059.60009765625</ele>
        <time>2026-08-05T06:49:51.000Z</time>
        <extensions>
          <ns3:TrackPointExtension>
            <ns3:hr>123</ns3:hr>
            <ns3:cad>40</ns3:cad>
          </ns3:TrackPointExtension>
        </extensions>
      </trkpt>
      <trkpt lat="28.97796987555921077728271484375" lon="82.850098796188831329345703125">
        <ele>2059.800048828125</ele>
        <time>2026-08-05T06:49:53.000Z</time>
        <extensions>
          <ns3:TrackPointExtension>
            <ns3:hr>126</ns3:hr>
            <ns3:cad>40</ns3:cad>
          </ns3:TrackPointExtension>
        </extensions>
      </trkpt>
      <trkpt lat="28.9779697917401790618896484375" lon="82.85011480562388896942138671875">
        <ele>2059.800048828125</ele>
        <time>2026-08-05T06:49:54.000Z</time>
        <extensions>
          <ns3:TrackPointExtension>
            <ns3:hr>126</ns3:hr>
            <ns3:cad>41</ns3:cad>
          </ns3:TrackPointExtension>
        </extensions>
      </trkpt>
      <trkpt lat="28.97797272540628910064697265625" lon="82.85017297603189945220947265625">
        <ele>2059.60009765625</ele>
        <time>2026-08-05T06:49:59.000Z</time>
        <extensions>
          <ns3:TrackPointExtension>
            <ns3:hr>128</ns3:hr>
            <ns3:cad>41</ns3:cad>
          </ns3:TrackPointExtension>
        </extensions>
      </trkpt>
      <trkpt lat="28.978009857237339019775390625" lon="82.85021983087062835693359375">
        <ele>2060</ele>
        <time>2026-08-05T06:50:04.000Z</time>
        <extensions>
          <ns3:TrackPointExtension>
            <ns3:hr>126</ns3:hr>
            <ns3:cad>0</ns3:cad>
          </ns3:TrackPointExtension>
        </extensions>
      </trkpt>
      <trkpt lat="28.9780564606189727783203125" lon="82.85027883946895599365234375">
        <ele>2060.199951171875</ele>
        <time>2026-08-05T06:50:09.000Z</time>
        <extensions>
          <ns3:TrackPointExtension>
            <ns3:hr>125</ns3:hr>
            <ns3:cad>48</ns3:cad>
          </ns3:TrackPointExtension>
        </extensions>
      </trkpt>
      <trkpt lat="28.97807716391980648040771484375" lon="82.85029954276978969573974609375">
        <ele>2060</ele>
        <time>2026-08-05T06:50:11.000Z</time>
        <extensions>
          <ns3:TrackPointExtension>
            <ns3:hr>122</ns3:hr>
            <ns3:cad>48</ns3:cad>
          </ns3:TrackPointExtension>
        </extensions>
      </trkpt>
      <trkpt lat="28.97810013033449649810791015625" lon="82.85031974315643310546875">
        <ele>2060.39990234375</ele>
        <time>2026-08-05T06:50:15.000Z</time>
        <extensions>
          <ns3:TrackPointExtension>
            <ns3:hr>120</ns3:hr>
            <ns3:cad>0</ns3:cad>
          </ns3:TrackPointExtension>
        </extensions>
      </trkpt>
      <trkpt lat="28.9781538583338260650634765625" lon="82.85038520582020282745361328125">
        <ele>2060.800048828125</ele>
        <time>2026-08-05T06:50:22.000Z</time>
        <extensions>
          <ns3:TrackPointExtension>
            <ns3:hr>122</ns3:hr>
            <ns3:cad>0</ns3:cad>
          </ns3:TrackPointExtension>
        </extensions>
      </trkpt>
      <trkpt lat="28.9781776629388332366943359375" lon="82.8504607267677783966064453125">
        <ele>2061.199951171875</ele>
        <time>2026-08-05T06:50:28.000Z</time>
        <extensions>
          <ns3:TrackPointExtension>
            <ns3:hr>121</ns3:hr>
            <ns3:cad>47</ns3:cad>
          </ns3:TrackPointExtension>
        </extensions>
      </trkpt>
      <trkpt lat="28.9782118611037731170654296875" lon="82.85051353275775909423828125">
        <ele>2060.800048828125</ele>
        <time>2026-08-05T06:50:34.000Z</time>
        <extensions>
          <ns3:TrackPointExtension>
            <ns3:hr>120</ns3:hr>
            <ns3:cad>48</ns3:cad>
          </ns3:TrackPointExtension>
        </extensions>
      </trkpt>
      <trkpt lat="28.97824949584901332855224609375" lon="82.85057027824223041534423828125">
        <ele>2059.800048828125</ele>
        <time>2026-08-05T06:50:40.000Z</time>
        <extensions>
          <ns3:TrackPointExtension>
            <ns3:hr>117</ns3:hr>
            <ns3:cad>50</ns3:cad>
          </ns3:TrackPointExtension>
        </extensions>
      </trkpt>
      <trkpt lat="28.97827841341495513916015625" lon="82.85062744282186031341552734375">
        <ele>2059.199951171875</ele>
        <time>2026-08-05T06:50:45.000Z</time>
        <extensions>
          <ns3:TrackPointExtension>
            <ns3:hr>117</ns3:hr>
            <ns3:cad>49</ns3:cad>
          </ns3:TrackPointExtension>
        </extensions>
      </trkpt>
      <trkpt lat="28.97828042507171630859375" lon="82.8506360761821269989013671875">
        <ele>2059</ele>
        <time>2026-08-05T06:50:46.000Z</time>
        <extensions>
          <ns3:TrackPointExtension>
            <ns3:hr>116</ns3:hr>
            <ns3:cad>50</ns3:cad>
          </ns3:TrackPointExtension>
        </extensions>
      </trkpt>
      <trkpt lat="28.9782826043665409088134765625" lon="82.85065962933003902435302734375">
        <ele>2058.199951171875</ele>
        <time>2026-08-05T06:50:48.000Z</time>
        <extensions>
          <ns3:TrackPointExtension>
            <ns3:hr>116</ns3:hr>
            <ns3:cad>50</ns3:cad>
          </ns3:TrackPointExtension>
        </extensions>
      </trkpt>
      <trkpt lat="28.97828972898423671722412109375" lon="82.85067337565124034881591796875">
        <ele>2058</ele>
        <time>2026-08-05T06:50:49.000Z</time>
        <extensions>
          <ns3:TrackPointExtension>
            <ns3:hr>115</ns3:hr>
            <ns3:cad>50</ns3:cad>
          </ns3:TrackPointExtension>
        </extensions>
      </trkpt>
      <trkpt lat="28.9783003740012645721435546875" lon="82.85069785080850124359130859375">
        <ele>2057.60009765625</ele>
        <time>2026-08-05T06:50:51.000Z</time>
        <extensions>
          <ns3:TrackPointExtension>
            <ns3:hr>114</ns3:hr>
            <ns3:cad>50</ns3:cad>
          </ns3:TrackPointExtension>
        </extensions>
      </trkpt>
      <trkpt lat="28.97833348251879215240478515625" lon="82.85075484775006771087646484375">
        <ele>2057.199951171875</ele>
        <time>2026-08-05T06:50:56.000Z</time>
        <extensions>
          <ns3:TrackPointExtension>
            <ns3:hr>111</ns3:hr>
            <ns3:cad>51</ns3:cad>
          </ns3:TrackPointExtension>
        </extensions>
      </trkpt>
      <trkpt lat="28.978349827229976654052734375" lon="82.85077773034572601318359375">
        <ele>2056.800048828125</ele>
        <time>2026-08-05T06:50:58.000Z</time>
        <extensions>
          <ns3:TrackPointExtension>
            <ns3:hr>110</ns3:hr>
            <ns3:cad>51</ns3:cad>
          </ns3:TrackPointExtension>
        </extensions>
      </trkpt>
      <trkpt lat="28.97837690077722072601318359375" lon="82.8508369065821170806884765625">
        <ele>2056.199951171875</ele>
        <time>2026-08-05T06:51:03.000Z</time>
        <extensions>
          <ns3:TrackPointExtension>
            <ns3:hr>108</ns3:hr>
            <ns3:cad>50</ns3:cad>
          </ns3:TrackPointExtension>
        </extensions>
      </trkpt>
      <trkpt lat="28.97839886136353015899658203125" lon="82.85088233649730682373046875">
        <ele>2056.199951171875</ele>
        <time>2026-08-05T06:51:07.000Z</time>
        <extensions>
          <ns3:TrackPointExtension>
            <ns3:hr>105</ns3:hr>
            <ns3:cad>50</ns3:cad>
          </ns3:TrackPointExtension>
        </extensions>
      </trkpt>
      <trkpt lat="28.97840439341962337493896484375" lon="82.85089901648461818695068359375">
        <ele>2056.39990234375</ele>
        <time>2026-08-05T06:51:08.000Z</time>
        <extensions>
          <ns3:TrackPointExtension>
            <ns3:hr>106</ns3:hr>
            <ns3:cad>50</ns3:cad>
          </ns3:TrackPointExtension>
        </extensions>
      </trkpt>
      <trkpt lat="28.97843129932880401611328125" lon="82.8509733639657497406005859375">
        <ele>2055.800048828125</ele>
        <time>2026-08-05T06:51:14.000Z</time>
        <extensions>
          <ns3:TrackPointExtension>
            <ns3:hr>105</ns3:hr>
            <ns3:cad>49</ns3:cad>
          </ns3:TrackPointExtension>
        </extensions>
      </trkpt>
      <trkpt lat="28.97845703177154064178466796875" lon="82.85103513859212398529052734375">
        <ele>2056</ele>
        <time>2026-08-05T06:51:19.000Z</time>
        <extensions>
          <ns3:TrackPointExtension>
            <ns3:hr>105</ns3:hr>
            <ns3:cad>47</ns3:cad>
          </ns3:TrackPointExtension>
        </extensions>
      </trkpt>
      <trkpt lat="28.9784695208072662353515625" lon="82.85107947885990142822265625">
        <ele>2055.800048828125</ele>
        <time>2026-08-05T06:51:23.000Z</time>
        <extensions>
          <ns3:TrackPointExtension>
            <ns3:hr>105</ns3:hr>
            <ns3:cad>47</ns3:cad>
          </ns3:TrackPointExtension>
        </extensions>
      </trkpt>
      <trkpt lat="28.9784941636025905609130859375" lon="82.8511420078575611114501953125">
        <ele>2055.60009765625</ele>
        <time>2026-08-05T06:51:28.000Z</time>
        <extensions>
          <ns3:TrackPointExtension>
            <ns3:hr>103</ns3:hr>
            <ns3:cad>47</ns3:cad>
          </ns3:TrackPointExtension>
        </extensions>
      </trkpt>
      <trkpt lat="28.97852878086268901824951171875" lon="82.851211912930011749267578125">
        <ele>2056</ele>
        <time>2026-08-05T06:51:34.000Z</time>
        <extensions>
          <ns3:TrackPointExtension>
            <ns3:hr>102</ns3:hr>
            <ns3:cad>49</ns3:cad>
          </ns3:TrackPointExtension>
        </extensions>
      </trkpt>
      <trkpt lat="28.97854663431644439697265625" lon="82.85125114023685455322265625">
        <ele>2055.800048828125</ele>
        <time>2026-08-05T06:51:38.000Z</time>
        <extensions>
          <ns3:TrackPointExtension>
            <ns3:hr>105</ns3:hr>
            <ns3:cad>49</ns3:cad>
          </ns3:TrackPointExtension>
        </extensions>
      </trkpt>
      <trkpt lat="28.97855677641928195953369140625" lon="82.85127670504152774810791015625">
        <ele>2055.800048828125</ele>
        <time>2026-08-05T06:51:40.000Z</time>
        <extensions>
          <ns3:TrackPointExtension>
            <ns3:hr>105</ns3:hr>
            <ns3:cad>48</ns3:cad>
          </ns3:TrackPointExtension>
        </extensions>
      </trkpt>
      <trkpt lat="28.9785910584032535552978515625" lon="82.85134392790496349334716796875">
        <ele>2056</ele>
        <time>2026-08-05T06:51:46.000Z</time>
        <extensions>
          <ns3:TrackPointExtension>
            <ns3:hr>106</ns3:hr>
            <ns3:cad>47</ns3:cad>
          </ns3:TrackPointExtension>
        </extensions>
      </trkpt>
      <trkpt lat="28.97861293517053127288818359375" lon="82.851401679217815399169921875">
        <ele>2056</ele>
        <time>2026-08-05T06:51:51.000Z</time>
        <extensions>
          <ns3:TrackPointExtension>
            <ns3:hr>105</ns3:hr>
            <ns3:cad>47</ns3:cad>
          </ns3:TrackPointExtension>
        </extensions>
      </trkpt>
      <trkpt lat="28.978646211326122283935546875" lon="82.8514476120471954345703125">
        <ele>2055.199951171875</ele>
        <time>2026-08-05T06:51:56.000Z</time>
        <extensions>
          <ns3:TrackPointExtension>
            <ns3:hr>104</ns3:hr>
            <ns3:cad>49</ns3:cad>
          </ns3:TrackPointExtension>
        </extensions>
      </trkpt>
      <trkpt lat="28.9786544255912303924560546875" lon="82.85147166810929775238037109375">
        <ele>2054.60009765625</ele>
        <time>2026-08-05T06:51:58.000Z</time>
        <extensions>
          <ns3:TrackPointExtension>
            <ns3:hr>104</ns3:hr>
            <ns3:cad>0</ns3:cad>
          </ns3:TrackPointExtension>
        </extensions>
      </trkpt>
      <trkpt lat="28.97867429070174694061279296875" lon="82.85151064395904541015625">
        <ele>2054.60009765625</ele>
        <time>2026-08-05T06:52:01.000Z</time>
        <extensions>
          <ns3:TrackPointExtension>
            <ns3:hr>105</ns3:hr>
            <ns3:cad>51</ns3:cad>
          </ns3:TrackPointExtension>
        </extensions>
      </trkpt>
      <trkpt lat="28.97871100343763828277587890625" lon="82.85155825316905975341796875">
        <ele>2053.60009765625</ele>
        <time>2026-08-05T06:52:06.000Z</time>
        <extensions>
          <ns3:TrackPointExtension>
            <ns3:hr>105</ns3:hr>
            <ns3:cad>50</ns3:cad>
          </ns3:TrackPointExtension>
        </extensions>
      </trkpt>
      <trkpt lat="28.97872458212077617645263671875" lon="82.85158029757440090179443359375">
        <ele>2053.60009765625</ele>
        <time>2026-08-05T06:52:08.000Z</time>
        <extensions>
          <ns3:TrackPointExtension>
            <ns3:hr>106</ns3:hr>
            <ns3:cad>0</ns3:cad>
          </ns3:TrackPointExtension>
        </extensions>
      </trkpt>
      <trkpt lat="28.97875995375216007232666015625" lon="82.8516526333987712860107421875">
        <ele>2054</ele>
        <time>2026-08-05T06:52:14.000Z</time>
        <extensions>
          <ns3:TrackPointExtension>
            <ns3:hr>105</ns3:hr>
            <ns3:cad>50</ns3:cad>
          </ns3:TrackPointExtension>
        </extensions>
      </trkpt>
      <trkpt lat="28.9787996001541614532470703125" lon="82.85171675495803356170654296875">
        <ele>2053.800048828125</ele>
        <time>2026-08-05T06:52:20.000Z</time>
        <extensions>
          <ns3:TrackPointExtension>
            <ns3:hr>105</ns3:hr>
            <ns3:cad>50</ns3:cad>
          </ns3:TrackPointExtension>
        </extensions>
      </trkpt>
      <trkpt lat="28.9788343012332916259765625" lon="82.851771824061870574951171875">
        <ele>2053.199951171875</ele>
        <time>2026-08-05T06:52:25.000Z</time>
        <extensions>
          <ns3:TrackPointExtension>
            <ns3:hr>105</ns3:hr>
            <ns3:cad>48</ns3:cad>
          </ns3:TrackPointExtension>
        </extensions>
      </trkpt>
      <trkpt lat="28.97886757738888263702392578125" lon="82.85184751264750957489013671875">
        <ele>2054.199951171875</ele>
        <time>2026-08-05T06:52:31.000Z</time>
        <extensions>
          <ns3:TrackPointExtension>
            <ns3:hr>104</ns3:hr>
            <ns3:cad>45</ns3:cad>
          </ns3:TrackPointExtension>
        </extensions>
      </trkpt>
      <trkpt lat="28.97887847386300563812255859375" lon="82.85190518014132976531982421875">
        <ele>2054.39990234375</ele>
        <time>2026-08-05T06:52:36.000Z</time>
        <extensions>
          <ns3:TrackPointExtension>
            <ns3:hr>103</ns3:hr>
            <ns3:cad>45</ns3:cad>
          </ns3:TrackPointExtension>
        </extensions>
      </trkpt>
      <trkpt lat="28.97887813858687877655029296875" lon="82.8519198484718799591064453125">
        <ele>2054.60009765625</ele>
        <time>2026-08-05T06:52:37.000Z</time>
        <extensions>
          <ns3:TrackPointExtension>
            <ns3:hr>103</ns3:hr>
            <ns3:cad>45</ns3:cad>
          </ns3:TrackPointExtension>
        </extensions>
      </trkpt>
      <trkpt lat="28.978879563510417938232421875" lon="82.851975001394748687744140625">
        <ele>2055</ele>
        <time>2026-08-05T06:52:41.000Z</time>
        <extensions>
          <ns3:TrackPointExtension>
            <ns3:hr>104</ns3:hr>
            <ns3:cad>46</ns3:cad>
          </ns3:TrackPointExtension>
        </extensions>
      </trkpt>
      <trkpt lat="28.97886120714247226715087890625" lon="82.85204281099140644073486328125">
        <ele>2054.800048828125</ele>
        <time>2026-08-05T06:52:46.000Z</time>
        <extensions>
          <ns3:TrackPointExtension>
            <ns3:hr>105</ns3:hr>
            <ns3:cad>47</ns3:cad>
          </ns3:TrackPointExtension>
        </extensions>
      </trkpt>
      <trkpt lat="28.97886849939823150634765625" lon="82.8521082736551761627197265625">
        <ele>2054.800048828125</ele>
        <time>2026-08-05T06:52:51.000Z</time>
        <extensions>
          <ns3:TrackPointExtension>
            <ns3:hr>106</ns3:hr>
            <ns3:cad>48</ns3:cad>
          </ns3:TrackPointExtension>
        </extensions>
      </trkpt>
      <trkpt lat="28.9788629673421382904052734375" lon="82.85214808769524097442626953125">
        <ele>2054.60009765625</ele>
        <time>2026-08-05T06:52:55.000Z</time>
        <extensions>
          <ns3:TrackPointExtension>
            <ns3:hr>107</ns3:hr>
            <ns3:cad>47</ns3:cad>
          </ns3:TrackPointExtension>
        </extensions>
      </trkpt>
      <trkpt lat="28.9788664877414703369140625" lon="82.85215730778872966766357421875">
        <ele>2054.60009765625</ele>
        <time>2026-08-05T06:52:56.000Z</time>
        <extensions>
          <ns3:TrackPointExtension>
            <ns3:hr>104</ns3:hr>
            <ns3:cad>47</ns3:cad>
          </ns3:TrackPointExtension>
        </extensions>
      </trkpt>
      <trkpt lat="28.97888048551976680755615234375" lon="82.85217323340475559234619140625">
        <ele>2054.800048828125</ele>
        <time>2026-08-05T06:52:58.000Z</time>
        <extensions>
          <ns3:TrackPointExtension>
            <ns3:hr>101</ns3:hr>
            <ns3:cad>47</ns3:cad>
          </ns3:TrackPointExtension>
        </extensions>
      </trkpt>
      <trkpt lat="28.9788944832980632781982421875" lon="82.8521800227463245391845703125">
        <ele>2054.800048828125</ele>
        <time>2026-08-05T06:52:59.000Z</time>
        <extensions>
          <ns3:TrackPointExtension>
            <ns3:hr>100</ns3:hr>
            <ns3:cad>47</ns3:cad>
          </ns3:TrackPointExtension>
        </extensions>
      </trkpt>
      <trkpt lat="28.97890144027769565582275390625" lon="82.852192260324954986572265625">
        <ele>2054.60009765625</ele>
        <time>2026-08-05T06:53:00.000Z</time>
        <extensions>
          <ns3:TrackPointExtension>
            <ns3:hr>100</ns3:hr>
            <ns3:cad>47</ns3:cad>
          </ns3:TrackPointExtension>
        </extensions>
      </trkpt>
      <trkpt lat="28.97894871421158313751220703125" lon="82.8522249497473239898681640625">
        <ele>2055.199951171875</ele>
        <time>2026-08-05T06:53:05.000Z</time>
        <extensions>
          <ns3:TrackPointExtension>
            <ns3:hr>99</ns3:hr>
            <ns3:cad>48</ns3:cad>
          </ns3:TrackPointExtension>
        </extensions>
      </trkpt>
      <trkpt lat="28.9789558388292789459228515625" lon="82.85222905687987804412841796875">
        <ele>2055.39990234375</ele>
        <time>2026-08-05T06:53:06.000Z</time>
        <extensions>
          <ns3:TrackPointExtension>
            <ns3:hr>102</ns3:hr>
            <ns3:cad>48</ns3:cad>
          </ns3:TrackPointExtension>
        </extensions>
      </trkpt>
      <trkpt lat="28.97898517549037933349609375" lon="82.852251939475536346435546875">
        <ele>2055.60009765625</ele>
        <time>2026-08-05T06:53:09.000Z</time>
        <extensions>
          <ns3:TrackPointExtension>
            <ns3:hr>103</ns3:hr>
            <ns3:cad>48</ns3:cad>
          </ns3:TrackPointExtension>
        </extensions>
      </trkpt>
      <trkpt lat="28.979002274572849273681640625" lon="82.852273397147655487060546875">
        <ele>2056.39990234375</ele>
        <time>2026-08-05T06:53:11.000Z</time>
        <extensions>
          <ns3:TrackPointExtension>
            <ns3:hr>103</ns3:hr>
            <ns3:cad>48</ns3:cad>
          </ns3:TrackPointExtension>
        </extensions>
      </trkpt>
      <trkpt lat="28.97902230732142925262451171875" lon="82.852306924760341644287109375">
        <ele>2057.199951171875</ele>
        <time>2026-08-05T06:53:14.000Z</time>
        <extensions>
          <ns3:TrackPointExtension>
            <ns3:hr>105</ns3:hr>
            <ns3:cad>50</ns3:cad>
          </ns3:TrackPointExtension>
        </extensions>
      </trkpt>
      <trkpt lat="28.97903823293745517730712890625" lon="82.85233232192695140838623046875">
        <ele>2057.39990234375</ele>
        <time>2026-08-05T06:53:16.000Z</time>
        <extensions>
          <ns3:TrackPointExtension>
            <ns3:hr>106</ns3:hr>
            <ns3:cad>47</ns3:cad>
          </ns3:TrackPointExtension>
        </extensions>
      </trkpt>
      <trkpt lat="28.97904762066900730133056640625" lon="82.85234355367720127105712890625">
        <ele>2057.60009765625</ele>
        <time>2026-08-05T06:53:18.000Z</time>
        <extensions>
          <ns3:TrackPointExtension>
            <ns3:hr>107</ns3:hr>
            <ns3:cad>0</ns3:cad>
          </ns3:TrackPointExtension>
        </extensions>
      </trkpt>
      <trkpt lat="28.9790617860853672027587890625" lon="82.85236693918704986572265625">
        <ele>2058.199951171875</ele>
        <time>2026-08-05T06:53:20.000Z</time>
        <extensions>
          <ns3:TrackPointExtension>
            <ns3:hr>107</ns3:hr>
            <ns3:cad>47</ns3:cad>
          </ns3:TrackPointExtension>
        </extensions>
      </trkpt>
      <trkpt lat="28.97907310165464878082275390625" lon="82.852382697165012359619140625">
        <ele>2058.39990234375</ele>
        <time>2026-08-05T06:53:21.000Z</time>
        <extensions>
          <ns3:TrackPointExtension>
            <ns3:hr>108</ns3:hr>
            <ns3:cad>47</ns3:cad>
          </ns3:TrackPointExtension>
        </extensions>
      </trkpt>
      <trkpt lat="28.97908735089004039764404296875" lon="82.8524185717105865478515625">
        <ele>2058.39990234375</ele>
        <time>2026-08-05T06:53:25.000Z</time>
        <extensions>
          <ns3:TrackPointExtension>
            <ns3:hr>109</ns3:hr>
            <ns3:cad>48</ns3:cad>
          </ns3:TrackPointExtension>
        </extensions>
      </trkpt>
      <trkpt lat="28.9790996722877025604248046875" lon="82.85247682593762874603271484375">
        <ele>2059</ele>
        <time>2026-08-05T06:53:30.000Z</time>
        <extensions>
          <ns3:TrackPointExtension>
            <ns3:hr>108</ns3:hr>
            <ns3:cad>45</ns3:cad>
          </ns3:TrackPointExtension>
        </extensions>
      </trkpt>
      <trkpt lat="28.97910545580089092254638671875" lon="82.85249459557235240936279296875">
        <ele>2059.39990234375</ele>
        <time>2026-08-05T06:53:32.000Z</time>
        <extensions>
          <ns3:TrackPointExtension>
            <ns3:hr>109</ns3:hr>
            <ns3:cad>44</ns3:cad>
          </ns3:TrackPointExtension>
        </extensions>
      </trkpt>
      <trkpt lat="28.97911484353244304656982421875" lon="82.85252141766250133514404296875">
        <ele>2059.60009765625</ele>
        <time>2026-08-05T06:53:34.000Z</time>
        <extensions>
          <ns3:TrackPointExtension>
            <ns3:hr>110</ns3:hr>
            <ns3:cad>45</ns3:cad>
          </ns3:TrackPointExtension>
        </extensions>
      </trkpt>
      <trkpt lat="28.979139737784862518310546875" lon="82.85257841460406780242919921875">
        <ele>2059.800048828125</ele>
        <time>2026-08-05T06:53:40.000Z</time>
        <extensions>
          <ns3:TrackPointExtension>
            <ns3:hr>113</ns3:hr>
            <ns3:cad>43</ns3:cad>
          </ns3:TrackPointExtension>
        </extensions>
      </trkpt>
      <trkpt lat="28.979147113859653472900390625" lon="82.85258059389889240264892578125">
        <ele>2059.800048828125</ele>
        <time>2026-08-05T06:53:41.000Z</time>
        <extensions>
          <ns3:TrackPointExtension>
            <ns3:hr>113</ns3:hr>
            <ns3:cad>43</ns3:cad>
          </ns3:TrackPointExtension>
        </extensions>
      </trkpt>
      <trkpt lat="28.97915960289537906646728515625" lon="82.85260808654129505157470703125">
        <ele>2060.60009765625</ele>
        <time>2026-08-05T06:53:44.000Z</time>
        <extensions>
          <ns3:TrackPointExtension>
            <ns3:hr>113</ns3:hr>
            <ns3:cad>41</ns3:cad>
          </ns3:TrackPointExtension>
        </extensions>
      </trkpt>
      <trkpt lat="28.97916865535080432891845703125" lon="82.85261345095932483673095703125">
        <ele>2060.800048828125</ele>
        <time>2026-08-05T06:53:45.000Z</time>
        <extensions>
          <ns3:TrackPointExtension>
            <ns3:hr>113</ns3:hr>
            <ns3:cad>41</ns3:cad>
          </ns3:TrackPointExtension>
        </extensions>
      </trkpt>
      <trkpt lat="28.97919329814612865447998046875" lon="82.852664329111576080322265625">
        <ele>2061.60009765625</ele>
        <time>2026-08-05T06:53:50.000Z</time>
        <extensions>
          <ns3:TrackPointExtension>
            <ns3:hr>115</ns3:hr>
            <ns3:cad>43</ns3:cad>
          </ns3:TrackPointExtension>
        </extensions>
      </trkpt>
      <trkpt lat="28.97920905612409114837646484375" lon="82.8526933304965496063232421875">
        <ele>2061.800048828125</ele>
        <time>2026-08-05T06:53:53.000Z</time>
        <extensions>
          <ns3:TrackPointExtension>
            <ns3:hr>116</ns3:hr>
            <ns3:cad>43</ns3:cad>
          </ns3:TrackPointExtension>
        </extensions>
      </trkpt>
      <trkpt lat="28.97920570336282253265380859375" lon="82.85272442735731601715087890625">
        <ele>2063.199951171875</ele>
        <time>2026-08-05T06:53:56.000Z</time>
        <extensions>
          <ns3:TrackPointExtension>
            <ns3:hr>117</ns3:hr>
            <ns3:cad>44</ns3:cad>
          </ns3:TrackPointExtension>
        </extensions>
      </trkpt>
      <trkpt lat="28.9792207069694995880126953125" lon="82.85278527997434139251708984375">
        <ele>2063.39990234375</ele>
        <time>2026-08-05T06:54:01.000Z</time>
        <extensions>
          <ns3:TrackPointExtension>
            <ns3:hr>118</ns3:hr>
            <ns3:cad>42</ns3:cad>
          </ns3:TrackPointExtension>
        </extensions>
      </trkpt>
      <trkpt lat="28.97924266755580902099609375" lon="82.8528381697833538055419921875">
        <ele>2062.800048828125</ele>
        <time>2026-08-05T06:54:06.000Z</time>
        <extensions>
          <ns3:TrackPointExtension>
            <ns3:hr>119</ns3:hr>
            <ns3:cad>45</ns3:cad>
          </ns3:TrackPointExtension>
        </extensions>
      </trkpt>
      <trkpt lat="28.9792803861200809478759765625" lon="82.8528834320604801177978515625">
        <ele>2062.800048828125</ele>
        <time>2026-08-05T06:54:12.000Z</time>
        <extensions>
          <ns3:TrackPointExtension>
            <ns3:hr>119</ns3:hr>
            <ns3:cad>0</ns3:cad>
          </ns3:TrackPointExtension>
        </extensions>
      </trkpt>
      <trkpt lat="28.979302011430263519287109375" lon="82.852933220565319061279296875">
        <ele>2063.199951171875</ele>
        <time>2026-08-05T06:54:16.000Z</time>
        <extensions>
          <ns3:TrackPointExtension>
            <ns3:hr>118</ns3:hr>
            <ns3:cad>44</ns3:cad>
          </ns3:TrackPointExtension>
        </extensions>
      </trkpt>
      <trkpt lat="28.97932942025363445281982421875" lon="82.8529970906674861907958984375">
        <ele>2062.800048828125</ele>
        <time>2026-08-05T06:54:22.000Z</time>
        <extensions>
          <ns3:TrackPointExtension>
            <ns3:hr>117</ns3:hr>
            <ns3:cad>44</ns3:cad>
          </ns3:TrackPointExtension>
        </extensions>
      </trkpt>
      <trkpt lat="28.9793385565280914306640625" lon="82.853037156164646148681640625">
        <ele>2062.800048828125</ele>
        <time>2026-08-05T06:54:26.000Z</time>
        <extensions>
          <ns3:TrackPointExtension>
            <ns3:hr>116</ns3:hr>
            <ns3:cad>0</ns3:cad>
          </ns3:TrackPointExtension>
        </extensions>
      </trkpt>
      <trkpt lat="28.979365043342113494873046875" lon="82.85308971069753170013427734375">
        <ele>2063</ele>
        <time>2026-08-05T06:54:31.000Z</time>
        <extensions>
          <ns3:TrackPointExtension>
            <ns3:hr>116</ns3:hr>
            <ns3:cad>46</ns3:cad>
          </ns3:TrackPointExtension>
        </extensions>
      </trkpt>
      <trkpt lat="28.97938524372875690460205078125" lon="82.85316196270287036895751953125">
        <ele>2062.39990234375</ele>
        <time>2026-08-05T06:54:37.000Z</time>
        <extensions>
          <ns3:TrackPointExtension>
            <ns3:hr>118</ns3:hr>
            <ns3:cad>45</ns3:cad>
          </ns3:TrackPointExtension>
        </extensions>
      </trkpt>
      <trkpt lat="28.97940938360989093780517578125" lon="82.85322926938533782958984375">
        <ele>2062.60009765625</ele>
        <time>2026-08-05T06:54:42.000Z</time>
        <extensions>
          <ns3:TrackPointExtension>
            <ns3:hr>118</ns3:hr>
            <ns3:cad>47</ns3:cad>
          </ns3:TrackPointExtension>
        </extensions>
      </trkpt>
      <trkpt lat="28.97943117655813694000244140625" lon="82.8532753698527812957763671875">
        <ele>2062.39990234375</ele>
        <time>2026-08-05T06:54:47.000Z</time>
        <extensions>
          <ns3:TrackPointExtension>
            <ns3:hr>116</ns3:hr>
            <ns3:cad>45</ns3:cad>
          </ns3:TrackPointExtension>
        </extensions>
      </trkpt>
      <trkpt lat="28.97945984266698360443115234375" lon="82.85331535153090953826904296875">
        <ele>2063.60009765625</ele>
        <time>2026-08-05T06:54:52.000Z</time>
        <extensions>
          <ns3:TrackPointExtension>
            <ns3:hr>116</ns3:hr>
            <ns3:cad>45</ns3:cad>
          </ns3:TrackPointExtension>
        </extensions>
      </trkpt>
      <trkpt lat="28.9794788695871829986572265625" lon="82.85333454608917236328125">
        <ele>2064.39990234375</ele>
        <time>2026-08-05T06:54:54.000Z</time>
        <extensions>
          <ns3:TrackPointExtension>
            <ns3:hr>115</ns3:hr>
            <ns3:cad>43</ns3:cad>
          </ns3:TrackPointExtension>
        </extensions>
      </trkpt>
      <trkpt lat="28.97950426675379276275634765625" lon="82.853363044559955596923828125">
        <ele>2064.800048828125</ele>
        <time>2026-08-05T06:54:57.000Z</time>
        <extensions>
          <ns3:TrackPointExtension>
            <ns3:hr>116</ns3:hr>
            <ns3:cad>43</ns3:cad>
          </ns3:TrackPointExtension>
        </extensions>
      </trkpt>
      <trkpt lat="28.97953092120587825775146484375" lon="82.8533937223255634307861328125">
        <ele>2064</ele>
        <time>2026-08-05T06:55:01.000Z</time>
        <extensions>
          <ns3:TrackPointExtension>
            <ns3:hr>115</ns3:hr>
            <ns3:cad>43</ns3:cad>
          </ns3:TrackPointExtension>
        </extensions>
      </trkpt>
      <trkpt lat="28.9795603416860103607177734375" lon="82.85343001596629619598388671875">
        <ele>2064.60009765625</ele>
        <time>2026-08-05T06:55:06.000Z</time>
        <extensions>
          <ns3:TrackPointExtension>
            <ns3:hr>116</ns3:hr>
            <ns3:cad>44</ns3:cad>
          </ns3:TrackPointExtension>
        </extensions>
      </trkpt>
      <trkpt lat="28.9796287380158901214599609375" lon="82.85347896628081798553466796875">
        <ele>2064.800048828125</ele>
        <time>2026-08-05T06:55:12.000Z</time>
        <extensions>
          <ns3:TrackPointExtension>
            <ns3:hr>118</ns3:hr>
            <ns3:cad>45</ns3:cad>
          </ns3:TrackPointExtension>
        </extensions>
      </trkpt>
      <trkpt lat="28.97966855205595493316650390625" lon="82.85350687801837921142578125">
        <ele>2064.800048828125</ele>
        <time>2026-08-05T06:55:17.000Z</time>
        <extensions>
          <ns3:TrackPointExtension>
            <ns3:hr>115</ns3:hr>
            <ns3:cad>44</ns3:cad>
          </ns3:TrackPointExtension>
        </extensions>
      </trkpt>
      <trkpt lat="28.97967928089201450347900390625" lon="82.853524647653102874755859375">
        <ele>2065.39990234375</ele>
        <time>2026-08-05T06:55:19.000Z</time>
        <extensions>
          <ns3:TrackPointExtension>
            <ns3:hr>115</ns3:hr>
            <ns3:cad>44</ns3:cad>
          </ns3:TrackPointExtension>
        </extensions>
      </trkpt>
      <trkpt lat="28.9796870760619640350341796875" lon="82.85355038009583950042724609375">
        <ele>2066.39990234375</ele>
        <time>2026-08-05T06:55:22.000Z</time>
        <extensions>
          <ns3:TrackPointExtension>
            <ns3:hr>112</ns3:hr>
            <ns3:cad>42</ns3:cad>
          </ns3:TrackPointExtension>
        </extensions>
      </trkpt>
      <trkpt lat="28.9796924404799938201904296875" lon="82.8535600192844867706298828125">
        <ele>2066.39990234375</ele>
        <time>2026-08-05T06:55:23.000Z</time>
        <extensions>
          <ns3:TrackPointExtension>
            <ns3:hr>111</ns3:hr>
            <ns3:cad>42</ns3:cad>
          </ns3:TrackPointExtension>
        </extensions>
      </trkpt>
      <trkpt lat="28.97971767000854015350341796875" lon="82.85360318608582019805908203125">
        <ele>2066.199951171875</ele>
        <time>2026-08-05T06:55:27.000Z</time>
        <extensions>
          <ns3:TrackPointExtension>
            <ns3:hr>113</ns3:hr>
            <ns3:cad>43</ns3:cad>
          </ns3:TrackPointExtension>
        </extensions>
      </trkpt>
      <trkpt lat="28.97973158396780490875244140625" lon="82.85362162627279758453369140625">
        <ele>2066</ele>
        <time>2026-08-05T06:55:29.000Z</time>
        <extensions>
          <ns3:TrackPointExtension>
            <ns3:hr>117</ns3:hr>
            <ns3:cad>45</ns3:cad>
          </ns3:TrackPointExtension>
        </extensions>
      </trkpt>
      <trkpt lat="28.97975362837314605712890625" lon="82.85367040894925594329833984375">
        <ele>2065.800048828125</ele>
        <time>2026-08-05T06:55:33.000Z</time>
        <extensions>
          <ns3:TrackPointExtension>
            <ns3:hr>117</ns3:hr>
            <ns3:cad>47</ns3:cad>
          </ns3:TrackPointExtension>
        </extensions>
      </trkpt>
      <trkpt lat="28.9797650277614593505859375" lon="82.85369865596294403076171875">
        <ele>2065.39990234375</ele>
        <time>2026-08-05T06:55:35.000Z</time>
        <extensions>
          <ns3:TrackPointExtension>
            <ns3:hr>117</ns3:hr>
            <ns3:cad>47</ns3:cad>
          </ns3:TrackPointExtension>
        </extensions>
      </trkpt>
      <trkpt lat="28.97977265529334545135498046875" lon="82.8537409007549285888671875">
        <ele>2065</ele>
        <time>2026-08-05T06:55:39.000Z</time>
        <extensions>
          <ns3:TrackPointExtension>
            <ns3:hr>115</ns3:hr>
            <ns3:cad>0</ns3:cad>
          </ns3:TrackPointExtension>
        </extensions>
      </trkpt>
      <trkpt lat="28.979776091873645782470703125" lon="82.85375691018998622894287109375">
        <ele>2065.39990234375</ele>
        <time>2026-08-05T06:55:40.000Z</time>
        <extensions>
          <ns3:TrackPointExtension>
            <ns3:hr>115</ns3:hr>
            <ns3:cad>49</ns3:cad>
          </ns3:TrackPointExtension>
        </extensions>
      </trkpt>
      <trkpt lat="28.97979428060352802276611328125" lon="82.85381575115025043487548828125">
        <ele>2065.800048828125</ele>
        <time>2026-08-05T06:55:45.000Z</time>
        <extensions>
          <ns3:TrackPointExtension>
            <ns3:hr>116</ns3:hr>
            <ns3:cad>49</ns3:cad>
          </ns3:TrackPointExtension>
        </extensions>
      </trkpt>
      <trkpt lat="28.97980685345828533172607421875" lon="82.85387475974857807159423828125">
        <ele>2065.800048828125</ele>
        <time>2026-08-05T06:55:50.000Z</time>
        <extensions>
          <ns3:TrackPointExtension>
            <ns3:hr>113</ns3:hr>
            <ns3:cad>46</ns3:cad>
          </ns3:TrackPointExtension>
        </extensions>
      </trkpt>
      <trkpt lat="28.979808278381824493408203125" lon="82.8538859076797962188720703125">
        <ele>2066</ele>
        <time>2026-08-05T06:55:51.000Z</time>
        <extensions>
          <ns3:TrackPointExtension>
            <ns3:hr>112</ns3:hr>
            <ns3:cad>46</ns3:cad>
          </ns3:TrackPointExtension>
        </extensions>
      </trkpt>
      <trkpt lat="28.97980852983891963958740234375" lon="82.8539214469492435455322265625">
        <ele>2066.39990234375</ele>
        <time>2026-08-05T06:55:54.000Z</time>
        <extensions>
          <ns3:TrackPointExtension>
            <ns3:hr>111</ns3:hr>
            <ns3:cad>45</ns3:cad>
          </ns3:TrackPointExtension>
        </extensions>
      </trkpt>
      <trkpt lat="28.9798138104379177093505859375" lon="82.85393913276493549346923828125">
        <ele>2066.800048828125</ele>
        <time>2026-08-05T06:55:56.000Z</time>
        <extensions>
          <ns3:TrackPointExtension>
            <ns3:hr>113</ns3:hr>
            <ns3:cad>44</ns3:cad>
          </ns3:TrackPointExtension>
        </extensions>
      </trkpt>
      <trkpt lat="28.97982428781688213348388671875" lon="82.854007445275783538818359375">
        <ele>2067.39990234375</ele>
        <time>2026-08-05T06:56:02.000Z</time>
        <extensions>
          <ns3:TrackPointExtension>
            <ns3:hr>112</ns3:hr>
            <ns3:cad>46</ns3:cad>
          </ns3:TrackPointExtension>
        </extensions>
      </trkpt>
      <trkpt lat="28.97982244379818439483642578125" lon="82.8540478460490703582763671875">
        <ele>2065</ele>
        <time>2026-08-05T06:56:05.000Z</time>
        <extensions>
          <ns3:TrackPointExtension>
            <ns3:hr>111</ns3:hr>
            <ns3:cad>46</ns3:cad>
          </ns3:TrackPointExtension>
        </extensions>
      </trkpt>
      <trkpt lat="28.97980936802923679351806640625" lon="82.85410693846642971038818359375">
        <ele>2064.39990234375</ele>
        <time>2026-08-05T06:56:09.000Z</time>
        <extensions>
          <ns3:TrackPointExtension>
            <ns3:hr>110</ns3:hr>
            <ns3:cad>44</ns3:cad>
          </ns3:TrackPointExtension>
        </extensions>
      </trkpt>
      <trkpt lat="28.97979964502155780792236328125" lon="82.85418304614722728729248046875">
        <ele>2064</ele>
        <time>2026-08-05T06:56:16.000Z</time>
        <extensions>
          <ns3:TrackPointExtension>
            <ns3:hr>110</ns3:hr>
            <ns3:cad>52</ns3:cad>
          </ns3:TrackPointExtension>
        </extensions>
      </trkpt>
      <trkpt lat="28.97979863919317722320556640625" lon="82.85418958403170108795166015625">
        <ele>2064</ele>
        <time>2026-08-05T06:56:17.000Z</time>
        <extensions>
          <ns3:TrackPointExtension>
            <ns3:hr>110</ns3:hr>
            <ns3:cad>52</ns3:cad>
          </ns3:TrackPointExtension>
        </extensions>
      </trkpt>
      <trkpt lat="28.97978623397648334503173828125" lon="82.8542426414787769317626953125">
        <ele>2063.60009765625</ele>
        <time>2026-08-05T06:56:21.000Z</time>
        <extensions>
          <ns3:TrackPointExtension>
            <ns3:hr>112</ns3:hr>
            <ns3:cad>48</ns3:cad>
          </ns3:TrackPointExtension>
        </extensions>
      </trkpt>
      <trkpt lat="28.97978581488132476806640625" lon="82.85426585935056209564208984375">
        <ele>2062.800048828125</ele>
        <time>2026-08-05T06:56:23.000Z</time>
        <extensions>
          <ns3:TrackPointExtension>
            <ns3:hr>112</ns3:hr>
            <ns3:cad>50</ns3:cad>
          </ns3:TrackPointExtension>
        </extensions>
      </trkpt>
      <trkpt lat="28.9797843061387538909912109375" lon="82.85429687239229679107666015625">
        <ele>2062.39990234375</ele>
        <time>2026-08-05T06:56:26.000Z</time>
        <extensions>
          <ns3:TrackPointExtension>
            <ns3:hr>113</ns3:hr>
            <ns3:cad>51</ns3:cad>
          </ns3:TrackPointExtension>
        </extensions>
      </trkpt>
      <trkpt lat="28.9797822944819927215576171875" lon="82.85431397147476673126220703125">
        <ele>2062.800048828125</ele>
        <time>2026-08-05T06:56:28.000Z</time>
        <extensions>
          <ns3:TrackPointExtension>
            <ns3:hr>114</ns3:hr>
            <ns3:cad>48</ns3:cad>
          </ns3:TrackPointExtension>
        </extensions>
      </trkpt>
      <trkpt lat="28.97978891618549823760986328125" lon="82.8543666936457157135009765625">
        <ele>2062.60009765625</ele>
        <time>2026-08-05T06:56:32.000Z</time>
        <extensions>
          <ns3:TrackPointExtension>
            <ns3:hr>111</ns3:hr>
            <ns3:cad>50</ns3:cad>
          </ns3:TrackPointExtension>
        </extensions>
      </trkpt>
      <trkpt lat="28.97978187538683414459228515625" lon="82.85439963452517986297607421875">
        <ele>2062.199951171875</ele>
        <time>2026-08-05T06:56:35.000Z</time>
        <extensions>
          <ns3:TrackPointExtension>
            <ns3:hr>111</ns3:hr>
            <ns3:cad>50</ns3:cad>
          </ns3:TrackPointExtension>
        </extensions>
      </trkpt>
      <trkpt lat="28.979774750769138336181640625" lon="82.8544280491769313812255859375">
        <ele>2061.800048828125</ele>
        <time>2026-08-05T06:56:37.000Z</time>
        <extensions>
          <ns3:TrackPointExtension>
            <ns3:hr>111</ns3:hr>
            <ns3:cad>51</ns3:cad>
          </ns3:TrackPointExtension>
        </extensions>
      </trkpt>
      <trkpt lat="28.97977651096880435943603515625" lon="82.85448479466140270233154296875">
        <ele>2061.199951171875</ele>
        <time>2026-08-05T06:56:41.000Z</time>
        <extensions>
          <ns3:TrackPointExtension>
            <ns3:hr>113</ns3:hr>
            <ns3:cad>51</ns3:cad>
          </ns3:TrackPointExtension>
        </extensions>
      </trkpt>
      <trkpt lat="28.97978254593908786773681640625" lon="82.85451949574053287506103515625">
        <ele>2060.60009765625</ele>
        <time>2026-08-05T06:56:44.000Z</time>
        <extensions>
          <ns3:TrackPointExtension>
            <ns3:hr>116</ns3:hr>
            <ns3:cad>53</ns3:cad>
          </ns3:TrackPointExtension>
        </extensions>
      </trkpt>
      <trkpt lat="28.97977919317781925201416015625" lon="82.85453475080430507659912109375">
        <ele>2060.199951171875</ele>
        <time>2026-08-05T06:56:45.000Z</time>
        <extensions>
          <ns3:TrackPointExtension>
            <ns3:hr>117</ns3:hr>
            <ns3:cad>53</ns3:cad>
          </ns3:TrackPointExtension>
        </extensions>
      </trkpt>
      <trkpt lat="28.97977466695010662078857421875" lon="82.8545963577926158905029296875">
        <ele>2060</ele>
        <time>2026-08-05T06:56:50.000Z</time>
        <extensions>
          <ns3:TrackPointExtension>
            <ns3:hr>117</ns3:hr>
            <ns3:cad>51</ns3:cad>
          </ns3:TrackPointExtension>
        </extensions>
      </trkpt>
      <trkpt lat="28.97976678796112537384033203125" lon="82.85465897060930728912353515625">
        <ele>2060.60009765625</ele>
        <time>2026-08-05T06:56:55.000Z</time>
        <extensions>
          <ns3:TrackPointExtension>
            <ns3:hr>119</ns3:hr>
            <ns3:cad>50</ns3:cad>
          </ns3:TrackPointExtension>
        </extensions>
      </trkpt>
      <trkpt lat="28.97975471802055835723876953125" lon="82.85470691509544849395751953125">
        <ele>2060.60009765625</ele>
        <time>2026-08-05T06:56:59.000Z</time>
        <extensions>
          <ns3:TrackPointExtension>
            <ns3:hr>122</ns3:hr>
            <ns3:cad>48</ns3:cad>
          </ns3:TrackPointExtension>
        </extensions>
      </trkpt>
      <trkpt lat="28.979753293097019195556640625" lon="82.8547210805118083953857421875">
        <ele>2060.800048828125</ele>
        <time>2026-08-05T06:57:00.000Z</time>
        <extensions>
          <ns3:TrackPointExtension>
            <ns3:hr>122</ns3:hr>
            <ns3:cad>48</ns3:cad>
          </ns3:TrackPointExtension>
        </extensions>
      </trkpt>
      <trkpt lat="28.97975270636379718780517578125" lon="82.85478905774652957916259765625">
        <ele>2060.800048828125</ele>
        <time>2026-08-05T06:57:06.000Z</time>
        <extensions>
          <ns3:TrackPointExtension>
            <ns3:hr>121</ns3:hr>
            <ns3:cad>49</ns3:cad>
          </ns3:TrackPointExtension>
        </extensions>
      </trkpt>
      <trkpt lat="28.97974868305027484893798828125" lon="82.85482593812048435211181640625">
        <ele>2061.39990234375</ele>
        <time>2026-08-05T06:57:10.000Z</time>
        <extensions>
          <ns3:TrackPointExtension>
            <ns3:hr>118</ns3:hr>
            <ns3:cad>47</ns3:cad>
          </ns3:TrackPointExtension>
        </extensions>
      </trkpt>
      <trkpt lat="28.97973543964326381683349609375" lon="82.85488444380462169647216796875">
        <ele>2061.39990234375</ele>
        <time>2026-08-05T06:57:14.000Z</time>
        <extensions>
          <ns3:TrackPointExtension>
            <ns3:hr>115</ns3:hr>
            <ns3:cad>46</ns3:cad>
          </ns3:TrackPointExtension>
        </extensions>
      </trkpt>
      <trkpt lat="28.9797408878803253173828125" lon="82.854901961982250213623046875">
        <ele>2061.39990234375</ele>
        <time>2026-08-05T06:57:15.000Z</time>
        <extensions>
          <ns3:TrackPointExtension>
            <ns3:hr>115</ns3:hr>
            <ns3:cad>46</ns3:cad>
          </ns3:TrackPointExtension>
        </extensions>
      </trkpt>
      <trkpt lat="28.979722447693347930908203125" lon="82.8549581207334995269775390625">
        <ele>2061.199951171875</ele>
        <time>2026-08-05T06:57:20.000Z</time>
        <extensions>
          <ns3:TrackPointExtension>
            <ns3:hr>114</ns3:hr>
            <ns3:cad>47</ns3:cad>
          </ns3:TrackPointExtension>
        </extensions>
      </trkpt>
      <trkpt lat="28.97970560006797313690185546875" lon="82.8550221584737300872802734375">
        <ele>2059.800048828125</ele>
        <time>2026-08-05T06:57:25.000Z</time>
        <extensions>
          <ns3:TrackPointExtension>
            <ns3:hr>114</ns3:hr>
            <ns3:cad>46</ns3:cad>
          </ns3:TrackPointExtension>
        </extensions>
      </trkpt>
      <trkpt lat="28.97969973273575305938720703125" lon="82.85509382374584674835205078125">
        <ele>2061.39990234375</ele>
        <time>2026-08-05T06:57:32.000Z</time>
        <extensions>
          <ns3:TrackPointExtension>
            <ns3:hr>113</ns3:hr>
            <ns3:cad>42</ns3:cad>
          </ns3:TrackPointExtension>
        </extensions>
      </trkpt>
      <trkpt lat="28.9796926081180572509765625" lon="82.8551100008189678192138671875">
        <ele>2061.60009765625</ele>
        <time>2026-08-05T06:57:34.000Z</time>
        <extensions>
          <ns3:TrackPointExtension>
            <ns3:hr>111</ns3:hr>
            <ns3:cad>42</ns3:cad>
          </ns3:TrackPointExtension>
        </extensions>
      </trkpt>
      <trkpt lat="28.979693613946437835693359375" lon="82.8551378287374973297119140625">
        <ele>2061.800048828125</ele>
        <time>2026-08-05T06:57:36.000Z</time>
        <extensions>
          <ns3:TrackPointExtension>
            <ns3:hr>109</ns3:hr>
            <ns3:cad>45</ns3:cad>
          </ns3:TrackPointExtension>
        </extensions>
      </trkpt>
      <trkpt lat="28.97968950681388378143310546875" lon="82.85516121424734592437744140625">
        <ele>2062.199951171875</ele>
        <time>2026-08-05T06:57:40.000Z</time>
        <extensions>
          <ns3:TrackPointExtension>
            <ns3:hr>110</ns3:hr>
            <ns3:cad>0</ns3:cad>
          </ns3:TrackPointExtension>
        </extensions>
      </trkpt>
      <trkpt lat="28.97967726923525333404541015625" lon="82.855207733809947967529296875">
        <ele>2062.199951171875</ele>
        <time>2026-08-05T06:57:45.000Z</time>
        <extensions>
          <ns3:TrackPointExtension>
            <ns3:hr>110</ns3:hr>
            <ns3:cad>47</ns3:cad>
          </ns3:TrackPointExtension>
        </extensions>
      </trkpt>
      <trkpt lat="28.97968598641455173492431640625" lon="82.8552427701652050018310546875">
        <ele>2062.199951171875</ele>
        <time>2026-08-05T06:57:48.000Z</time>
        <extensions>
          <ns3:TrackPointExtension>
            <ns3:hr>110</ns3:hr>
            <ns3:cad>0</ns3:cad>
          </ns3:TrackPointExtension>
        </extensions>
      </trkpt>
      <trkpt lat="28.97968129254877567291259765625" lon="82.855270765721797943115234375">
        <ele>2061.800048828125</ele>
        <time>2026-08-05T06:57:50.000Z</time>
        <extensions>
          <ns3:TrackPointExtension>
            <ns3:hr>110</ns3:hr>
            <ns3:cad>0</ns3:cad>
          </ns3:TrackPointExtension>
        </extensions>
      </trkpt>
      <trkpt lat="28.97968850098550319671630859375" lon="82.85533346235752105712890625">
        <ele>2061.60009765625</ele>
        <time>2026-08-05T06:57:55.000Z</time>
        <extensions>
          <ns3:TrackPointExtension>
            <ns3:hr>108</ns3:hr>
            <ns3:cad>0</ns3:cad>
          </ns3:TrackPointExtension>
        </extensions>
      </trkpt>
      <trkpt lat="28.97969755344092845916748046875" lon="82.8554073907434940338134765625">
        <ele>2062</ele>
        <time>2026-08-05T06:58:01.000Z</time>
        <extensions>
          <ns3:TrackPointExtension>
            <ns3:hr>108</ns3:hr>
            <ns3:cad>45</ns3:cad>
          </ns3:TrackPointExtension>
        </extensions>
      </trkpt>
      <trkpt lat="28.97970400750637054443359375" lon="82.8554764576256275177001953125">
        <ele>2061.800048828125</ele>
        <time>2026-08-05T06:58:06.000Z</time>
        <extensions>
          <ns3:TrackPointExtension>
            <ns3:hr>108</ns3:hr>
            <ns3:cad>49</ns3:cad>
          </ns3:TrackPointExtension>
        </extensions>
      </trkpt>
      <trkpt lat="28.97971381433308124542236328125" lon="82.85553001798689365386962890625">
        <ele>2062</ele>
        <time>2026-08-05T06:58:12.000Z</time>
        <extensions>
          <ns3:TrackPointExtension>
            <ns3:hr>106</ns3:hr>
            <ns3:cad>49</ns3:cad>
          </ns3:TrackPointExtension>
        </extensions>
      </trkpt>
      <trkpt lat="28.97972085513174533843994140625" lon="82.8555683232843875885009765625">
        <ele>2062</ele>
        <time>2026-08-05T06:58:15.000Z</time>
        <extensions>
          <ns3:TrackPointExtension>
            <ns3:hr>103</ns3:hr>
            <ns3:cad>46</ns3:cad>
          </ns3:TrackPointExtension>
        </extensions>
      </trkpt>
      <trkpt lat="28.97972387261688709259033203125" lon="82.85559103824198246002197265625">
        <ele>2062.199951171875</ele>
        <time>2026-08-05T06:58:17.000Z</time>
        <extensions>
          <ns3:TrackPointExtension>
            <ns3:hr>103</ns3:hr>
            <ns3:cad>46</ns3:cad>
          </ns3:TrackPointExtension>
        </extensions>
      </trkpt>
      <trkpt lat="28.97972856648266315460205078125" lon="82.85561534576117992401123046875">
        <ele>2062</ele>
        <time>2026-08-05T06:58:19.000Z</time>
        <extensions>
          <ns3:TrackPointExtension>
            <ns3:hr>106</ns3:hr>
            <ns3:cad>47</ns3:cad>
          </ns3:TrackPointExtension>
        </extensions>
      </trkpt>
      <trkpt lat="28.9797330088913440704345703125" lon="82.85565457306802272796630859375">
        <ele>2061.199951171875</ele>
        <time>2026-08-05T06:58:23.000Z</time>
        <extensions>
          <ns3:TrackPointExtension>
            <ns3:hr>107</ns3:hr>
            <ns3:cad>47</ns3:cad>
          </ns3:TrackPointExtension>
        </extensions>
      </trkpt>
      <trkpt lat="28.9797252975404262542724609375" lon="82.85571492277085781097412109375">
        <ele>2060.60009765625</ele>
        <time>2026-08-05T06:58:28.000Z</time>
        <extensions>
          <ns3:TrackPointExtension>
            <ns3:hr>106</ns3:hr>
            <ns3:cad>47</ns3:cad>
          </ns3:TrackPointExtension>
        </extensions>
      </trkpt>
      <trkpt lat="28.97972085513174533843994140625" lon="82.85572640597820281982421875">
        <ele>2060.39990234375</ele>
        <time>2026-08-05T06:58:29.000Z</time>
        <extensions>
          <ns3:TrackPointExtension>
            <ns3:hr>105</ns3:hr>
            <ns3:cad>47</ns3:cad>
          </ns3:TrackPointExtension>
        </extensions>
      </trkpt>
      <trkpt lat="28.9797249622642993927001953125" lon="82.85581483505666255950927734375">
        <ele>2060.199951171875</ele>
        <time>2026-08-05T06:58:36.000Z</time>
        <extensions>
          <ns3:TrackPointExtension>
            <ns3:hr>106</ns3:hr>
            <ns3:cad>50</ns3:cad>
          </ns3:TrackPointExtension>
        </extensions>
      </trkpt>
      <trkpt lat="28.97971129976212978363037109375" lon="82.85587233491241931915283203125">
        <ele>2060.60009765625</ele>
        <time>2026-08-05T06:58:41.000Z</time>
        <extensions>
          <ns3:TrackPointExtension>
            <ns3:hr>108</ns3:hr>
            <ns3:cad>47</ns3:cad>
          </ns3:TrackPointExtension>
        </extensions>
      </trkpt>
      <trkpt lat="28.9797179214656352996826171875" lon="82.855888344347476959228515625">
        <ele>2060.800048828125</ele>
        <time>2026-08-05T06:58:42.000Z</time>
        <extensions>
          <ns3:TrackPointExtension>
            <ns3:hr>109</ns3:hr>
            <ns3:cad>47</ns3:cad>
          </ns3:TrackPointExtension>
        </extensions>
      </trkpt>
      <trkpt lat="28.97971180267632007598876953125" lon="82.85590703599154949188232421875">
        <ele>2060.800048828125</ele>
        <time>2026-08-05T06:58:44.000Z</time>
        <extensions>
          <ns3:TrackPointExtension>
            <ns3:hr>108</ns3:hr>
            <ns3:cad>47</ns3:cad>
          </ns3:TrackPointExtension>
        </extensions>
      </trkpt>
      <trkpt lat="28.97970627062022686004638671875" lon="82.85593771375715732574462890625">
        <ele>2060.800048828125</ele>
        <time>2026-08-05T06:58:46.000Z</time>
        <extensions>
          <ns3:TrackPointExtension>
            <ns3:hr>109</ns3:hr>
            <ns3:cad>47</ns3:cad>
          </ns3:TrackPointExtension>
        </extensions>
      </trkpt>
      <trkpt lat="28.97970442660152912139892578125" lon="82.856034524738788604736328125">
        <ele>2060.199951171875</ele>
        <time>2026-08-05T06:58:53.000Z</time>
        <extensions>
          <ns3:TrackPointExtension>
            <ns3:hr>108</ns3:hr>
            <ns3:cad>50</ns3:cad>
          </ns3:TrackPointExtension>
        </extensions>
      </trkpt>
      <trkpt lat="28.97971339523792266845703125" lon="82.8561154939234256744384765625">
        <ele>2060.60009765625</ele>
        <time>2026-08-05T06:58:59.000Z</time>
        <extensions>
          <ns3:TrackPointExtension>
            <ns3:hr>107</ns3:hr>
            <ns3:cad>50</ns3:cad>
          </ns3:TrackPointExtension>
        </extensions>
      </trkpt>
      <trkpt lat="28.97972906939685344696044921875" lon="82.8561875782907009124755859375">
        <ele>2060.60009765625</ele>
        <time>2026-08-05T06:59:05.000Z</time>
        <extensions>
          <ns3:TrackPointExtension>
            <ns3:hr>106</ns3:hr>
            <ns3:cad>48</ns3:cad>
          </ns3:TrackPointExtension>
        </extensions>
      </trkpt>
      <trkpt lat="28.97973217070102691650390625" lon="82.8562502749264240264892578125">
        <ele>2060.60009765625</ele>
        <time>2026-08-05T06:59:10.000Z</time>
        <extensions>
          <ns3:TrackPointExtension>
            <ns3:hr>104</ns3:hr>
            <ns3:cad>52</ns3:cad>
          </ns3:TrackPointExtension>
        </extensions>
      </trkpt>
      <trkpt lat="28.9797413907945156097412109375" lon="82.85633350722491741180419921875">
        <ele>2060.60009765625</ele>
        <time>2026-08-05T06:59:17.000Z</time>
        <extensions>
          <ns3:TrackPointExtension>
            <ns3:hr>104</ns3:hr>
            <ns3:cad>49</ns3:cad>
          </ns3:TrackPointExtension>
        </extensions>
      </trkpt>
      <trkpt lat="28.97976209409534931182861328125" lon="82.856424115598201751708984375">
        <ele>2060.199951171875</ele>
        <time>2026-08-05T06:59:24.000Z</time>
        <extensions>
          <ns3:TrackPointExtension>
            <ns3:hr>104</ns3:hr>
            <ns3:cad>49</ns3:cad>
          </ns3:TrackPointExtension>
        </extensions>
      </trkpt>
      <trkpt lat="28.9797853119671344757080078125" lon="82.8565201722085475921630859375">
        <ele>2060.60009765625</ele>
        <time>2026-08-05T06:59:32.000Z</time>
        <extensions>
          <ns3:TrackPointExtension>
            <ns3:hr>104</ns3:hr>
            <ns3:cad>48</ns3:cad>
          </ns3:TrackPointExtension>
        </extensions>
      </trkpt>
      <trkpt lat="28.97980802692472934722900390625" lon="82.85660692490637302398681640625">
        <ele>2060.39990234375</ele>
        <time>2026-08-05T06:59:39.000Z</time>
        <extensions>
          <ns3:TrackPointExtension>
            <ns3:hr>106</ns3:hr>
            <ns3:cad>50</ns3:cad>
          </ns3:TrackPointExtension>
        </extensions>
      </trkpt>
      <trkpt lat="28.9798195101320743560791015625" lon="82.85669879056513309478759765625">
        <ele>2060</ele>
        <time>2026-08-05T06:59:45.000Z</time>
        <extensions>
          <ns3:TrackPointExtension>
            <ns3:hr>107</ns3:hr>
            <ns3:cad>51</ns3:cad>
          </ns3:TrackPointExtension>
        </extensions>
      </trkpt>
      <trkpt lat="28.97984406910836696624755859375" lon="82.8567783348262310028076171875">
        <ele>2060.60009765625</ele>
        <time>2026-08-05T06:59:51.000Z</time>
        <extensions>
          <ns3:TrackPointExtension>
            <ns3:hr>107</ns3:hr>
            <ns3:cad>49</ns3:cad>
          </ns3:TrackPointExtension>
        </extensions>
      </trkpt>
      <trkpt lat="28.9798480086028575897216796875" lon="82.85682669840753078460693359375">
        <ele>2060</ele>
        <time>2026-08-05T06:59:56.000Z</time>
        <extensions>
          <ns3:TrackPointExtension>
            <ns3:hr>107</ns3:hr>
            <ns3:cad>49</ns3:cad>
          </ns3:TrackPointExtension>
        </extensions>
      </trkpt>
      <trkpt lat="28.979860581457614898681640625" lon="82.85691102035343647003173828125">
        <ele>2060.60009765625</ele>
        <time>2026-08-05T07:00:02.000Z</time>
        <extensions>
          <ns3:TrackPointExtension>
            <ns3:hr>106</ns3:hr>
            <ns3:cad>50</ns3:cad>
          </ns3:TrackPointExtension>
        </extensions>
      </trkpt>
      <trkpt lat="28.97985831834375858306884765625" lon="82.85692677833139896392822265625">
        <ele>2060.800048828125</ele>
        <time>2026-08-05T07:00:03.000Z</time>
        <extensions>
          <ns3:TrackPointExtension>
            <ns3:hr>106</ns3:hr>
            <ns3:cad>49</ns3:cad>
          </ns3:TrackPointExtension>
        </extensions>
      </trkpt>
      <trkpt lat="28.97986686788499355316162109375" lon="82.85700590349733829498291015625">
        <ele>2061.39990234375</ele>
        <time>2026-08-05T07:00:09.000Z</time>
        <extensions>
          <ns3:TrackPointExtension>
            <ns3:hr>106</ns3:hr>
            <ns3:cad>50</ns3:cad>
          </ns3:TrackPointExtension>
        </extensions>
      </trkpt>
      <trkpt lat="28.9798651076853275299072265625" lon="82.85704781301319599151611328125">
        <ele>2061.60009765625</ele>
        <time>2026-08-05T07:00:12.000Z</time>
        <extensions>
          <ns3:TrackPointExtension>
            <ns3:hr>105</ns3:hr>
            <ns3:cad>50</ns3:cad>
          </ns3:TrackPointExtension>
        </extensions>
      </trkpt>
      <trkpt lat="28.97986837662756443023681640625" lon="82.857087962329387664794921875">
        <ele>2061.60009765625</ele>
        <time>2026-08-05T07:00:15.000Z</time>
        <extensions>
          <ns3:TrackPointExtension>
            <ns3:hr>105</ns3:hr>
            <ns3:cad>50</ns3:cad>
          </ns3:TrackPointExtension>
        </extensions>
      </trkpt>
      <trkpt lat="28.97987566888332366943359375" lon="82.85715057514607906341552734375">
        <ele>2061.800048828125</ele>
        <time>2026-08-05T07:00:20.000Z</time>
        <extensions>
          <ns3:TrackPointExtension>
            <ns3:hr>107</ns3:hr>
            <ns3:cad>54</ns3:cad>
          </ns3:TrackPointExtension>
        </extensions>
      </trkpt>
      <trkpt lat="28.97988698445260524749755859375" lon="82.85723271779716014862060546875">
        <ele>2061.800048828125</ele>
        <time>2026-08-05T07:00:27.000Z</time>
        <extensions>
          <ns3:TrackPointExtension>
            <ns3:hr>109</ns3:hr>
            <ns3:cad>48</ns3:cad>
          </ns3:TrackPointExtension>
        </extensions>
      </trkpt>
      <trkpt lat="28.97989586926996707916259765625" lon="82.85728870891034603118896484375">
        <ele>2062</ele>
        <time>2026-08-05T07:00:32.000Z</time>
        <extensions>
          <ns3:TrackPointExtension>
            <ns3:hr>110</ns3:hr>
            <ns3:cad>47</ns3:cad>
          </ns3:TrackPointExtension>
        </extensions>
      </trkpt>
      <trkpt lat="28.97989754565060138702392578125" lon="82.85731494426727294921875">
        <ele>2062.199951171875</ele>
        <time>2026-08-05T07:00:34.000Z</time>
        <extensions>
          <ns3:TrackPointExtension>
            <ns3:hr>113</ns3:hr>
            <ns3:cad>47</ns3:cad>
          </ns3:TrackPointExtension>
        </extensions>
      </trkpt>
      <trkpt lat="28.97989578545093536376953125" lon="82.85733514465391635894775390625">
        <ele>2062.800048828125</ele>
        <time>2026-08-05T07:00:36.000Z</time>
        <extensions>
          <ns3:TrackPointExtension>
            <ns3:hr>113</ns3:hr>
            <ns3:cad>47</ns3:cad>
          </ns3:TrackPointExtension>
        </extensions>
      </trkpt>
      <trkpt lat="28.979900814592838287353515625" lon="82.85735987126827239990234375">
        <ele>2063</ele>
        <time>2026-08-05T07:00:38.000Z</time>
        <extensions>
          <ns3:TrackPointExtension>
            <ns3:hr>113</ns3:hr>
            <ns3:cad>48</ns3:cad>
          </ns3:TrackPointExtension>
        </extensions>
      </trkpt>
      <trkpt lat="28.979914896190166473388671875" lon="82.85739549435675144195556640625">
        <ele>2063.800048828125</ele>
        <time>2026-08-05T07:00:42.000Z</time>
        <extensions>
          <ns3:TrackPointExtension>
            <ns3:hr>113</ns3:hr>
            <ns3:cad>47</ns3:cad>
          </ns3:TrackPointExtension>
        </extensions>
      </trkpt>
      <trkpt lat="28.97992126643657684326171875" lon="82.85748182795941829681396484375">
        <ele>2064.60009765625</ele>
        <time>2026-08-05T07:00:49.000Z</time>
        <extensions>
          <ns3:TrackPointExtension>
            <ns3:hr>114</ns3:hr>
            <ns3:cad>46</ns3:cad>
          </ns3:TrackPointExtension>
        </extensions>
      </trkpt>
      <trkpt lat="28.97992260754108428955078125" lon="82.85752323456108570098876953125">
        <ele>2064.800048828125</ele>
        <time>2026-08-05T07:00:53.000Z</time>
        <extensions>
          <ns3:TrackPointExtension>
            <ns3:hr>116</ns3:hr>
            <ns3:cad>48</ns3:cad>
          </ns3:TrackPointExtension>
        </extensions>
      </trkpt>
      <trkpt lat="28.97992285899817943572998046875" lon="82.857570089399814605712890625">
        <ele>2065</ele>
        <time>2026-08-05T07:00:57.000Z</time>
        <extensions>
          <ns3:TrackPointExtension>
            <ns3:hr>117</ns3:hr>
            <ns3:cad>47</ns3:cad>
          </ns3:TrackPointExtension>
        </extensions>
      </trkpt>
      <trkpt lat="28.97992185316979885101318359375" lon="82.8576285950839519500732421875">
        <ele>2066</ele>
        <time>2026-08-05T07:01:02.000Z</time>
        <extensions>
          <ns3:TrackPointExtension>
            <ns3:hr>119</ns3:hr>
            <ns3:cad>47</ns3:cad>
          </ns3:TrackPointExtension>
        </extensions>
      </trkpt>
      <trkpt lat="28.9799251221120357513427734375" lon="82.8576493822038173675537109375">
        <ele>2066</ele>
        <time>2026-08-05T07:01:04.000Z</time>
        <extensions>
          <ns3:TrackPointExtension>
            <ns3:hr>119</ns3:hr>
            <ns3:cad>47</ns3:cad>
          </ns3:TrackPointExtension>
        </extensions>
      </trkpt>
      <trkpt lat="28.97992688231170177459716796875" lon="82.85771266557276248931884765625">
        <ele>2065.800048828125</ele>
        <time>2026-08-05T07:01:09.000Z</time>
        <extensions>
          <ns3:TrackPointExtension>
            <ns3:hr>120</ns3:hr>
            <ns3:cad>50</ns3:cad>
          </ns3:TrackPointExtension>
        </extensions>
      </trkpt>
      <trkpt lat="28.9799100346863269805908203125" lon="82.85778860561549663543701171875">
        <ele>2065.800048828125</ele>
        <time>2026-08-05T07:01:15.000Z</time>
        <extensions>
          <ns3:TrackPointExtension>
            <ns3:hr>118</ns3:hr>
            <ns3:cad>49</ns3:cad>
          </ns3:TrackPointExtension>
        </extensions>
      </trkpt>
      <trkpt lat="28.97989955730736255645751953125" lon="82.85786773078143596649169921875">
        <ele>2065.39990234375</ele>
        <time>2026-08-05T07:01:21.000Z</time>
        <extensions>
          <ns3:TrackPointExtension>
            <ns3:hr>118</ns3:hr>
            <ns3:cad>49</ns3:cad>
          </ns3:TrackPointExtension>
        </extensions>
      </trkpt>
      <trkpt lat="28.97989385761320590972900390625" lon="82.8579273261129856109619140625">
        <ele>2065.39990234375</ele>
        <time>2026-08-05T07:01:26.000Z</time>
        <extensions>
          <ns3:TrackPointExtension>
            <ns3:hr>116</ns3:hr>
            <ns3:cad>51</ns3:cad>
          </ns3:TrackPointExtension>
        </extensions>
      </trkpt>
      <trkpt lat="28.9798776805400848388671875" lon="82.85801910795271396636962890625">
        <ele>2065.199951171875</ele>
        <time>2026-08-05T07:01:32.000Z</time>
        <extensions>
          <ns3:TrackPointExtension>
            <ns3:hr>115</ns3:hr>
            <ns3:cad>51</ns3:cad>
          </ns3:TrackPointExtension>
        </extensions>
      </trkpt>
      <trkpt lat="28.9798857271671295166015625" lon="82.8580678068101406097412109375">
        <ele>2065</ele>
        <time>2026-08-05T07:01:36.000Z</time>
        <extensions>
          <ns3:TrackPointExtension>
            <ns3:hr>116</ns3:hr>
            <ns3:cad>51</ns3:cad>
          </ns3:TrackPointExtension>
        </extensions>
      </trkpt>
      <trkpt lat="28.9798828773200511932373046875" lon="82.85811097361147403717041015625">
        <ele>2065</ele>
        <time>2026-08-05T07:01:40.000Z</time>
        <extensions>
          <ns3:TrackPointExtension>
            <ns3:hr>119</ns3:hr>
            <ns3:cad>50</ns3:cad>
          </ns3:TrackPointExtension>
        </extensions>
      </trkpt>
      <trkpt lat="28.97987969219684600830078125" lon="82.85812891088426113128662109375">
        <ele>2064.800048828125</ele>
        <time>2026-08-05T07:01:41.000Z</time>
        <extensions>
          <ns3:TrackPointExtension>
            <ns3:hr>119</ns3:hr>
            <ns3:cad>50</ns3:cad>
          </ns3:TrackPointExtension>
        </extensions>
      </trkpt>
      <trkpt lat="28.9798765070736408233642578125" lon="82.8581465966999530792236328125">
        <ele>2064.800048828125</ele>
        <time>2026-08-05T07:01:42.000Z</time>
        <extensions>
          <ns3:TrackPointExtension>
            <ns3:hr>119</ns3:hr>
            <ns3:cad>50</ns3:cad>
          </ns3:TrackPointExtension>
        </extensions>
      </trkpt>
      <trkpt lat="28.97986066527664661407470703125" lon="82.858214490115642547607421875">
        <ele>2064.800048828125</ele>
        <time>2026-08-05T07:01:47.000Z</time>
        <extensions>
          <ns3:TrackPointExtension>
            <ns3:hr>118</ns3:hr>
            <ns3:cad>49</ns3:cad>
          </ns3:TrackPointExtension>
        </extensions>
      </trkpt>
      <trkpt lat="28.97983686067163944244384765625" lon="82.85830057226121425628662109375">
        <ele>2064.199951171875</ele>
        <time>2026-08-05T07:01:54.000Z</time>
        <extensions>
          <ns3:TrackPointExtension>
            <ns3:hr>116</ns3:hr>
            <ns3:cad>49</ns3:cad>
          </ns3:TrackPointExtension>
        </extensions>
      </trkpt>
      <trkpt lat="28.9798121340572834014892578125" lon="82.8583628498017787933349609375">
        <ele>2065</ele>
        <time>2026-08-05T07:02:00.000Z</time>
        <extensions>
          <ns3:TrackPointExtension>
            <ns3:hr>115</ns3:hr>
            <ns3:cad>46</ns3:cad>
          </ns3:TrackPointExtension>
        </extensions>
      </trkpt>
      <trkpt lat="28.9798014052212238311767578125" lon="82.85842596553266048431396484375">
        <ele>2065.39990234375</ele>
        <time>2026-08-05T07:02:06.000Z</time>
        <extensions>
          <ns3:TrackPointExtension>
            <ns3:hr>115</ns3:hr>
            <ns3:cad>0</ns3:cad>
          </ns3:TrackPointExtension>
        </extensions>
      </trkpt>
      <trkpt lat="28.979792185127735137939453125" lon="82.8584563918411731719970703125">
        <ele>2065.39990234375</ele>
        <time>2026-08-05T07:02:10.000Z</time>
        <extensions>
          <ns3:TrackPointExtension>
            <ns3:hr>115</ns3:hr>
            <ns3:cad>0</ns3:cad>
          </ns3:TrackPointExtension>
        </extensions>
      </trkpt>
      <trkpt lat="28.97977651096880435943603515625" lon="82.8585244528949260711669921875">
        <ele>2065.60009765625</ele>
        <time>2026-08-05T07:02:16.000Z</time>
        <extensions>
          <ns3:TrackPointExtension>
            <ns3:hr>115</ns3:hr>
            <ns3:cad>50</ns3:cad>
          </ns3:TrackPointExtension>
        </extensions>
      </trkpt>
      <trkpt lat="28.97976410575211048126220703125" lon="82.8585876524448394775390625">
        <ele>2065.800048828125</ele>
        <time>2026-08-05T07:02:21.000Z</time>
        <extensions>
          <ns3:TrackPointExtension>
            <ns3:hr>115</ns3:hr>
            <ns3:cad>48</ns3:cad>
          </ns3:TrackPointExtension>
        </extensions>
      </trkpt>
      <trkpt lat="28.979755975306034088134765625" lon="82.85863450728356838226318359375">
        <ele>2065.800048828125</ele>
        <time>2026-08-05T07:02:26.000Z</time>
        <extensions>
          <ns3:TrackPointExtension>
            <ns3:hr>115</ns3:hr>
            <ns3:cad>47</ns3:cad>
          </ns3:TrackPointExtension>
        </extensions>
      </trkpt>
      <trkpt lat="28.979752622544765472412109375" lon="82.8586542047560214996337890625">
        <ele>2065.800048828125</ele>
        <time>2026-08-05T07:02:28.000Z</time>
        <extensions>
          <ns3:TrackPointExtension>
            <ns3:hr>116</ns3:hr>
            <ns3:cad>46</ns3:cad>
          </ns3:TrackPointExtension>
        </extensions>
      </trkpt>
      <trkpt lat="28.97973619401454925537109375" lon="82.85870768129825592041015625">
        <ele>2066.199951171875</ele>
        <time>2026-08-05T07:02:33.000Z</time>
        <extensions>
          <ns3:TrackPointExtension>
            <ns3:hr>115</ns3:hr>
            <ns3:cad>44</ns3:cad>
          </ns3:TrackPointExtension>
        </extensions>
      </trkpt>
      <trkpt lat="28.97973812185227870941162109375" lon="82.8587621636688709259033203125">
        <ele>2066.60009765625</ele>
        <time>2026-08-05T07:02:39.000Z</time>
        <extensions>
          <ns3:TrackPointExtension>
            <ns3:hr>117</ns3:hr>
            <ns3:cad>46</ns3:cad>
          </ns3:TrackPointExtension>
        </extensions>
      </trkpt>
      <trkpt lat="28.97972219623625278472900390625" lon="82.858801223337650299072265625">
        <ele>2067</ele>
        <time>2026-08-05T07:02:42.000Z</time>
        <extensions>
          <ns3:TrackPointExtension>
            <ns3:hr>116</ns3:hr>
            <ns3:cad>44</ns3:cad>
          </ns3:TrackPointExtension>
        </extensions>
      </trkpt>
      <trkpt lat="28.97972085513174533843994140625" lon="82.858813293278217315673828125">
        <ele>2067</ele>
        <time>2026-08-05T07:02:43.000Z</time>
        <extensions>
          <ns3:TrackPointExtension>
            <ns3:hr>116</ns3:hr>
            <ns3:cad>43</ns3:cad>
          </ns3:TrackPointExtension>
        </extensions>
      </trkpt>
      <trkpt lat="28.97971414960920810699462890625" lon="82.8588956035673618316650390625">
        <ele>2067.39990234375</ele>
        <time>2026-08-05T07:02:51.000Z</time>
        <extensions>
          <ns3:TrackPointExtension>
            <ns3:hr>118</ns3:hr>
            <ns3:cad>43</ns3:cad>
          </ns3:TrackPointExtension>
        </extensions>
      </trkpt>
      <trkpt lat="28.97970777936279773712158203125" lon="82.8589604794979095458984375">
        <ele>2067.800048828125</ele>
        <time>2026-08-05T07:02:56.000Z</time>
        <extensions>
          <ns3:TrackPointExtension>
            <ns3:hr>115</ns3:hr>
            <ns3:cad>46</ns3:cad>
          </ns3:TrackPointExtension>
        </extensions>
      </trkpt>
      <trkpt lat="28.97970844991505146026611328125" lon="82.85897145979106426239013671875">
        <ele>2068</ele>
        <time>2026-08-05T07:02:57.000Z</time>
        <extensions>
          <ns3:TrackPointExtension>
            <ns3:hr>115</ns3:hr>
            <ns3:cad>47</ns3:cad>
          </ns3:TrackPointExtension>
        </extensions>
      </trkpt>
      <trkpt lat="28.97970677353441715240478515625" lon="82.85899870097637176513671875">
        <ele>2068.199951171875</ele>
        <time>2026-08-05T07:02:59.000Z</time>
        <extensions>
          <ns3:TrackPointExtension>
            <ns3:hr>115</ns3:hr>
            <ns3:cad>46</ns3:cad>
          </ns3:TrackPointExtension>
        </extensions>
      </trkpt>
      <trkpt lat="28.9797058515250682830810546875" lon="82.85906349308788776397705078125">
        <ele>2068.60009765625</ele>
        <time>2026-08-05T07:03:05.000Z</time>
        <extensions>
          <ns3:TrackPointExtension>
            <ns3:hr>117</ns3:hr>
            <ns3:cad>46</ns3:cad>
          </ns3:TrackPointExtension>
        </extensions>
      </trkpt>
      <trkpt lat="28.97969805635511875152587890625" lon="82.85911998711526393890380859375">
        <ele>2069</ele>
        <time>2026-08-05T07:03:10.000Z</time>
        <extensions>
          <ns3:TrackPointExtension>
            <ns3:hr>118</ns3:hr>
            <ns3:cad>48</ns3:cad>
          </ns3:TrackPointExtension>
        </extensions>
      </trkpt>
      <trkpt lat="28.97969403304159641265869140625" lon="82.8591321408748626708984375">
        <ele>2069</ele>
        <time>2026-08-05T07:03:11.000Z</time>
        <extensions>
          <ns3:TrackPointExtension>
            <ns3:hr>119</ns3:hr>
            <ns3:cad>48</ns3:cad>
          </ns3:TrackPointExtension>
        </extensions>
      </trkpt>
      <trkpt lat="28.979687578976154327392578125" lon="82.85919777117669582366943359375">
        <ele>2069.60009765625</ele>
        <time>2026-08-05T07:03:16.000Z</time>
        <extensions>
          <ns3:TrackPointExtension>
            <ns3:hr>120</ns3:hr>
            <ns3:cad>47</ns3:cad>
          </ns3:TrackPointExtension>
        </extensions>
      </trkpt>
      <trkpt lat="28.9796572364866733551025390625" lon="82.85926901735365390777587890625">
        <ele>2069.199951171875</ele>
        <time>2026-08-05T07:03:22.000Z</time>
        <extensions>
          <ns3:TrackPointExtension>
            <ns3:hr>121</ns3:hr>
            <ns3:cad>49</ns3:cad>
          </ns3:TrackPointExtension>
        </extensions>
      </trkpt>
      <trkpt lat="28.9796175062656402587890625" lon="82.8593480587005615234375">
        <ele>2069.39990234375</ele>
        <time>2026-08-05T07:03:30.000Z</time>
        <extensions>
          <ns3:TrackPointExtension>
            <ns3:hr>122</ns3:hr>
            <ns3:cad>50</ns3:cad>
          </ns3:TrackPointExtension>
        </extensions>
      </trkpt>
      <trkpt lat="28.97958707995712757110595703125" lon="82.85939189605414867401123046875">
        <ele>2070</ele>
        <time>2026-08-05T07:03:34.000Z</time>
        <extensions>
          <ns3:TrackPointExtension>
            <ns3:hr>122</ns3:hr>
            <ns3:cad>48</ns3:cad>
          </ns3:TrackPointExtension>
        </extensions>
      </trkpt>
      <trkpt lat="28.9795797877013683319091796875" lon="82.8594035468995571136474609375">
        <ele>2070.199951171875</ele>
        <time>2026-08-05T07:03:35.000Z</time>
        <extensions>
          <ns3:TrackPointExtension>
            <ns3:hr>122</ns3:hr>
            <ns3:cad>48</ns3:cad>
          </ns3:TrackPointExtension>
        </extensions>
      </trkpt>
      <trkpt lat="28.9795703999698162078857421875" lon="82.8594353981316089630126953125">
        <ele>2070.39990234375</ele>
        <time>2026-08-05T07:03:37.000Z</time>
        <extensions>
          <ns3:TrackPointExtension>
            <ns3:hr>121</ns3:hr>
            <ns3:cad>47</ns3:cad>
          </ns3:TrackPointExtension>
        </extensions>
      </trkpt>
      <trkpt lat="28.9795345254242420196533203125" lon="82.8594803251326084136962890625">
        <ele>2070.199951171875</ele>
        <time>2026-08-05T07:03:41.000Z</time>
        <extensions>
          <ns3:TrackPointExtension>
            <ns3:hr>120</ns3:hr>
            <ns3:cad>48</ns3:cad>
          </ns3:TrackPointExtension>
        </extensions>
      </trkpt>
      <trkpt lat="28.97949672304093837738037109375" lon="82.85951578058302402496337890625">
        <ele>2070.39990234375</ele>
        <time>2026-08-05T07:03:46.000Z</time>
        <extensions>
          <ns3:TrackPointExtension>
            <ns3:hr>119</ns3:hr>
            <ns3:cad>50</ns3:cad>
          </ns3:TrackPointExtension>
        </extensions>
      </trkpt>
      <trkpt lat="28.97946151904761791229248046875" lon="82.85955081693828105926513671875">
        <ele>2071</ele>
        <time>2026-08-05T07:03:50.000Z</time>
        <extensions>
          <ns3:TrackPointExtension>
            <ns3:hr>121</ns3:hr>
            <ns3:cad>49</ns3:cad>
          </ns3:TrackPointExtension>
        </extensions>
      </trkpt>
      <trkpt lat="28.97944576106965541839599609375" lon="82.85956892184913158416748046875">
        <ele>2071.199951171875</ele>
        <time>2026-08-05T07:03:52.000Z</time>
        <extensions>
          <ns3:TrackPointExtension>
            <ns3:hr>122</ns3:hr>
            <ns3:cad>49</ns3:cad>
          </ns3:TrackPointExtension>
        </extensions>
      </trkpt>
      <trkpt lat="28.97939932532608509063720703125" lon="82.85961887799203395843505859375">
        <ele>2071.60009765625</ele>
        <time>2026-08-05T07:03:59.000Z</time>
        <extensions>
          <ns3:TrackPointExtension>
            <ns3:hr>122</ns3:hr>
            <ns3:cad>47</ns3:cad>
          </ns3:TrackPointExtension>
        </extensions>
      </trkpt>
      <trkpt lat="28.9793561585247516632080078125" lon="82.859648130834102630615234375">
        <ele>2072.199951171875</ele>
        <time>2026-08-05T07:04:04.000Z</time>
        <extensions>
          <ns3:TrackPointExtension>
            <ns3:hr>122</ns3:hr>
            <ns3:cad>45</ns3:cad>
          </ns3:TrackPointExtension>
        </extensions>
      </trkpt>
      <trkpt lat="28.9793028496205806732177734375" lon="82.85967922769486904144287109375">
        <ele>2072.800048828125</ele>
        <time>2026-08-05T07:04:09.000Z</time>
        <extensions>
          <ns3:TrackPointExtension>
            <ns3:hr>122</ns3:hr>
            <ns3:cad>44</ns3:cad>
          </ns3:TrackPointExtension>
        </extensions>
      </trkpt>
      <trkpt lat="28.97924727760255336761474609375" lon="82.859708480536937713623046875">
        <ele>2072.800048828125</ele>
        <time>2026-08-05T07:04:14.000Z</time>
        <extensions>
          <ns3:TrackPointExtension>
            <ns3:hr>121</ns3:hr>
            <ns3:cad>47</ns3:cad>
          </ns3:TrackPointExtension>
        </extensions>
      </trkpt>
      <trkpt lat="28.9791948907077312469482421875" lon="82.85974971950054168701171875">
        <ele>2073</ele>
        <time>2026-08-05T07:04:19.000Z</time>
        <extensions>
          <ns3:TrackPointExtension>
            <ns3:hr>120</ns3:hr>
            <ns3:cad>47</ns3:cad>
          </ns3:TrackPointExtension>
        </extensions>
      </trkpt>
      <trkpt lat="28.97913093678653240203857421875" lon="82.85979531705379486083984375">
        <ele>2073.199951171875</ele>
        <time>2026-08-05T07:04:26.000Z</time>
        <extensions>
          <ns3:TrackPointExtension>
            <ns3:hr>120</ns3:hr>
            <ns3:cad>45</ns3:cad>
          </ns3:TrackPointExtension>
        </extensions>
      </trkpt>
      <trkpt lat="28.97912339307367801666259765625" lon="82.8597998432815074920654296875">
        <ele>2073.199951171875</ele>
        <time>2026-08-05T07:04:27.000Z</time>
        <extensions>
          <ns3:TrackPointExtension>
            <ns3:hr>119</ns3:hr>
            <ns3:cad>44</ns3:cad>
          </ns3:TrackPointExtension>
        </extensions>
      </trkpt>
      <trkpt lat="28.97908131591975688934326171875" lon="82.85982473753392696380615234375">
        <ele>2073.60009765625</ele>
        <time>2026-08-05T07:04:33.000Z</time>
        <extensions>
          <ns3:TrackPointExtension>
            <ns3:hr>119</ns3:hr>
            <ns3:cad>46</ns3:cad>
          </ns3:TrackPointExtension>
        </extensions>
      </trkpt>
      <trkpt lat="28.9790249057114124298095703125" lon="82.85986077971756458282470703125">
        <ele>2073.39990234375</ele>
        <time>2026-08-05T07:04:40.000Z</time>
        <extensions>
          <ns3:TrackPointExtension>
            <ns3:hr>120</ns3:hr>
            <ns3:cad>45</ns3:cad>
          </ns3:TrackPointExtension>
        </extensions>
      </trkpt>
      <trkpt lat="28.97897771559655666351318359375" lon="82.859890200197696685791015625">
        <ele>2073.800048828125</ele>
        <time>2026-08-05T07:04:45.000Z</time>
        <extensions>
          <ns3:TrackPointExtension>
            <ns3:hr>119</ns3:hr>
            <ns3:cad>47</ns3:cad>
          </ns3:TrackPointExtension>
        </extensions>
      </trkpt>
      <trkpt lat="28.978960029780864715576171875" lon="82.85990235395729541778564453125">
        <ele>2074.199951171875</ele>
        <time>2026-08-05T07:04:47.000Z</time>
        <extensions>
          <ns3:TrackPointExtension>
            <ns3:hr>117</ns3:hr>
            <ns3:cad>47</ns3:cad>
          </ns3:TrackPointExtension>
        </extensions>
      </trkpt>
      <trkpt lat="28.9789125882089138031005859375" lon="82.85993152298033237457275390625">
        <ele>2074.199951171875</ele>
        <time>2026-08-05T07:04:51.000Z</time>
        <extensions>
          <ns3:TrackPointExtension>
            <ns3:hr>116</ns3:hr>
            <ns3:cad>48</ns3:cad>
          </ns3:TrackPointExtension>
        </extensions>
      </trkpt>
      <trkpt lat="28.97884746082127094268798828125" lon="82.85996387712657451629638671875">
        <ele>2074</ele>
        <time>2026-08-05T07:04:57.000Z</time>
        <extensions>
          <ns3:TrackPointExtension>
            <ns3:hr>115</ns3:hr>
            <ns3:cad>49</ns3:cad>
          </ns3:TrackPointExtension>
        </extensions>
      </trkpt>
      <trkpt lat="28.97877654992043972015380859375" lon="82.860008887946605682373046875">
        <ele>2074.39990234375</ele>
        <time>2026-08-05T07:05:04.000Z</time>
        <extensions>
          <ns3:TrackPointExtension>
            <ns3:hr>116</ns3:hr>
            <ns3:cad>48</ns3:cad>
          </ns3:TrackPointExtension>
        </extensions>
      </trkpt>
      <trkpt lat="28.97873707115650177001953125" lon="82.86002590321004390716552734375">
        <ele>2074.60009765625</ele>
        <time>2026-08-05T07:05:08.000Z</time>
        <extensions>
          <ns3:TrackPointExtension>
            <ns3:hr>119</ns3:hr>
            <ns3:cad>48</ns3:cad>
          </ns3:TrackPointExtension>
        </extensions>
      </trkpt>
      <trkpt lat="28.9786933176219463348388671875" lon="82.8600506298243999481201171875">
        <ele>2074.60009765625</ele>
        <time>2026-08-05T07:05:12.000Z</time>
        <extensions>
          <ns3:TrackPointExtension>
            <ns3:hr>120</ns3:hr>
            <ns3:cad>49</ns3:cad>
          </ns3:TrackPointExtension>
        </extensions>
      </trkpt>
      <trkpt lat="28.978638164699077606201171875" lon="82.86008499562740325927734375">
        <ele>2074.199951171875</ele>
        <time>2026-08-05T07:05:18.000Z</time>
        <extensions>
          <ns3:TrackPointExtension>
            <ns3:hr>120</ns3:hr>
            <ns3:cad>45</ns3:cad>
          </ns3:TrackPointExtension>
        </extensions>
      </trkpt>
      <trkpt lat="28.97858426906168460845947265625" lon="82.8601367957890033721923828125">
        <ele>2074.800048828125</ele>
        <time>2026-08-05T07:05:24.000Z</time>
        <extensions>
          <ns3:TrackPointExtension>
            <ns3:hr>118</ns3:hr>
            <ns3:cad>49</ns3:cad>
          </ns3:TrackPointExtension>
        </extensions>
      </trkpt>
      <trkpt lat="28.9785300381481647491455078125" lon="82.86018281243741512298583984375">
        <ele>2074.800048828125</ele>
        <time>2026-08-05T07:05:30.000Z</time>
        <extensions>
          <ns3:TrackPointExtension>
            <ns3:hr>118</ns3:hr>
            <ns3:cad>49</ns3:cad>
          </ns3:TrackPointExtension>
        </extensions>
      </trkpt>
      <trkpt lat="28.9784777350723743438720703125" lon="82.86023209802806377410888671875">
        <ele>2074.800048828125</ele>
        <time>2026-08-05T07:05:36.000Z</time>
        <extensions>
          <ns3:TrackPointExtension>
            <ns3:hr>117</ns3:hr>
            <ns3:cad>50</ns3:cad>
          </ns3:TrackPointExtension>
        </extensions>
      </trkpt>
      <trkpt lat="28.9784472249448299407958984375" lon="82.86026336252689361572265625">
        <ele>2075.199951171875</ele>
        <time>2026-08-05T07:05:40.000Z</time>
        <extensions>
          <ns3:TrackPointExtension>
            <ns3:hr>114</ns3:hr>
            <ns3:cad>51</ns3:cad>
          </ns3:TrackPointExtension>
        </extensions>
      </trkpt>
      <trkpt lat="28.978426940739154815673828125" lon="82.86027467809617519378662109375">
        <ele>2075</ele>
        <time>2026-08-05T07:05:42.000Z</time>
        <extensions>
          <ns3:TrackPointExtension>
            <ns3:hr>114</ns3:hr>
            <ns3:cad>50</ns3:cad>
          </ns3:TrackPointExtension>
        </extensions>
      </trkpt>
      <trkpt lat="28.97838477976620197296142578125" lon="82.86032848991453647613525390625">
        <ele>2074.60009765625</ele>
        <time>2026-08-05T07:05:47.000Z</time>
        <extensions>
          <ns3:TrackPointExtension>
            <ns3:hr>114</ns3:hr>
            <ns3:cad>48</ns3:cad>
          </ns3:TrackPointExtension>
        </extensions>
      </trkpt>
      <trkpt lat="28.97833817638456821441650390625" lon="82.860358245670795440673828125">
        <ele>2074</ele>
        <time>2026-08-05T07:05:52.000Z</time>
        <extensions>
          <ns3:TrackPointExtension>
            <ns3:hr>111</ns3:hr>
            <ns3:cad>50</ns3:cad>
          </ns3:TrackPointExtension>
        </extensions>
      </trkpt>
      <trkpt lat="28.97831596434116363525390625" lon="82.86037140525877475738525390625">
        <ele>2074</ele>
        <time>2026-08-05T07:05:54.000Z</time>
        <extensions>
          <ns3:TrackPointExtension>
            <ns3:hr>110</ns3:hr>
            <ns3:cad>49</ns3:cad>
          </ns3:TrackPointExtension>
        </extensions>
      </trkpt>
      <trkpt lat="28.97824178449809551239013671875" lon="82.86043527536094188690185546875">
        <ele>2074.199951171875</ele>
        <time>2026-08-05T07:06:03.000Z</time>
        <extensions>
          <ns3:TrackPointExtension>
            <ns3:hr>111</ns3:hr>
            <ns3:cad>48</ns3:cad>
          </ns3:TrackPointExtension>
        </extensions>
      </trkpt>
      <trkpt lat="28.9781598933041095733642578125" lon="82.86049000918865203857421875">
        <ele>2074.60009765625</ele>
        <time>2026-08-05T07:06:12.000Z</time>
        <extensions>
          <ns3:TrackPointExtension>
            <ns3:hr>114</ns3:hr>
            <ns3:cad>47</ns3:cad>
          </ns3:TrackPointExtension>
        </extensions>
      </trkpt>
      <trkpt lat="28.97807766683399677276611328125" lon="82.8605310805141925811767578125">
        <ele>2074.800048828125</ele>
        <time>2026-08-05T07:06:20.000Z</time>
        <extensions>
          <ns3:TrackPointExtension>
            <ns3:hr>112</ns3:hr>
            <ns3:cad>48</ns3:cad>
          </ns3:TrackPointExtension>
        </extensions>
      </trkpt>
      <trkpt lat="28.97800080478191375732421875" lon="82.86056301556527614593505859375">
        <ele>2074.60009765625</ele>
        <time>2026-08-05T07:06:28.000Z</time>
        <extensions>
          <ns3:TrackPointExtension>
            <ns3:hr>111</ns3:hr>
            <ns3:cad>47</ns3:cad>
          </ns3:TrackPointExtension>
        </extensions>
      </trkpt>
      <trkpt lat="28.97796384058892726898193359375" lon="82.8605751693248748779296875">
        <ele>2075.199951171875</ele>
        <time>2026-08-05T07:06:32.000Z</time>
        <extensions>
          <ns3:TrackPointExtension>
            <ns3:hr>113</ns3:hr>
            <ns3:cad>45</ns3:cad>
          </ns3:TrackPointExtension>
        </extensions>
      </trkpt>
      <trkpt lat="28.97792846895754337310791015625" lon="82.860585562884807586669921875">
        <ele>2075.39990234375</ele>
        <time>2026-08-05T07:06:35.000Z</time>
        <extensions>
          <ns3:TrackPointExtension>
            <ns3:hr>115</ns3:hr>
            <ns3:cad>44</ns3:cad>
          </ns3:TrackPointExtension>
        </extensions>
      </trkpt>
      <trkpt lat="28.97786946035921573638916015625" lon="82.8606205992400646209716796875">
        <ele>2075.800048828125</ele>
        <time>2026-08-05T07:06:40.000Z</time>
        <extensions>
          <ns3:TrackPointExtension>
            <ns3:hr>115</ns3:hr>
            <ns3:cad>46</ns3:cad>
          </ns3:TrackPointExtension>
        </extensions>
      </trkpt>
      <trkpt lat="28.9778383634984493255615234375" lon="82.86064415238797664642333984375">
        <ele>2076.39990234375</ele>
        <time>2026-08-05T07:06:43.000Z</time>
        <extensions>
          <ns3:TrackPointExtension>
            <ns3:hr>117</ns3:hr>
            <ns3:cad>46</ns3:cad>
          </ns3:TrackPointExtension>
        </extensions>
      </trkpt>
      <trkpt lat="28.977816402912139892578125" lon="82.860648594796657562255859375">
        <ele>2076.60009765625</ele>
        <time>2026-08-05T07:06:45.000Z</time>
        <extensions>
          <ns3:TrackPointExtension>
            <ns3:hr>117</ns3:hr>
            <ns3:cad>47</ns3:cad>
          </ns3:TrackPointExtension>
        </extensions>
      </trkpt>
      <trkpt lat="28.97776233963668346405029296875" lon="82.86067818291485309600830078125">
        <ele>2076.199951171875</ele>
        <time>2026-08-05T07:06:51.000Z</time>
        <extensions>
          <ns3:TrackPointExtension>
            <ns3:hr>119</ns3:hr>
            <ns3:cad>50</ns3:cad>
          </ns3:TrackPointExtension>
        </extensions>
      </trkpt>
      <trkpt lat="28.9777223579585552215576171875" lon="82.860708273947238922119140625">
        <ele>2077.39990234375</ele>
        <time>2026-08-05T07:06:55.000Z</time>
        <extensions>
          <ns3:TrackPointExtension>
            <ns3:hr>119</ns3:hr>
            <ns3:cad>47</ns3:cad>
          </ns3:TrackPointExtension>
        </extensions>
      </trkpt>
      <trkpt lat="28.9776965416967868804931640625" lon="82.8607298992574214935302734375">
        <ele>2076.60009765625</ele>
        <time>2026-08-05T07:06:58.000Z</time>
        <extensions>
          <ns3:TrackPointExtension>
            <ns3:hr>119</ns3:hr>
            <ns3:cad>47</ns3:cad>
          </ns3:TrackPointExtension>
        </extensions>
      </trkpt>
      <trkpt lat="28.97764541208744049072265625" lon="82.860759906470775604248046875">
        <ele>2076.800048828125</ele>
        <time>2026-08-05T07:07:04.000Z</time>
        <extensions>
          <ns3:TrackPointExtension>
            <ns3:hr>118</ns3:hr>
            <ns3:cad>48</ns3:cad>
          </ns3:TrackPointExtension>
        </extensions>
      </trkpt>
      <trkpt lat="28.97759872488677501678466796875" lon="82.86080659367144107818603515625">
        <ele>2076.60009765625</ele>
        <time>2026-08-05T07:07:10.000Z</time>
        <extensions>
          <ns3:TrackPointExtension>
            <ns3:hr>118</ns3:hr>
            <ns3:cad>46</ns3:cad>
          </ns3:TrackPointExtension>
        </extensions>
      </trkpt>
      <trkpt lat="28.9775446616113185882568359375" lon="82.860851772129535675048828125">
        <ele>2076.800048828125</ele>
        <time>2026-08-05T07:07:16.000Z</time>
        <extensions>
          <ns3:TrackPointExtension>
            <ns3:hr>118</ns3:hr>
            <ns3:cad>47</ns3:cad>
          </ns3:TrackPointExtension>
        </extensions>
      </trkpt>
      <trkpt lat="28.97748825140297412872314453125" lon="82.8609015606343746185302734375">
        <ele>2077.60009765625</ele>
        <time>2026-08-05T07:07:22.000Z</time>
        <extensions>
          <ns3:TrackPointExtension>
            <ns3:hr>119</ns3:hr>
            <ns3:cad>47</ns3:cad>
          </ns3:TrackPointExtension>
        </extensions>
      </trkpt>
      <trkpt lat="28.9774538017809391021728515625" lon="82.86094523034989833831787109375">
        <ele>2078.39990234375</ele>
        <time>2026-08-05T07:07:26.000Z</time>
        <extensions>
          <ns3:TrackPointExtension>
            <ns3:hr>120</ns3:hr>
            <ns3:cad>48</ns3:cad>
          </ns3:TrackPointExtension>
        </extensions>
      </trkpt>
      <trkpt lat="28.977443911135196685791015625" lon="82.86095310933887958526611328125">
        <ele>2078.39990234375</ele>
        <time>2026-08-05T07:07:27.000Z</time>
        <extensions>
          <ns3:TrackPointExtension>
            <ns3:hr>120</ns3:hr>
            <ns3:cad>48</ns3:cad>
          </ns3:TrackPointExtension>
        </extensions>
      </trkpt>
      <trkpt lat="28.97739856503903865814208984375" lon="82.861014045774936676025390625">
        <ele>2078.800048828125</ele>
        <time>2026-08-05T07:07:33.000Z</time>
        <extensions>
          <ns3:TrackPointExtension>
            <ns3:hr>118</ns3:hr>
            <ns3:cad>49</ns3:cad>
          </ns3:TrackPointExtension>
        </extensions>
      </trkpt>
      <trkpt lat="28.9773847348988056182861328125" lon="82.86103692837059497833251953125">
        <ele>2079.60009765625</ele>
        <time>2026-08-05T07:07:36.000Z</time>
        <extensions>
          <ns3:TrackPointExtension>
            <ns3:hr>118</ns3:hr>
            <ns3:cad>50</ns3:cad>
          </ns3:TrackPointExtension>
        </extensions>
      </trkpt>
      <trkpt lat="28.97736621089279651641845703125" lon="82.86106157116591930389404296875">
        <ele>2080.800048828125</ele>
        <time>2026-08-05T07:07:38.000Z</time>
        <extensions>
          <ns3:TrackPointExtension>
            <ns3:hr>117</ns3:hr>
            <ns3:cad>50</ns3:cad>
          </ns3:TrackPointExtension>
        </extensions>
      </trkpt>
      <trkpt lat="28.9773274026811122894287109375" lon="82.86112460307776927947998046875">
        <ele>2079.60009765625</ele>
        <time>2026-08-05T07:07:44.000Z</time>
        <extensions>
          <ns3:TrackPointExtension>
            <ns3:hr>119</ns3:hr>
            <ns3:cad>50</ns3:cad>
          </ns3:TrackPointExtension>
        </extensions>
      </trkpt>
      <trkpt lat="28.9773086272180080413818359375" lon="82.86114371381700038909912109375">
        <ele>2078.39990234375</ele>
        <time>2026-08-05T07:07:46.000Z</time>
        <extensions>
          <ns3:TrackPointExtension>
            <ns3:hr>120</ns3:hr>
            <ns3:cad>49</ns3:cad>
          </ns3:TrackPointExtension>
        </extensions>
      </trkpt>
      <trkpt lat="28.97726428695023059844970703125" lon="82.861180342733860015869140625">
        <ele>2079</ele>
        <time>2026-08-05T07:07:51.000Z</time>
        <extensions>
          <ns3:TrackPointExtension>
            <ns3:hr>121</ns3:hr>
            <ns3:cad>50</ns3:cad>
          </ns3:TrackPointExtension>
        </extensions>
      </trkpt>
      <trkpt lat="28.97724551148712635040283203125" lon="82.86119551397860050201416015625">
        <ele>2079.60009765625</ele>
        <time>2026-08-05T07:07:53.000Z</time>
        <extensions>
          <ns3:TrackPointExtension>
            <ns3:hr>120</ns3:hr>
            <ns3:cad>50</ns3:cad>
          </ns3:TrackPointExtension>
        </extensions>
      </trkpt>
      <trkpt lat="28.97720309905707836151123046875" lon="82.86123708821833133697509765625">
        <ele>2079</ele>
        <time>2026-08-05T07:07:58.000Z</time>
        <extensions>
          <ns3:TrackPointExtension>
            <ns3:hr>119</ns3:hr>
            <ns3:cad>51</ns3:cad>
          </ns3:TrackPointExtension>
        </extensions>
      </trkpt>
      <trkpt lat="28.977182395756244659423828125" lon="82.86125921644270420074462890625">
        <ele>2078.60009765625</ele>
        <time>2026-08-05T07:08:01.000Z</time>
        <extensions>
          <ns3:TrackPointExtension>
            <ns3:hr>118</ns3:hr>
            <ns3:cad>51</ns3:cad>
          </ns3:TrackPointExtension>
        </extensions>
      </trkpt>
      <trkpt lat="28.9771487005054950714111328125" lon="82.86128805018961429595947265625">
        <ele>2078</ele>
        <time>2026-08-05T07:08:04.000Z</time>
        <extensions>
          <ns3:TrackPointExtension>
            <ns3:hr>117</ns3:hr>
            <ns3:cad>53</ns3:cad>
          </ns3:TrackPointExtension>
        </extensions>
      </trkpt>
      <trkpt lat="28.97712682373821735382080078125" lon="82.86130179651081562042236328125">
        <ele>2077.39990234375</ele>
        <time>2026-08-05T07:08:06.000Z</time>
        <extensions>
          <ns3:TrackPointExtension>
            <ns3:hr>116</ns3:hr>
            <ns3:cad>53</ns3:cad>
          </ns3:TrackPointExtension>
        </extensions>
      </trkpt>
      <trkpt lat="28.97708340547978878021240234375" lon="82.86132811568677425384521484375">
        <ele>2076</ele>
        <time>2026-08-05T07:08:10.000Z</time>
        <extensions>
          <ns3:TrackPointExtension>
            <ns3:hr>117</ns3:hr>
            <ns3:cad>52</ns3:cad>
          </ns3:TrackPointExtension>
        </extensions>
      </trkpt>
      <trkpt lat="28.97701584734022617340087890625" lon="82.86137974821031093597412109375">
        <ele>2076.199951171875</ele>
        <time>2026-08-05T07:08:17.000Z</time>
        <extensions>
          <ns3:TrackPointExtension>
            <ns3:hr>119</ns3:hr>
            <ns3:cad>51</ns3:cad>
          </ns3:TrackPointExtension>
        </extensions>
      </trkpt>
      <trkpt lat="28.9770025201141834259033203125" lon="82.86139148287475109100341796875">
        <ele>2076</ele>
        <time>2026-08-05T07:08:18.000Z</time>
        <extensions>
          <ns3:TrackPointExtension>
            <ns3:hr>122</ns3:hr>
            <ns3:cad>51</ns3:cad>
          </ns3:TrackPointExtension>
        </extensions>
      </trkpt>
      <trkpt lat="28.9769589342176914215087890625" lon="82.86142433993518352508544921875">
        <ele>2075.60009765625</ele>
        <time>2026-08-05T07:08:23.000Z</time>
        <extensions>
          <ns3:TrackPointExtension>
            <ns3:hr>120</ns3:hr>
            <ns3:cad>51</ns3:cad>
          </ns3:TrackPointExtension>
        </extensions>
      </trkpt>
      <trkpt lat="28.9769431762397289276123046875" lon="82.861442528665065765380859375">
        <ele>2075.60009765625</ele>
        <time>2026-08-05T07:08:25.000Z</time>
        <extensions>
          <ns3:TrackPointExtension>
            <ns3:hr>117</ns3:hr>
            <ns3:cad>49</ns3:cad>
          </ns3:TrackPointExtension>
        </extensions>
      </trkpt>
      <trkpt lat="28.97690487094223499298095703125" lon="82.8614678420126438140869140625">
        <ele>2075.199951171875</ele>
        <time>2026-08-05T07:08:29.000Z</time>
        <extensions>
          <ns3:TrackPointExtension>
            <ns3:hr>114</ns3:hr>
            <ns3:cad>52</ns3:cad>
          </ns3:TrackPointExtension>
        </extensions>
      </trkpt>
      <trkpt lat="28.97686581127345561981201171875" lon="82.86149458028376102447509765625">
        <ele>2074.800048828125</ele>
        <time>2026-08-05T07:08:33.000Z</time>
        <extensions>
          <ns3:TrackPointExtension>
            <ns3:hr>115</ns3:hr>
            <ns3:cad>51</ns3:cad>
          </ns3:TrackPointExtension>
        </extensions>
      </trkpt>
      <trkpt lat="28.9768596924841403961181640625" lon="82.86150455474853515625">
        <ele>2074.800048828125</ele>
        <time>2026-08-05T07:08:34.000Z</time>
        <extensions>
          <ns3:TrackPointExtension>
            <ns3:hr>114</ns3:hr>
            <ns3:cad>51</ns3:cad>
          </ns3:TrackPointExtension>
        </extensions>
      </trkpt>
      <trkpt lat="28.976805545389652252197265625" lon="82.86155409179627895355224609375">
        <ele>2074.800048828125</ele>
        <time>2026-08-05T07:08:40.000Z</time>
        <extensions>
          <ns3:TrackPointExtension>
            <ns3:hr>114</ns3:hr>
            <ns3:cad>51</ns3:cad>
          </ns3:TrackPointExtension>
        </extensions>
      </trkpt>
      <trkpt lat="28.97675634361803531646728515625" lon="82.8615972585976123809814453125">
        <ele>2074.800048828125</ele>
        <time>2026-08-05T07:08:46.000Z</time>
        <extensions>
          <ns3:TrackPointExtension>
            <ns3:hr>115</ns3:hr>
            <ns3:cad>51</ns3:cad>
          </ns3:TrackPointExtension>
        </extensions>
      </trkpt>
      <trkpt lat="28.9767027832567691802978515625" lon="82.86164025776088237762451171875">
        <ele>2074.60009765625</ele>
        <time>2026-08-05T07:08:52.000Z</time>
        <extensions>
          <ns3:TrackPointExtension>
            <ns3:hr>113</ns3:hr>
            <ns3:cad>48</ns3:cad>
          </ns3:TrackPointExtension>
        </extensions>
      </trkpt>
      <trkpt lat="28.97665031254291534423828125" lon="82.86171435378491878509521484375">
        <ele>2074.39990234375</ele>
        <time>2026-08-05T07:08:58.000Z</time>
        <extensions>
          <ns3:TrackPointExtension>
            <ns3:hr>111</ns3:hr>
            <ns3:cad>51</ns3:cad>
          </ns3:TrackPointExtension>
        </extensions>
      </trkpt>
      <trkpt lat="28.97661737166345119476318359375" lon="82.86175374872982501983642578125">
        <ele>2073.800048828125</ele>
        <time>2026-08-05T07:09:02.000Z</time>
        <extensions>
          <ns3:TrackPointExtension>
            <ns3:hr>112</ns3:hr>
            <ns3:cad>51</ns3:cad>
          </ns3:TrackPointExtension>
        </extensions>
      </trkpt>
      <trkpt lat="28.97658191621303558349609375" lon="82.86179968155920505523681640625">
        <ele>2073.60009765625</ele>
        <time>2026-08-05T07:09:07.000Z</time>
        <extensions>
          <ns3:TrackPointExtension>
            <ns3:hr>113</ns3:hr>
            <ns3:cad>51</ns3:cad>
          </ns3:TrackPointExtension>
        </extensions>
      </trkpt>
      <trkpt lat="28.976546712219715118408203125" lon="82.8618467040359973907470703125">
        <ele>2073.39990234375</ele>
        <time>2026-08-05T07:09:12.000Z</time>
        <extensions>
          <ns3:TrackPointExtension>
            <ns3:hr>114</ns3:hr>
            <ns3:cad>51</ns3:cad>
          </ns3:TrackPointExtension>
        </extensions>
      </trkpt>
      <trkpt lat="28.97652165032923221588134765625" lon="82.8619181178510189056396484375">
        <ele>2073.39990234375</ele>
        <time>2026-08-05T07:09:18.000Z</time>
        <extensions>
          <ns3:TrackPointExtension>
            <ns3:hr>114</ns3:hr>
            <ns3:cad>49</ns3:cad>
          </ns3:TrackPointExtension>
        </extensions>
      </trkpt>
      <trkpt lat="28.97650974802672863006591796875" lon="82.8619596920907497406005859375">
        <ele>2073.199951171875</ele>
        <time>2026-08-05T07:09:22.000Z</time>
        <extensions>
          <ns3:TrackPointExtension>
            <ns3:hr>111</ns3:hr>
            <ns3:cad>49</ns3:cad>
          </ns3:TrackPointExtension>
        </extensions>
      </trkpt>
      <trkpt lat="28.9765059761703014373779296875" lon="82.86197184585034847259521484375">
        <ele>2073.199951171875</ele>
        <time>2026-08-05T07:09:23.000Z</time>
        <extensions>
          <ns3:TrackPointExtension>
            <ns3:hr>111</ns3:hr>
            <ns3:cad>49</ns3:cad>
          </ns3:TrackPointExtension>
        </extensions>
      </trkpt>
      <trkpt lat="28.97649474442005157470703125" lon="82.862013839185237884521484375">
        <ele>2072.39990234375</ele>
        <time>2026-08-05T07:09:26.000Z</time>
        <extensions>
          <ns3:TrackPointExtension>
            <ns3:hr>110</ns3:hr>
            <ns3:cad>51</ns3:cad>
          </ns3:TrackPointExtension>
        </extensions>
      </trkpt>
      <trkpt lat="28.9764771424233913421630859375" lon="82.862051390111446380615234375">
        <ele>2071.60009765625</ele>
        <time>2026-08-05T07:09:30.000Z</time>
        <extensions>
          <ns3:TrackPointExtension>
            <ns3:hr>111</ns3:hr>
            <ns3:cad>53</ns3:cad>
          </ns3:TrackPointExtension>
        </extensions>
      </trkpt>
      <trkpt lat="28.97646364755928516387939453125" lon="82.8621276654303073883056640625">
        <ele>2072.60009765625</ele>
        <time>2026-08-05T07:09:36.000Z</time>
        <extensions>
          <ns3:TrackPointExtension>
            <ns3:hr>111</ns3:hr>
            <ns3:cad>50</ns3:cad>
          </ns3:TrackPointExtension>
        </extensions>
      </trkpt>
      <trkpt lat="28.9764342270791530609130859375" lon="82.86220125854015350341796875">
        <ele>2072.39990234375</ele>
        <time>2026-08-05T07:09:42.000Z</time>
        <extensions>
          <ns3:TrackPointExtension>
            <ns3:hr>110</ns3:hr>
            <ns3:cad>51</ns3:cad>
          </ns3:TrackPointExtension>
        </extensions>
      </trkpt>
      <trkpt lat="28.9764042198657989501953125" lon="82.8622808866202831268310546875">
        <ele>2072.39990234375</ele>
        <time>2026-08-05T07:09:48.000Z</time>
        <extensions>
          <ns3:TrackPointExtension>
            <ns3:hr>108</ns3:hr>
            <ns3:cad>50</ns3:cad>
          </ns3:TrackPointExtension>
        </extensions>
      </trkpt>
      <trkpt lat="28.976387791335582733154296875" lon="82.86236780695617198944091796875">
        <ele>2073.39990234375</ele>
        <time>2026-08-05T07:09:55.000Z</time>
        <extensions>
          <ns3:TrackPointExtension>
            <ns3:hr>109</ns3:hr>
            <ns3:cad>47</ns3:cad>
          </ns3:TrackPointExtension>
        </extensions>
      </trkpt>
      <trkpt lat="28.97638142108917236328125" lon="82.86238473840057849884033203125">
        <ele>2073.60009765625</ele>
        <time>2026-08-05T07:09:57.000Z</time>
        <extensions>
          <ns3:TrackPointExtension>
            <ns3:hr>108</ns3:hr>
            <ns3:cad>48</ns3:cad>
          </ns3:TrackPointExtension>
        </extensions>
      </trkpt>
      <trkpt lat="28.9763819240033626556396484375" lon="82.86242413334548473358154296875">
        <ele>2073.800048828125</ele>
        <time>2026-08-05T07:10:00.000Z</time>
        <extensions>
          <ns3:TrackPointExtension>
            <ns3:hr>109</ns3:hr>
            <ns3:cad>48</ns3:cad>
          </ns3:TrackPointExtension>
        </extensions>
      </trkpt>
      <trkpt lat="28.976362645626068115234375" lon="82.86248263902962207794189453125">
        <ele>2073.60009765625</ele>
        <time>2026-08-05T07:10:04.000Z</time>
        <extensions>
          <ns3:TrackPointExtension>
            <ns3:hr>112</ns3:hr>
            <ns3:cad>0</ns3:cad>
          </ns3:TrackPointExtension>
        </extensions>
      </trkpt>
      <trkpt lat="28.976355604827404022216796875" lon="82.862496636807918548583984375">
        <ele>2073.60009765625</ele>
        <time>2026-08-05T07:10:05.000Z</time>
        <extensions>
          <ns3:TrackPointExtension>
            <ns3:hr>112</ns3:hr>
            <ns3:cad>0</ns3:cad>
          </ns3:TrackPointExtension>
        </extensions>
      </trkpt>
      <trkpt lat="28.976340182125568389892578125" lon="82.862555980682373046875">
        <ele>2074.199951171875</ele>
        <time>2026-08-05T07:10:10.000Z</time>
        <extensions>
          <ns3:TrackPointExtension>
            <ns3:hr>115</ns3:hr>
            <ns3:cad>45</ns3:cad>
          </ns3:TrackPointExtension>
        </extensions>
      </trkpt>
      <trkpt lat="28.97632735781371593475341796875" lon="82.862574756145477294921875">
        <ele>2073.800048828125</ele>
        <time>2026-08-05T07:10:12.000Z</time>
        <extensions>
          <ns3:TrackPointExtension>
            <ns3:hr>115</ns3:hr>
            <ns3:cad>0</ns3:cad>
          </ns3:TrackPointExtension>
        </extensions>
      </trkpt>
      <trkpt lat="28.97632484324276447296142578125" lon="82.8626389615237712860107421875">
        <ele>2074.199951171875</ele>
        <time>2026-08-05T07:10:17.000Z</time>
        <extensions>
          <ns3:TrackPointExtension>
            <ns3:hr>114</ns3:hr>
            <ns3:cad>47</ns3:cad>
          </ns3:TrackPointExtension>
        </extensions>
      </trkpt>
      <trkpt lat="28.976314365863800048828125" lon="82.86270325072109699249267578125">
        <ele>2074.60009765625</ele>
        <time>2026-08-05T07:10:22.000Z</time>
        <extensions>
          <ns3:TrackPointExtension>
            <ns3:hr>116</ns3:hr>
            <ns3:cad>47</ns3:cad>
          </ns3:TrackPointExtension>
        </extensions>
      </trkpt>
      <trkpt lat="28.97630036808550357818603515625" lon="82.86278908140957355499267578125">
        <ele>2075</ele>
        <time>2026-08-05T07:10:29.000Z</time>
        <extensions>
          <ns3:TrackPointExtension>
            <ns3:hr>117</ns3:hr>
            <ns3:cad>47</ns3:cad>
          </ns3:TrackPointExtension>
        </extensions>
      </trkpt>
      <trkpt lat="28.9762880466878414154052734375" lon="82.86285278387367725372314453125">
        <ele>2074.60009765625</ele>
        <time>2026-08-05T07:10:34.000Z</time>
        <extensions>
          <ns3:TrackPointExtension>
            <ns3:hr>117</ns3:hr>
            <ns3:cad>60</ns3:cad>
          </ns3:TrackPointExtension>
        </extensions>
      </trkpt>
      <trkpt lat="28.97627673111855983734130859375" lon="82.86291346885263919830322265625">
        <ele>2075.199951171875</ele>
        <time>2026-08-05T07:10:39.000Z</time>
        <extensions>
          <ns3:TrackPointExtension>
            <ns3:hr>118</ns3:hr>
            <ns3:cad>60</ns3:cad>
          </ns3:TrackPointExtension>
        </extensions>
      </trkpt>
      <trkpt lat="28.9762749709188938140869140625" lon="82.86295856349170207977294921875">
        <ele>2075.800048828125</ele>
        <time>2026-08-05T07:10:43.000Z</time>
        <extensions>
          <ns3:TrackPointExtension>
            <ns3:hr>119</ns3:hr>
            <ns3:cad>50</ns3:cad>
          </ns3:TrackPointExtension>
        </extensions>
      </trkpt>
      <trkpt lat="28.97627438418567180633544921875" lon="82.86298588849604129791259765625">
        <ele>2075.800048828125</ele>
        <time>2026-08-05T07:10:45.000Z</time>
        <extensions>
          <ns3:TrackPointExtension>
            <ns3:hr>119</ns3:hr>
            <ns3:cad>0</ns3:cad>
          </ns3:TrackPointExtension>
        </extensions>
      </trkpt>
      <trkpt lat="28.97627220489084720611572265625" lon="82.863030731678009033203125">
        <ele>2076.199951171875</ele>
        <time>2026-08-05T07:10:49.000Z</time>
        <extensions>
          <ns3:TrackPointExtension>
            <ns3:hr>120</ns3:hr>
            <ns3:cad>50</ns3:cad>
          </ns3:TrackPointExtension>
        </extensions>
      </trkpt>
      <trkpt lat="28.976275138556957244873046875" lon="82.86305998452007770538330078125">
        <ele>2076.800048828125</ele>
        <time>2026-08-05T07:10:52.000Z</time>
        <extensions>
          <ns3:TrackPointExtension>
            <ns3:hr>119</ns3:hr>
            <ns3:cad>0</ns3:cad>
          </ns3:TrackPointExtension>
        </extensions>
      </trkpt>
      <trkpt lat="28.9762722887098789215087890625" lon="82.86307339556515216827392578125">
        <ele>2077</ele>
        <time>2026-08-05T07:10:54.000Z</time>
        <extensions>
          <ns3:TrackPointExtension>
            <ns3:hr>120</ns3:hr>
            <ns3:cad>47</ns3:cad>
          </ns3:TrackPointExtension>
        </extensions>
      </trkpt>
      <trkpt lat="28.9762699417769908905029296875" lon="82.863114885985851287841796875">
        <ele>2077.60009765625</ele>
        <time>2026-08-05T07:10:58.000Z</time>
        <extensions>
          <ns3:TrackPointExtension>
            <ns3:hr>122</ns3:hr>
            <ns3:cad>44</ns3:cad>
          </ns3:TrackPointExtension>
        </extensions>
      </trkpt>
      <trkpt lat="28.97627103142440319061279296875" lon="82.863144390285015106201171875">
        <ele>2077.800048828125</ele>
        <time>2026-08-05T07:11:00.000Z</time>
        <extensions>
          <ns3:TrackPointExtension>
            <ns3:hr>122</ns3:hr>
            <ns3:cad>43</ns3:cad>
          </ns3:TrackPointExtension>
        </extensions>
      </trkpt>
      <trkpt lat="28.9762669242918491363525390625" lon="82.86317883990705013275146484375">
        <ele>2078.60009765625</ele>
        <time>2026-08-05T07:11:03.000Z</time>
        <extensions>
          <ns3:TrackPointExtension>
            <ns3:hr>123</ns3:hr>
            <ns3:cad>43</ns3:cad>
          </ns3:TrackPointExtension>
        </extensions>
      </trkpt>
      <trkpt lat="28.9762701094150543212890625" lon="82.86320616491138935089111328125">
        <ele>2079</ele>
        <time>2026-08-05T07:11:05.000Z</time>
        <extensions>
          <ns3:TrackPointExtension>
            <ns3:hr>124</ns3:hr>
            <ns3:cad>45</ns3:cad>
          </ns3:TrackPointExtension>
        </extensions>
      </trkpt>
      <trkpt lat="28.976273126900196075439453125" lon="82.86324488930404186248779296875">
        <ele>2079.39990234375</ele>
        <time>2026-08-05T07:11:08.000Z</time>
        <extensions>
          <ns3:TrackPointExtension>
            <ns3:hr>125</ns3:hr>
            <ns3:cad>44</ns3:cad>
          </ns3:TrackPointExtension>
        </extensions>
      </trkpt>
      <trkpt lat="28.9762719534337520599365234375" lon="82.863286547362804412841796875">
        <ele>2080.199951171875</ele>
        <time>2026-08-05T07:11:13.000Z</time>
        <extensions>
          <ns3:TrackPointExtension>
            <ns3:hr>127</ns3:hr>
            <ns3:cad>43</ns3:cad>
          </ns3:TrackPointExtension>
        </extensions>
      </trkpt>
      <trkpt lat="28.97627002559602260589599609375" lon="82.8632994554936885833740234375">
        <ele>2080.60009765625</ele>
        <time>2026-08-05T07:11:14.000Z</time>
        <extensions>
          <ns3:TrackPointExtension>
            <ns3:hr>128</ns3:hr>
            <ns3:cad>43</ns3:cad>
          </ns3:TrackPointExtension>
        </extensions>
      </trkpt>
      <trkpt lat="28.976266086101531982421875" lon="82.8633718751370906829833984375">
        <ele>2081.39990234375</ele>
        <time>2026-08-05T07:11:21.000Z</time>
        <extensions>
          <ns3:TrackPointExtension>
            <ns3:hr>129</ns3:hr>
            <ns3:cad>44</ns3:cad>
          </ns3:TrackPointExtension>
        </extensions>
      </trkpt>
      <trkpt lat="28.97626767866313457489013671875" lon="82.863438427448272705078125">
        <ele>2081.800048828125</ele>
        <time>2026-08-05T07:11:26.000Z</time>
        <extensions>
          <ns3:TrackPointExtension>
            <ns3:hr>131</ns3:hr>
            <ns3:cad>45</ns3:cad>
          </ns3:TrackPointExtension>
        </extensions>
      </trkpt>
      <trkpt lat="28.97626751102507114410400390625" lon="82.863468937575817108154296875">
        <ele>2082</ele>
        <time>2026-08-05T07:11:29.000Z</time>
        <extensions>
          <ns3:TrackPointExtension>
            <ns3:hr>132</ns3:hr>
            <ns3:cad>43</ns3:cad>
          </ns3:TrackPointExtension>
        </extensions>
      </trkpt>
      <trkpt lat="28.97626415826380252838134765625" lon="82.863496430218219757080078125">
        <ele>2081.800048828125</ele>
        <time>2026-08-05T07:11:31.000Z</time>
        <extensions>
          <ns3:TrackPointExtension>
            <ns3:hr>132</ns3:hr>
            <ns3:cad>43</ns3:cad>
          </ns3:TrackPointExtension>
        </extensions>
      </trkpt>
      <trkpt lat="28.97626181133091449737548828125" lon="82.86354479379951953887939453125">
        <ele>2082.199951171875</ele>
        <time>2026-08-05T07:11:36.000Z</time>
        <extensions>
          <ns3:TrackPointExtension>
            <ns3:hr>132</ns3:hr>
            <ns3:cad>43</ns3:cad>
          </ns3:TrackPointExtension>
        </extensions>
      </trkpt>
      <trkpt lat="28.97626382298767566680908203125" lon="82.863556779921054840087890625">
        <ele>2082.39990234375</ele>
        <time>2026-08-05T07:11:37.000Z</time>
        <extensions>
          <ns3:TrackPointExtension>
            <ns3:hr>132</ns3:hr>
            <ns3:cad>43</ns3:cad>
          </ns3:TrackPointExtension>
        </extensions>
      </trkpt>
      <trkpt lat="28.97626407444477081298828125" lon="82.863613106310367584228515625">
        <ele>2083.60009765625</ele>
        <time>2026-08-05T07:11:42.000Z</time>
        <extensions>
          <ns3:TrackPointExtension>
            <ns3:hr>132</ns3:hr>
            <ns3:cad>44</ns3:cad>
          </ns3:TrackPointExtension>
        </extensions>
      </trkpt>
      <trkpt lat="28.9762608893215656280517578125" lon="82.86362542770802974700927734375">
        <ele>2083.60009765625</ele>
        <time>2026-08-05T07:11:43.000Z</time>
        <extensions>
          <ns3:TrackPointExtension>
            <ns3:hr>132</ns3:hr>
            <ns3:cad>45</ns3:cad>
          </ns3:TrackPointExtension>
        </extensions>
      </trkpt>
      <trkpt lat="28.976263068616390228271484375" lon="82.86369147710502147674560546875">
        <ele>2084.199951171875</ele>
        <time>2026-08-05T07:11:48.000Z</time>
        <extensions>
          <ns3:TrackPointExtension>
            <ns3:hr>132</ns3:hr>
            <ns3:cad>43</ns3:cad>
          </ns3:TrackPointExtension>
        </extensions>
      </trkpt>
      <trkpt lat="28.9762662537395954132080078125" lon="82.86372232250869274139404296875">
        <ele>2084.60009765625</ele>
        <time>2026-08-05T07:11:51.000Z</time>
        <extensions>
          <ns3:TrackPointExtension>
            <ns3:hr>133</ns3:hr>
            <ns3:cad>45</ns3:cad>
          </ns3:TrackPointExtension>
        </extensions>
      </trkpt>
      <trkpt lat="28.97626675665378570556640625" lon="82.8637363202869892120361328125">
        <ele>2084.800048828125</ele>
        <time>2026-08-05T07:11:52.000Z</time>
        <extensions>
          <ns3:TrackPointExtension>
            <ns3:hr>132</ns3:hr>
            <ns3:cad>45</ns3:cad>
          </ns3:TrackPointExtension>
        </extensions>
      </trkpt>
      <trkpt lat="28.976265080273151397705078125" lon="82.863802202045917510986328125">
        <ele>2084.199951171875</ele>
        <time>2026-08-05T07:11:58.000Z</time>
        <extensions>
          <ns3:TrackPointExtension>
            <ns3:hr>132</ns3:hr>
            <ns3:cad>45</ns3:cad>
          </ns3:TrackPointExtension>
        </extensions>
      </trkpt>
      <trkpt lat="28.976271785795688629150390625" lon="82.86385626532137393951416015625">
        <ele>2085</ele>
        <time>2026-08-05T07:12:03.000Z</time>
        <extensions>
          <ns3:TrackPointExtension>
            <ns3:hr>132</ns3:hr>
            <ns3:cad>45</ns3:cad>
          </ns3:TrackPointExtension>
        </extensions>
      </trkpt>
      <trkpt lat="28.9762810058891773223876953125" lon="82.86391242407262325286865234375">
        <ele>2085.39990234375</ele>
        <time>2026-08-05T07:12:07.000Z</time>
        <extensions>
          <ns3:TrackPointExtension>
            <ns3:hr>133</ns3:hr>
            <ns3:cad>45</ns3:cad>
          </ns3:TrackPointExtension>
        </extensions>
      </trkpt>
      <trkpt lat="28.97627857513725757598876953125" lon="82.8639287687838077545166015625">
        <ele>2085.39990234375</ele>
        <time>2026-08-05T07:12:08.000Z</time>
        <extensions>
          <ns3:TrackPointExtension>
            <ns3:hr>133</ns3:hr>
            <ns3:cad>45</ns3:cad>
          </ns3:TrackPointExtension>
        </extensions>
      </trkpt>
      <trkpt lat="28.97627606056630611419677734375" lon="82.86395483650267124176025390625">
        <ele>2085.60009765625</ele>
        <time>2026-08-05T07:12:10.000Z</time>
        <extensions>
          <ns3:TrackPointExtension>
            <ns3:hr>133</ns3:hr>
            <ns3:cad>45</ns3:cad>
          </ns3:TrackPointExtension>
        </extensions>
      </trkpt>
      <trkpt lat="28.97627689875662326812744140625" lon="82.86396254785358905792236328125">
        <ele>2085.800048828125</ele>
        <time>2026-08-05T07:12:11.000Z</time>
        <extensions>
          <ns3:TrackPointExtension>
            <ns3:hr>133</ns3:hr>
            <ns3:cad>44</ns3:cad>
          </ns3:TrackPointExtension>
        </extensions>
      </trkpt>
      <trkpt lat="28.9762722887098789215087890625" lon="82.86397478543221950531005859375">
        <ele>2085.800048828125</ele>
        <time>2026-08-05T07:12:12.000Z</time>
        <extensions>
          <ns3:TrackPointExtension>
            <ns3:hr>133</ns3:hr>
            <ns3:cad>45</ns3:cad>
          </ns3:TrackPointExtension>
        </extensions>
      </trkpt>
      <trkpt lat="28.97627077996730804443359375" lon="82.864036895334720611572265625">
        <ele>2085.800048828125</ele>
        <time>2026-08-05T07:12:17.000Z</time>
        <extensions>
          <ns3:TrackPointExtension>
            <ns3:hr>131</ns3:hr>
            <ns3:cad>46</ns3:cad>
          </ns3:TrackPointExtension>
        </extensions>
      </trkpt>
      <trkpt lat="28.97627337835729122161865234375" lon="82.86409464664757251739501953125">
        <ele>2086.39990234375</ele>
        <time>2026-08-05T07:12:22.000Z</time>
        <extensions>
          <ns3:TrackPointExtension>
            <ns3:hr>130</ns3:hr>
            <ns3:cad>45</ns3:cad>
          </ns3:TrackPointExtension>
        </extensions>
      </trkpt>
      <trkpt lat="28.9762716181576251983642578125" lon="82.86413856782019138336181640625">
        <ele>2086.60009765625</ele>
        <time>2026-08-05T07:12:26.000Z</time>
        <extensions>
          <ns3:TrackPointExtension>
            <ns3:hr>126</ns3:hr>
            <ns3:cad>45</ns3:cad>
          </ns3:TrackPointExtension>
        </extensions>
      </trkpt>
      <trkpt lat="28.9762679301202297210693359375" lon="82.8641440160572528839111328125">
        <ele>2086.800048828125</ele>
        <time>2026-08-05T07:12:27.000Z</time>
        <extensions>
          <ns3:TrackPointExtension>
            <ns3:hr>126</ns3:hr>
            <ns3:cad>45</ns3:cad>
          </ns3:TrackPointExtension>
        </extensions>
      </trkpt>
      <trkpt lat="28.976249657571315765380859375" lon="82.86421098746359348297119140625">
        <ele>2087.39990234375</ele>
        <time>2026-08-05T07:12:32.000Z</time>
        <extensions>
          <ns3:TrackPointExtension>
            <ns3:hr>128</ns3:hr>
            <ns3:cad>46</ns3:cad>
          </ns3:TrackPointExtension>
        </extensions>
      </trkpt>
      <trkpt lat="28.97621286101639270782470703125" lon="82.8642690740525722503662109375">
        <ele>2086.800048828125</ele>
        <time>2026-08-05T07:12:37.000Z</time>
        <extensions>
          <ns3:TrackPointExtension>
            <ns3:hr>128</ns3:hr>
            <ns3:cad>50</ns3:cad>
          </ns3:TrackPointExtension>
        </extensions>
      </trkpt>
      <trkpt lat="28.976181261241436004638671875" lon="82.8643367998301982879638671875">
        <ele>2086.39990234375</ele>
        <time>2026-08-05T07:12:44.000Z</time>
        <extensions>
          <ns3:TrackPointExtension>
            <ns3:hr>127</ns3:hr>
            <ns3:cad>50</ns3:cad>
          </ns3:TrackPointExtension>
        </extensions>
      </trkpt>
      <trkpt lat="28.97616424597799777984619140625" lon="82.86435683257877826690673828125">
        <ele>2086.199951171875</ele>
        <time>2026-08-05T07:12:46.000Z</time>
        <extensions>
          <ns3:TrackPointExtension>
            <ns3:hr>124</ns3:hr>
            <ns3:cad>50</ns3:cad>
          </ns3:TrackPointExtension>
        </extensions>
      </trkpt>
      <trkpt lat="28.97615418769419193267822265625" lon="82.864378206431865692138671875">
        <ele>2085.60009765625</ele>
        <time>2026-08-05T07:12:48.000Z</time>
        <extensions>
          <ns3:TrackPointExtension>
            <ns3:hr>124</ns3:hr>
            <ns3:cad>50</ns3:cad>
          </ns3:TrackPointExtension>
        </extensions>
      </trkpt>
      <trkpt lat="28.97614748217165470123291015625" lon="82.86439069546759128570556640625">
        <ele>2085.60009765625</ele>
        <time>2026-08-05T07:12:49.000Z</time>
        <extensions>
          <ns3:TrackPointExtension>
            <ns3:hr>124</ns3:hr>
            <ns3:cad>49</ns3:cad>
          </ns3:TrackPointExtension>
        </extensions>
      </trkpt>
      <trkpt lat="28.97611529566347599029541015625" lon="82.864462025463581085205078125">
        <ele>2085</ele>
        <time>2026-08-05T07:12:56.000Z</time>
        <extensions>
          <ns3:TrackPointExtension>
            <ns3:hr>124</ns3:hr>
            <ns3:cad>50</ns3:cad>
          </ns3:TrackPointExtension>
        </extensions>
      </trkpt>
      <trkpt lat="28.97610154934227466583251953125" lon="82.8645007498562335968017578125">
        <ele>2084.800048828125</ele>
        <time>2026-08-05T07:12:59.000Z</time>
        <extensions>
          <ns3:TrackPointExtension>
            <ns3:hr>121</ns3:hr>
            <ns3:cad>51</ns3:cad>
          </ns3:TrackPointExtension>
        </extensions>
      </trkpt>
      <trkpt lat="28.97609987296164035797119140625" lon="82.86451491527259349822998046875">
        <ele>2084.800048828125</ele>
        <time>2026-08-05T07:13:01.000Z</time>
        <extensions>
          <ns3:TrackPointExtension>
            <ns3:hr>120</ns3:hr>
            <ns3:cad>51</ns3:cad>
          </ns3:TrackPointExtension>
        </extensions>
      </trkpt>
      <trkpt lat="28.9760905690491199493408203125" lon="82.86455783061683177947998046875">
        <ele>2084.800048828125</ele>
        <time>2026-08-05T07:13:04.000Z</time>
        <extensions>
          <ns3:TrackPointExtension>
            <ns3:hr>120</ns3:hr>
            <ns3:cad>50</ns3:cad>
          </ns3:TrackPointExtension>
        </extensions>
      </trkpt>
      <trkpt lat="28.976090736687183380126953125" lon="82.86457233130931854248046875">
        <ele>2084.800048828125</ele>
        <time>2026-08-05T07:13:05.000Z</time>
        <extensions>
          <ns3:TrackPointExtension>
            <ns3:hr>119</ns3:hr>
            <ns3:cad>49</ns3:cad>
          </ns3:TrackPointExtension>
        </extensions>
      </trkpt>
      <trkpt lat="28.976075984537601470947265625" lon="82.8646368719637393951416015625">
        <ele>2084.800048828125</ele>
        <time>2026-08-05T07:13:10.000Z</time>
        <extensions>
          <ns3:TrackPointExtension>
            <ns3:hr>118</ns3:hr>
            <ns3:cad>49</ns3:cad>
          </ns3:TrackPointExtension>
        </extensions>
      </trkpt>
      <trkpt lat="28.97607103921473026275634765625" lon="82.86464550532400608062744140625">
        <ele>2084.60009765625</ele>
        <time>2026-08-05T07:13:11.000Z</time>
        <extensions>
          <ns3:TrackPointExtension>
            <ns3:hr>118</ns3:hr>
            <ns3:cad>49</ns3:cad>
          </ns3:TrackPointExtension>
        </extensions>
      </trkpt>
      <trkpt lat="28.97604756988584995269775390625" lon="82.86470233462750911712646484375">
        <ele>2084</ele>
        <time>2026-08-05T07:13:16.000Z</time>
        <extensions>
          <ns3:TrackPointExtension>
            <ns3:hr>118</ns3:hr>
            <ns3:cad>51</ns3:cad>
          </ns3:TrackPointExtension>
        </extensions>
      </trkpt>
      <trkpt lat="28.9760329015552997589111328125" lon="82.86474105902016162872314453125">
        <ele>2083.60009765625</ele>
        <time>2026-08-05T07:13:20.000Z</time>
        <extensions>
          <ns3:TrackPointExtension>
            <ns3:hr>117</ns3:hr>
            <ns3:cad>51</ns3:cad>
          </ns3:TrackPointExtension>
        </extensions>
      </trkpt>
      <trkpt lat="28.97601789794862270355224609375" lon="82.864758409559726715087890625">
        <ele>2083.39990234375</ele>
        <time>2026-08-05T07:13:22.000Z</time>
        <extensions>
          <ns3:TrackPointExtension>
            <ns3:hr>116</ns3:hr>
            <ns3:cad>51</ns3:cad>
          </ns3:TrackPointExtension>
        </extensions>
      </trkpt>
      <trkpt lat="28.97597498260438442230224609375" lon="82.86481850780546665191650390625">
        <ele>2082.60009765625</ele>
        <time>2026-08-05T07:13:28.000Z</time>
        <extensions>
          <ns3:TrackPointExtension>
            <ns3:hr>114</ns3:hr>
            <ns3:cad>50</ns3:cad>
          </ns3:TrackPointExtension>
        </extensions>
      </trkpt>
      <trkpt lat="28.975968025624752044677734375" lon="82.86482739262282848358154296875">
        <ele>2082.60009765625</ele>
        <time>2026-08-05T07:13:29.000Z</time>
        <extensions>
          <ns3:TrackPointExtension>
            <ns3:hr>115</ns3:hr>
            <ns3:cad>50</ns3:cad>
          </ns3:TrackPointExtension>
        </extensions>
      </trkpt>
      <trkpt lat="28.97592854686081409454345703125" lon="82.86488958634436130523681640625">
        <ele>2081.800048828125</ele>
        <time>2026-08-05T07:13:35.000Z</time>
        <extensions>
          <ns3:TrackPointExtension>
            <ns3:hr>113</ns3:hr>
            <ns3:cad>52</ns3:cad>
          </ns3:TrackPointExtension>
        </extensions>
      </trkpt>
      <trkpt lat="28.9759054966270923614501953125" lon="82.8649171628057956695556640625">
        <ele>2081.60009765625</ele>
        <time>2026-08-05T07:13:37.000Z</time>
        <extensions>
          <ns3:TrackPointExtension>
            <ns3:hr>112</ns3:hr>
            <ns3:cad>52</ns3:cad>
          </ns3:TrackPointExtension>
        </extensions>
      </trkpt>
      <trkpt lat="28.9758790098130702972412109375" lon="82.86494658328592777252197265625">
        <ele>2081.39990234375</ele>
        <time>2026-08-05T07:13:40.000Z</time>
        <extensions>
          <ns3:TrackPointExtension>
            <ns3:hr>112</ns3:hr>
            <ns3:cad>53</ns3:cad>
          </ns3:TrackPointExtension>
        </extensions>
      </trkpt>
      <trkpt lat="28.97583450190722942352294921875" lon="82.86500022746622562408447265625">
        <ele>2081</ele>
        <time>2026-08-05T07:13:46.000Z</time>
        <extensions>
          <ns3:TrackPointExtension>
            <ns3:hr>112</ns3:hr>
            <ns3:cad>53</ns3:cad>
          </ns3:TrackPointExtension>
        </extensions>
      </trkpt>
      <trkpt lat="28.97580767981708049774169921875" lon="82.86503392271697521209716796875">
        <ele>2080.39990234375</ele>
        <time>2026-08-05T07:13:49.000Z</time>
        <extensions>
          <ns3:TrackPointExtension>
            <ns3:hr>112</ns3:hr>
            <ns3:cad>53</ns3:cad>
          </ns3:TrackPointExtension>
        </extensions>
      </trkpt>
      <trkpt lat="28.97579133510589599609375" lon="82.8650573082268238067626953125">
        <ele>2079.800048828125</ele>
        <time>2026-08-05T07:13:52.000Z</time>
        <extensions>
          <ns3:TrackPointExtension>
            <ns3:hr>112</ns3:hr>
            <ns3:cad>53</ns3:cad>
          </ns3:TrackPointExtension>
        </extensions>
      </trkpt>
      <trkpt lat="28.97577230818569660186767578125" lon="82.86507532931864261627197265625">
        <ele>2079.199951171875</ele>
        <time>2026-08-05T07:13:54.000Z</time>
        <extensions>
          <ns3:TrackPointExtension>
            <ns3:hr>112</ns3:hr>
            <ns3:cad>53</ns3:cad>
          </ns3:TrackPointExtension>
        </extensions>
      </trkpt>
      <trkpt lat="28.975747413933277130126953125" lon="82.8650965355336666107177734375">
        <ele>2078</ele>
        <time>2026-08-05T07:13:57.000Z</time>
        <extensions>
          <ns3:TrackPointExtension>
            <ns3:hr>111</ns3:hr>
            <ns3:cad>53</ns3:cad>
          </ns3:TrackPointExtension>
        </extensions>
      </trkpt>
      <trkpt lat="28.97573576308786869049072265625" lon="82.86510634236037731170654296875">
        <ele>2078</ele>
        <time>2026-08-05T07:13:58.000Z</time>
        <extensions>
          <ns3:TrackPointExtension>
            <ns3:hr>112</ns3:hr>
            <ns3:cad>53</ns3:cad>
          </ns3:TrackPointExtension>
        </extensions>
      </trkpt>
      <trkpt lat="28.9757053367793560028076171875" lon="82.86515261046588420867919921875">
        <ele>2078.199951171875</ele>
        <time>2026-08-05T07:14:03.000Z</time>
        <extensions>
          <ns3:TrackPointExtension>
            <ns3:hr>109</ns3:hr>
            <ns3:cad>51</ns3:cad>
          </ns3:TrackPointExtension>
        </extensions>
      </trkpt>
      <trkpt lat="28.9756657741963863372802734375" lon="82.8652024827897548675537109375">
        <ele>2077.39990234375</ele>
        <time>2026-08-05T07:14:09.000Z</time>
        <extensions>
          <ns3:TrackPointExtension>
            <ns3:hr>108</ns3:hr>
            <ns3:cad>53</ns3:cad>
          </ns3:TrackPointExtension>
        </extensions>
      </trkpt>
      <trkpt lat="28.97564582526683807373046875" lon="82.86524020135402679443359375">
        <ele>2077</ele>
        <time>2026-08-05T07:14:12.000Z</time>
        <extensions>
          <ns3:TrackPointExtension>
            <ns3:hr>108</ns3:hr>
            <ns3:cad>52</ns3:cad>
          </ns3:TrackPointExtension>
        </extensions>
      </trkpt>
      <trkpt lat="28.975613974034786224365234375" lon="82.86528110504150390625">
        <ele>2076.199951171875</ele>
        <time>2026-08-05T07:14:16.000Z</time>
        <extensions>
          <ns3:TrackPointExtension>
            <ns3:hr>106</ns3:hr>
            <ns3:cad>52</ns3:cad>
          </ns3:TrackPointExtension>
        </extensions>
      </trkpt>
      <trkpt lat="28.975605927407741546630859375" lon="82.86529426462948322296142578125">
        <ele>2076</ele>
        <time>2026-08-05T07:14:17.000Z</time>
        <extensions>
          <ns3:TrackPointExtension>
            <ns3:hr>106</ns3:hr>
            <ns3:cad>52</ns3:cad>
          </ns3:TrackPointExtension>
        </extensions>
      </trkpt>
      <trkpt lat="28.97555991075932979583740234375" lon="82.86536081694066524505615234375">
        <ele>2075</ele>
        <time>2026-08-05T07:14:23.000Z</time>
        <extensions>
          <ns3:TrackPointExtension>
            <ns3:hr>109</ns3:hr>
            <ns3:cad>52</ns3:cad>
          </ns3:TrackPointExtension>
        </extensions>
      </trkpt>
      <trkpt lat="28.97555052302777767181396484375" lon="82.8653704561293125152587890625">
        <ele>2074.800048828125</ele>
        <time>2026-08-05T07:14:24.000Z</time>
        <extensions>
          <ns3:TrackPointExtension>
            <ns3:hr>109</ns3:hr>
            <ns3:cad>51</ns3:cad>
          </ns3:TrackPointExtension>
        </extensions>
      </trkpt>
      <trkpt lat="28.97548363544046878814697265625" lon="82.8654264472424983978271484375">
        <ele>2075.60009765625</ele>
        <time>2026-08-05T07:14:31.000Z</time>
        <extensions>
          <ns3:TrackPointExtension>
            <ns3:hr>109</ns3:hr>
            <ns3:cad>51</ns3:cad>
          </ns3:TrackPointExtension>
        </extensions>
      </trkpt>
      <trkpt lat="28.975431919097900390625" lon="82.8654787503182888031005859375">
        <ele>2075</ele>
        <time>2026-08-05T07:14:37.000Z</time>
        <extensions>
          <ns3:TrackPointExtension>
            <ns3:hr>108</ns3:hr>
            <ns3:cad>52</ns3:cad>
          </ns3:TrackPointExtension>
        </extensions>
      </trkpt>
      <trkpt lat="28.97535757161676883697509765625" lon="82.86553298123180866241455078125">
        <ele>2075.199951171875</ele>
        <time>2026-08-05T07:14:44.000Z</time>
        <extensions>
          <ns3:TrackPointExtension>
            <ns3:hr>109</ns3:hr>
            <ns3:cad>50</ns3:cad>
          </ns3:TrackPointExtension>
        </extensions>
      </trkpt>
      <trkpt lat="28.9752996526658535003662109375" lon="82.86559064872562885284423828125">
        <ele>2075</ele>
        <time>2026-08-05T07:14:51.000Z</time>
        <extensions>
          <ns3:TrackPointExtension>
            <ns3:hr>110</ns3:hr>
            <ns3:cad>50</ns3:cad>
          </ns3:TrackPointExtension>
        </extensions>
      </trkpt>
      <trkpt lat="28.97527542896568775177001953125" lon="82.865635491907596588134765625">
        <ele>2075.199951171875</ele>
        <time>2026-08-05T07:14:55.000Z</time>
        <extensions>
          <ns3:TrackPointExtension>
            <ns3:hr>113</ns3:hr>
            <ns3:cad>51</ns3:cad>
          </ns3:TrackPointExtension>
        </extensions>
      </trkpt>
      <trkpt lat="28.97526721470057964324951171875" lon="82.86564613692462444305419921875">
        <ele>2075.199951171875</ele>
        <time>2026-08-05T07:14:56.000Z</time>
        <extensions>
          <ns3:TrackPointExtension>
            <ns3:hr>113</ns3:hr>
            <ns3:cad>51</ns3:cad>
          </ns3:TrackPointExtension>
        </extensions>
      </trkpt>
      <trkpt lat="28.97521826438605785369873046875" lon="82.8657208196818828582763671875">
        <ele>2075.199951171875</ele>
        <time>2026-08-05T07:15:03.000Z</time>
        <extensions>
          <ns3:TrackPointExtension>
            <ns3:hr>113</ns3:hr>
            <ns3:cad>52</ns3:cad>
          </ns3:TrackPointExtension>
        </extensions>
      </trkpt>
      <trkpt lat="28.9751776121556758880615234375" lon="82.865766584873199462890625">
        <ele>2074.800048828125</ele>
        <time>2026-08-05T07:15:08.000Z</time>
        <extensions>
          <ns3:TrackPointExtension>
            <ns3:hr>110</ns3:hr>
            <ns3:cad>50</ns3:cad>
          </ns3:TrackPointExtension>
        </extensions>
      </trkpt>
      <trkpt lat="28.9751688949763774871826171875" lon="82.86577396094799041748046875">
        <ele>2075</ele>
        <time>2026-08-05T07:15:09.000Z</time>
        <extensions>
          <ns3:TrackPointExtension>
            <ns3:hr>110</ns3:hr>
            <ns3:cad>49</ns3:cad>
          </ns3:TrackPointExtension>
        </extensions>
      </trkpt>
      <trkpt lat="28.97512086667120456695556640625" lon="82.865825928747653961181640625">
        <ele>2074.60009765625</ele>
        <time>2026-08-05T07:15:15.000Z</time>
        <extensions>
          <ns3:TrackPointExtension>
            <ns3:hr>109</ns3:hr>
            <ns3:cad>50</ns3:cad>
          </ns3:TrackPointExtension>
        </extensions>
      </trkpt>
      <trkpt lat="28.97507493384182453155517578125" lon="82.8658757172524929046630859375">
        <ele>2074.39990234375</ele>
        <time>2026-08-05T07:15:20.000Z</time>
        <extensions>
          <ns3:TrackPointExtension>
            <ns3:hr>110</ns3:hr>
            <ns3:cad>50</ns3:cad>
          </ns3:TrackPointExtension>
        </extensions>
      </trkpt>
      <trkpt lat="28.97501391358673572540283203125" lon="82.865952663123607635498046875">
        <ele>2074.39990234375</ele>
        <time>2026-08-05T07:15:28.000Z</time>
        <extensions>
          <ns3:TrackPointExtension>
            <ns3:hr>109</ns3:hr>
            <ns3:cad>50</ns3:cad>
          </ns3:TrackPointExtension>
        </extensions>
      </trkpt>
      <trkpt lat="28.9749704115092754364013671875" lon="82.86600052379071712493896484375">
        <ele>2074</ele>
        <time>2026-08-05T07:15:33.000Z</time>
        <extensions>
          <ns3:TrackPointExtension>
            <ns3:hr>108</ns3:hr>
            <ns3:cad>50</ns3:cad>
          </ns3:TrackPointExtension>
        </extensions>
      </trkpt>
      <trkpt lat="28.9749110676348209381103515625" lon="82.8660383261740207672119140625">
        <ele>2074.39990234375</ele>
        <time>2026-08-05T07:15:39.000Z</time>
        <extensions>
          <ns3:TrackPointExtension>
            <ns3:hr>108</ns3:hr>
            <ns3:cad>0</ns3:cad>
          </ns3:TrackPointExtension>
        </extensions>
      </trkpt>
      <trkpt lat="28.97483604960143566131591796875" lon="82.866078726947307586669921875">
        <ele>2074.800048828125</ele>
        <time>2026-08-05T07:15:47.000Z</time>
        <extensions>
          <ns3:TrackPointExtension>
            <ns3:hr>109</ns3:hr>
            <ns3:cad>47</ns3:cad>
          </ns3:TrackPointExtension>
        </extensions>
      </trkpt>
      <trkpt lat="28.97483177483081817626953125" lon="82.866080738604068756103515625">
        <ele>2075.800048828125</ele>
        <time>2026-08-05T07:15:51.000Z</time>
        <extensions>
          <ns3:TrackPointExtension>
            <ns3:hr>109</ns3:hr>
            <ns3:cad>0</ns3:cad>
          </ns3:TrackPointExtension>
        </extensions>
      </trkpt>
      <trkpt lat="28.9748312719166278839111328125" lon="82.86608316935598850250244140625">
        <ele>2075.800048828125</ele>
        <time>2026-08-05T07:15:52.000Z</time>
        <extensions>
          <ns3:TrackPointExtension>
            <ns3:hr>109</ns3:hr>
            <ns3:cad>0</ns3:cad>
          </ns3:TrackPointExtension>
        </extensions>
      </trkpt>
      <trkpt lat="28.9748351275920867919921875" lon="82.86608383990824222564697265625">
        <ele>2075.800048828125</ele>
        <time>2026-08-05T07:16:01.000Z</time>
        <extensions>
          <ns3:TrackPointExtension>
            <ns3:hr>110</ns3:hr>
            <ns3:cad>0</ns3:cad>
          </ns3:TrackPointExtension>
        </extensions>
      </trkpt>
      <trkpt lat="28.97483521141111850738525390625" lon="82.866093479096889495849609375">
        <ele>2076.199951171875</ele>
        <time>2026-08-05T07:16:05.000Z</time>
        <extensions>
          <ns3:TrackPointExtension>
            <ns3:hr>113</ns3:hr>
            <ns3:cad>0</ns3:cad>
          </ns3:TrackPointExtension>
        </extensions>
      </trkpt>
      <trkpt lat="28.97481375373899936676025390625" lon="82.8661167807877063751220703125">
        <ele>2076.199951171875</ele>
        <time>2026-08-05T07:16:07.000Z</time>
        <extensions>
          <ns3:TrackPointExtension>
            <ns3:hr>112</ns3:hr>
            <ns3:cad>0</ns3:cad>
          </ns3:TrackPointExtension>
        </extensions>
      </trkpt>
      <trkpt lat="28.97475558333098888397216796875" lon="82.866174280643463134765625">
        <ele>2075.800048828125</ele>
        <time>2026-08-05T07:16:13.000Z</time>
        <extensions>
          <ns3:TrackPointExtension>
            <ns3:hr>112</ns3:hr>
            <ns3:cad>52</ns3:cad>
          </ns3:TrackPointExtension>
        </extensions>
      </trkpt>
      <trkpt lat="28.974730856716632843017578125" lon="82.86620738916099071502685546875">
        <ele>2075.60009765625</ele>
        <time>2026-08-05T07:16:19.000Z</time>
        <extensions>
          <ns3:TrackPointExtension>
            <ns3:hr>109</ns3:hr>
            <ns3:cad>0</ns3:cad>
          </ns3:TrackPointExtension>
        </extensions>
      </trkpt>
      <trkpt lat="28.9747337065637111663818359375" lon="82.86620705388486385345458984375">
        <ele>2075.60009765625</ele>
        <time>2026-08-05T07:16:21.000Z</time>
        <extensions>
          <ns3:TrackPointExtension>
            <ns3:hr>108</ns3:hr>
            <ns3:cad>0</ns3:cad>
          </ns3:TrackPointExtension>
        </extensions>
      </trkpt>
      <trkpt lat="28.97475357167422771453857421875" lon="82.8662274219095706939697265625">
        <ele>2075.39990234375</ele>
        <time>2026-08-05T07:16:26.000Z</time>
        <extensions>
          <ns3:TrackPointExtension>
            <ns3:hr>105</ns3:hr>
            <ns3:cad>0</ns3:cad>
          </ns3:TrackPointExtension>
        </extensions>
      </trkpt>
      <trkpt lat="28.974756337702274322509765625" lon="82.866236977279186248779296875">
        <ele>2075.39990234375</ele>
        <time>2026-08-05T07:16:27.000Z</time>
        <extensions>
          <ns3:TrackPointExtension>
            <ns3:hr>105</ns3:hr>
            <ns3:cad>0</ns3:cad>
          </ns3:TrackPointExtension>
        </extensions>
      </trkpt>
      <trkpt lat="28.974747620522975921630859375" lon="82.86625952459871768951416015625">
        <ele>2075.199951171875</ele>
        <time>2026-08-05T07:16:29.000Z</time>
        <extensions>
          <ns3:TrackPointExtension>
            <ns3:hr>104</ns3:hr>
            <ns3:cad>0</ns3:cad>
          </ns3:TrackPointExtension>
        </extensions>
      </trkpt>
      <trkpt lat="28.97473328746855258941650390625" lon="82.86627964116632938385009765625">
        <ele>2074.60009765625</ele>
        <time>2026-08-05T07:16:32.000Z</time>
        <extensions>
          <ns3:TrackPointExtension>
            <ns3:hr>104</ns3:hr>
            <ns3:cad>0</ns3:cad>
          </ns3:TrackPointExtension>
        </extensions>
      </trkpt>
      <trkpt lat="28.9747286774218082427978515625" lon="82.86629858426749706268310546875">
        <ele>2074.39990234375</ele>
        <time>2026-08-05T07:16:34.000Z</time>
        <extensions>
          <ns3:TrackPointExtension>
            <ns3:hr>104</ns3:hr>
            <ns3:cad>75</ns3:cad>
          </ns3:TrackPointExtension>
        </extensions>
      </trkpt>
      <trkpt lat="28.97473529912531375885009765625" lon="82.8664466924965381622314453125">
        <ele>2074.199951171875</ele>
        <time>2026-08-05T07:17:35.000Z</time>
        <extensions>
          <ns3:TrackPointExtension>
            <ns3:hr>110</ns3:hr>
            <ns3:cad>0</ns3:cad>
          </ns3:TrackPointExtension>
        </extensions>
      </trkpt>
      <trkpt lat="28.97474066354334354400634765625" lon="82.8664735145866870880126953125">
        <ele>2073.60009765625</ele>
        <time>2026-08-05T07:17:38.000Z</time>
        <extensions>
          <ns3:TrackPointExtension>
            <ns3:hr>114</ns3:hr>
            <ns3:cad>0</ns3:cad>
          </ns3:TrackPointExtension>
        </extensions>
      </trkpt>
    </trkseg>
  </trk>
</gpx>
