<?xml version="1.0" encoding="UTF-8"?>
<gpx creator="Garmin Connect" version="1.1"
  xsi:schemaLocation="http://www.topografix.com/GPX/1/1 http://www.topografix.com/GPX/11.xsd"
  xmlns:ns3="http://www.garmin.com/xmlschemas/TrackPointExtension/v1"
  xmlns="http://www.topografix.com/GPX/1/1"
  xmlns:xsi="http://www.w3.org/2001/XMLSchema-instance" xmlns:ns2="http://www.garmin.com/xmlschemas/GpxExtensions/v3">
  <metadata>
    <link href="connect.garmin.com">
      <text>Garmin Connect</text>
    </link>
    <time>2026-08-09T04:18:15.000Z</time>
  </metadata>
  <trk>
    <name>Phoksundo Randonnée</name>
    <type>hiking</type>
    <trkseg>
      <trkpt lat="29.1711835563182830810546875" lon="82.93712675571441650390625">
        <ele>3655.800048828125</ele>
        <time>2026-08-09T04:18:25.000Z</time>
        <extensions>
          <ns3:TrackPointExtension>
            <ns3:hr>92</ns3:hr>
            <ns3:cad>0</ns3:cad>
          </ns3:TrackPointExtension>
        </extensions>
      </trkpt>
      <trkpt lat="29.17117626406252384185791015625" lon="82.93713723309338092803955078125">
        <ele>3654.60009765625</ele>
        <time>2026-08-09T04:18:30.000Z</time>
        <extensions>
          <ns3:TrackPointExtension>
            <ns3:hr>92</ns3:hr>
            <ns3:cad>0</ns3:cad>
          </ns3:TrackPointExtension>
        </extensions>
      </trkpt>
      <trkpt lat="29.17118799872696399688720703125" lon="82.93714578263461589813232421875">
        <ele>3654.199951171875</ele>
        <time>2026-08-09T04:18:37.000Z</time>
        <extensions>
          <ns3:TrackPointExtension>
            <ns3:hr>89</ns3:hr>
            <ns3:cad>0</ns3:cad>
          </ns3:TrackPointExtension>
        </extensions>
      </trkpt>
      <trkpt lat="29.1712095402181148529052734375" lon="82.93716229498386383056640625">
        <ele>3654.39990234375</ele>
        <time>2026-08-09T04:18:40.000Z</time>
        <extensions>
          <ns3:TrackPointExtension>
            <ns3:hr>86</ns3:hr>
            <ns3:cad>0</ns3:cad>
          </ns3:TrackPointExtension>
        </extensions>
      </trkpt>
      <trkpt lat="29.171230159699916839599609375" lon="82.93718132190406322479248046875">
        <ele>3654.199951171875</ele>
        <time>2026-08-09T04:18:43.000Z</time>
        <extensions>
          <ns3:TrackPointExtension>
            <ns3:hr>86</ns3:hr>
            <ns3:cad>75</ns3:cad>
          </ns3:TrackPointExtension>
        </extensions>
      </trkpt>
      <trkpt lat="29.17127072811126708984375" lon="82.93720546178519725799560546875">
        <ele>3654</ele>
        <time>2026-08-09T04:18:48.000Z</time>
        <extensions>
          <ns3:TrackPointExtension>
            <ns3:hr>83</ns3:hr>
            <ns3:cad>0</ns3:cad>
          </ns3:TrackPointExtension>
        </extensions>
      </trkpt>
      <trkpt lat="29.171313308179378509521484375" lon="82.93723245151340961456298828125">
        <ele>3654.199951171875</ele>
        <time>2026-08-09T04:18:52.000Z</time>
        <extensions>
          <ns3:TrackPointExtension>
            <ns3:hr>82</ns3:hr>
            <ns3:cad>0</ns3:cad>
          </ns3:TrackPointExtension>
        </extensions>
      </trkpt>
      <trkpt lat="29.17135655879974365234375" lon="82.937274612486362457275390625">
        <ele>3654</ele>
        <time>2026-08-09T04:18:58.000Z</time>
        <extensions>
          <ns3:TrackPointExtension>
            <ns3:hr>81</ns3:hr>
            <ns3:cad>0</ns3:cad>
          </ns3:TrackPointExtension>
        </extensions>
      </trkpt>
      <trkpt lat="29.1714221052825450897216796875" lon="82.93731124140322208404541015625">
        <ele>3654</ele>
        <time>2026-08-09T04:19:05.000Z</time>
        <extensions>
          <ns3:TrackPointExtension>
            <ns3:hr>83</ns3:hr>
            <ns3:cad>0</ns3:cad>
          </ns3:TrackPointExtension>
        </extensions>
      </trkpt>
      <trkpt lat="29.17147482745349407196044921875" lon="82.93734376318752765655517578125">
        <ele>3654.199951171875</ele>
        <time>2026-08-09T04:19:11.000Z</time>
        <extensions>
          <ns3:TrackPointExtension>
            <ns3:hr>85</ns3:hr>
            <ns3:cad>0</ns3:cad>
          </ns3:TrackPointExtension>
        </extensions>
      </trkpt>
      <trkpt lat="29.1714928485453128814697265625" lon="82.9373602755367755889892578125">
        <ele>3654.199951171875</ele>
        <time>2026-08-09T04:19:14.000Z</time>
        <extensions>
          <ns3:TrackPointExtension>
            <ns3:hr>88</ns3:hr>
            <ns3:cad>0</ns3:cad>
          </ns3:TrackPointExtension>
        </extensions>
      </trkpt>
      <trkpt lat="29.17150952853262424468994140625" lon="82.9373676516115665435791015625">
        <ele>3654.199951171875</ele>
        <time>2026-08-09T04:19:16.000Z</time>
        <extensions>
          <ns3:TrackPointExtension>
            <ns3:hr>89</ns3:hr>
            <ns3:cad>0</ns3:cad>
          </ns3:TrackPointExtension>
        </extensions>
      </trkpt>
      <trkpt lat="29.1715592332184314727783203125" lon="82.93737796135246753692626953125">
        <ele>3654.60009765625</ele>
        <time>2026-08-09T04:19:21.000Z</time>
        <extensions>
          <ns3:TrackPointExtension>
            <ns3:hr>92</ns3:hr>
            <ns3:cad>0</ns3:cad>
          </ns3:TrackPointExtension>
        </extensions>
      </trkpt>
      <trkpt lat="29.17157457210123538970947265625" lon="82.9373834095895290374755859375">
        <ele>3654.39990234375</ele>
        <time>2026-08-09T04:19:23.000Z</time>
        <extensions>
          <ns3:TrackPointExtension>
            <ns3:hr>93</ns3:hr>
            <ns3:cad>0</ns3:cad>
          </ns3:TrackPointExtension>
        </extensions>
      </trkpt>
      <trkpt lat="29.17160407640039920806884765625" lon="82.93739187531173229217529296875">
        <ele>3654.199951171875</ele>
        <time>2026-08-09T04:19:26.000Z</time>
        <extensions>
          <ns3:TrackPointExtension>
            <ns3:hr>94</ns3:hr>
            <ns3:cad>0</ns3:cad>
          </ns3:TrackPointExtension>
        </extensions>
      </trkpt>
      <trkpt lat="29.17161983437836170196533203125" lon="82.93739288114011287689208984375">
        <ele>3654.199951171875</ele>
        <time>2026-08-09T04:19:28.000Z</time>
        <extensions>
          <ns3:TrackPointExtension>
            <ns3:hr>97</ns3:hr>
            <ns3:cad>0</ns3:cad>
          </ns3:TrackPointExtension>
        </extensions>
      </trkpt>
      <trkpt lat="29.17162888683378696441650390625" lon="82.937392294406890869140625">
        <ele>3654.199951171875</ele>
        <time>2026-08-09T04:19:29.000Z</time>
        <extensions>
          <ns3:TrackPointExtension>
            <ns3:hr>101</ns3:hr>
            <ns3:cad>0</ns3:cad>
          </ns3:TrackPointExtension>
        </extensions>
      </trkpt>
      <trkpt lat="29.171657301485538482666015625" lon="82.93740143068134784698486328125">
        <ele>3654.199951171875</ele>
        <time>2026-08-09T04:19:32.000Z</time>
        <extensions>
          <ns3:TrackPointExtension>
            <ns3:hr>103</ns3:hr>
            <ns3:cad>0</ns3:cad>
          </ns3:TrackPointExtension>
        </extensions>
      </trkpt>
      <trkpt lat="29.1717007197439670562744140625" lon="82.937409393489360809326171875">
        <ele>3654.60009765625</ele>
        <time>2026-08-09T04:19:37.000Z</time>
        <extensions>
          <ns3:TrackPointExtension>
            <ns3:hr>106</ns3:hr>
            <ns3:cad>0</ns3:cad>
          </ns3:TrackPointExtension>
        </extensions>
      </trkpt>
      <trkpt lat="29.1717144660651683807373046875" lon="82.93741383589804172515869140625">
        <ele>3654.800048828125</ele>
        <time>2026-08-09T04:19:38.000Z</time>
        <extensions>
          <ns3:TrackPointExtension>
            <ns3:hr>107</ns3:hr>
            <ns3:cad>0</ns3:cad>
          </ns3:TrackPointExtension>
        </extensions>
      </trkpt>
      <trkpt lat="29.17174807749688625335693359375" lon="82.9374172724783420562744140625">
        <ele>3654.800048828125</ele>
        <time>2026-08-09T04:19:42.000Z</time>
        <extensions>
          <ns3:TrackPointExtension>
            <ns3:hr>109</ns3:hr>
            <ns3:cad>0</ns3:cad>
          </ns3:TrackPointExtension>
        </extensions>
      </trkpt>
      <trkpt lat="29.1717962734401226043701171875" lon="82.93742121197283267974853515625">
        <ele>3654.800048828125</ele>
        <time>2026-08-09T04:19:46.000Z</time>
        <extensions>
          <ns3:TrackPointExtension>
            <ns3:hr>110</ns3:hr>
            <ns3:cad>0</ns3:cad>
          </ns3:TrackPointExtension>
        </extensions>
      </trkpt>
      <trkpt lat="29.17184111662209033966064453125" lon="82.9374380595982074737548828125">
        <ele>3654.60009765625</ele>
        <time>2026-08-09T04:19:51.000Z</time>
        <extensions>
          <ns3:TrackPointExtension>
            <ns3:hr>109</ns3:hr>
            <ns3:cad>0</ns3:cad>
          </ns3:TrackPointExtension>
        </extensions>
      </trkpt>
      <trkpt lat="29.17185008525848388671875" lon="82.9374353773891925811767578125">
        <ele>3654.60009765625</ele>
        <time>2026-08-09T04:19:52.000Z</time>
        <extensions>
          <ns3:TrackPointExtension>
            <ns3:hr>108</ns3:hr>
            <ns3:cad>0</ns3:cad>
          </ns3:TrackPointExtension>
        </extensions>
      </trkpt>
      <trkpt lat="29.171889312565326690673828125" lon="82.9374350421130657196044921875">
        <ele>3654.800048828125</ele>
        <time>2026-08-09T04:19:56.000Z</time>
        <extensions>
          <ns3:TrackPointExtension>
            <ns3:hr>107</ns3:hr>
            <ns3:cad>0</ns3:cad>
          </ns3:TrackPointExtension>
        </extensions>
      </trkpt>
      <trkpt lat="29.1719297133386135101318359375" lon="82.93742649257183074951171875">
        <ele>3654.800048828125</ele>
        <time>2026-08-09T04:20:01.000Z</time>
        <extensions>
          <ns3:TrackPointExtension>
            <ns3:hr>107</ns3:hr>
            <ns3:cad>0</ns3:cad>
          </ns3:TrackPointExtension>
        </extensions>
      </trkpt>
      <trkpt lat="29.1719846986234188079833984375" lon="82.93741484172642230987548828125">
        <ele>3655.60009765625</ele>
        <time>2026-08-09T04:20:07.000Z</time>
        <extensions>
          <ns3:TrackPointExtension>
            <ns3:hr>108</ns3:hr>
            <ns3:cad>0</ns3:cad>
          </ns3:TrackPointExtension>
        </extensions>
      </trkpt>
      <trkpt lat="29.17200565338134765625" lon="82.93741014786064624786376953125">
        <ele>3655.800048828125</ele>
        <time>2026-08-09T04:20:09.000Z</time>
        <extensions>
          <ns3:TrackPointExtension>
            <ns3:hr>108</ns3:hr>
            <ns3:cad>79</ns3:cad>
          </ns3:TrackPointExtension>
        </extensions>
      </trkpt>
      <trkpt lat="29.172036834061145782470703125" lon="82.93739791028201580047607421875">
        <ele>3656</ele>
        <time>2026-08-09T04:20:12.000Z</time>
        <extensions>
          <ns3:TrackPointExtension>
            <ns3:hr>109</ns3:hr>
            <ns3:cad>0</ns3:cad>
          </ns3:TrackPointExtension>
        </extensions>
      </trkpt>
      <trkpt lat="29.1720698587596416473388671875" lon="82.93738047592341899871826171875">
        <ele>3656</ele>
        <time>2026-08-09T04:20:16.000Z</time>
        <extensions>
          <ns3:TrackPointExtension>
            <ns3:hr>112</ns3:hr>
            <ns3:cad>45</ns3:cad>
          </ns3:TrackPointExtension>
        </extensions>
      </trkpt>
      <trkpt lat="29.17208855040371417999267578125" lon="82.9373721778392791748046875">
        <ele>3656.199951171875</ele>
        <time>2026-08-09T04:20:18.000Z</time>
        <extensions>
          <ns3:TrackPointExtension>
            <ns3:hr>113</ns3:hr>
            <ns3:cad>46</ns3:cad>
          </ns3:TrackPointExtension>
        </extensions>
      </trkpt>
      <trkpt lat="29.172122664749622344970703125" lon="82.9373535700142383575439453125">
        <ele>3656.800048828125</ele>
        <time>2026-08-09T04:20:21.000Z</time>
        <extensions>
          <ns3:TrackPointExtension>
            <ns3:hr>114</ns3:hr>
            <ns3:cad>44</ns3:cad>
          </ns3:TrackPointExtension>
        </extensions>
      </trkpt>
      <trkpt lat="29.17215049266815185546875" lon="82.93734711594879627227783203125">
        <ele>3657.199951171875</ele>
        <time>2026-08-09T04:20:24.000Z</time>
        <extensions>
          <ns3:TrackPointExtension>
            <ns3:hr>113</ns3:hr>
            <ns3:cad>44</ns3:cad>
          </ns3:TrackPointExtension>
        </extensions>
      </trkpt>
      <trkpt lat="29.1721786558628082275390625" lon="82.93734728358685970306396484375">
        <ele>3657.199951171875</ele>
        <time>2026-08-09T04:20:27.000Z</time>
        <extensions>
          <ns3:TrackPointExtension>
            <ns3:hr>112</ns3:hr>
            <ns3:cad>0</ns3:cad>
          </ns3:TrackPointExtension>
        </extensions>
      </trkpt>
      <trkpt lat="29.17217505164444446563720703125" lon="82.93734711594879627227783203125">
        <ele>3657.199951171875</ele>
        <time>2026-08-09T04:20:29.000Z</time>
        <extensions>
          <ns3:TrackPointExtension>
            <ns3:hr>112</ns3:hr>
            <ns3:cad>0</ns3:cad>
          </ns3:TrackPointExtension>
        </extensions>
      </trkpt>
      <trkpt lat="29.17217195034027099609375" lon="82.93734711594879627227783203125">
        <ele>3657.199951171875</ele>
        <time>2026-08-09T04:20:37.000Z</time>
        <extensions>
          <ns3:TrackPointExtension>
            <ns3:hr>109</ns3:hr>
            <ns3:cad>0</ns3:cad>
          </ns3:TrackPointExtension>
        </extensions>
      </trkpt>
      <trkpt lat="29.17217195034027099609375" lon="82.93734711594879627227783203125">
        <ele>3657.199951171875</ele>
        <time>2026-08-09T04:20:39.000Z</time>
        <extensions>
          <ns3:TrackPointExtension>
            <ns3:hr>106</ns3:hr>
            <ns3:cad>0</ns3:cad>
          </ns3:TrackPointExtension>
        </extensions>
      </trkpt>
      <trkpt lat="29.17217991314828395843505859375" lon="82.93732901103794574737548828125">
        <ele>3657.199951171875</ele>
        <time>2026-08-09T04:20:45.000Z</time>
        <extensions>
          <ns3:TrackPointExtension>
            <ns3:hr>106</ns3:hr>
            <ns3:cad>0</ns3:cad>
          </ns3:TrackPointExtension>
        </extensions>
      </trkpt>
      <trkpt lat="29.17224311269819736480712890625" lon="82.937339656054973602294921875">
        <ele>3656.199951171875</ele>
        <time>2026-08-09T04:20:52.000Z</time>
        <extensions>
          <ns3:TrackPointExtension>
            <ns3:hr>105</ns3:hr>
            <ns3:cad>52</ns3:cad>
          </ns3:TrackPointExtension>
        </extensions>
      </trkpt>
      <trkpt lat="29.1722569428384304046630859375" lon="82.93735382147133350372314453125">
        <ele>3655.60009765625</ele>
        <time>2026-08-09T04:20:54.000Z</time>
        <extensions>
          <ns3:TrackPointExtension>
            <ns3:hr>104</ns3:hr>
            <ns3:cad>52</ns3:cad>
          </ns3:TrackPointExtension>
        </extensions>
      </trkpt>
      <trkpt lat="29.17228703387081623077392578125" lon="82.93738835491240024566650390625">
        <ele>3654.60009765625</ele>
        <time>2026-08-09T04:20:58.000Z</time>
        <extensions>
          <ns3:TrackPointExtension>
            <ns3:hr>104</ns3:hr>
            <ns3:cad>52</ns3:cad>
          </ns3:TrackPointExtension>
        </extensions>
      </trkpt>
      <trkpt lat="29.17229692451655864715576171875" lon="82.937389947474002838134765625">
        <ele>3654.39990234375</ele>
        <time>2026-08-09T04:20:59.000Z</time>
        <extensions>
          <ns3:TrackPointExtension>
            <ns3:hr>103</ns3:hr>
            <ns3:cad>52</ns3:cad>
          </ns3:TrackPointExtension>
        </extensions>
      </trkpt>
      <trkpt lat="29.17234118096530437469482421875" lon="82.937377877533435821533203125">
        <ele>3653.39990234375</ele>
        <time>2026-08-09T04:21:03.000Z</time>
        <extensions>
          <ns3:TrackPointExtension>
            <ns3:hr>105</ns3:hr>
            <ns3:cad>52</ns3:cad>
          </ns3:TrackPointExtension>
        </extensions>
      </trkpt>
      <trkpt lat="29.1724047996103763580322265625" lon="82.93737142346799373626708984375">
        <ele>3652.800048828125</ele>
        <time>2026-08-09T04:21:09.000Z</time>
        <extensions>
          <ns3:TrackPointExtension>
            <ns3:hr>104</ns3:hr>
            <ns3:cad>0</ns3:cad>
          </ns3:TrackPointExtension>
        </extensions>
      </trkpt>
      <trkpt lat="29.17246791534125804901123046875" lon="82.93736086226999759674072265625">
        <ele>3652.199951171875</ele>
        <time>2026-08-09T04:21:15.000Z</time>
        <extensions>
          <ns3:TrackPointExtension>
            <ns3:hr>103</ns3:hr>
            <ns3:cad>48</ns3:cad>
          </ns3:TrackPointExtension>
        </extensions>
      </trkpt>
      <trkpt lat="29.17253513820469379425048828125" lon="82.93732197023928165435791015625">
        <ele>3652.39990234375</ele>
        <time>2026-08-09T04:21:22.000Z</time>
        <extensions>
          <ns3:TrackPointExtension>
            <ns3:hr>102</ns3:hr>
            <ns3:cad>50</ns3:cad>
          </ns3:TrackPointExtension>
        </extensions>
      </trkpt>
      <trkpt lat="29.172584675252437591552734375" lon="82.937296070158481597900390625">
        <ele>3652.199951171875</ele>
        <time>2026-08-09T04:21:27.000Z</time>
        <extensions>
          <ns3:TrackPointExtension>
            <ns3:hr>101</ns3:hr>
            <ns3:cad>48</ns3:cad>
          </ns3:TrackPointExtension>
        </extensions>
      </trkpt>
      <trkpt lat="29.1726426780223846435546875" lon="82.93726664967834949493408203125">
        <ele>3652</ele>
        <time>2026-08-09T04:21:33.000Z</time>
        <extensions>
          <ns3:TrackPointExtension>
            <ns3:hr>102</ns3:hr>
            <ns3:cad>0</ns3:cad>
          </ns3:TrackPointExtension>
        </extensions>
      </trkpt>
      <trkpt lat="29.17268333025276660919189453125" lon="82.93724468909204006195068359375">
        <ele>3652</ele>
        <time>2026-08-09T04:21:39.000Z</time>
        <extensions>
          <ns3:TrackPointExtension>
            <ns3:hr>101</ns3:hr>
            <ns3:cad>47</ns3:cad>
          </ns3:TrackPointExtension>
        </extensions>
      </trkpt>
      <trkpt lat="29.17270210571587085723876953125" lon="82.93727017007768154144287109375">
        <ele>3652.199951171875</ele>
        <time>2026-08-09T04:21:41.000Z</time>
        <extensions>
          <ns3:TrackPointExtension>
            <ns3:hr>101</ns3:hr>
            <ns3:cad>47</ns3:cad>
          </ns3:TrackPointExtension>
        </extensions>
      </trkpt>
      <trkpt lat="29.17271040380001068115234375" lon="82.93728542514145374298095703125">
        <ele>3652.199951171875</ele>
        <time>2026-08-09T04:21:43.000Z</time>
        <extensions>
          <ns3:TrackPointExtension>
            <ns3:hr>100</ns3:hr>
            <ns3:cad>47</ns3:cad>
          </ns3:TrackPointExtension>
        </extensions>
      </trkpt>
      <trkpt lat="29.1727446019649505615234375" lon="82.93731509707868099212646484375">
        <ele>3651.199951171875</ele>
        <time>2026-08-09T04:21:49.000Z</time>
        <extensions>
          <ns3:TrackPointExtension>
            <ns3:hr>101</ns3:hr>
            <ns3:cad>52</ns3:cad>
          </ns3:TrackPointExtension>
        </extensions>
      </trkpt>
      <trkpt lat="29.17278022505342960357666015625" lon="82.9373319447040557861328125">
        <ele>3650.800048828125</ele>
        <time>2026-08-09T04:21:52.000Z</time>
        <extensions>
          <ns3:TrackPointExtension>
            <ns3:hr>102</ns3:hr>
            <ns3:cad>54</ns3:cad>
          </ns3:TrackPointExtension>
        </extensions>
      </trkpt>
      <trkpt lat="29.17279950343072414398193359375" lon="82.9373364709317684173583984375">
        <ele>3650.199951171875</ele>
        <time>2026-08-09T04:21:54.000Z</time>
        <extensions>
          <ns3:TrackPointExtension>
            <ns3:hr>102</ns3:hr>
            <ns3:cad>55</ns3:cad>
          </ns3:TrackPointExtension>
        </extensions>
      </trkpt>
      <trkpt lat="29.17284359224140644073486328125" lon="82.9373451881110668182373046875">
        <ele>3649.39990234375</ele>
        <time>2026-08-09T04:21:58.000Z</time>
        <extensions>
          <ns3:TrackPointExtension>
            <ns3:hr>101</ns3:hr>
            <ns3:cad>55</ns3:cad>
          </ns3:TrackPointExtension>
        </extensions>
      </trkpt>
      <trkpt lat="29.1728815622627735137939453125" lon="82.93734996579587459564208984375">
        <ele>3649.60009765625</ele>
        <time>2026-08-09T04:22:02.000Z</time>
        <extensions>
          <ns3:TrackPointExtension>
            <ns3:hr>100</ns3:hr>
            <ns3:cad>48</ns3:cad>
          </ns3:TrackPointExtension>
        </extensions>
      </trkpt>
      <trkpt lat="29.17292791418731212615966796875" lon="82.9373820684850215911865234375">
        <ele>3649.60009765625</ele>
        <time>2026-08-09T04:22:07.000Z</time>
        <extensions>
          <ns3:TrackPointExtension>
            <ns3:hr>99</ns3:hr>
            <ns3:cad>45</ns3:cad>
          </ns3:TrackPointExtension>
        </extensions>
      </trkpt>
      <trkpt lat="29.17294300161302089691162109375" lon="82.9374011792242527008056640625">
        <ele>3649.800048828125</ele>
        <time>2026-08-09T04:22:09.000Z</time>
        <extensions>
          <ns3:TrackPointExtension>
            <ns3:hr>100</ns3:hr>
            <ns3:cad>45</ns3:cad>
          </ns3:TrackPointExtension>
        </extensions>
      </trkpt>
      <trkpt lat="29.17297200299799442291259765625" lon="82.93744250200688838958740234375">
        <ele>3649</ele>
        <time>2026-08-09T04:22:13.000Z</time>
        <extensions>
          <ns3:TrackPointExtension>
            <ns3:hr>102</ns3:hr>
            <ns3:cad>50</ns3:cad>
          </ns3:TrackPointExtension>
        </extensions>
      </trkpt>
      <trkpt lat="29.1729841567575931549072265625" lon="82.93745926581323146820068359375">
        <ele>3648.39990234375</ele>
        <time>2026-08-09T04:22:15.000Z</time>
        <extensions>
          <ns3:TrackPointExtension>
            <ns3:hr>102</ns3:hr>
            <ns3:cad>48</ns3:cad>
          </ns3:TrackPointExtension>
        </extensions>
      </trkpt>
      <trkpt lat="29.17299832217395305633544921875" lon="82.93747879564762115478515625">
        <ele>3648</ele>
        <time>2026-08-09T04:22:17.000Z</time>
        <extensions>
          <ns3:TrackPointExtension>
            <ns3:hr>103</ns3:hr>
            <ns3:cad>48</ns3:cad>
          </ns3:TrackPointExtension>
        </extensions>
      </trkpt>
      <trkpt lat="29.1730287484824657440185546875" lon="82.93751743622124195098876953125">
        <ele>3647.199951171875</ele>
        <time>2026-08-09T04:22:22.000Z</time>
        <extensions>
          <ns3:TrackPointExtension>
            <ns3:hr>102</ns3:hr>
            <ns3:cad>53</ns3:cad>
          </ns3:TrackPointExtension>
        </extensions>
      </trkpt>
      <trkpt lat="29.1730458475649356842041015625" lon="82.93753151781857013702392578125">
        <ele>3647</ele>
        <time>2026-08-09T04:22:24.000Z</time>
        <extensions>
          <ns3:TrackPointExtension>
            <ns3:hr>101</ns3:hr>
            <ns3:cad>53</ns3:cad>
          </ns3:TrackPointExtension>
        </extensions>
      </trkpt>
      <trkpt lat="29.1730783693492412567138671875" lon="82.9375728406012058258056640625">
        <ele>3647</ele>
        <time>2026-08-09T04:22:29.000Z</time>
        <extensions>
          <ns3:TrackPointExtension>
            <ns3:hr>102</ns3:hr>
            <ns3:cad>52</ns3:cad>
          </ns3:TrackPointExtension>
        </extensions>
      </trkpt>
      <trkpt lat="29.17312405072152614593505859375" lon="82.93761567212641239166259765625">
        <ele>3645.60009765625</ele>
        <time>2026-08-09T04:22:35.000Z</time>
        <extensions>
          <ns3:TrackPointExtension>
            <ns3:hr>102</ns3:hr>
            <ns3:cad>53</ns3:cad>
          </ns3:TrackPointExtension>
        </extensions>
      </trkpt>
      <trkpt lat="29.17314534075558185577392578125" lon="82.9376580007374286651611328125">
        <ele>3644.60009765625</ele>
        <time>2026-08-09T04:22:40.000Z</time>
        <extensions>
          <ns3:TrackPointExtension>
            <ns3:hr>103</ns3:hr>
            <ns3:cad>53</ns3:cad>
          </ns3:TrackPointExtension>
        </extensions>
      </trkpt>
      <trkpt lat="29.1731576621532440185546875" lon="82.937672920525074005126953125">
        <ele>3644.199951171875</ele>
        <time>2026-08-09T04:22:42.000Z</time>
        <extensions>
          <ns3:TrackPointExtension>
            <ns3:hr>103</ns3:hr>
            <ns3:cad>53</ns3:cad>
          </ns3:TrackPointExtension>
        </extensions>
      </trkpt>
      <trkpt lat="29.17316612787544727325439453125" lon="82.93769563548266887664794921875">
        <ele>3643.60009765625</ele>
        <time>2026-08-09T04:22:44.000Z</time>
        <extensions>
          <ns3:TrackPointExtension>
            <ns3:hr>100</ns3:hr>
            <ns3:cad>50</ns3:cad>
          </ns3:TrackPointExtension>
        </extensions>
      </trkpt>
      <trkpt lat="29.17318691499531269073486328125" lon="82.937716506421566009521484375">
        <ele>3643</ele>
        <time>2026-08-09T04:22:47.000Z</time>
        <extensions>
          <ns3:TrackPointExtension>
            <ns3:hr>96</ns3:hr>
            <ns3:cad>53</ns3:cad>
          </ns3:TrackPointExtension>
        </extensions>
      </trkpt>
      <trkpt lat="29.1731973923742771148681640625" lon="82.93773117475211620330810546875">
        <ele>3643</ele>
        <time>2026-08-09T04:22:49.000Z</time>
        <extensions>
          <ns3:TrackPointExtension>
            <ns3:hr>94</ns3:hr>
            <ns3:cad>51</ns3:cad>
          </ns3:TrackPointExtension>
        </extensions>
      </trkpt>
      <trkpt lat="29.17319529689848423004150390625" lon="82.9377458430826663970947265625">
        <ele>3643</ele>
        <time>2026-08-09T04:22:51.000Z</time>
        <extensions>
          <ns3:TrackPointExtension>
            <ns3:hr>92</ns3:hr>
            <ns3:cad>0</ns3:cad>
          </ns3:TrackPointExtension>
        </extensions>
      </trkpt>
      <trkpt lat="29.17319445870816707611083984375" lon="82.9377488605678081512451171875">
        <ele>3643</ele>
        <time>2026-08-09T04:22:55.000Z</time>
        <extensions>
          <ns3:TrackPointExtension>
            <ns3:hr>91</ns3:hr>
            <ns3:cad>0</ns3:cad>
          </ns3:TrackPointExtension>
        </extensions>
      </trkpt>
      <trkpt lat="29.17319445870816707611083984375" lon="82.9377488605678081512451171875">
        <ele>3643.199951171875</ele>
        <time>2026-08-09T04:22:59.000Z</time>
        <extensions>
          <ns3:TrackPointExtension>
            <ns3:hr>96</ns3:hr>
            <ns3:cad>0</ns3:cad>
          </ns3:TrackPointExtension>
        </extensions>
      </trkpt>
      <trkpt lat="29.17319445870816707611083984375" lon="82.9377488605678081512451171875">
        <ele>3643.199951171875</ele>
        <time>2026-08-09T04:23:01.000Z</time>
        <extensions>
          <ns3:TrackPointExtension>
            <ns3:hr>99</ns3:hr>
            <ns3:cad>0</ns3:cad>
          </ns3:TrackPointExtension>
        </extensions>
      </trkpt>
      <trkpt lat="29.17320166714489459991455078125" lon="82.9377783648669719696044921875">
        <ele>3643.199951171875</ele>
        <time>2026-08-09T04:23:04.000Z</time>
        <extensions>
          <ns3:TrackPointExtension>
            <ns3:hr>100</ns3:hr>
            <ns3:cad>0</ns3:cad>
          </ns3:TrackPointExtension>
        </extensions>
      </trkpt>
      <trkpt lat="29.17323418892920017242431640625" lon="82.93784382753074169158935546875">
        <ele>3642.800048828125</ele>
        <time>2026-08-09T04:23:11.000Z</time>
        <extensions>
          <ns3:TrackPointExtension>
            <ns3:hr>99</ns3:hr>
            <ns3:cad>0</ns3:cad>
          </ns3:TrackPointExtension>
        </extensions>
      </trkpt>
      <trkpt lat="29.17326101101934909820556640625" lon="82.93787014670670032501220703125">
        <ele>3643</ele>
        <time>2026-08-09T04:23:15.000Z</time>
        <extensions>
          <ns3:TrackPointExtension>
            <ns3:hr>102</ns3:hr>
            <ns3:cad>0</ns3:cad>
          </ns3:TrackPointExtension>
        </extensions>
      </trkpt>
      <trkpt lat="29.1732808761298656463623046875" lon="82.9378856532275676727294921875">
        <ele>3642.39990234375</ele>
        <time>2026-08-09T04:23:17.000Z</time>
        <extensions>
          <ns3:TrackPointExtension>
            <ns3:hr>102</ns3:hr>
            <ns3:cad>0</ns3:cad>
          </ns3:TrackPointExtension>
        </extensions>
      </trkpt>
      <trkpt lat="29.1732971370220184326171875" lon="82.93791607953608036041259765625">
        <ele>3641.199951171875</ele>
        <time>2026-08-09T04:23:20.000Z</time>
        <extensions>
          <ns3:TrackPointExtension>
            <ns3:hr>101</ns3:hr>
            <ns3:cad>51</ns3:cad>
          </ns3:TrackPointExtension>
        </extensions>
      </trkpt>
      <trkpt lat="29.17330023832619190216064453125" lon="82.9379745014011859893798828125">
        <ele>3640.39990234375</ele>
        <time>2026-08-09T04:23:24.000Z</time>
        <extensions>
          <ns3:TrackPointExtension>
            <ns3:hr>101</ns3:hr>
            <ns3:cad>51</ns3:cad>
          </ns3:TrackPointExtension>
        </extensions>
      </trkpt>
      <trkpt lat="29.1732959635555744171142578125" lon="82.93798648752272129058837890625">
        <ele>3640.199951171875</ele>
        <time>2026-08-09T04:23:25.000Z</time>
        <extensions>
          <ns3:TrackPointExtension>
            <ns3:hr>101</ns3:hr>
            <ns3:cad>51</ns3:cad>
          </ns3:TrackPointExtension>
        </extensions>
      </trkpt>
      <trkpt lat="29.17328665964305400848388671875" lon="82.9379932768642902374267578125">
        <ele>3640</ele>
        <time>2026-08-09T04:23:26.000Z</time>
        <extensions>
          <ns3:TrackPointExtension>
            <ns3:hr>101</ns3:hr>
            <ns3:cad>51</ns3:cad>
          </ns3:TrackPointExtension>
        </extensions>
      </trkpt>
      <trkpt lat="29.1732651181519031524658203125" lon="82.9379952885210514068603515625">
        <ele>3639.60009765625</ele>
        <time>2026-08-09T04:23:29.000Z</time>
        <extensions>
          <ns3:TrackPointExtension>
            <ns3:hr>101</ns3:hr>
            <ns3:cad>0</ns3:cad>
          </ns3:TrackPointExtension>
        </extensions>
      </trkpt>
      <trkpt lat="29.1732434928417205810546875" lon="82.93797676451504230499267578125">
        <ele>3639.39990234375</ele>
        <time>2026-08-09T04:23:32.000Z</time>
        <extensions>
          <ns3:TrackPointExtension>
            <ns3:hr>101</ns3:hr>
            <ns3:cad>0</ns3:cad>
          </ns3:TrackPointExtension>
        </extensions>
      </trkpt>
      <trkpt lat="29.173239134252071380615234375" lon="82.93797257356345653533935546875">
        <ele>3639.199951171875</ele>
        <time>2026-08-09T04:23:33.000Z</time>
        <extensions>
          <ns3:TrackPointExtension>
            <ns3:hr>101</ns3:hr>
            <ns3:cad>0</ns3:cad>
          </ns3:TrackPointExtension>
        </extensions>
      </trkpt>
      <trkpt lat="29.17323770932853221893310546875" lon="82.937971316277980804443359375">
        <ele>3638.800048828125</ele>
        <time>2026-08-09T04:23:34.000Z</time>
        <extensions>
          <ns3:TrackPointExtension>
            <ns3:hr>101</ns3:hr>
            <ns3:cad>0</ns3:cad>
          </ns3:TrackPointExtension>
        </extensions>
      </trkpt>
      <trkpt lat="29.17320753447711467742919921875" lon="82.9379805363714694976806640625">
        <ele>3637.800048828125</ele>
        <time>2026-08-09T04:23:37.000Z</time>
        <extensions>
          <ns3:TrackPointExtension>
            <ns3:hr>102</ns3:hr>
            <ns3:cad>0</ns3:cad>
          </ns3:TrackPointExtension>
        </extensions>
      </trkpt>
      <trkpt lat="29.1731987334787845611572265625" lon="82.93797559104859828948974609375">
        <ele>3637.60009765625</ele>
        <time>2026-08-09T04:23:38.000Z</time>
        <extensions>
          <ns3:TrackPointExtension>
            <ns3:hr>101</ns3:hr>
            <ns3:cad>0</ns3:cad>
          </ns3:TrackPointExtension>
        </extensions>
      </trkpt>
      <trkpt lat="29.17318113148212432861328125" lon="82.9379864037036895751953125">
        <ele>3636.800048828125</ele>
        <time>2026-08-09T04:23:41.000Z</time>
        <extensions>
          <ns3:TrackPointExtension>
            <ns3:hr>102</ns3:hr>
            <ns3:cad>0</ns3:cad>
          </ns3:TrackPointExtension>
        </extensions>
      </trkpt>
      <trkpt lat="29.17317803017795085906982421875" lon="82.938004843890666961669921875">
        <ele>3636.199951171875</ele>
        <time>2026-08-09T04:23:43.000Z</time>
        <extensions>
          <ns3:TrackPointExtension>
            <ns3:hr>102</ns3:hr>
            <ns3:cad>0</ns3:cad>
          </ns3:TrackPointExtension>
        </extensions>
      </trkpt>
      <trkpt lat="29.1731745935976505279541015625" lon="82.93801926076412200927734375">
        <ele>3635.800048828125</ele>
        <time>2026-08-09T04:23:44.000Z</time>
        <extensions>
          <ns3:TrackPointExtension>
            <ns3:hr>101</ns3:hr>
            <ns3:cad>0</ns3:cad>
          </ns3:TrackPointExtension>
        </extensions>
      </trkpt>
      <trkpt lat="29.17314617894589900970458984375" lon="82.93807952664792537689208984375">
        <ele>3635.800048828125</ele>
        <time>2026-08-09T04:23:49.000Z</time>
        <extensions>
          <ns3:TrackPointExtension>
            <ns3:hr>103</ns3:hr>
            <ns3:cad>0</ns3:cad>
          </ns3:TrackPointExtension>
        </extensions>
      </trkpt>
      <trkpt lat="29.1731179319322109222412109375" lon="82.9381646029651165008544921875">
        <ele>3634.800048828125</ele>
        <time>2026-08-09T04:23:56.000Z</time>
        <extensions>
          <ns3:TrackPointExtension>
            <ns3:hr>101</ns3:hr>
            <ns3:cad>0</ns3:cad>
          </ns3:TrackPointExtension>
        </extensions>
      </trkpt>
      <trkpt lat="29.17311198078095912933349609375" lon="82.9381768405437469482421875">
        <ele>3634.60009765625</ele>
        <time>2026-08-09T04:23:57.000Z</time>
        <extensions>
          <ns3:TrackPointExtension>
            <ns3:hr>101</ns3:hr>
            <ns3:cad>0</ns3:cad>
          </ns3:TrackPointExtension>
        </extensions>
      </trkpt>
      <trkpt lat="29.17309890501201152801513671875" lon="82.938208021223545074462890625">
        <ele>3634.199951171875</ele>
        <time>2026-08-09T04:24:00.000Z</time>
        <extensions>
          <ns3:TrackPointExtension>
            <ns3:hr>98</ns3:hr>
            <ns3:cad>0</ns3:cad>
          </ns3:TrackPointExtension>
        </extensions>
      </trkpt>
      <trkpt lat="29.17310058139264583587646484375" lon="82.93821506202220916748046875">
        <ele>3635</ele>
        <time>2026-08-09T04:24:02.000Z</time>
        <extensions>
          <ns3:TrackPointExtension>
            <ns3:hr>98</ns3:hr>
            <ns3:cad>0</ns3:cad>
          </ns3:TrackPointExtension>
        </extensions>
      </trkpt>
      <trkpt lat="29.1731004975736141204833984375" lon="82.93822721578180789947509765625">
        <ele>3636</ele>
        <time>2026-08-09T04:24:05.000Z</time>
        <extensions>
          <ns3:TrackPointExtension>
            <ns3:hr>99</ns3:hr>
            <ns3:cad>0</ns3:cad>
          </ns3:TrackPointExtension>
        </extensions>
      </trkpt>
      <trkpt lat="29.1731013357639312744140625" lon="82.93823911808431148529052734375">
        <ele>3636.800048828125</ele>
        <time>2026-08-09T04:24:08.000Z</time>
        <extensions>
          <ns3:TrackPointExtension>
            <ns3:hr>100</ns3:hr>
            <ns3:cad>0</ns3:cad>
          </ns3:TrackPointExtension>
        </extensions>
      </trkpt>
      <trkpt lat="29.17310611344873905181884765625" lon="82.93824255466461181640625">
        <ele>3637.199951171875</ele>
        <time>2026-08-09T04:24:09.000Z</time>
        <extensions>
          <ns3:TrackPointExtension>
            <ns3:hr>100</ns3:hr>
            <ns3:cad>0</ns3:cad>
          </ns3:TrackPointExtension>
        </extensions>
      </trkpt>
      <trkpt lat="29.173134528100490570068359375" lon="82.93825068511068820953369140625">
        <ele>3638.39990234375</ele>
        <time>2026-08-09T04:24:14.000Z</time>
        <extensions>
          <ns3:TrackPointExtension>
            <ns3:hr>100</ns3:hr>
            <ns3:cad>0</ns3:cad>
          </ns3:TrackPointExtension>
        </extensions>
      </trkpt>
      <trkpt lat="29.1731551475822925567626953125" lon="82.93827046640217304229736328125">
        <ele>3639.60009765625</ele>
        <time>2026-08-09T04:24:18.000Z</time>
        <extensions>
          <ns3:TrackPointExtension>
            <ns3:hr>103</ns3:hr>
            <ns3:cad>75</ns3:cad>
          </ns3:TrackPointExtension>
        </extensions>
      </trkpt>
      <trkpt lat="29.1731648705899715423583984375" lon="82.93827733956277370452880859375">
        <ele>3639.800048828125</ele>
        <time>2026-08-09T04:24:20.000Z</time>
        <extensions>
          <ns3:TrackPointExtension>
            <ns3:hr>106</ns3:hr>
            <ns3:cad>75</ns3:cad>
          </ns3:TrackPointExtension>
        </extensions>
      </trkpt>
      <trkpt lat="29.17316746897995471954345703125" lon="82.93828505091369152069091796875">
        <ele>3640</ele>
        <time>2026-08-09T04:24:21.000Z</time>
        <extensions>
          <ns3:TrackPointExtension>
            <ns3:hr>109</ns3:hr>
            <ns3:cad>75</ns3:cad>
          </ns3:TrackPointExtension>
        </extensions>
      </trkpt>
      <trkpt lat="29.17317400686442852020263671875" lon="82.9383070953190326690673828125">
        <ele>3640</ele>
        <time>2026-08-09T04:24:23.000Z</time>
        <extensions>
          <ns3:TrackPointExtension>
            <ns3:hr>112</ns3:hr>
            <ns3:cad>68</ns3:cad>
          </ns3:TrackPointExtension>
        </extensions>
      </trkpt>
      <trkpt lat="29.173176102340221405029296875" lon="82.93832100927829742431640625">
        <ele>3640</ele>
        <time>2026-08-09T04:24:25.000Z</time>
        <extensions>
          <ns3:TrackPointExtension>
            <ns3:hr>116</ns3:hr>
            <ns3:cad>68</ns3:cad>
          </ns3:TrackPointExtension>
        </extensions>
      </trkpt>
      <trkpt lat="29.17319010011851787567138671875" lon="82.9383389465510845184326171875">
        <ele>3640</ele>
        <time>2026-08-09T04:24:27.000Z</time>
        <extensions>
          <ns3:TrackPointExtension>
            <ns3:hr>118</ns3:hr>
            <ns3:cad>67</ns3:cad>
          </ns3:TrackPointExtension>
        </extensions>
      </trkpt>
      <trkpt lat="29.173231087625026702880859375" lon="82.93837943114340305328369140625">
        <ele>3639.60009765625</ele>
        <time>2026-08-09T04:24:33.000Z</time>
        <extensions>
          <ns3:TrackPointExtension>
            <ns3:hr>117</ns3:hr>
            <ns3:cad>0</ns3:cad>
          </ns3:TrackPointExtension>
        </extensions>
      </trkpt>
      <trkpt lat="29.1732379607856273651123046875" lon="82.93838026933372020721435546875">
        <ele>3639.39990234375</ele>
        <time>2026-08-09T04:24:37.000Z</time>
        <extensions>
          <ns3:TrackPointExtension>
            <ns3:hr>120</ns3:hr>
            <ns3:cad>49</ns3:cad>
          </ns3:TrackPointExtension>
        </extensions>
      </trkpt>
      <trkpt lat="29.173235110938549041748046875" lon="82.93838001787662506103515625">
        <ele>3639.60009765625</ele>
        <time>2026-08-09T04:24:39.000Z</time>
        <extensions>
          <ns3:TrackPointExtension>
            <ns3:hr>120</ns3:hr>
            <ns3:cad>49</ns3:cad>
          </ns3:TrackPointExtension>
        </extensions>
      </trkpt>
      <trkpt lat="29.17322949506342411041259765625" lon="82.93841086328029632568359375">
        <ele>3640.199951171875</ele>
        <time>2026-08-09T04:24:44.000Z</time>
        <extensions>
          <ns3:TrackPointExtension>
            <ns3:hr>120</ns3:hr>
            <ns3:cad>0</ns3:cad>
          </ns3:TrackPointExtension>
        </extensions>
      </trkpt>
      <trkpt lat="29.173252545297145843505859375" lon="82.93846542946994304656982421875">
        <ele>3640.199951171875</ele>
        <time>2026-08-09T04:24:50.000Z</time>
        <extensions>
          <ns3:TrackPointExtension>
            <ns3:hr>120</ns3:hr>
            <ns3:cad>0</ns3:cad>
          </ns3:TrackPointExtension>
        </extensions>
      </trkpt>
      <trkpt lat="29.17329386807978153228759765625" lon="82.9385149665176868438720703125">
        <ele>3640</ele>
        <time>2026-08-09T04:24:56.000Z</time>
        <extensions>
          <ns3:TrackPointExtension>
            <ns3:hr>118</ns3:hr>
            <ns3:cad>45</ns3:cad>
          </ns3:TrackPointExtension>
        </extensions>
      </trkpt>
      <trkpt lat="29.17333778925240039825439453125" lon="82.93856970034539699554443359375">
        <ele>3640.39990234375</ele>
        <time>2026-08-09T04:25:02.000Z</time>
        <extensions>
          <ns3:TrackPointExtension>
            <ns3:hr>117</ns3:hr>
            <ns3:cad>45</ns3:cad>
          </ns3:TrackPointExtension>
        </extensions>
      </trkpt>
      <trkpt lat="29.173386655747890472412109375" lon="82.938631139695644378662109375">
        <ele>3639.60009765625</ele>
        <time>2026-08-09T04:25:09.000Z</time>
        <extensions>
          <ns3:TrackPointExtension>
            <ns3:hr>115</ns3:hr>
            <ns3:cad>46</ns3:cad>
          </ns3:TrackPointExtension>
        </extensions>
      </trkpt>
      <trkpt lat="29.173422865569591522216796875" lon="82.9386730492115020751953125">
        <ele>3640.199951171875</ele>
        <time>2026-08-09T04:25:14.000Z</time>
        <extensions>
          <ns3:TrackPointExtension>
            <ns3:hr>112</ns3:hr>
            <ns3:cad>47</ns3:cad>
          </ns3:TrackPointExtension>
        </extensions>
      </trkpt>
      <trkpt lat="29.17343971319496631622314453125" lon="82.93869190849363803863525390625">
        <ele>3640.199951171875</ele>
        <time>2026-08-09T04:25:16.000Z</time>
        <extensions>
          <ns3:TrackPointExtension>
            <ns3:hr>112</ns3:hr>
            <ns3:cad>46</ns3:cad>
          </ns3:TrackPointExtension>
        </extensions>
      </trkpt>
      <trkpt lat="29.17348229326307773590087890625" lon="82.93873180635273456573486328125">
        <ele>3640.199951171875</ele>
        <time>2026-08-09T04:25:21.000Z</time>
        <extensions>
          <ns3:TrackPointExtension>
            <ns3:hr>109</ns3:hr>
            <ns3:cad>47</ns3:cad>
          </ns3:TrackPointExtension>
        </extensions>
      </trkpt>
      <trkpt lat="29.17348899878561496734619140625" lon="82.93874404393136501312255859375">
        <ele>3640.199951171875</ele>
        <time>2026-08-09T04:25:22.000Z</time>
        <extensions>
          <ns3:TrackPointExtension>
            <ns3:hr>109</ns3:hr>
            <ns3:cad>47</ns3:cad>
          </ns3:TrackPointExtension>
        </extensions>
      </trkpt>
      <trkpt lat="29.17353526689112186431884765625" lon="82.93881176970899105072021484375">
        <ele>3640.39990234375</ele>
        <time>2026-08-09T04:25:29.000Z</time>
        <extensions>
          <ns3:TrackPointExtension>
            <ns3:hr>106</ns3:hr>
            <ns3:cad>45</ns3:cad>
          </ns3:TrackPointExtension>
        </extensions>
      </trkpt>
      <trkpt lat="29.1735433973371982574462890625" lon="82.93883071281015872955322265625">
        <ele>3640.60009765625</ele>
        <time>2026-08-09T04:25:31.000Z</time>
        <extensions>
          <ns3:TrackPointExtension>
            <ns3:hr>106</ns3:hr>
            <ns3:cad>44</ns3:cad>
          </ns3:TrackPointExtension>
        </extensions>
      </trkpt>
      <trkpt lat="29.1735527850687503814697265625" lon="82.93885418213903903961181640625">
        <ele>3641.199951171875</ele>
        <time>2026-08-09T04:25:34.000Z</time>
        <extensions>
          <ns3:TrackPointExtension>
            <ns3:hr>109</ns3:hr>
            <ns3:cad>43</ns3:cad>
          </ns3:TrackPointExtension>
        </extensions>
      </trkpt>
      <trkpt lat="29.17355169542133808135986328125" lon="82.9388795793056488037109375">
        <ele>3641.60009765625</ele>
        <time>2026-08-09T04:25:37.000Z</time>
        <extensions>
          <ns3:TrackPointExtension>
            <ns3:hr>112</ns3:hr>
            <ns3:cad>40</ns3:cad>
          </ns3:TrackPointExtension>
        </extensions>
      </trkpt>
      <trkpt lat="29.17355588637292385101318359375" lon="82.938894666731357574462890625">
        <ele>3641.800048828125</ele>
        <time>2026-08-09T04:25:39.000Z</time>
        <extensions>
          <ns3:TrackPointExtension>
            <ns3:hr>113</ns3:hr>
            <ns3:cad>40</ns3:cad>
          </ns3:TrackPointExtension>
        </extensions>
      </trkpt>
      <trkpt lat="29.17356443591415882110595703125" lon="82.93892090208828449249267578125">
        <ele>3642.199951171875</ele>
        <time>2026-08-09T04:25:43.000Z</time>
        <extensions>
          <ns3:TrackPointExtension>
            <ns3:hr>114</ns3:hr>
            <ns3:cad>40</ns3:cad>
          </ns3:TrackPointExtension>
        </extensions>
      </trkpt>
      <trkpt lat="29.17356829158961772918701171875" lon="82.93893749825656414031982421875">
        <ele>3642.800048828125</ele>
        <time>2026-08-09T04:25:46.000Z</time>
        <extensions>
          <ns3:TrackPointExtension>
            <ns3:hr>115</ns3:hr>
            <ns3:cad>79</ns3:cad>
          </ns3:TrackPointExtension>
        </extensions>
      </trkpt>
      <trkpt lat="29.17357332073152065277099609375" lon="82.9389600455760955810546875">
        <ele>3643.39990234375</ele>
        <time>2026-08-09T04:25:49.000Z</time>
        <extensions>
          <ns3:TrackPointExtension>
            <ns3:hr>116</ns3:hr>
            <ns3:cad>78</ns3:cad>
          </ns3:TrackPointExtension>
        </extensions>
      </trkpt>
      <trkpt lat="29.17359360493719577789306640625" lon="82.9390151984989643096923828125">
        <ele>3644.39990234375</ele>
        <time>2026-08-09T04:25:55.000Z</time>
        <extensions>
          <ns3:TrackPointExtension>
            <ns3:hr>115</ns3:hr>
            <ns3:cad>74</ns3:cad>
          </ns3:TrackPointExtension>
        </extensions>
      </trkpt>
      <trkpt lat="29.1736002266407012939453125" lon="82.9390255920588970184326171875">
        <ele>3644.39990234375</ele>
        <time>2026-08-09T04:25:57.000Z</time>
        <extensions>
          <ns3:TrackPointExtension>
            <ns3:hr>115</ns3:hr>
            <ns3:cad>76</ns3:cad>
          </ns3:TrackPointExtension>
        </extensions>
      </trkpt>
      <trkpt lat="29.1736057586967945098876953125" lon="82.93906490318477153778076171875">
        <ele>3645</ele>
        <time>2026-08-09T04:26:02.000Z</time>
        <extensions>
          <ns3:TrackPointExtension>
            <ns3:hr>113</ns3:hr>
            <ns3:cad>72</ns3:cad>
          </ns3:TrackPointExtension>
        </extensions>
      </trkpt>
      <trkpt lat="29.17362009175121784210205078125" lon="82.93909390456974506378173828125">
        <ele>3645.60009765625</ele>
        <time>2026-08-09T04:26:06.000Z</time>
        <extensions>
          <ns3:TrackPointExtension>
            <ns3:hr>113</ns3:hr>
            <ns3:cad>75</ns3:cad>
          </ns3:TrackPointExtension>
        </extensions>
      </trkpt>
      <trkpt lat="29.17363584972918033599853515625" lon="82.9391290247440338134765625">
        <ele>3646</ele>
        <time>2026-08-09T04:26:10.000Z</time>
        <extensions>
          <ns3:TrackPointExtension>
            <ns3:hr>113</ns3:hr>
            <ns3:cad>74</ns3:cad>
          </ns3:TrackPointExtension>
        </extensions>
      </trkpt>
      <trkpt lat="29.1736372746527194976806640625" lon="82.9391773045063018798828125">
        <ele>3646.60009765625</ele>
        <time>2026-08-09T04:26:15.000Z</time>
        <extensions>
          <ns3:TrackPointExtension>
            <ns3:hr>113</ns3:hr>
            <ns3:cad>76</ns3:cad>
          </ns3:TrackPointExtension>
        </extensions>
      </trkpt>
      <trkpt lat="29.173638783395290374755859375" lon="82.93918426148593425750732421875">
        <ele>3646.60009765625</ele>
        <time>2026-08-09T04:26:16.000Z</time>
        <extensions>
          <ns3:TrackPointExtension>
            <ns3:hr>113</ns3:hr>
            <ns3:cad>76</ns3:cad>
          </ns3:TrackPointExtension>
        </extensions>
      </trkpt>
      <trkpt lat="29.173639453947544097900390625" lon="82.9392217285931110382080078125">
        <ele>3646.800048828125</ele>
        <time>2026-08-09T04:26:20.000Z</time>
        <extensions>
          <ns3:TrackPointExtension>
            <ns3:hr>118</ns3:hr>
            <ns3:cad>75</ns3:cad>
          </ns3:TrackPointExtension>
        </extensions>
      </trkpt>
      <trkpt lat="29.17363886721432209014892578125" lon="82.9392314516007900238037109375">
        <ele>3647</ele>
        <time>2026-08-09T04:26:21.000Z</time>
        <extensions>
          <ns3:TrackPointExtension>
            <ns3:hr>125</ns3:hr>
            <ns3:cad>75</ns3:cad>
          </ns3:TrackPointExtension>
        </extensions>
      </trkpt>
      <trkpt lat="29.173642136156558990478515625" lon="82.93923438526690006256103515625">
        <ele>3647</ele>
        <time>2026-08-09T04:26:22.000Z</time>
        <extensions>
          <ns3:TrackPointExtension>
            <ns3:hr>128</ns3:hr>
            <ns3:cad>76</ns3:cad>
          </ns3:TrackPointExtension>
        </extensions>
      </trkpt>
      <trkpt lat="29.17364423163235187530517578125" lon="82.9392492212355136871337890625">
        <ele>3647.39990234375</ele>
        <time>2026-08-09T04:26:24.000Z</time>
        <extensions>
          <ns3:TrackPointExtension>
            <ns3:hr>130</ns3:hr>
            <ns3:cad>76</ns3:cad>
          </ns3:TrackPointExtension>
        </extensions>
      </trkpt>
      <trkpt lat="29.1736449860036373138427734375" lon="82.93925785459578037261962890625">
        <ele>3647.60009765625</ele>
        <time>2026-08-09T04:26:25.000Z</time>
        <extensions>
          <ns3:TrackPointExtension>
            <ns3:hr>130</ns3:hr>
            <ns3:cad>76</ns3:cad>
          </ns3:TrackPointExtension>
        </extensions>
      </trkpt>
      <trkpt lat="29.1736587323248386383056640625" lon="82.9393256641924381256103515625">
        <ele>3647.800048828125</ele>
        <time>2026-08-09T04:26:34.000Z</time>
        <extensions>
          <ns3:TrackPointExtension>
            <ns3:hr>131</ns3:hr>
            <ns3:cad>76</ns3:cad>
          </ns3:TrackPointExtension>
        </extensions>
      </trkpt>
      <trkpt lat="29.173665940761566162109375" lon="82.939351983368396759033203125">
        <ele>3648.800048828125</ele>
        <time>2026-08-09T04:26:37.000Z</time>
        <extensions>
          <ns3:TrackPointExtension>
            <ns3:hr>131</ns3:hr>
            <ns3:cad>78</ns3:cad>
          </ns3:TrackPointExtension>
        </extensions>
      </trkpt>
      <trkpt lat="29.17368060909211635589599609375" lon="82.93938190676271915435791015625">
        <ele>3648.60009765625</ele>
        <time>2026-08-09T04:26:40.000Z</time>
        <extensions>
          <ns3:TrackPointExtension>
            <ns3:hr>130</ns3:hr>
            <ns3:cad>41</ns3:cad>
          </ns3:TrackPointExtension>
        </extensions>
      </trkpt>
      <trkpt lat="29.17370550334453582763671875" lon="82.93942339718341827392578125">
        <ele>3648.60009765625</ele>
        <time>2026-08-09T04:26:46.000Z</time>
        <extensions>
          <ns3:TrackPointExtension>
            <ns3:hr>127</ns3:hr>
            <ns3:cad>41</ns3:cad>
          </ns3:TrackPointExtension>
        </extensions>
      </trkpt>
      <trkpt lat="29.17370860464870929718017578125" lon="82.9394346289336681365966796875">
        <ele>3648.60009765625</ele>
        <time>2026-08-09T04:26:47.000Z</time>
        <extensions>
          <ns3:TrackPointExtension>
            <ns3:hr>127</ns3:hr>
            <ns3:cad>79</ns3:cad>
          </ns3:TrackPointExtension>
        </extensions>
      </trkpt>
      <trkpt lat="29.17371782474219799041748046875" lon="82.9394643008708953857421875">
        <ele>3648.800048828125</ele>
        <time>2026-08-09T04:26:50.000Z</time>
        <extensions>
          <ns3:TrackPointExtension>
            <ns3:hr>124</ns3:hr>
            <ns3:cad>41</ns3:cad>
          </ns3:TrackPointExtension>
        </extensions>
      </trkpt>
      <trkpt lat="29.1737251169979572296142578125" lon="82.93948165141046047210693359375">
        <ele>3649</ele>
        <time>2026-08-09T04:26:52.000Z</time>
        <extensions>
          <ns3:TrackPointExtension>
            <ns3:hr>123</ns3:hr>
            <ns3:cad>41</ns3:cad>
          </ns3:TrackPointExtension>
        </extensions>
      </trkpt>
      <trkpt lat="29.17374229989945888519287109375" lon="82.9395342059433460235595703125">
        <ele>3649</ele>
        <time>2026-08-09T04:26:57.000Z</time>
        <extensions>
          <ns3:TrackPointExtension>
            <ns3:hr>121</ns3:hr>
            <ns3:cad>79</ns3:cad>
          </ns3:TrackPointExtension>
        </extensions>
      </trkpt>
      <trkpt lat="29.17375470511615276336669921875" lon="82.9395945556461811065673828125">
        <ele>3649.800048828125</ele>
        <time>2026-08-09T04:27:03.000Z</time>
        <extensions>
          <ns3:TrackPointExtension>
            <ns3:hr>120</ns3:hr>
            <ns3:cad>40</ns3:cad>
          </ns3:TrackPointExtension>
        </extensions>
      </trkpt>
      <trkpt lat="29.17375856079161167144775390625" lon="82.93960402719676494598388671875">
        <ele>3649.800048828125</ele>
        <time>2026-08-09T04:27:04.000Z</time>
        <extensions>
          <ns3:TrackPointExtension>
            <ns3:hr>120</ns3:hr>
            <ns3:cad>41</ns3:cad>
          </ns3:TrackPointExtension>
        </extensions>
      </trkpt>
      <trkpt lat="29.17377515695989131927490234375" lon="82.9396572522819042205810546875">
        <ele>3650.39990234375</ele>
        <time>2026-08-09T04:27:09.000Z</time>
        <extensions>
          <ns3:TrackPointExtension>
            <ns3:hr>119</ns3:hr>
            <ns3:cad>41</ns3:cad>
          </ns3:TrackPointExtension>
        </extensions>
      </trkpt>
      <trkpt lat="29.1737747378647327423095703125" lon="82.93967694975435733795166015625">
        <ele>3650.60009765625</ele>
        <time>2026-08-09T04:27:11.000Z</time>
        <extensions>
          <ns3:TrackPointExtension>
            <ns3:hr>119</ns3:hr>
            <ns3:cad>40</ns3:cad>
          </ns3:TrackPointExtension>
        </extensions>
      </trkpt>
      <trkpt lat="29.1737770847976207733154296875" lon="82.93971030972898006439208984375">
        <ele>3650.60009765625</ele>
        <time>2026-08-09T04:27:15.000Z</time>
        <extensions>
          <ns3:TrackPointExtension>
            <ns3:hr>118</ns3:hr>
            <ns3:cad>79</ns3:cad>
          </ns3:TrackPointExtension>
        </extensions>
      </trkpt>
      <trkpt lat="29.17376124300062656402587890625" lon="82.93979546986520290374755859375">
        <ele>3650.60009765625</ele>
        <time>2026-08-09T04:27:23.000Z</time>
        <extensions>
          <ns3:TrackPointExtension>
            <ns3:hr>118</ns3:hr>
            <ns3:cad>0</ns3:cad>
          </ns3:TrackPointExtension>
        </extensions>
      </trkpt>
      <trkpt lat="29.17375654913485050201416015625" lon="82.9398456774652004241943359375">
        <ele>3650.800048828125</ele>
        <time>2026-08-09T04:27:28.000Z</time>
        <extensions>
          <ns3:TrackPointExtension>
            <ns3:hr>117</ns3:hr>
            <ns3:cad>0</ns3:cad>
          </ns3:TrackPointExtension>
        </extensions>
      </trkpt>
      <trkpt lat="29.1737531125545501708984375" lon="82.939868979156017303466796875">
        <ele>3650.60009765625</ele>
        <time>2026-08-09T04:27:30.000Z</time>
        <extensions>
          <ns3:TrackPointExtension>
            <ns3:hr>116</ns3:hr>
            <ns3:cad>0</ns3:cad>
          </ns3:TrackPointExtension>
        </extensions>
      </trkpt>
      <trkpt lat="29.1737465746700763702392578125" lon="82.939908206462860107421875">
        <ele>3650.60009765625</ele>
        <time>2026-08-09T04:27:33.000Z</time>
        <extensions>
          <ns3:TrackPointExtension>
            <ns3:hr>113</ns3:hr>
            <ns3:cad>0</ns3:cad>
          </ns3:TrackPointExtension>
        </extensions>
      </trkpt>
      <trkpt lat="29.17374347336590290069580078125" lon="82.93995506130158901214599609375">
        <ele>3650.60009765625</ele>
        <time>2026-08-09T04:27:37.000Z</time>
        <extensions>
          <ns3:TrackPointExtension>
            <ns3:hr>114</ns3:hr>
            <ns3:cad>0</ns3:cad>
          </ns3:TrackPointExtension>
        </extensions>
      </trkpt>
      <trkpt lat="29.173735342919826507568359375" lon="82.94001926667988300323486328125">
        <ele>3650.800048828125</ele>
        <time>2026-08-09T04:27:44.000Z</time>
        <extensions>
          <ns3:TrackPointExtension>
            <ns3:hr>113</ns3:hr>
            <ns3:cad>0</ns3:cad>
          </ns3:TrackPointExtension>
        </extensions>
      </trkpt>
      <trkpt lat="29.173725955188274383544921875" lon="82.9400624334812164306640625">
        <ele>3650.800048828125</ele>
        <time>2026-08-09T04:27:48.000Z</time>
        <extensions>
          <ns3:TrackPointExtension>
            <ns3:hr>113</ns3:hr>
            <ns3:cad>41</ns3:cad>
          </ns3:TrackPointExtension>
        </extensions>
      </trkpt>
      <trkpt lat="29.17372268624603748321533203125" lon="82.9400833882391452789306640625">
        <ele>3651</ele>
        <time>2026-08-09T04:27:50.000Z</time>
        <extensions>
          <ns3:TrackPointExtension>
            <ns3:hr>113</ns3:hr>
            <ns3:cad>41</ns3:cad>
          </ns3:TrackPointExtension>
        </extensions>
      </trkpt>
      <trkpt lat="29.1737157292664051055908203125" lon="82.94008447788655757904052734375">
        <ele>3650.60009765625</ele>
        <time>2026-08-09T04:27:57.000Z</time>
        <extensions>
          <ns3:TrackPointExtension>
            <ns3:hr>112</ns3:hr>
            <ns3:cad>0</ns3:cad>
          </ns3:TrackPointExtension>
        </extensions>
      </trkpt>
      <trkpt lat="29.1737157292664051055908203125" lon="82.94008447788655757904052734375">
        <ele>3650.800048828125</ele>
        <time>2026-08-09T04:28:01.000Z</time>
        <extensions>
          <ns3:TrackPointExtension>
            <ns3:hr>109</ns3:hr>
            <ns3:cad>0</ns3:cad>
          </ns3:TrackPointExtension>
        </extensions>
      </trkpt>
      <trkpt lat="29.1737241111695766448974609375" lon="82.940095625817775726318359375">
        <ele>3651.800048828125</ele>
        <time>2026-08-09T04:28:14.000Z</time>
        <extensions>
          <ns3:TrackPointExtension>
            <ns3:hr>108</ns3:hr>
            <ns3:cad>0</ns3:cad>
          </ns3:TrackPointExtension>
        </extensions>
      </trkpt>
      <trkpt lat="29.17371363379061222076416015625" lon="82.9401474259793758392333984375">
        <ele>3652</ele>
        <time>2026-08-09T04:28:19.000Z</time>
        <extensions>
          <ns3:TrackPointExtension>
            <ns3:hr>109</ns3:hr>
            <ns3:cad>0</ns3:cad>
          </ns3:TrackPointExtension>
        </extensions>
      </trkpt>
      <trkpt lat="29.1737117059528827667236328125" lon="82.9401589930057525634765625">
        <ele>3652</ele>
        <time>2026-08-09T04:28:20.000Z</time>
        <extensions>
          <ns3:TrackPointExtension>
            <ns3:hr>109</ns3:hr>
            <ns3:cad>0</ns3:cad>
          </ns3:TrackPointExtension>
        </extensions>
      </trkpt>
      <trkpt lat="29.173701144754886627197265625" lon="82.94022764079272747039794921875">
        <ele>3652.199951171875</ele>
        <time>2026-08-09T04:28:26.000Z</time>
        <extensions>
          <ns3:TrackPointExtension>
            <ns3:hr>109</ns3:hr>
            <ns3:cad>41</ns3:cad>
          </ns3:TrackPointExtension>
        </extensions>
      </trkpt>
      <trkpt lat="29.1736900806427001953125" lon="82.9403043352067470550537109375">
        <ele>3652.60009765625</ele>
        <time>2026-08-09T04:28:33.000Z</time>
        <extensions>
          <ns3:TrackPointExtension>
            <ns3:hr>110</ns3:hr>
            <ns3:cad>0</ns3:cad>
          </ns3:TrackPointExtension>
        </extensions>
      </trkpt>
      <trkpt lat="29.17368714697659015655517578125" lon="82.940310202538967132568359375">
        <ele>3653</ele>
        <time>2026-08-09T04:28:34.000Z</time>
        <extensions>
          <ns3:TrackPointExtension>
            <ns3:hr>110</ns3:hr>
            <ns3:cad>0</ns3:cad>
          </ns3:TrackPointExtension>
        </extensions>
      </trkpt>
      <trkpt lat="29.17368144728243350982666015625" lon="82.94033090583980083465576171875">
        <ele>3653.199951171875</ele>
        <time>2026-08-09T04:28:36.000Z</time>
        <extensions>
          <ns3:TrackPointExtension>
            <ns3:hr>107</ns3:hr>
            <ns3:cad>0</ns3:cad>
          </ns3:TrackPointExtension>
        </extensions>
      </trkpt>
      <trkpt lat="29.17367398738861083984375" lon="82.94035613536834716796875">
        <ele>3653.39990234375</ele>
        <time>2026-08-09T04:28:39.000Z</time>
        <extensions>
          <ns3:TrackPointExtension>
            <ns3:hr>105</ns3:hr>
            <ns3:cad>0</ns3:cad>
          </ns3:TrackPointExtension>
        </extensions>
      </trkpt>
      <trkpt lat="29.17366661131381988525390625" lon="82.940382622182369232177734375">
        <ele>3654.199951171875</ele>
        <time>2026-08-09T04:28:43.000Z</time>
        <extensions>
          <ns3:TrackPointExtension>
            <ns3:hr>105</ns3:hr>
            <ns3:cad>0</ns3:cad>
          </ns3:TrackPointExtension>
        </extensions>
      </trkpt>
      <trkpt lat="29.1736684553325176239013671875" lon="82.94039041735231876373291015625">
        <ele>3654.39990234375</ele>
        <time>2026-08-09T04:28:44.000Z</time>
        <extensions>
          <ns3:TrackPointExtension>
            <ns3:hr>105</ns3:hr>
            <ns3:cad>0</ns3:cad>
          </ns3:TrackPointExtension>
        </extensions>
      </trkpt>
      <trkpt lat="29.17366418056190013885498046875" lon="82.94040952809154987335205078125">
        <ele>3654.60009765625</ele>
        <time>2026-08-09T04:28:46.000Z</time>
        <extensions>
          <ns3:TrackPointExtension>
            <ns3:hr>108</ns3:hr>
            <ns3:cad>41</ns3:cad>
          </ns3:TrackPointExtension>
        </extensions>
      </trkpt>
      <trkpt lat="29.17365856468677520751953125" lon="82.9404287226498126983642578125">
        <ele>3655</ele>
        <time>2026-08-09T04:28:49.000Z</time>
        <extensions>
          <ns3:TrackPointExtension>
            <ns3:hr>111</ns3:hr>
            <ns3:cad>0</ns3:cad>
          </ns3:TrackPointExtension>
        </extensions>
      </trkpt>
      <trkpt lat="29.17365747503936290740966796875" lon="82.9404354281723499298095703125">
        <ele>3655</ele>
        <time>2026-08-09T04:28:50.000Z</time>
        <extensions>
          <ns3:TrackPointExtension>
            <ns3:hr>109</ns3:hr>
            <ns3:cad>0</ns3:cad>
          </ns3:TrackPointExtension>
        </extensions>
      </trkpt>
      <trkpt lat="29.17365278117358684539794921875" lon="82.9404434747993946075439453125">
        <ele>3655.199951171875</ele>
        <time>2026-08-09T04:28:51.000Z</time>
        <extensions>
          <ns3:TrackPointExtension>
            <ns3:hr>108</ns3:hr>
            <ns3:cad>0</ns3:cad>
          </ns3:TrackPointExtension>
        </extensions>
      </trkpt>
      <trkpt lat="29.17363040149211883544921875" lon="82.9404860548675060272216796875">
        <ele>3656.199951171875</ele>
        <time>2026-08-09T04:28:56.000Z</time>
        <extensions>
          <ns3:TrackPointExtension>
            <ns3:hr>109</ns3:hr>
            <ns3:cad>0</ns3:cad>
          </ns3:TrackPointExtension>
        </extensions>
      </trkpt>
      <trkpt lat="29.17362512089312076568603515625" lon="82.94049820862710475921630859375">
        <ele>3656.199951171875</ele>
        <time>2026-08-09T04:28:57.000Z</time>
        <extensions>
          <ns3:TrackPointExtension>
            <ns3:hr>111</ns3:hr>
            <ns3:cad>0</ns3:cad>
          </ns3:TrackPointExtension>
        </extensions>
      </trkpt>
      <trkpt lat="29.17361774481832981109619140625" lon="82.9405088536441326141357421875">
        <ele>3656.39990234375</ele>
        <time>2026-08-09T04:28:58.000Z</time>
        <extensions>
          <ns3:TrackPointExtension>
            <ns3:hr>116</ns3:hr>
            <ns3:cad>0</ns3:cad>
          </ns3:TrackPointExtension>
        </extensions>
      </trkpt>
      <trkpt lat="29.1735967062413692474365234375" lon="82.9405343346297740936279296875">
        <ele>3656.39990234375</ele>
        <time>2026-08-09T04:29:02.000Z</time>
        <extensions>
          <ns3:TrackPointExtension>
            <ns3:hr>118</ns3:hr>
            <ns3:cad>0</ns3:cad>
          </ns3:TrackPointExtension>
        </extensions>
      </trkpt>
      <trkpt lat="29.17358706705272197723388671875" lon="82.940619997680187225341796875">
        <ele>3656.60009765625</ele>
        <time>2026-08-09T04:29:09.000Z</time>
        <extensions>
          <ns3:TrackPointExtension>
            <ns3:hr>118</ns3:hr>
            <ns3:cad>41</ns3:cad>
          </ns3:TrackPointExtension>
        </extensions>
      </trkpt>
      <trkpt lat="29.1735913418233394622802734375" lon="82.94068814255297183990478515625">
        <ele>3655.800048828125</ele>
        <time>2026-08-09T04:29:16.000Z</time>
        <extensions>
          <ns3:TrackPointExtension>
            <ns3:hr>119</ns3:hr>
            <ns3:cad>0</ns3:cad>
          </ns3:TrackPointExtension>
        </extensions>
      </trkpt>
      <trkpt lat="29.173585809767246246337890625" lon="82.9407207481563091278076171875">
        <ele>3655</ele>
        <time>2026-08-09T04:29:19.000Z</time>
        <extensions>
          <ns3:TrackPointExtension>
            <ns3:hr>119</ns3:hr>
            <ns3:cad>0</ns3:cad>
          </ns3:TrackPointExtension>
        </extensions>
      </trkpt>
      <trkpt lat="29.17356862686574459075927734375" lon="82.94076316058635711669921875">
        <ele>3654</ele>
        <time>2026-08-09T04:29:23.000Z</time>
        <extensions>
          <ns3:TrackPointExtension>
            <ns3:hr>118</ns3:hr>
            <ns3:cad>0</ns3:cad>
          </ns3:TrackPointExtension>
        </extensions>
      </trkpt>
      <trkpt lat="29.17356007732450962066650390625" lon="82.94077279977500438690185546875">
        <ele>3654</ele>
        <time>2026-08-09T04:29:24.000Z</time>
        <extensions>
          <ns3:TrackPointExtension>
            <ns3:hr>117</ns3:hr>
            <ns3:cad>0</ns3:cad>
          </ns3:TrackPointExtension>
        </extensions>
      </trkpt>
      <trkpt lat="29.17354851029813289642333984375" lon="82.94083147309720516204833984375">
        <ele>3653.199951171875</ele>
        <time>2026-08-09T04:29:30.000Z</time>
        <extensions>
          <ns3:TrackPointExtension>
            <ns3:hr>118</ns3:hr>
            <ns3:cad>0</ns3:cad>
          </ns3:TrackPointExtension>
        </extensions>
      </trkpt>
      <trkpt lat="29.17354188859462738037109375" lon="82.94086910784244537353515625">
        <ele>3652.800048828125</ele>
        <time>2026-08-09T04:29:34.000Z</time>
        <extensions>
          <ns3:TrackPointExtension>
            <ns3:hr>118</ns3:hr>
            <ns3:cad>47</ns3:cad>
          </ns3:TrackPointExtension>
        </extensions>
      </trkpt>
      <trkpt lat="29.17354649864137172698974609375" lon="82.94088914059102535247802734375">
        <ele>3652.199951171875</ele>
        <time>2026-08-09T04:29:37.000Z</time>
        <extensions>
          <ns3:TrackPointExtension>
            <ns3:hr>116</ns3:hr>
            <ns3:cad>47</ns3:cad>
          </ns3:TrackPointExtension>
        </extensions>
      </trkpt>
      <trkpt lat="29.17353359051048755645751953125" lon="82.9409175552427768707275390625">
        <ele>3651.60009765625</ele>
        <time>2026-08-09T04:29:40.000Z</time>
        <extensions>
          <ns3:TrackPointExtension>
            <ns3:hr>115</ns3:hr>
            <ns3:cad>0</ns3:cad>
          </ns3:TrackPointExtension>
        </extensions>
      </trkpt>
      <trkpt lat="29.17352202348411083221435546875" lon="82.9409571178257465362548828125">
        <ele>3650.60009765625</ele>
        <time>2026-08-09T04:29:44.000Z</time>
        <extensions>
          <ns3:TrackPointExtension>
            <ns3:hr>114</ns3:hr>
            <ns3:cad>0</ns3:cad>
          </ns3:TrackPointExtension>
        </extensions>
      </trkpt>
      <trkpt lat="29.17350576259195804595947265625" lon="82.94103833846747875213623046875">
        <ele>3649.60009765625</ele>
        <time>2026-08-09T04:29:51.000Z</time>
        <extensions>
          <ns3:TrackPointExtension>
            <ns3:hr>112</ns3:hr>
            <ns3:cad>0</ns3:cad>
          </ns3:TrackPointExtension>
        </extensions>
      </trkpt>
      <trkpt lat="29.17348983697593212127685546875" lon="82.94110036455094814300537109375">
        <ele>3649.800048828125</ele>
        <time>2026-08-09T04:29:56.000Z</time>
        <extensions>
          <ns3:TrackPointExtension>
            <ns3:hr>110</ns3:hr>
            <ns3:cad>48</ns3:cad>
          </ns3:TrackPointExtension>
        </extensions>
      </trkpt>
      <trkpt lat="29.1734716482460498809814453125" lon="82.941163815557956695556640625">
        <ele>3650</ele>
        <time>2026-08-09T04:30:02.000Z</time>
        <extensions>
          <ns3:TrackPointExtension>
            <ns3:hr>109</ns3:hr>
            <ns3:cad>0</ns3:cad>
          </ns3:TrackPointExtension>
        </extensions>
      </trkpt>
      <trkpt lat="29.17345262132585048675537109375" lon="82.9412377439439296722412109375">
        <ele>3649.800048828125</ele>
        <time>2026-08-09T04:30:08.000Z</time>
        <extensions>
          <ns3:TrackPointExtension>
            <ns3:hr>109</ns3:hr>
            <ns3:cad>0</ns3:cad>
          </ns3:TrackPointExtension>
        </extensions>
      </trkpt>
      <trkpt lat="29.17343988083302974700927734375" lon="82.94129826128482818603515625">
        <ele>3649.800048828125</ele>
        <time>2026-08-09T04:30:14.000Z</time>
        <extensions>
          <ns3:TrackPointExtension>
            <ns3:hr>108</ns3:hr>
            <ns3:cad>0</ns3:cad>
          </ns3:TrackPointExtension>
        </extensions>
      </trkpt>
      <trkpt lat="29.1734334267675876617431640625" lon="82.94135483913123607635498046875">
        <ele>3649.39990234375</ele>
        <time>2026-08-09T04:30:18.000Z</time>
        <extensions>
          <ns3:TrackPointExtension>
            <ns3:hr>108</ns3:hr>
            <ns3:cad>0</ns3:cad>
          </ns3:TrackPointExtension>
        </extensions>
      </trkpt>
      <trkpt lat="29.1734176687896251678466796875" lon="82.94137361459434032440185546875">
        <ele>3649.39990234375</ele>
        <time>2026-08-09T04:30:21.000Z</time>
        <extensions>
          <ns3:TrackPointExtension>
            <ns3:hr>107</ns3:hr>
            <ns3:cad>0</ns3:cad>
          </ns3:TrackPointExtension>
        </extensions>
      </trkpt>
      <trkpt lat="29.17341850697994232177734375" lon="82.94138249941170215606689453125">
        <ele>3649.39990234375</ele>
        <time>2026-08-09T04:30:22.000Z</time>
        <extensions>
          <ns3:TrackPointExtension>
            <ns3:hr>107</ns3:hr>
            <ns3:cad>50</ns3:cad>
          </ns3:TrackPointExtension>
        </extensions>
      </trkpt>
      <trkpt lat="29.17338120751082897186279296875" lon="82.94145642779767513275146484375">
        <ele>3649.60009765625</ele>
        <time>2026-08-09T04:30:28.000Z</time>
        <extensions>
          <ns3:TrackPointExtension>
            <ns3:hr>107</ns3:hr>
            <ns3:cad>0</ns3:cad>
          </ns3:TrackPointExtension>
        </extensions>
      </trkpt>
      <trkpt lat="29.17335790582001209259033203125" lon="82.94154561124742031097412109375">
        <ele>3650</ele>
        <time>2026-08-09T04:30:36.000Z</time>
        <extensions>
          <ns3:TrackPointExtension>
            <ns3:hr>107</ns3:hr>
            <ns3:cad>0</ns3:cad>
          </ns3:TrackPointExtension>
        </extensions>
      </trkpt>
      <trkpt lat="29.17333091609179973602294921875" lon="82.94161266647279262542724609375">
        <ele>3649.39990234375</ele>
        <time>2026-08-09T04:30:43.000Z</time>
        <extensions>
          <ns3:TrackPointExtension>
            <ns3:hr>106</ns3:hr>
            <ns3:cad>0</ns3:cad>
          </ns3:TrackPointExtension>
        </extensions>
      </trkpt>
      <trkpt lat="29.173320271074771881103515625" lon="82.941651642322540283203125">
        <ele>3649.60009765625</ele>
        <time>2026-08-09T04:30:50.000Z</time>
        <extensions>
          <ns3:TrackPointExtension>
            <ns3:hr>106</ns3:hr>
            <ns3:cad>0</ns3:cad>
          </ns3:TrackPointExtension>
        </extensions>
      </trkpt>
      <trkpt lat="29.17330560274422168731689453125" lon="82.9416806437075138092041015625">
        <ele>3649</ele>
        <time>2026-08-09T04:31:05.000Z</time>
        <extensions>
          <ns3:TrackPointExtension>
            <ns3:hr>107</ns3:hr>
            <ns3:cad>0</ns3:cad>
          </ns3:TrackPointExtension>
        </extensions>
      </trkpt>
      <trkpt lat="29.17328716255724430084228515625" lon="82.94173202477395534515380859375">
        <ele>3650</ele>
        <time>2026-08-09T04:31:11.000Z</time>
        <extensions>
          <ns3:TrackPointExtension>
            <ns3:hr>105</ns3:hr>
            <ns3:cad>0</ns3:cad>
          </ns3:TrackPointExtension>
        </extensions>
      </trkpt>
      <trkpt lat="29.17327643372118473052978515625" lon="82.94180695898830890655517578125">
        <ele>3650.199951171875</ele>
        <time>2026-08-09T04:31:18.000Z</time>
        <extensions>
          <ns3:TrackPointExtension>
            <ns3:hr>107</ns3:hr>
            <ns3:cad>0</ns3:cad>
          </ns3:TrackPointExtension>
        </extensions>
      </trkpt>
      <trkpt lat="29.17326235212385654449462890625" lon="82.94186688959598541259765625">
        <ele>3650.39990234375</ele>
        <time>2026-08-09T04:31:23.000Z</time>
        <extensions>
          <ns3:TrackPointExtension>
            <ns3:hr>108</ns3:hr>
            <ns3:cad>0</ns3:cad>
          </ns3:TrackPointExtension>
        </extensions>
      </trkpt>
      <trkpt lat="29.17326419614255428314208984375" lon="82.9419357888400554656982421875">
        <ele>3649.39990234375</ele>
        <time>2026-08-09T04:31:28.000Z</time>
        <extensions>
          <ns3:TrackPointExtension>
            <ns3:hr>106</ns3:hr>
            <ns3:cad>0</ns3:cad>
          </ns3:TrackPointExtension>
        </extensions>
      </trkpt>
      <trkpt lat="29.17327727191150188446044921875" lon="82.94199186377227306365966796875">
        <ele>3648.60009765625</ele>
        <time>2026-08-09T04:31:34.000Z</time>
        <extensions>
          <ns3:TrackPointExtension>
            <ns3:hr>106</ns3:hr>
            <ns3:cad>0</ns3:cad>
          </ns3:TrackPointExtension>
        </extensions>
      </trkpt>
      <trkpt lat="29.17327878065407276153564453125" lon="82.942002676427364349365234375">
        <ele>3648.39990234375</ele>
        <time>2026-08-09T04:31:35.000Z</time>
        <extensions>
          <ns3:TrackPointExtension>
            <ns3:hr>105</ns3:hr>
            <ns3:cad>0</ns3:cad>
          </ns3:TrackPointExtension>
        </extensions>
      </trkpt>
      <trkpt lat="29.17327308095991611480712890625" lon="82.942012734711170196533203125">
        <ele>3648.199951171875</ele>
        <time>2026-08-09T04:31:36.000Z</time>
        <extensions>
          <ns3:TrackPointExtension>
            <ns3:hr>105</ns3:hr>
            <ns3:cad>0</ns3:cad>
          </ns3:TrackPointExtension>
        </extensions>
      </trkpt>
      <trkpt lat="29.1732714883983135223388671875" lon="82.9420846514403820037841796875">
        <ele>3647.800048828125</ele>
        <time>2026-08-09T04:31:41.000Z</time>
        <extensions>
          <ns3:TrackPointExtension>
            <ns3:hr>105</ns3:hr>
            <ns3:cad>0</ns3:cad>
          </ns3:TrackPointExtension>
        </extensions>
      </trkpt>
      <trkpt lat="29.1732718236744403839111328125" lon="82.94214139692485332489013671875">
        <ele>3647.39990234375</ele>
        <time>2026-08-09T04:31:45.000Z</time>
        <extensions>
          <ns3:TrackPointExtension>
            <ns3:hr>106</ns3:hr>
            <ns3:cad>0</ns3:cad>
          </ns3:TrackPointExtension>
        </extensions>
      </trkpt>
      <trkpt lat="29.173273332417011260986328125" lon="82.94215522706508636474609375">
        <ele>3647.39990234375</ele>
        <time>2026-08-09T04:31:46.000Z</time>
        <extensions>
          <ns3:TrackPointExtension>
            <ns3:hr>105</ns3:hr>
            <ns3:cad>0</ns3:cad>
          </ns3:TrackPointExtension>
        </extensions>
      </trkpt>
      <trkpt lat="29.17327123694121837615966796875" lon="82.9422475956380367279052734375">
        <ele>3647.199951171875</ele>
        <time>2026-08-09T04:31:53.000Z</time>
        <extensions>
          <ns3:TrackPointExtension>
            <ns3:hr>104</ns3:hr>
            <ns3:cad>0</ns3:cad>
          </ns3:TrackPointExtension>
        </extensions>
      </trkpt>
      <trkpt lat="29.1732627712190151214599609375" lon="82.9423086158931255340576171875">
        <ele>3647.39990234375</ele>
        <time>2026-08-09T04:31:58.000Z</time>
        <extensions>
          <ns3:TrackPointExtension>
            <ns3:hr>103</ns3:hr>
            <ns3:cad>49</ns3:cad>
          </ns3:TrackPointExtension>
        </extensions>
      </trkpt>
      <trkpt lat="29.17325380258262157440185546875" lon="82.942390926182270050048828125">
        <ele>3647</ele>
        <time>2026-08-09T04:32:05.000Z</time>
        <extensions>
          <ns3:TrackPointExtension>
            <ns3:hr>106</ns3:hr>
            <ns3:cad>0</ns3:cad>
          </ns3:TrackPointExtension>
        </extensions>
      </trkpt>
      <trkpt lat="29.17325346730649471282958984375" lon="82.94248270802199840545654296875">
        <ele>3647.199951171875</ele>
        <time>2026-08-09T04:32:12.000Z</time>
        <extensions>
          <ns3:TrackPointExtension>
            <ns3:hr>108</ns3:hr>
            <ns3:cad>0</ns3:cad>
          </ns3:TrackPointExtension>
        </extensions>
      </trkpt>
      <trkpt lat="29.17323368601500988006591796875" lon="82.94255998916923999786376953125">
        <ele>3647.199951171875</ele>
        <time>2026-08-09T04:32:19.000Z</time>
        <extensions>
          <ns3:TrackPointExtension>
            <ns3:hr>108</ns3:hr>
            <ns3:cad>0</ns3:cad>
          </ns3:TrackPointExtension>
        </extensions>
      </trkpt>
      <trkpt lat="29.17322882451117038726806640625" lon="82.94262452982366085052490234375">
        <ele>3647.800048828125</ele>
        <time>2026-08-09T04:32:24.000Z</time>
        <extensions>
          <ns3:TrackPointExtension>
            <ns3:hr>108</ns3:hr>
            <ns3:cad>0</ns3:cad>
          </ns3:TrackPointExtension>
        </extensions>
      </trkpt>
      <trkpt lat="29.17322882451117038726806640625" lon="82.94263760559260845184326171875">
        <ele>3647.800048828125</ele>
        <time>2026-08-09T04:32:25.000Z</time>
        <extensions>
          <ns3:TrackPointExtension>
            <ns3:hr>108</ns3:hr>
            <ns3:cad>0</ns3:cad>
          </ns3:TrackPointExtension>
        </extensions>
      </trkpt>
      <trkpt lat="29.17322748340666294097900390625" lon="82.94270818121731281280517578125">
        <ele>3647</ele>
        <time>2026-08-09T04:32:31.000Z</time>
        <extensions>
          <ns3:TrackPointExtension>
            <ns3:hr>108</ns3:hr>
            <ns3:cad>0</ns3:cad>
          </ns3:TrackPointExtension>
        </extensions>
      </trkpt>
      <trkpt lat="29.17322949506342411041259765625" lon="82.94275210238993167877197265625">
        <ele>3646.39990234375</ele>
        <time>2026-08-09T04:32:35.000Z</time>
        <extensions>
          <ns3:TrackPointExtension>
            <ns3:hr>108</ns3:hr>
            <ns3:cad>0</ns3:cad>
          </ns3:TrackPointExtension>
        </extensions>
      </trkpt>
      <trkpt lat="29.17323770932853221893310546875" lon="82.942814044654369354248046875">
        <ele>3646</ele>
        <time>2026-08-09T04:32:40.000Z</time>
        <extensions>
          <ns3:TrackPointExtension>
            <ns3:hr>108</ns3:hr>
            <ns3:cad>0</ns3:cad>
          </ns3:TrackPointExtension>
        </extensions>
      </trkpt>
      <trkpt lat="29.173244498670101165771484375" lon="82.9429017193615436553955078125">
        <ele>3645.60009765625</ele>
        <time>2026-08-09T04:32:47.000Z</time>
        <extensions>
          <ns3:TrackPointExtension>
            <ns3:hr>109</ns3:hr>
            <ns3:cad>0</ns3:cad>
          </ns3:TrackPointExtension>
        </extensions>
      </trkpt>
      <trkpt lat="29.1732423193752765655517578125" lon="82.9429174773395061492919921875">
        <ele>3645.39990234375</ele>
        <time>2026-08-09T04:32:48.000Z</time>
        <extensions>
          <ns3:TrackPointExtension>
            <ns3:hr>109</ns3:hr>
            <ns3:cad>0</ns3:cad>
          </ns3:TrackPointExtension>
        </extensions>
      </trkpt>
      <trkpt lat="29.17323343455791473388671875" lon="82.94300188310444355010986328125">
        <ele>3644.39990234375</ele>
        <time>2026-08-09T04:32:54.000Z</time>
        <extensions>
          <ns3:TrackPointExtension>
            <ns3:hr>109</ns3:hr>
            <ns3:cad>41</ns3:cad>
          </ns3:TrackPointExtension>
        </extensions>
      </trkpt>
      <trkpt lat="29.17322530411183834075927734375" lon="82.94308084063231945037841796875">
        <ele>3645</ele>
        <time>2026-08-09T04:33:00.000Z</time>
        <extensions>
          <ns3:TrackPointExtension>
            <ns3:hr>108</ns3:hr>
            <ns3:cad>53</ns3:cad>
          </ns3:TrackPointExtension>
        </extensions>
      </trkpt>
      <trkpt lat="29.17319127358496189117431640625" lon="82.943182848393917083740234375">
        <ele>3645.800048828125</ele>
        <time>2026-08-09T04:33:08.000Z</time>
        <extensions>
          <ns3:TrackPointExtension>
            <ns3:hr>106</ns3:hr>
            <ns3:cad>49</ns3:cad>
          </ns3:TrackPointExtension>
        </extensions>
      </trkpt>
      <trkpt lat="29.173183478415012359619140625" lon="82.94325417838990688323974609375">
        <ele>3646</ele>
        <time>2026-08-09T04:33:14.000Z</time>
        <extensions>
          <ns3:TrackPointExtension>
            <ns3:hr>107</ns3:hr>
            <ns3:cad>47</ns3:cad>
          </ns3:TrackPointExtension>
        </extensions>
      </trkpt>
      <trkpt lat="29.1731789521872997283935546875" lon="82.943276055157184600830078125">
        <ele>3646.39990234375</ele>
        <time>2026-08-09T04:33:16.000Z</time>
        <extensions>
          <ns3:TrackPointExtension>
            <ns3:hr>108</ns3:hr>
            <ns3:cad>47</ns3:cad>
          </ns3:TrackPointExtension>
        </extensions>
      </trkpt>
      <trkpt lat="29.1731796227395534515380859375" lon="82.9433079063892364501953125">
        <ele>3646.800048828125</ele>
        <time>2026-08-09T04:33:19.000Z</time>
        <extensions>
          <ns3:TrackPointExtension>
            <ns3:hr>110</ns3:hr>
            <ns3:cad>0</ns3:cad>
          </ns3:TrackPointExtension>
        </extensions>
      </trkpt>
      <trkpt lat="29.1731950454413890838623046875" lon="82.94337202794849872589111328125">
        <ele>3646.60009765625</ele>
        <time>2026-08-09T04:33:24.000Z</time>
        <extensions>
          <ns3:TrackPointExtension>
            <ns3:hr>113</ns3:hr>
            <ns3:cad>0</ns3:cad>
          </ns3:TrackPointExtension>
        </extensions>
      </trkpt>
      <trkpt lat="29.17319479398429393768310546875" lon="82.94338108040392398834228515625">
        <ele>3646.60009765625</ele>
        <time>2026-08-09T04:33:25.000Z</time>
        <extensions>
          <ns3:TrackPointExtension>
            <ns3:hr>114</ns3:hr>
            <ns3:cad>0</ns3:cad>
          </ns3:TrackPointExtension>
        </extensions>
      </trkpt>
      <trkpt lat="29.17321600019931793212890625" lon="82.943451739847660064697265625">
        <ele>3645.800048828125</ele>
        <time>2026-08-09T04:33:31.000Z</time>
        <extensions>
          <ns3:TrackPointExtension>
            <ns3:hr>116</ns3:hr>
            <ns3:cad>0</ns3:cad>
          </ns3:TrackPointExtension>
        </extensions>
      </trkpt>
      <trkpt lat="29.17324508540332317352294921875" lon="82.9435357265174388885498046875">
        <ele>3645.39990234375</ele>
        <time>2026-08-09T04:33:38.000Z</time>
        <extensions>
          <ns3:TrackPointExtension>
            <ns3:hr>116</ns3:hr>
            <ns3:cad>47</ns3:cad>
          </ns3:TrackPointExtension>
        </extensions>
      </trkpt>
      <trkpt lat="29.173248521983623504638671875" lon="82.94354855082929134368896484375">
        <ele>3645.39990234375</ele>
        <time>2026-08-09T04:33:39.000Z</time>
        <extensions>
          <ns3:TrackPointExtension>
            <ns3:hr>116</ns3:hr>
            <ns3:cad>51</ns3:cad>
          </ns3:TrackPointExtension>
        </extensions>
      </trkpt>
      <trkpt lat="29.1732530482113361358642578125" lon="82.94359079562127590179443359375">
        <ele>3645.199951171875</ele>
        <time>2026-08-09T04:33:42.000Z</time>
        <extensions>
          <ns3:TrackPointExtension>
            <ns3:hr>113</ns3:hr>
            <ns3:cad>51</ns3:cad>
          </ns3:TrackPointExtension>
        </extensions>
      </trkpt>
      <trkpt lat="29.17325380258262157440185546875" lon="82.9436083137989044189453125">
        <ele>3645.39990234375</ele>
        <time>2026-08-09T04:33:44.000Z</time>
        <extensions>
          <ns3:TrackPointExtension>
            <ns3:hr>112</ns3:hr>
            <ns3:cad>0</ns3:cad>
          </ns3:TrackPointExtension>
        </extensions>
      </trkpt>
      <trkpt lat="29.17326101101934909820556640625" lon="82.943677715957164764404296875">
        <ele>3645</ele>
        <time>2026-08-09T04:33:49.000Z</time>
        <extensions>
          <ns3:TrackPointExtension>
            <ns3:hr>110</ns3:hr>
            <ns3:cad>0</ns3:cad>
          </ns3:TrackPointExtension>
        </extensions>
      </trkpt>
      <trkpt lat="29.17326922528445720672607421875" lon="82.9437472857534885406494140625">
        <ele>3645.199951171875</ele>
        <time>2026-08-09T04:33:55.000Z</time>
        <extensions>
          <ns3:TrackPointExtension>
            <ns3:hr>109</ns3:hr>
            <ns3:cad>0</ns3:cad>
          </ns3:TrackPointExtension>
        </extensions>
      </trkpt>
      <trkpt lat="29.17328012175858020782470703125" lon="82.9438327811658382415771484375">
        <ele>3645.39990234375</ele>
        <time>2026-08-09T04:34:03.000Z</time>
        <extensions>
          <ns3:TrackPointExtension>
            <ns3:hr>109</ns3:hr>
            <ns3:cad>46</ns3:cad>
          </ns3:TrackPointExtension>
        </extensions>
      </trkpt>
      <trkpt lat="29.17330375872552394866943359375" lon="82.9439140856266021728515625">
        <ele>3644.39990234375</ele>
        <time>2026-08-09T04:34:10.000Z</time>
        <extensions>
          <ns3:TrackPointExtension>
            <ns3:hr>109</ns3:hr>
            <ns3:cad>0</ns3:cad>
          </ns3:TrackPointExtension>
        </extensions>
      </trkpt>
      <trkpt lat="29.173312224447727203369140625" lon="82.9439900256693363189697265625">
        <ele>3644.60009765625</ele>
        <time>2026-08-09T04:34:16.000Z</time>
        <extensions>
          <ns3:TrackPointExtension>
            <ns3:hr>109</ns3:hr>
            <ns3:cad>0</ns3:cad>
          </ns3:TrackPointExtension>
        </extensions>
      </trkpt>
      <trkpt lat="29.173334352672100067138671875" lon="82.944082729518413543701171875">
        <ele>3644.39990234375</ele>
        <time>2026-08-09T04:34:23.000Z</time>
        <extensions>
          <ns3:TrackPointExtension>
            <ns3:hr>107</ns3:hr>
            <ns3:cad>0</ns3:cad>
          </ns3:TrackPointExtension>
        </extensions>
      </trkpt>
      <trkpt lat="29.17336410842835903167724609375" lon="82.944146096706390380859375">
        <ele>3644.199951171875</ele>
        <time>2026-08-09T04:34:29.000Z</time>
        <extensions>
          <ns3:TrackPointExtension>
            <ns3:hr>107</ns3:hr>
            <ns3:cad>0</ns3:cad>
          </ns3:TrackPointExtension>
        </extensions>
      </trkpt>
      <trkpt lat="29.1733653657138347625732421875" lon="82.9441559873521327972412109375">
        <ele>3644</ele>
        <time>2026-08-09T04:34:30.000Z</time>
        <extensions>
          <ns3:TrackPointExtension>
            <ns3:hr>107</ns3:hr>
            <ns3:cad>0</ns3:cad>
          </ns3:TrackPointExtension>
        </extensions>
      </trkpt>
      <trkpt lat="29.17338690720498561859130859375" lon="82.944228239357471466064453125">
        <ele>3643.800048828125</ele>
        <time>2026-08-09T04:34:37.000Z</time>
        <extensions>
          <ns3:TrackPointExtension>
            <ns3:hr>107</ns3:hr>
            <ns3:cad>0</ns3:cad>
          </ns3:TrackPointExtension>
        </extensions>
      </trkpt>
      <trkpt lat="29.173426888883113861083984375" lon="82.9443098790943622589111328125">
        <ele>3643.199951171875</ele>
        <time>2026-08-09T04:34:45.000Z</time>
        <extensions>
          <ns3:TrackPointExtension>
            <ns3:hr>107</ns3:hr>
            <ns3:cad>0</ns3:cad>
          </ns3:TrackPointExtension>
        </extensions>
      </trkpt>
      <trkpt lat="29.1734498552978038787841796875" lon="82.94438003562390804290771484375">
        <ele>3643.199951171875</ele>
        <time>2026-08-09T04:34:51.000Z</time>
        <extensions>
          <ns3:TrackPointExtension>
            <ns3:hr>106</ns3:hr>
            <ns3:cad>0</ns3:cad>
          </ns3:TrackPointExtension>
        </extensions>
      </trkpt>
      <trkpt lat="29.1734540462493896484375" lon="82.94439353048801422119140625">
        <ele>3643</ele>
        <time>2026-08-09T04:34:52.000Z</time>
        <extensions>
          <ns3:TrackPointExtension>
            <ns3:hr>106</ns3:hr>
            <ns3:cad>0</ns3:cad>
          </ns3:TrackPointExtension>
        </extensions>
      </trkpt>
      <trkpt lat="29.17348564602434635162353515625" lon="82.94447927735745906829833984375">
        <ele>3643.199951171875</ele>
        <time>2026-08-09T04:34:59.000Z</time>
        <extensions>
          <ns3:TrackPointExtension>
            <ns3:hr>106</ns3:hr>
            <ns3:cad>0</ns3:cad>
          </ns3:TrackPointExtension>
        </extensions>
      </trkpt>
      <trkpt lat="29.173512049019336700439453125" lon="82.94454029761254787445068359375">
        <ele>3643.199951171875</ele>
        <time>2026-08-09T04:35:05.000Z</time>
        <extensions>
          <ns3:TrackPointExtension>
            <ns3:hr>107</ns3:hr>
            <ns3:cad>0</ns3:cad>
          </ns3:TrackPointExtension>
        </extensions>
      </trkpt>
      <trkpt lat="29.17354180477559566497802734375" lon="82.944591678678989410400390625">
        <ele>3642.199951171875</ele>
        <time>2026-08-09T04:35:10.000Z</time>
        <extensions>
          <ns3:TrackPointExtension>
            <ns3:hr>107</ns3:hr>
            <ns3:cad>0</ns3:cad>
          </ns3:TrackPointExtension>
        </extensions>
      </trkpt>
      <trkpt lat="29.173593185842037200927734375" lon="82.94464431703090667724609375">
        <ele>3642</ele>
        <time>2026-08-09T04:35:17.000Z</time>
        <extensions>
          <ns3:TrackPointExtension>
            <ns3:hr>108</ns3:hr>
            <ns3:cad>0</ns3:cad>
          </ns3:TrackPointExtension>
        </extensions>
      </trkpt>
      <trkpt lat="29.1736017353832721710205078125" lon="82.9446461610496044158935546875">
        <ele>3642</ele>
        <time>2026-08-09T04:35:18.000Z</time>
        <extensions>
          <ns3:TrackPointExtension>
            <ns3:hr>108</ns3:hr>
            <ns3:cad>0</ns3:cad>
          </ns3:TrackPointExtension>
        </extensions>
      </trkpt>
      <trkpt lat="29.173601903021335601806640625" lon="82.9446622543036937713623046875">
        <ele>3641.800048828125</ele>
        <time>2026-08-09T04:35:20.000Z</time>
        <extensions>
          <ns3:TrackPointExtension>
            <ns3:hr>107</ns3:hr>
            <ns3:cad>48</ns3:cad>
          </ns3:TrackPointExtension>
        </extensions>
      </trkpt>
      <trkpt lat="29.17359863407909870147705078125" lon="82.94466401450335979461669921875">
        <ele>3641.60009765625</ele>
        <time>2026-08-09T04:35:22.000Z</time>
        <extensions>
          <ns3:TrackPointExtension>
            <ns3:hr>106</ns3:hr>
            <ns3:cad>0</ns3:cad>
          </ns3:TrackPointExtension>
        </extensions>
      </trkpt>
      <trkpt lat="29.17363836430013179779052734375" lon="82.94468295760452747344970703125">
        <ele>3641</ele>
        <time>2026-08-09T04:35:27.000Z</time>
        <extensions>
          <ns3:TrackPointExtension>
            <ns3:hr>106</ns3:hr>
            <ns3:cad>0</ns3:cad>
          </ns3:TrackPointExtension>
        </extensions>
      </trkpt>
      <trkpt lat="29.1736473329365253448486328125" lon="82.94469184242188930511474609375">
        <ele>3640.800048828125</ele>
        <time>2026-08-09T04:35:28.000Z</time>
        <extensions>
          <ns3:TrackPointExtension>
            <ns3:hr>106</ns3:hr>
            <ns3:cad>0</ns3:cad>
          </ns3:TrackPointExtension>
        </extensions>
      </trkpt>
      <trkpt lat="29.1736879013478755950927734375" lon="82.94472520239651203155517578125">
        <ele>3640.199951171875</ele>
        <time>2026-08-09T04:35:33.000Z</time>
        <extensions>
          <ns3:TrackPointExtension>
            <ns3:hr>107</ns3:hr>
            <ns3:cad>0</ns3:cad>
          </ns3:TrackPointExtension>
        </extensions>
      </trkpt>
      <trkpt lat="29.1737338341772556304931640625" lon="82.94474062509834766387939453125">
        <ele>3640.800048828125</ele>
        <time>2026-08-09T04:35:38.000Z</time>
        <extensions>
          <ns3:TrackPointExtension>
            <ns3:hr>108</ns3:hr>
            <ns3:cad>0</ns3:cad>
          </ns3:TrackPointExtension>
        </extensions>
      </trkpt>
      <trkpt lat="29.17379963211715221405029296875" lon="82.94475487433373928070068359375">
        <ele>3641.39990234375</ele>
        <time>2026-08-09T04:35:45.000Z</time>
        <extensions>
          <ns3:TrackPointExtension>
            <ns3:hr>106</ns3:hr>
            <ns3:cad>0</ns3:cad>
          </ns3:TrackPointExtension>
        </extensions>
      </trkpt>
      <trkpt lat="29.1738699562847614288330078125" lon="82.9447866417467594146728515625">
        <ele>3641.800048828125</ele>
        <time>2026-08-09T04:35:52.000Z</time>
        <extensions>
          <ns3:TrackPointExtension>
            <ns3:hr>107</ns3:hr>
            <ns3:cad>46</ns3:cad>
          </ns3:TrackPointExtension>
        </extensions>
      </trkpt>
      <trkpt lat="29.17389468289911746978759765625" lon="82.9448067583143711090087890625">
        <ele>3642</ele>
        <time>2026-08-09T04:35:56.000Z</time>
        <extensions>
          <ns3:TrackPointExtension>
            <ns3:hr>107</ns3:hr>
            <ns3:cad>45</ns3:cad>
          </ns3:TrackPointExtension>
        </extensions>
      </trkpt>
      <trkpt lat="29.173907339572906494140625" lon="82.9448121227324008941650390625">
        <ele>3642.39990234375</ele>
        <time>2026-08-09T04:35:59.000Z</time>
        <extensions>
          <ns3:TrackPointExtension>
            <ns3:hr>108</ns3:hr>
            <ns3:cad>0</ns3:cad>
          </ns3:TrackPointExtension>
        </extensions>
      </trkpt>
      <trkpt lat="29.17390993796288967132568359375" lon="82.9448168165981769561767578125">
        <ele>3643.199951171875</ele>
        <time>2026-08-09T04:36:01.000Z</time>
        <extensions>
          <ns3:TrackPointExtension>
            <ns3:hr>109</ns3:hr>
            <ns3:cad>0</ns3:cad>
          </ns3:TrackPointExtension>
        </extensions>
      </trkpt>
      <trkpt lat="29.1739261150360107421875" lon="82.9448367655277252197265625">
        <ele>3644</ele>
        <time>2026-08-09T04:36:05.000Z</time>
        <extensions>
          <ns3:TrackPointExtension>
            <ns3:hr>112</ns3:hr>
            <ns3:cad>0</ns3:cad>
          </ns3:TrackPointExtension>
        </extensions>
      </trkpt>
      <trkpt lat="29.17393089272081851959228515625" lon="82.944837771356105804443359375">
        <ele>3644.199951171875</ele>
        <time>2026-08-09T04:36:06.000Z</time>
        <extensions>
          <ns3:TrackPointExtension>
            <ns3:hr>113</ns3:hr>
            <ns3:cad>0</ns3:cad>
          </ns3:TrackPointExtension>
        </extensions>
      </trkpt>
      <trkpt lat="29.1739623248577117919921875" lon="82.94483073055744171142578125">
        <ele>3644.800048828125</ele>
        <time>2026-08-09T04:36:11.000Z</time>
        <extensions>
          <ns3:TrackPointExtension>
            <ns3:hr>116</ns3:hr>
            <ns3:cad>0</ns3:cad>
          </ns3:TrackPointExtension>
        </extensions>
      </trkpt>
      <trkpt lat="29.17396944947540760040283203125" lon="82.94482746161520481109619140625">
        <ele>3645</ele>
        <time>2026-08-09T04:36:12.000Z</time>
        <extensions>
          <ns3:TrackPointExtension>
            <ns3:hr>117</ns3:hr>
            <ns3:cad>0</ns3:cad>
          </ns3:TrackPointExtension>
        </extensions>
      </trkpt>
      <trkpt lat="29.17398017831146717071533203125" lon="82.9448238573968410491943359375">
        <ele>3645.199951171875</ele>
        <time>2026-08-09T04:36:13.000Z</time>
        <extensions>
          <ns3:TrackPointExtension>
            <ns3:hr>117</ns3:hr>
            <ns3:cad>0</ns3:cad>
          </ns3:TrackPointExtension>
        </extensions>
      </trkpt>
      <trkpt lat="29.17401806451380252838134765625" lon="82.94481807388365268707275390625">
        <ele>3645.60009765625</ele>
        <time>2026-08-09T04:36:17.000Z</time>
        <extensions>
          <ns3:TrackPointExtension>
            <ns3:hr>119</ns3:hr>
            <ns3:cad>0</ns3:cad>
          </ns3:TrackPointExtension>
        </extensions>
      </trkpt>
      <trkpt lat="29.174055866897106170654296875" lon="82.944819666445255279541015625">
        <ele>3646</ele>
        <time>2026-08-09T04:36:21.000Z</time>
        <extensions>
          <ns3:TrackPointExtension>
            <ns3:hr>122</ns3:hr>
            <ns3:cad>0</ns3:cad>
          </ns3:TrackPointExtension>
        </extensions>
      </trkpt>
      <trkpt lat="29.17407120577991008758544921875" lon="82.94482176192104816436767578125">
        <ele>3646.39990234375</ele>
        <time>2026-08-09T04:36:23.000Z</time>
        <extensions>
          <ns3:TrackPointExtension>
            <ns3:hr>124</ns3:hr>
            <ns3:cad>0</ns3:cad>
          </ns3:TrackPointExtension>
        </extensions>
      </trkpt>
      <trkpt lat="29.1741086728870868682861328125" lon="82.9448044113814830780029296875">
        <ele>3647</ele>
        <time>2026-08-09T04:36:28.000Z</time>
        <extensions>
          <ns3:TrackPointExtension>
            <ns3:hr>126</ns3:hr>
            <ns3:cad>0</ns3:cad>
          </ns3:TrackPointExtension>
        </extensions>
      </trkpt>
      <trkpt lat="29.1741259396076202392578125" lon="82.9447967000305652618408203125">
        <ele>3647.39990234375</ele>
        <time>2026-08-09T04:36:30.000Z</time>
        <extensions>
          <ns3:TrackPointExtension>
            <ns3:hr>126</ns3:hr>
            <ns3:cad>0</ns3:cad>
          </ns3:TrackPointExtension>
        </extensions>
      </trkpt>
      <trkpt lat="29.17415251024067401885986328125" lon="82.944790162146091461181640625">
        <ele>3648</ele>
        <time>2026-08-09T04:36:34.000Z</time>
        <extensions>
          <ns3:TrackPointExtension>
            <ns3:hr>127</ns3:hr>
            <ns3:cad>40</ns3:cad>
          </ns3:TrackPointExtension>
        </extensions>
      </trkpt>
      <trkpt lat="29.17418067343533039093017578125" lon="82.94478002004325389862060546875">
        <ele>3648.60009765625</ele>
        <time>2026-08-09T04:36:38.000Z</time>
        <extensions>
          <ns3:TrackPointExtension>
            <ns3:hr>127</ns3:hr>
            <ns3:cad>0</ns3:cad>
          </ns3:TrackPointExtension>
        </extensions>
      </trkpt>
      <trkpt lat="29.17418519966304302215576171875" lon="82.944777421653270721435546875">
        <ele>3649</ele>
        <time>2026-08-09T04:36:40.000Z</time>
        <extensions>
          <ns3:TrackPointExtension>
            <ns3:hr>128</ns3:hr>
            <ns3:cad>0</ns3:cad>
          </ns3:TrackPointExtension>
        </extensions>
      </trkpt>
      <trkpt lat="29.174208082258701324462890625" lon="82.94476778246462345123291015625">
        <ele>3649.39990234375</ele>
        <time>2026-08-09T04:36:44.000Z</time>
        <extensions>
          <ns3:TrackPointExtension>
            <ns3:hr>129</ns3:hr>
            <ns3:cad>0</ns3:cad>
          </ns3:TrackPointExtension>
        </extensions>
      </trkpt>
      <trkpt lat="29.1742223314940929412841796875" lon="82.94476241804659366607666015625">
        <ele>3649.800048828125</ele>
        <time>2026-08-09T04:36:46.000Z</time>
        <extensions>
          <ns3:TrackPointExtension>
            <ns3:hr>129</ns3:hr>
            <ns3:cad>0</ns3:cad>
          </ns3:TrackPointExtension>
        </extensions>
      </trkpt>
      <trkpt lat="29.17425409890711307525634765625" lon="82.944753281772136688232421875">
        <ele>3650.39990234375</ele>
        <time>2026-08-09T04:36:51.000Z</time>
        <extensions>
          <ns3:TrackPointExtension>
            <ns3:hr>126</ns3:hr>
            <ns3:cad>0</ns3:cad>
          </ns3:TrackPointExtension>
        </extensions>
      </trkpt>
      <trkpt lat="29.17426063679158687591552734375" lon="82.9447514377534389495849609375">
        <ele>3650.800048828125</ele>
        <time>2026-08-09T04:36:53.000Z</time>
        <extensions>
          <ns3:TrackPointExtension>
            <ns3:hr>126</ns3:hr>
            <ns3:cad>0</ns3:cad>
          </ns3:TrackPointExtension>
        </extensions>
      </trkpt>
      <trkpt lat="29.1742820106446743011474609375" lon="82.94472117908298969268798828125">
        <ele>3652</ele>
        <time>2026-08-09T04:36:57.000Z</time>
        <extensions>
          <ns3:TrackPointExtension>
            <ns3:hr>128</ns3:hr>
            <ns3:cad>0</ns3:cad>
          </ns3:TrackPointExtension>
        </extensions>
      </trkpt>
      <trkpt lat="29.1742947511374950408935546875" lon="82.944711036980152130126953125">
        <ele>3652.39990234375</ele>
        <time>2026-08-09T04:36:59.000Z</time>
        <extensions>
          <ns3:TrackPointExtension>
            <ns3:hr>131</ns3:hr>
            <ns3:cad>0</ns3:cad>
          </ns3:TrackPointExtension>
        </extensions>
      </trkpt>
      <trkpt lat="29.17432375252246856689453125" lon="82.94469921849668025970458984375">
        <ele>3652.39990234375</ele>
        <time>2026-08-09T04:37:03.000Z</time>
        <extensions>
          <ns3:TrackPointExtension>
            <ns3:hr>133</ns3:hr>
            <ns3:cad>0</ns3:cad>
          </ns3:TrackPointExtension>
        </extensions>
      </trkpt>
      <trkpt lat="29.17436130344867706298828125" lon="82.94467926956713199615478515625">
        <ele>3652.800048828125</ele>
        <time>2026-08-09T04:37:08.000Z</time>
        <extensions>
          <ns3:TrackPointExtension>
            <ns3:hr>132</ns3:hr>
            <ns3:cad>0</ns3:cad>
          </ns3:TrackPointExtension>
        </extensions>
      </trkpt>
      <trkpt lat="29.17436541058123111724853515625" lon="82.9446753300726413726806640625">
        <ele>3653</ele>
        <time>2026-08-09T04:37:09.000Z</time>
        <extensions>
          <ns3:TrackPointExtension>
            <ns3:hr>132</ns3:hr>
            <ns3:cad>0</ns3:cad>
          </ns3:TrackPointExtension>
        </extensions>
      </trkpt>
      <trkpt lat="29.1743762232363224029541015625" lon="82.94465965591371059417724609375">
        <ele>3653.800048828125</ele>
        <time>2026-08-09T04:37:13.000Z</time>
        <extensions>
          <ns3:TrackPointExtension>
            <ns3:hr>131</ns3:hr>
            <ns3:cad>0</ns3:cad>
          </ns3:TrackPointExtension>
        </extensions>
      </trkpt>
      <trkpt lat="29.1743983514606952667236328125" lon="82.9446428082883358001708984375">
        <ele>3654</ele>
        <time>2026-08-09T04:37:16.000Z</time>
        <extensions>
          <ns3:TrackPointExtension>
            <ns3:hr>131</ns3:hr>
            <ns3:cad>0</ns3:cad>
          </ns3:TrackPointExtension>
        </extensions>
      </trkpt>
      <trkpt lat="29.17441788129508495330810546875" lon="82.944615818560123443603515625">
        <ele>3653.800048828125</ele>
        <time>2026-08-09T04:37:20.000Z</time>
        <extensions>
          <ns3:TrackPointExtension>
            <ns3:hr>130</ns3:hr>
            <ns3:cad>0</ns3:cad>
          </ns3:TrackPointExtension>
        </extensions>
      </trkpt>
      <trkpt lat="29.174463562667369842529296875" lon="82.9445854760706424713134765625">
        <ele>3654.800048828125</ele>
        <time>2026-08-09T04:37:26.000Z</time>
        <extensions>
          <ns3:TrackPointExtension>
            <ns3:hr>130</ns3:hr>
            <ns3:cad>0</ns3:cad>
          </ns3:TrackPointExtension>
        </extensions>
      </trkpt>
      <trkpt lat="29.17447554878890514373779296875" lon="82.9445683769881725311279296875">
        <ele>3655.199951171875</ele>
        <time>2026-08-09T04:37:28.000Z</time>
        <extensions>
          <ns3:TrackPointExtension>
            <ns3:hr>131</ns3:hr>
            <ns3:cad>0</ns3:cad>
          </ns3:TrackPointExtension>
        </extensions>
      </trkpt>
      <trkpt lat="29.17450102977454662322998046875" lon="82.94453711248934268951416015625">
        <ele>3655.199951171875</ele>
        <time>2026-08-09T04:37:32.000Z</time>
        <extensions>
          <ns3:TrackPointExtension>
            <ns3:hr>130</ns3:hr>
            <ns3:cad>0</ns3:cad>
          </ns3:TrackPointExtension>
        </extensions>
      </trkpt>
      <trkpt lat="29.174532629549503326416015625" lon="82.94450241141021251678466796875">
        <ele>3656.199951171875</ele>
        <time>2026-08-09T04:37:39.000Z</time>
        <extensions>
          <ns3:TrackPointExtension>
            <ns3:hr>130</ns3:hr>
            <ns3:cad>0</ns3:cad>
          </ns3:TrackPointExtension>
        </extensions>
      </trkpt>
      <trkpt lat="29.17455400340259075164794921875" lon="82.944478690624237060546875">
        <ele>3657</ele>
        <time>2026-08-09T04:37:44.000Z</time>
        <extensions>
          <ns3:TrackPointExtension>
            <ns3:hr>130</ns3:hr>
            <ns3:cad>0</ns3:cad>
          </ns3:TrackPointExtension>
        </extensions>
      </trkpt>
      <trkpt lat="29.174565486609935760498046875" lon="82.94444792903959751129150390625">
        <ele>3657.199951171875</ele>
        <time>2026-08-09T04:37:47.000Z</time>
        <extensions>
          <ns3:TrackPointExtension>
            <ns3:hr>130</ns3:hr>
            <ns3:cad>0</ns3:cad>
          </ns3:TrackPointExtension>
        </extensions>
      </trkpt>
      <trkpt lat="29.174582250416278839111328125" lon="82.9444302432239055633544921875">
        <ele>3657.60009765625</ele>
        <time>2026-08-09T04:37:50.000Z</time>
        <extensions>
          <ns3:TrackPointExtension>
            <ns3:hr>130</ns3:hr>
            <ns3:cad>0</ns3:cad>
          </ns3:TrackPointExtension>
        </extensions>
      </trkpt>
      <trkpt lat="29.1746127605438232421875" lon="82.94440786354243755340576171875">
        <ele>3658.199951171875</ele>
        <time>2026-08-09T04:37:54.000Z</time>
        <extensions>
          <ns3:TrackPointExtension>
            <ns3:hr>131</ns3:hr>
            <ns3:cad>0</ns3:cad>
          </ns3:TrackPointExtension>
        </extensions>
      </trkpt>
      <trkpt lat="29.17461468838155269622802734375" lon="82.9444024153053760528564453125">
        <ele>3658.39990234375</ele>
        <time>2026-08-09T04:37:55.000Z</time>
        <extensions>
          <ns3:TrackPointExtension>
            <ns3:hr>131</ns3:hr>
            <ns3:cad>0</ns3:cad>
          </ns3:TrackPointExtension>
        </extensions>
      </trkpt>
      <trkpt lat="29.17463329620659351348876953125" lon="82.9443834722042083740234375">
        <ele>3658.800048828125</ele>
        <time>2026-08-09T04:37:59.000Z</time>
        <extensions>
          <ns3:TrackPointExtension>
            <ns3:hr>132</ns3:hr>
            <ns3:cad>0</ns3:cad>
          </ns3:TrackPointExtension>
        </extensions>
      </trkpt>
      <trkpt lat="29.17467780411243438720703125" lon="82.94434927403926849365234375">
        <ele>3659</ele>
        <time>2026-08-09T04:38:05.000Z</time>
        <extensions>
          <ns3:TrackPointExtension>
            <ns3:hr>132</ns3:hr>
            <ns3:cad>0</ns3:cad>
          </ns3:TrackPointExtension>
        </extensions>
      </trkpt>
      <trkpt lat="29.17469498701393604278564453125" lon="82.94433477334678173065185546875">
        <ele>3659.60009765625</ele>
        <time>2026-08-09T04:38:08.000Z</time>
        <extensions>
          <ns3:TrackPointExtension>
            <ns3:hr>132</ns3:hr>
            <ns3:cad>0</ns3:cad>
          </ns3:TrackPointExtension>
        </extensions>
      </trkpt>
      <trkpt lat="29.174706973135471343994140625" lon="82.94432555325329303741455078125">
        <ele>3659.39990234375</ele>
        <time>2026-08-09T04:38:10.000Z</time>
        <extensions>
          <ns3:TrackPointExtension>
            <ns3:hr>132</ns3:hr>
            <ns3:cad>0</ns3:cad>
          </ns3:TrackPointExtension>
        </extensions>
      </trkpt>
      <trkpt lat="29.17475047521293163299560546875" lon="82.944308035075664520263671875">
        <ele>3659.199951171875</ele>
        <time>2026-08-09T04:38:16.000Z</time>
        <extensions>
          <ns3:TrackPointExtension>
            <ns3:hr>132</ns3:hr>
            <ns3:cad>0</ns3:cad>
          </ns3:TrackPointExtension>
        </extensions>
      </trkpt>
      <trkpt lat="29.1748110763728618621826171875" lon="82.94427492655813694000244140625">
        <ele>3659.199951171875</ele>
        <time>2026-08-09T04:38:24.000Z</time>
        <extensions>
          <ns3:TrackPointExtension>
            <ns3:hr>130</ns3:hr>
            <ns3:cad>0</ns3:cad>
          </ns3:TrackPointExtension>
        </extensions>
      </trkpt>
      <trkpt lat="29.17487335391342639923095703125" lon="82.944234274327754974365234375">
        <ele>3659.199951171875</ele>
        <time>2026-08-09T04:38:31.000Z</time>
        <extensions>
          <ns3:TrackPointExtension>
            <ns3:hr>130</ns3:hr>
            <ns3:cad>0</ns3:cad>
          </ns3:TrackPointExtension>
        </extensions>
      </trkpt>
      <trkpt lat="29.1749217174947261810302734375" lon="82.944180965423583984375">
        <ele>3658.800048828125</ele>
        <time>2026-08-09T04:38:39.000Z</time>
        <extensions>
          <ns3:TrackPointExtension>
            <ns3:hr>126</ns3:hr>
            <ns3:cad>0</ns3:cad>
          </ns3:TrackPointExtension>
        </extensions>
      </trkpt>
      <trkpt lat="29.1749371401965618133544921875" lon="82.9441616870462894439697265625">
        <ele>3659</ele>
        <time>2026-08-09T04:38:42.000Z</time>
        <extensions>
          <ns3:TrackPointExtension>
            <ns3:hr>123</ns3:hr>
            <ns3:cad>0</ns3:cad>
          </ns3:TrackPointExtension>
        </extensions>
      </trkpt>
      <trkpt lat="29.1749522276222705841064453125" lon="82.9441447556018829345703125">
        <ele>3658.800048828125</ele>
        <time>2026-08-09T04:38:45.000Z</time>
        <extensions>
          <ns3:TrackPointExtension>
            <ns3:hr>121</ns3:hr>
            <ns3:cad>0</ns3:cad>
          </ns3:TrackPointExtension>
        </extensions>
      </trkpt>
      <trkpt lat="29.17496974579989910125732421875" lon="82.9441227950155735015869140625">
        <ele>3658.39990234375</ele>
        <time>2026-08-09T04:38:48.000Z</time>
        <extensions>
          <ns3:TrackPointExtension>
            <ns3:hr>121</ns3:hr>
            <ns3:cad>0</ns3:cad>
          </ns3:TrackPointExtension>
        </extensions>
      </trkpt>
      <trkpt lat="29.17497821152210235595703125" lon="82.94410577975213527679443359375">
        <ele>3658.39990234375</ele>
        <time>2026-08-09T04:38:51.000Z</time>
        <extensions>
          <ns3:TrackPointExtension>
            <ns3:hr>121</ns3:hr>
            <ns3:cad>0</ns3:cad>
          </ns3:TrackPointExtension>
        </extensions>
      </trkpt>
      <trkpt lat="29.17497829534113407135009765625" lon="82.94409924186766147613525390625">
        <ele>3657.800048828125</ele>
        <time>2026-08-09T04:38:58.000Z</time>
        <extensions>
          <ns3:TrackPointExtension>
            <ns3:hr>119</ns3:hr>
            <ns3:cad>0</ns3:cad>
          </ns3:TrackPointExtension>
        </extensions>
      </trkpt>
      <trkpt lat="29.17497829534113407135009765625" lon="82.94409924186766147613525390625">
        <ele>3657.800048828125</ele>
        <time>2026-08-09T04:39:02.000Z</time>
        <extensions>
          <ns3:TrackPointExtension>
            <ns3:hr>116</ns3:hr>
            <ns3:cad>0</ns3:cad>
          </ns3:TrackPointExtension>
        </extensions>
      </trkpt>
      <trkpt lat="29.17497829534113407135009765625" lon="82.94409924186766147613525390625">
        <ele>3657.800048828125</ele>
        <time>2026-08-09T04:39:10.000Z</time>
        <extensions>
          <ns3:TrackPointExtension>
            <ns3:hr>116</ns3:hr>
            <ns3:cad>0</ns3:cad>
          </ns3:TrackPointExtension>
        </extensions>
      </trkpt>
      <trkpt lat="29.17497829534113407135009765625" lon="82.94409924186766147613525390625">
        <ele>3657.39990234375</ele>
        <time>2026-08-09T04:39:13.000Z</time>
        <extensions>
          <ns3:TrackPointExtension>
            <ns3:hr>116</ns3:hr>
            <ns3:cad>0</ns3:cad>
          </ns3:TrackPointExtension>
        </extensions>
      </trkpt>
      <trkpt lat="29.17497829534113407135009765625" lon="82.94409924186766147613525390625">
        <ele>3657.199951171875</ele>
        <time>2026-08-09T04:39:23.000Z</time>
        <extensions>
          <ns3:TrackPointExtension>
            <ns3:hr>113</ns3:hr>
            <ns3:cad>0</ns3:cad>
          </ns3:TrackPointExtension>
        </extensions>
      </trkpt>
      <trkpt lat="29.17497829534113407135009765625" lon="82.94409924186766147613525390625">
        <ele>3657</ele>
        <time>2026-08-09T04:39:28.000Z</time>
        <extensions>
          <ns3:TrackPointExtension>
            <ns3:hr>116</ns3:hr>
            <ns3:cad>0</ns3:cad>
          </ns3:TrackPointExtension>
        </extensions>
      </trkpt>
      <trkpt lat="29.17497829534113407135009765625" lon="82.94409924186766147613525390625">
        <ele>3657.199951171875</ele>
        <time>2026-08-09T04:39:31.000Z</time>
        <extensions>
          <ns3:TrackPointExtension>
            <ns3:hr>113</ns3:hr>
            <ns3:cad>0</ns3:cad>
          </ns3:TrackPointExtension>
        </extensions>
      </trkpt>
      <trkpt lat="29.17497829534113407135009765625" lon="82.94409924186766147613525390625">
        <ele>3657.39990234375</ele>
        <time>2026-08-09T04:39:33.000Z</time>
        <extensions>
          <ns3:TrackPointExtension>
            <ns3:hr>110</ns3:hr>
            <ns3:cad>0</ns3:cad>
          </ns3:TrackPointExtension>
        </extensions>
      </trkpt>
      <trkpt lat="29.17499220930039882659912109375" lon="82.94408884830772876739501953125">
        <ele>3657.60009765625</ele>
        <time>2026-08-09T04:39:38.000Z</time>
        <extensions>
          <ns3:TrackPointExtension>
            <ns3:hr>108</ns3:hr>
            <ns3:cad>0</ns3:cad>
          </ns3:TrackPointExtension>
        </extensions>
      </trkpt>
      <trkpt lat="29.17500109411776065826416015625" lon="82.944110892713069915771484375">
        <ele>3657.199951171875</ele>
        <time>2026-08-09T04:39:42.000Z</time>
        <extensions>
          <ns3:TrackPointExtension>
            <ns3:hr>107</ns3:hr>
            <ns3:cad>0</ns3:cad>
          </ns3:TrackPointExtension>
        </extensions>
      </trkpt>
      <trkpt lat="29.1749869287014007568359375" lon="82.94414341449737548828125">
        <ele>3657</ele>
        <time>2026-08-09T04:39:47.000Z</time>
        <extensions>
          <ns3:TrackPointExtension>
            <ns3:hr>102</ns3:hr>
            <ns3:cad>0</ns3:cad>
          </ns3:TrackPointExtension>
        </extensions>
      </trkpt>
      <trkpt lat="29.17498013935983180999755859375" lon="82.9441529698669910430908203125">
        <ele>3657</ele>
        <time>2026-08-09T04:39:49.000Z</time>
        <extensions>
          <ns3:TrackPointExtension>
            <ns3:hr>103</ns3:hr>
            <ns3:cad>0</ns3:cad>
          </ns3:TrackPointExtension>
        </extensions>
      </trkpt>
      <trkpt lat="29.1749869287014007568359375" lon="82.94416260905563831329345703125">
        <ele>3657.199951171875</ele>
        <time>2026-08-09T04:39:54.000Z</time>
        <extensions>
          <ns3:TrackPointExtension>
            <ns3:hr>106</ns3:hr>
            <ns3:cad>0</ns3:cad>
          </ns3:TrackPointExtension>
        </extensions>
      </trkpt>
      <trkpt lat="29.17498935945332050323486328125" lon="82.9441662132740020751953125">
        <ele>3657.199951171875</ele>
        <time>2026-08-09T04:39:55.000Z</time>
        <extensions>
          <ns3:TrackPointExtension>
            <ns3:hr>104</ns3:hr>
            <ns3:cad>0</ns3:cad>
          </ns3:TrackPointExtension>
        </extensions>
      </trkpt>
      <trkpt lat="29.17499623261392116546630859375" lon="82.94418473728001117706298828125">
        <ele>3657.800048828125</ele>
        <time>2026-08-09T04:40:00.000Z</time>
        <extensions>
          <ns3:TrackPointExtension>
            <ns3:hr>101</ns3:hr>
            <ns3:cad>0</ns3:cad>
          </ns3:TrackPointExtension>
        </extensions>
      </trkpt>
      <trkpt lat="29.1749995015561580657958984375" lon="82.944190688431262969970703125">
        <ele>3658.39990234375</ele>
        <time>2026-08-09T04:40:02.000Z</time>
        <extensions>
          <ns3:TrackPointExtension>
            <ns3:hr>100</ns3:hr>
            <ns3:cad>0</ns3:cad>
          </ns3:TrackPointExtension>
        </extensions>
      </trkpt>
      <trkpt lat="29.17499966919422149658203125" lon="82.944190017879009246826171875">
        <ele>3658.39990234375</ele>
        <time>2026-08-09T04:40:03.000Z</time>
        <extensions>
          <ns3:TrackPointExtension>
            <ns3:hr>100</ns3:hr>
            <ns3:cad>0</ns3:cad>
          </ns3:TrackPointExtension>
        </extensions>
      </trkpt>
      <trkpt lat="29.1749984957277774810791015625" lon="82.9441849887371063232421875">
        <ele>3657.800048828125</ele>
        <time>2026-08-09T04:40:16.000Z</time>
        <extensions>
          <ns3:TrackPointExtension>
            <ns3:hr>102</ns3:hr>
            <ns3:cad>0</ns3:cad>
          </ns3:TrackPointExtension>
        </extensions>
      </trkpt>
      <trkpt lat="29.17499086819589138031005859375" lon="82.944158501923084259033203125">
        <ele>3657.39990234375</ele>
        <time>2026-08-09T04:40:22.000Z</time>
        <extensions>
          <ns3:TrackPointExtension>
            <ns3:hr>102</ns3:hr>
            <ns3:cad>0</ns3:cad>
          </ns3:TrackPointExtension>
        </extensions>
      </trkpt>
      <trkpt lat="29.17499086819589138031005859375" lon="82.944158501923084259033203125">
        <ele>3657.199951171875</ele>
        <time>2026-08-09T04:40:23.000Z</time>
        <extensions>
          <ns3:TrackPointExtension>
            <ns3:hr>102</ns3:hr>
            <ns3:cad>0</ns3:cad>
          </ns3:TrackPointExtension>
        </extensions>
      </trkpt>
      <trkpt lat="29.17499086819589138031005859375" lon="82.944158501923084259033203125">
        <ele>3657.199951171875</ele>
        <time>2026-08-09T04:40:38.000Z</time>
        <extensions>
          <ns3:TrackPointExtension>
            <ns3:hr>102</ns3:hr>
            <ns3:cad>0</ns3:cad>
          </ns3:TrackPointExtension>
        </extensions>
      </trkpt>
      <trkpt lat="29.17499086819589138031005859375" lon="82.944158501923084259033203125">
        <ele>3657.39990234375</ele>
        <time>2026-08-09T04:40:47.000Z</time>
        <extensions>
          <ns3:TrackPointExtension>
            <ns3:hr>104</ns3:hr>
            <ns3:cad>0</ns3:cad>
          </ns3:TrackPointExtension>
        </extensions>
      </trkpt>
      <trkpt lat="29.17499564588069915771484375" lon="82.94417451135814189910888671875">
        <ele>3656.800048828125</ele>
        <time>2026-08-09T04:40:57.000Z</time>
        <extensions>
          <ns3:TrackPointExtension>
            <ns3:hr>105</ns3:hr>
            <ns3:cad>0</ns3:cad>
          </ns3:TrackPointExtension>
        </extensions>
      </trkpt>
      <trkpt lat="29.1749958135187625885009765625" lon="82.94417283497750759124755859375">
        <ele>3657</ele>
        <time>2026-08-09T04:41:03.000Z</time>
        <extensions>
          <ns3:TrackPointExtension>
            <ns3:hr>108</ns3:hr>
            <ns3:cad>0</ns3:cad>
          </ns3:TrackPointExtension>
        </extensions>
      </trkpt>
      <trkpt lat="29.17499564588069915771484375" lon="82.9441744275391101837158203125">
        <ele>3657</ele>
        <time>2026-08-09T04:41:04.000Z</time>
        <extensions>
          <ns3:TrackPointExtension>
            <ns3:hr>109</ns3:hr>
            <ns3:cad>0</ns3:cad>
          </ns3:TrackPointExtension>
        </extensions>
      </trkpt>
      <trkpt lat="29.17499564588069915771484375" lon="82.9441744275391101837158203125">
        <ele>3657</ele>
        <time>2026-08-09T04:41:07.000Z</time>
        <extensions>
          <ns3:TrackPointExtension>
            <ns3:hr>106</ns3:hr>
            <ns3:cad>0</ns3:cad>
          </ns3:TrackPointExtension>
        </extensions>
      </trkpt>
      <trkpt lat="29.174994640052318572998046875" lon="82.94416830874979496002197265625">
        <ele>3657.39990234375</ele>
        <time>2026-08-09T04:41:15.000Z</time>
        <extensions>
          <ns3:TrackPointExtension>
            <ns3:hr>104</ns3:hr>
            <ns3:cad>0</ns3:cad>
          </ns3:TrackPointExtension>
        </extensions>
      </trkpt>
      <trkpt lat="29.174991287291049957275390625" lon="82.9441610164940357208251953125">
        <ele>3657.199951171875</ele>
        <time>2026-08-09T04:41:17.000Z</time>
        <extensions>
          <ns3:TrackPointExtension>
            <ns3:hr>101</ns3:hr>
            <ns3:cad>0</ns3:cad>
          </ns3:TrackPointExtension>
        </extensions>
      </trkpt>
      <trkpt lat="29.17498667724430561065673828125" lon="82.94415791518986225128173828125">
        <ele>3657</ele>
        <time>2026-08-09T04:41:23.000Z</time>
        <extensions>
          <ns3:TrackPointExtension>
            <ns3:hr>103</ns3:hr>
            <ns3:cad>0</ns3:cad>
          </ns3:TrackPointExtension>
        </extensions>
      </trkpt>
      <trkpt lat="29.17498667724430561065673828125" lon="82.94415791518986225128173828125">
        <ele>3656.800048828125</ele>
        <time>2026-08-09T04:41:29.000Z</time>
        <extensions>
          <ns3:TrackPointExtension>
            <ns3:hr>106</ns3:hr>
            <ns3:cad>0</ns3:cad>
          </ns3:TrackPointExtension>
        </extensions>
      </trkpt>
      <trkpt lat="29.17498667724430561065673828125" lon="82.94415791518986225128173828125">
        <ele>3656.800048828125</ele>
        <time>2026-08-09T04:41:30.000Z</time>
        <extensions>
          <ns3:TrackPointExtension>
            <ns3:hr>109</ns3:hr>
            <ns3:cad>0</ns3:cad>
          </ns3:TrackPointExtension>
        </extensions>
      </trkpt>
      <trkpt lat="29.17498650960624217987060546875" lon="82.94415003620088100433349609375">
        <ele>3657.199951171875</ele>
        <time>2026-08-09T04:41:39.000Z</time>
        <extensions>
          <ns3:TrackPointExtension>
            <ns3:hr>110</ns3:hr>
            <ns3:cad>0</ns3:cad>
          </ns3:TrackPointExtension>
        </extensions>
      </trkpt>
      <trkpt lat="29.1750001721084117889404296875" lon="82.94416126795113086700439453125">
        <ele>3657</ele>
        <time>2026-08-09T04:41:47.000Z</time>
        <extensions>
          <ns3:TrackPointExtension>
            <ns3:hr>109</ns3:hr>
            <ns3:cad>0</ns3:cad>
          </ns3:TrackPointExtension>
        </extensions>
      </trkpt>
      <trkpt lat="29.1750062070786952972412109375" lon="82.94412908144295215606689453125">
        <ele>3657.39990234375</ele>
        <time>2026-08-09T04:41:52.000Z</time>
        <extensions>
          <ns3:TrackPointExtension>
            <ns3:hr>106</ns3:hr>
            <ns3:cad>0</ns3:cad>
          </ns3:TrackPointExtension>
        </extensions>
      </trkpt>
      <trkpt lat="29.17500880546867847442626953125" lon="82.9441214539110660552978515625">
        <ele>3657.199951171875</ele>
        <time>2026-08-09T04:41:53.000Z</time>
        <extensions>
          <ns3:TrackPointExtension>
            <ns3:hr>102</ns3:hr>
            <ns3:cad>53</ns3:cad>
          </ns3:TrackPointExtension>
        </extensions>
      </trkpt>
      <trkpt lat="29.17501039803028106689453125" lon="82.94410921633243560791015625">
        <ele>3657.199951171875</ele>
        <time>2026-08-09T04:41:54.000Z</time>
        <extensions>
          <ns3:TrackPointExtension>
            <ns3:hr>96</ns3:hr>
            <ns3:cad>53</ns3:cad>
          </ns3:TrackPointExtension>
        </extensions>
      </trkpt>
      <trkpt lat="29.1750202886760234832763671875" lon="82.94408717192709445953369140625">
        <ele>3657</ele>
        <time>2026-08-09T04:41:56.000Z</time>
        <extensions>
          <ns3:TrackPointExtension>
            <ns3:hr>92</ns3:hr>
            <ns3:cad>0</ns3:cad>
          </ns3:TrackPointExtension>
        </extensions>
      </trkpt>
      <trkpt lat="29.17502221651375293731689453125" lon="82.944068647921085357666015625">
        <ele>3656.60009765625</ele>
        <time>2026-08-09T04:41:58.000Z</time>
        <extensions>
          <ns3:TrackPointExtension>
            <ns3:hr>89</ns3:hr>
            <ns3:cad>0</ns3:cad>
          </ns3:TrackPointExtension>
        </extensions>
      </trkpt>
      <trkpt lat="29.17502003721892833709716796875" lon="82.9440547339618206024169921875">
        <ele>3656.199951171875</ele>
        <time>2026-08-09T04:42:00.000Z</time>
        <extensions>
          <ns3:TrackPointExtension>
            <ns3:hr>88</ns3:hr>
            <ns3:cad>0</ns3:cad>
          </ns3:TrackPointExtension>
        </extensions>
      </trkpt>
      <trkpt lat="29.17501852847635746002197265625" lon="82.94401257298886775970458984375">
        <ele>3656.60009765625</ele>
        <time>2026-08-09T04:42:07.000Z</time>
        <extensions>
          <ns3:TrackPointExtension>
            <ns3:hr>88</ns3:hr>
            <ns3:cad>0</ns3:cad>
          </ns3:TrackPointExtension>
        </extensions>
      </trkpt>
      <trkpt lat="29.175006039440631866455078125" lon="82.943958677351474761962890625">
        <ele>3656</ele>
        <time>2026-08-09T04:42:12.000Z</time>
        <extensions>
          <ns3:TrackPointExtension>
            <ns3:hr>89</ns3:hr>
            <ns3:cad>45</ns3:cad>
          </ns3:TrackPointExtension>
        </extensions>
      </trkpt>
      <trkpt lat="29.17503177188336849212646484375" lon="82.94393529184162616729736328125">
        <ele>3655.39990234375</ele>
        <time>2026-08-09T04:42:16.000Z</time>
        <extensions>
          <ns3:TrackPointExtension>
            <ns3:hr>91</ns3:hr>
            <ns3:cad>44</ns3:cad>
          </ns3:TrackPointExtension>
        </extensions>
      </trkpt>
      <trkpt lat="29.17504333890974521636962890625" lon="82.943900339305400848388671875">
        <ele>3655.199951171875</ele>
        <time>2026-08-09T04:42:20.000Z</time>
        <extensions>
          <ns3:TrackPointExtension>
            <ns3:hr>92</ns3:hr>
            <ns3:cad>44</ns3:cad>
          </ns3:TrackPointExtension>
        </extensions>
      </trkpt>
      <trkpt lat="29.175044596195220947265625" lon="82.9438926279544830322265625">
        <ele>3655</ele>
        <time>2026-08-09T04:42:21.000Z</time>
        <extensions>
          <ns3:TrackPointExtension>
            <ns3:hr>93</ns3:hr>
            <ns3:cad>44</ns3:cad>
          </ns3:TrackPointExtension>
        </extensions>
      </trkpt>
      <trkpt lat="29.17505524121224880218505859375" lon="82.94388030655682086944580078125">
        <ele>3655</ele>
        <time>2026-08-09T04:42:23.000Z</time>
        <extensions>
          <ns3:TrackPointExtension>
            <ns3:hr>95</ns3:hr>
            <ns3:cad>0</ns3:cad>
          </ns3:TrackPointExtension>
        </extensions>
      </trkpt>
      <trkpt lat="29.1750843264162540435791015625" lon="82.94386102817952632904052734375">
        <ele>3655.800048828125</ele>
        <time>2026-08-09T04:42:27.000Z</time>
        <extensions>
          <ns3:TrackPointExtension>
            <ns3:hr>96</ns3:hr>
            <ns3:cad>0</ns3:cad>
          </ns3:TrackPointExtension>
        </extensions>
      </trkpt>
      <trkpt lat="29.17513654567301273345947265625" lon="82.94384443201124668121337890625">
        <ele>3655</ele>
        <time>2026-08-09T04:42:32.000Z</time>
        <extensions>
          <ns3:TrackPointExtension>
            <ns3:hr>96</ns3:hr>
            <ns3:cad>76</ns3:cad>
          </ns3:TrackPointExtension>
        </extensions>
      </trkpt>
      <trkpt lat="29.1751624457538127899169921875" lon="82.94383428990840911865234375">
        <ele>3655</ele>
        <time>2026-08-09T04:42:36.000Z</time>
        <extensions>
          <ns3:TrackPointExtension>
            <ns3:hr>97</ns3:hr>
            <ns3:cad>0</ns3:cad>
          </ns3:TrackPointExtension>
        </extensions>
      </trkpt>
      <trkpt lat="29.1752068698406219482421875" lon="82.94385566376149654388427734375">
        <ele>3655</ele>
        <time>2026-08-09T04:42:42.000Z</time>
        <extensions>
          <ns3:TrackPointExtension>
            <ns3:hr>97</ns3:hr>
            <ns3:cad>76</ns3:cad>
          </ns3:TrackPointExtension>
        </extensions>
      </trkpt>
      <trkpt lat="29.1752355359494686126708984375" lon="82.94385633431375026702880859375">
        <ele>3654.60009765625</ele>
        <time>2026-08-09T04:42:46.000Z</time>
        <extensions>
          <ns3:TrackPointExtension>
            <ns3:hr>100</ns3:hr>
            <ns3:cad>75</ns3:cad>
          </ns3:TrackPointExtension>
        </extensions>
      </trkpt>
      <trkpt lat="29.17525657452642917633056640625" lon="82.94385516084730625152587890625">
        <ele>3654.39990234375</ele>
        <time>2026-08-09T04:42:49.000Z</time>
        <extensions>
          <ns3:TrackPointExtension>
            <ns3:hr>99</ns3:hr>
            <ns3:cad>75</ns3:cad>
          </ns3:TrackPointExtension>
        </extensions>
      </trkpt>
      <trkpt lat="29.1752848215401172637939453125" lon="82.94385465793311595916748046875">
        <ele>3654.60009765625</ele>
        <time>2026-08-09T04:42:52.000Z</time>
        <extensions>
          <ns3:TrackPointExtension>
            <ns3:hr>96</ns3:hr>
            <ns3:cad>72</ns3:cad>
          </ns3:TrackPointExtension>
        </extensions>
      </trkpt>
      <trkpt lat="29.1753015853464603424072265625" lon="82.94383320026099681854248046875">
        <ele>3655</ele>
        <time>2026-08-09T04:42:56.000Z</time>
        <extensions>
          <ns3:TrackPointExtension>
            <ns3:hr>95</ns3:hr>
            <ns3:cad>76</ns3:cad>
          </ns3:TrackPointExtension>
        </extensions>
      </trkpt>
      <trkpt lat="29.17533620260655879974365234375" lon="82.94380084611475467681884765625">
        <ele>3655.39990234375</ele>
        <time>2026-08-09T04:43:02.000Z</time>
        <extensions>
          <ns3:TrackPointExtension>
            <ns3:hr>93</ns3:hr>
            <ns3:cad>74</ns3:cad>
          </ns3:TrackPointExtension>
        </extensions>
      </trkpt>
      <trkpt lat="29.17535933665931224822998046875" lon="82.94379539787769317626953125">
        <ele>3655</ele>
        <time>2026-08-09T04:43:04.000Z</time>
        <extensions>
          <ns3:TrackPointExtension>
            <ns3:hr>93</ns3:hr>
            <ns3:cad>74</ns3:cad>
          </ns3:TrackPointExtension>
        </extensions>
      </trkpt>
      <trkpt lat="29.17535799555480480194091796875" lon="82.94379598461091518402099609375">
        <ele>3654.60009765625</ele>
        <time>2026-08-09T04:43:07.000Z</time>
        <extensions>
          <ns3:TrackPointExtension>
            <ns3:hr>92</ns3:hr>
            <ns3:cad>0</ns3:cad>
          </ns3:TrackPointExtension>
        </extensions>
      </trkpt>
      <trkpt lat="29.17535103857517242431640625" lon="82.9437845014035701751708984375">
        <ele>3654.199951171875</ele>
        <time>2026-08-09T04:43:12.000Z</time>
        <extensions>
          <ns3:TrackPointExtension>
            <ns3:hr>93</ns3:hr>
            <ns3:cad>0</ns3:cad>
          </ns3:TrackPointExtension>
        </extensions>
      </trkpt>
      <trkpt lat="29.17535799555480480194091796875" lon="82.94379598461091518402099609375">
        <ele>3653.800048828125</ele>
        <time>2026-08-09T04:43:14.000Z</time>
        <extensions>
          <ns3:TrackPointExtension>
            <ns3:hr>94</ns3:hr>
            <ns3:cad>0</ns3:cad>
          </ns3:TrackPointExtension>
        </extensions>
      </trkpt>
      <trkpt lat="29.17535430751740932464599609375" lon="82.943782992660999298095703125">
        <ele>3653.800048828125</ele>
        <time>2026-08-09T04:43:21.000Z</time>
        <extensions>
          <ns3:TrackPointExtension>
            <ns3:hr>97</ns3:hr>
            <ns3:cad>0</ns3:cad>
          </ns3:TrackPointExtension>
        </extensions>
      </trkpt>
      <trkpt lat="29.1753626056015491485595703125" lon="82.94380210340023040771484375">
        <ele>3654.199951171875</ele>
        <time>2026-08-09T04:43:24.000Z</time>
        <extensions>
          <ns3:TrackPointExtension>
            <ns3:hr>100</ns3:hr>
            <ns3:cad>0</ns3:cad>
          </ns3:TrackPointExtension>
        </extensions>
      </trkpt>
      <trkpt lat="29.17536201886832714080810546875" lon="82.94381006620824337005615234375">
        <ele>3654.39990234375</ele>
        <time>2026-08-09T04:43:25.000Z</time>
        <extensions>
          <ns3:TrackPointExtension>
            <ns3:hr>100</ns3:hr>
            <ns3:cad>0</ns3:cad>
          </ns3:TrackPointExtension>
        </extensions>
      </trkpt>
      <trkpt lat="29.17533419094979763031005859375" lon="82.94381777755916118621826171875">
        <ele>3655</ele>
        <time>2026-08-09T04:43:30.000Z</time>
        <extensions>
          <ns3:TrackPointExtension>
            <ns3:hr>102</ns3:hr>
            <ns3:cad>0</ns3:cad>
          </ns3:TrackPointExtension>
        </extensions>
      </trkpt>
      <trkpt lat="29.17533167637884616851806640625" lon="82.943816520273685455322265625">
        <ele>3655.199951171875</ele>
        <time>2026-08-09T04:43:32.000Z</time>
        <extensions>
          <ns3:TrackPointExtension>
            <ns3:hr>103</ns3:hr>
            <ns3:cad>0</ns3:cad>
          </ns3:TrackPointExtension>
        </extensions>
      </trkpt>
      <trkpt lat="29.17533184401690959930419921875" lon="82.943815849721431732177734375">
        <ele>3655.199951171875</ele>
        <time>2026-08-09T04:43:36.000Z</time>
        <extensions>
          <ns3:TrackPointExtension>
            <ns3:hr>104</ns3:hr>
            <ns3:cad>0</ns3:cad>
          </ns3:TrackPointExtension>
        </extensions>
      </trkpt>
      <trkpt lat="29.17537207715213298797607421875" lon="82.94381626881659030914306640625">
        <ele>3654.39990234375</ele>
        <time>2026-08-09T04:43:42.000Z</time>
        <extensions>
          <ns3:TrackPointExtension>
            <ns3:hr>103</ns3:hr>
            <ns3:cad>40</ns3:cad>
          </ns3:TrackPointExtension>
        </extensions>
      </trkpt>
      <trkpt lat="29.17535631917417049407958984375" lon="82.9438264109194278717041015625">
        <ele>3654.60009765625</ele>
        <time>2026-08-09T04:43:43.000Z</time>
        <extensions>
          <ns3:TrackPointExtension>
            <ns3:hr>104</ns3:hr>
            <ns3:cad>40</ns3:cad>
          </ns3:TrackPointExtension>
        </extensions>
      </trkpt>
      <trkpt lat="29.175331592559814453125" lon="82.94382146559655666351318359375">
        <ele>3654.60009765625</ele>
        <time>2026-08-09T04:43:46.000Z</time>
        <extensions>
          <ns3:TrackPointExtension>
            <ns3:hr>103</ns3:hr>
            <ns3:cad>40</ns3:cad>
          </ns3:TrackPointExtension>
        </extensions>
      </trkpt>
      <trkpt lat="29.17530351318418979644775390625" lon="82.94385038316249847412109375">
        <ele>3655.39990234375</ele>
        <time>2026-08-09T04:43:52.000Z</time>
        <extensions>
          <ns3:TrackPointExtension>
            <ns3:hr>103</ns3:hr>
            <ns3:cad>0</ns3:cad>
          </ns3:TrackPointExtension>
        </extensions>
      </trkpt>
      <trkpt lat="29.17530820704996585845947265625" lon="82.94385532848536968231201171875">
        <ele>3655.39990234375</ele>
        <time>2026-08-09T04:43:53.000Z</time>
        <extensions>
          <ns3:TrackPointExtension>
            <ns3:hr>103</ns3:hr>
            <ns3:cad>0</ns3:cad>
          </ns3:TrackPointExtension>
        </extensions>
      </trkpt>
      <trkpt lat="29.17532815597951412200927734375" lon="82.94385918416082859039306640625">
        <ele>3655.199951171875</ele>
        <time>2026-08-09T04:43:56.000Z</time>
        <extensions>
          <ns3:TrackPointExtension>
            <ns3:hr>104</ns3:hr>
            <ns3:cad>0</ns3:cad>
          </ns3:TrackPointExtension>
        </extensions>
      </trkpt>
      <trkpt lat="29.1753381304442882537841796875" lon="82.94386002235114574432373046875">
        <ele>3655.39990234375</ele>
        <time>2026-08-09T04:43:57.000Z</time>
        <extensions>
          <ns3:TrackPointExtension>
            <ns3:hr>105</ns3:hr>
            <ns3:cad>75</ns3:cad>
          </ns3:TrackPointExtension>
        </extensions>
      </trkpt>
      <trkpt lat="29.17535129003226757049560546875" lon="82.94387058354914188385009765625">
        <ele>3656.39990234375</ele>
        <time>2026-08-09T04:43:59.000Z</time>
        <extensions>
          <ns3:TrackPointExtension>
            <ns3:hr>105</ns3:hr>
            <ns3:cad>75</ns3:cad>
          </ns3:TrackPointExtension>
        </extensions>
      </trkpt>
      <trkpt lat="29.17536319233477115631103515625" lon="82.94386941008269786834716796875">
        <ele>3656.60009765625</ele>
        <time>2026-08-09T04:44:00.000Z</time>
        <extensions>
          <ns3:TrackPointExtension>
            <ns3:hr>106</ns3:hr>
            <ns3:cad>75</ns3:cad>
          </ns3:TrackPointExtension>
        </extensions>
      </trkpt>
      <trkpt lat="29.17537274770438671112060546875" lon="82.943870164453983306884765625">
        <ele>3656.800048828125</ele>
        <time>2026-08-09T04:44:01.000Z</time>
        <extensions>
          <ns3:TrackPointExtension>
            <ns3:hr>105</ns3:hr>
            <ns3:cad>40</ns3:cad>
          </ns3:TrackPointExtension>
        </extensions>
      </trkpt>
      <trkpt lat="29.17537786066532135009765625" lon="82.94388659298419952392578125">
        <ele>3656.800048828125</ele>
        <time>2026-08-09T04:44:02.000Z</time>
        <extensions>
          <ns3:TrackPointExtension>
            <ns3:hr>105</ns3:hr>
            <ns3:cad>40</ns3:cad>
          </ns3:TrackPointExtension>
        </extensions>
      </trkpt>
      <trkpt lat="29.175383560359477996826171875" lon="82.94392255134880542755126953125">
        <ele>3656.39990234375</ele>
        <time>2026-08-09T04:44:05.000Z</time>
        <extensions>
          <ns3:TrackPointExtension>
            <ns3:hr>106</ns3:hr>
            <ns3:cad>41</ns3:cad>
          </ns3:TrackPointExtension>
        </extensions>
      </trkpt>
      <trkpt lat="29.17538858950138092041015625" lon="82.9439799673855304718017578125">
        <ele>3656.39990234375</ele>
        <time>2026-08-09T04:44:11.000Z</time>
        <extensions>
          <ns3:TrackPointExtension>
            <ns3:hr>109</ns3:hr>
            <ns3:cad>79</ns3:cad>
          </ns3:TrackPointExtension>
        </extensions>
      </trkpt>
      <trkpt lat="29.175384901463985443115234375" lon="82.94398943893611431121826171875">
        <ele>3656.39990234375</ele>
        <time>2026-08-09T04:44:12.000Z</time>
        <extensions>
          <ns3:TrackPointExtension>
            <ns3:hr>109</ns3:hr>
            <ns3:cad>79</ns3:cad>
          </ns3:TrackPointExtension>
        </extensions>
      </trkpt>
      <trkpt lat="29.17537928558886051177978515625" lon="82.94400368817150592803955078125">
        <ele>3656.199951171875</ele>
        <time>2026-08-09T04:44:16.000Z</time>
        <extensions>
          <ns3:TrackPointExtension>
            <ns3:hr>114</ns3:hr>
            <ns3:cad>76</ns3:cad>
          </ns3:TrackPointExtension>
        </extensions>
      </trkpt>
      <trkpt lat="29.17537811212241649627685546875" lon="82.94399329461157321929931640625">
        <ele>3656.199951171875</ele>
        <time>2026-08-09T04:44:18.000Z</time>
        <extensions>
          <ns3:TrackPointExtension>
            <ns3:hr>116</ns3:hr>
            <ns3:cad>0</ns3:cad>
          </ns3:TrackPointExtension>
        </extensions>
      </trkpt>
      <trkpt lat="29.17538951151072978973388671875" lon="82.943945936858654022216796875">
        <ele>3656</ele>
        <time>2026-08-09T04:44:25.000Z</time>
        <extensions>
          <ns3:TrackPointExtension>
            <ns3:hr>116</ns3:hr>
            <ns3:cad>0</ns3:cad>
          </ns3:TrackPointExtension>
        </extensions>
      </trkpt>
      <trkpt lat="29.17538951151072978973388671875" lon="82.9439444281160831451416015625">
        <ele>3655.800048828125</ele>
        <time>2026-08-09T04:44:31.000Z</time>
        <extensions>
          <ns3:TrackPointExtension>
            <ns3:hr>112</ns3:hr>
            <ns3:cad>0</ns3:cad>
          </ns3:TrackPointExtension>
        </extensions>
      </trkpt>
      <trkpt lat="29.17538951151072978973388671875" lon="82.9439444281160831451416015625">
        <ele>3655.60009765625</ele>
        <time>2026-08-09T04:44:33.000Z</time>
        <extensions>
          <ns3:TrackPointExtension>
            <ns3:hr>108</ns3:hr>
            <ns3:cad>0</ns3:cad>
          </ns3:TrackPointExtension>
        </extensions>
      </trkpt>
      <trkpt lat="29.17538951151072978973388671875" lon="82.9439444281160831451416015625">
        <ele>3655.60009765625</ele>
        <time>2026-08-09T04:44:37.000Z</time>
        <extensions>
          <ns3:TrackPointExtension>
            <ns3:hr>105</ns3:hr>
            <ns3:cad>0</ns3:cad>
          </ns3:TrackPointExtension>
        </extensions>
      </trkpt>
      <trkpt lat="29.17538448236882686614990234375" lon="82.94398239813745021820068359375">
        <ele>3655.60009765625</ele>
        <time>2026-08-09T04:44:46.000Z</time>
        <extensions>
          <ns3:TrackPointExtension>
            <ns3:hr>105</ns3:hr>
            <ns3:cad>0</ns3:cad>
          </ns3:TrackPointExtension>
        </extensions>
      </trkpt>
      <trkpt lat="29.17536713182926177978515625" lon="82.944043166935443878173828125">
        <ele>3655.800048828125</ele>
        <time>2026-08-09T04:44:53.000Z</time>
        <extensions>
          <ns3:TrackPointExtension>
            <ns3:hr>108</ns3:hr>
            <ns3:cad>0</ns3:cad>
          </ns3:TrackPointExtension>
        </extensions>
      </trkpt>
      <trkpt lat="29.17533896863460540771484375" lon="82.94407912530004978179931640625">
        <ele>3656.60009765625</ele>
        <time>2026-08-09T04:44:59.000Z</time>
        <extensions>
          <ns3:TrackPointExtension>
            <ns3:hr>105</ns3:hr>
            <ns3:cad>68</ns3:cad>
          </ns3:TrackPointExtension>
        </extensions>
      </trkpt>
      <trkpt lat="29.17533695697784423828125" lon="82.944087088108062744140625">
        <ele>3656.800048828125</ele>
        <time>2026-08-09T04:45:00.000Z</time>
        <extensions>
          <ns3:TrackPointExtension>
            <ns3:hr>104</ns3:hr>
            <ns3:cad>68</ns3:cad>
          </ns3:TrackPointExtension>
        </extensions>
      </trkpt>
      <trkpt lat="29.175321869552135467529296875" lon="82.94412438757717609405517578125">
        <ele>3657.199951171875</ele>
        <time>2026-08-09T04:45:07.000Z</time>
        <extensions>
          <ns3:TrackPointExtension>
            <ns3:hr>104</ns3:hr>
            <ns3:cad>67</ns3:cad>
          </ns3:TrackPointExtension>
        </extensions>
      </trkpt>
      <trkpt lat="29.17532245628535747528076171875" lon="82.9441633634269237518310546875">
        <ele>3657.39990234375</ele>
        <time>2026-08-09T04:45:14.000Z</time>
        <extensions>
          <ns3:TrackPointExtension>
            <ns3:hr>105</ns3:hr>
            <ns3:cad>0</ns3:cad>
          </ns3:TrackPointExtension>
        </extensions>
      </trkpt>
      <trkpt lat="29.1753119789063930511474609375" lon="82.9441730864346027374267578125">
        <ele>3658</ele>
        <time>2026-08-09T04:45:16.000Z</time>
        <extensions>
          <ns3:TrackPointExtension>
            <ns3:hr>103</ns3:hr>
            <ns3:cad>0</ns3:cad>
          </ns3:TrackPointExtension>
        </extensions>
      </trkpt>
      <trkpt lat="29.17530770413577556610107421875" lon="82.944177277386188507080078125">
        <ele>3658.60009765625</ele>
        <time>2026-08-09T04:45:18.000Z</time>
        <extensions>
          <ns3:TrackPointExtension>
            <ns3:hr>105</ns3:hr>
            <ns3:cad>0</ns3:cad>
          </ns3:TrackPointExtension>
        </extensions>
      </trkpt>
      <trkpt lat="29.17528306134045124053955078125" lon="82.944192029535770416259765625">
        <ele>3659.60009765625</ele>
        <time>2026-08-09T04:45:22.000Z</time>
        <extensions>
          <ns3:TrackPointExtension>
            <ns3:hr>106</ns3:hr>
            <ns3:cad>0</ns3:cad>
          </ns3:TrackPointExtension>
        </extensions>
      </trkpt>
      <trkpt lat="29.17527853511273860931396484375" lon="82.9441942088305950164794921875">
        <ele>3659.800048828125</ele>
        <time>2026-08-09T04:45:23.000Z</time>
        <extensions>
          <ns3:TrackPointExtension>
            <ns3:hr>106</ns3:hr>
            <ns3:cad>0</ns3:cad>
          </ns3:TrackPointExtension>
        </extensions>
      </trkpt>
      <trkpt lat="29.175266213715076446533203125" lon="82.94422094710171222686767578125">
        <ele>3660.39990234375</ele>
        <time>2026-08-09T04:45:30.000Z</time>
        <extensions>
          <ns3:TrackPointExtension>
            <ns3:hr>107</ns3:hr>
            <ns3:cad>0</ns3:cad>
          </ns3:TrackPointExtension>
        </extensions>
      </trkpt>
      <trkpt lat="29.17525372467935085296630859375" lon="82.94422723352909088134765625">
        <ele>3660.60009765625</ele>
        <time>2026-08-09T04:45:33.000Z</time>
        <extensions>
          <ns3:TrackPointExtension>
            <ns3:hr>110</ns3:hr>
            <ns3:cad>0</ns3:cad>
          </ns3:TrackPointExtension>
        </extensions>
      </trkpt>
      <trkpt lat="29.1752459295094013214111328125" lon="82.94424022547900676727294921875">
        <ele>3661.199951171875</ele>
        <time>2026-08-09T04:45:36.000Z</time>
        <extensions>
          <ns3:TrackPointExtension>
            <ns3:hr>113</ns3:hr>
            <ns3:cad>0</ns3:cad>
          </ns3:TrackPointExtension>
        </extensions>
      </trkpt>
      <trkpt lat="29.17523880489170551300048828125" lon="82.94424827210605144500732421875">
        <ele>3661.60009765625</ele>
        <time>2026-08-09T04:45:38.000Z</time>
        <extensions>
          <ns3:TrackPointExtension>
            <ns3:hr>117</ns3:hr>
            <ns3:cad>0</ns3:cad>
          </ns3:TrackPointExtension>
        </extensions>
      </trkpt>
      <trkpt lat="29.17523578740656375885009765625" lon="82.9442569054663181304931640625">
        <ele>3661.60009765625</ele>
        <time>2026-08-09T04:45:39.000Z</time>
        <extensions>
          <ns3:TrackPointExtension>
            <ns3:hr>117</ns3:hr>
            <ns3:cad>0</ns3:cad>
          </ns3:TrackPointExtension>
        </extensions>
      </trkpt>
      <trkpt lat="29.17520594783127307891845703125" lon="82.9442803747951984405517578125">
        <ele>3662.39990234375</ele>
        <time>2026-08-09T04:45:46.000Z</time>
        <extensions>
          <ns3:TrackPointExtension>
            <ns3:hr>118</ns3:hr>
            <ns3:cad>0</ns3:cad>
          </ns3:TrackPointExtension>
        </extensions>
      </trkpt>
      <trkpt lat="29.17519748210906982421875" lon="82.94428758323192596435546875">
        <ele>3662.800048828125</ele>
        <time>2026-08-09T04:45:48.000Z</time>
        <extensions>
          <ns3:TrackPointExtension>
            <ns3:hr>119</ns3:hr>
            <ns3:cad>0</ns3:cad>
          </ns3:TrackPointExtension>
        </extensions>
      </trkpt>
      <trkpt lat="29.17517979629337787628173828125" lon="82.94430342502892017364501953125">
        <ele>3663.60009765625</ele>
        <time>2026-08-09T04:45:53.000Z</time>
        <extensions>
          <ns3:TrackPointExtension>
            <ns3:hr>119</ns3:hr>
            <ns3:cad>0</ns3:cad>
          </ns3:TrackPointExtension>
        </extensions>
      </trkpt>
      <trkpt lat="29.1751758567988872528076171875" lon="82.94430711306631565093994140625">
        <ele>3663.800048828125</ele>
        <time>2026-08-09T04:45:54.000Z</time>
        <extensions>
          <ns3:TrackPointExtension>
            <ns3:hr>119</ns3:hr>
            <ns3:cad>0</ns3:cad>
          </ns3:TrackPointExtension>
        </extensions>
      </trkpt>
      <trkpt lat="29.1751828975975513458251953125" lon="82.94432781636714935302734375">
        <ele>3664.800048828125</ele>
        <time>2026-08-09T04:46:00.000Z</time>
        <extensions>
          <ns3:TrackPointExtension>
            <ns3:hr>119</ns3:hr>
            <ns3:cad>0</ns3:cad>
          </ns3:TrackPointExtension>
        </extensions>
      </trkpt>
      <trkpt lat="29.1751815564930438995361328125" lon="82.944333851337432861328125">
        <ele>3665</ele>
        <time>2026-08-09T04:46:01.000Z</time>
        <extensions>
          <ns3:TrackPointExtension>
            <ns3:hr>119</ns3:hr>
            <ns3:cad>0</ns3:cad>
          </ns3:TrackPointExtension>
        </extensions>
      </trkpt>
      <trkpt lat="29.1751517169177532196044921875" lon="82.9443601705133914947509765625">
        <ele>3665.800048828125</ele>
        <time>2026-08-09T04:46:07.000Z</time>
        <extensions>
          <ns3:TrackPointExtension>
            <ns3:hr>122</ns3:hr>
            <ns3:cad>0</ns3:cad>
          </ns3:TrackPointExtension>
        </extensions>
      </trkpt>
      <trkpt lat="29.17514677159488201141357421875" lon="82.94436947442591190338134765625">
        <ele>3666</ele>
        <time>2026-08-09T04:46:09.000Z</time>
        <extensions>
          <ns3:TrackPointExtension>
            <ns3:hr>125</ns3:hr>
            <ns3:cad>0</ns3:cad>
          </ns3:TrackPointExtension>
        </extensions>
      </trkpt>
      <trkpt lat="29.17514341883361339569091796875" lon="82.94437165372073650360107421875">
        <ele>3666.199951171875</ele>
        <time>2026-08-09T04:46:10.000Z</time>
        <extensions>
          <ns3:TrackPointExtension>
            <ns3:hr>126</ns3:hr>
            <ns3:cad>0</ns3:cad>
          </ns3:TrackPointExtension>
        </extensions>
      </trkpt>
      <trkpt lat="29.17510720901191234588623046875" lon="82.94438682496547698974609375">
        <ele>3667</ele>
        <time>2026-08-09T04:46:15.000Z</time>
        <extensions>
          <ns3:TrackPointExtension>
            <ns3:hr>128</ns3:hr>
            <ns3:cad>0</ns3:cad>
          </ns3:TrackPointExtension>
        </extensions>
      </trkpt>
      <trkpt lat="29.17509513907134532928466796875" lon="82.9443936981260776519775390625">
        <ele>3667.199951171875</ele>
        <time>2026-08-09T04:46:17.000Z</time>
        <extensions>
          <ns3:TrackPointExtension>
            <ns3:hr>128</ns3:hr>
            <ns3:cad>0</ns3:cad>
          </ns3:TrackPointExtension>
        </extensions>
      </trkpt>
      <trkpt lat="29.175079800188541412353515625" lon="82.94441373087465763092041015625">
        <ele>3667.800048828125</ele>
        <time>2026-08-09T04:46:23.000Z</time>
        <extensions>
          <ns3:TrackPointExtension>
            <ns3:hr>130</ns3:hr>
            <ns3:cad>0</ns3:cad>
          </ns3:TrackPointExtension>
        </extensions>
      </trkpt>
      <trkpt lat="29.1750652156770229339599609375" lon="82.94443636201322078704833984375">
        <ele>3668.39990234375</ele>
        <time>2026-08-09T04:46:28.000Z</time>
        <extensions>
          <ns3:TrackPointExtension>
            <ns3:hr>127</ns3:hr>
            <ns3:cad>0</ns3:cad>
          </ns3:TrackPointExtension>
        </extensions>
      </trkpt>
      <trkpt lat="29.17505607940256595611572265625" lon="82.94445119798183441162109375">
        <ele>3668.60009765625</ele>
        <time>2026-08-09T04:46:30.000Z</time>
        <extensions>
          <ns3:TrackPointExtension>
            <ns3:hr>126</ns3:hr>
            <ns3:cad>0</ns3:cad>
          </ns3:TrackPointExtension>
        </extensions>
      </trkpt>
      <trkpt lat="29.17502422817051410675048828125" lon="82.94447257183492183685302734375">
        <ele>3669.39990234375</ele>
        <time>2026-08-09T04:46:35.000Z</time>
        <extensions>
          <ns3:TrackPointExtension>
            <ns3:hr>125</ns3:hr>
            <ns3:cad>0</ns3:cad>
          </ns3:TrackPointExtension>
        </extensions>
      </trkpt>
      <trkpt lat="29.17501098476350307464599609375" lon="82.9444879107177257537841796875">
        <ele>3669.39990234375</ele>
        <time>2026-08-09T04:46:37.000Z</time>
        <extensions>
          <ns3:TrackPointExtension>
            <ns3:hr>124</ns3:hr>
            <ns3:cad>0</ns3:cad>
          </ns3:TrackPointExtension>
        </extensions>
      </trkpt>
      <trkpt lat="29.17498734779655933380126953125" lon="82.94452135451138019561767578125">
        <ele>3669.199951171875</ele>
        <time>2026-08-09T04:46:42.000Z</time>
        <extensions>
          <ns3:TrackPointExtension>
            <ns3:hr>121</ns3:hr>
            <ns3:cad>0</ns3:cad>
          </ns3:TrackPointExtension>
        </extensions>
      </trkpt>
      <trkpt lat="29.17498223483562469482421875" lon="82.94452353380620479583740234375">
        <ele>3669</ele>
        <time>2026-08-09T04:46:43.000Z</time>
        <extensions>
          <ns3:TrackPointExtension>
            <ns3:hr>121</ns3:hr>
            <ns3:cad>0</ns3:cad>
          </ns3:TrackPointExtension>
        </extensions>
      </trkpt>
      <trkpt lat="29.17496806941926479339599609375" lon="82.94454264454543590545654296875">
        <ele>3668.800048828125</ele>
        <time>2026-08-09T04:46:46.000Z</time>
        <extensions>
          <ns3:TrackPointExtension>
            <ns3:hr>117</ns3:hr>
            <ns3:cad>0</ns3:cad>
          </ns3:TrackPointExtension>
        </extensions>
      </trkpt>
      <trkpt lat="29.1749361343681812286376953125" lon="82.9445633478462696075439453125">
        <ele>3668.39990234375</ele>
        <time>2026-08-09T04:46:50.000Z</time>
        <extensions>
          <ns3:TrackPointExtension>
            <ns3:hr>120</ns3:hr>
            <ns3:cad>0</ns3:cad>
          </ns3:TrackPointExtension>
        </extensions>
      </trkpt>
      <trkpt lat="29.17492817156016826629638671875" lon="82.94456544332206249237060546875">
        <ele>3668.199951171875</ele>
        <time>2026-08-09T04:46:51.000Z</time>
        <extensions>
          <ns3:TrackPointExtension>
            <ns3:hr>125</ns3:hr>
            <ns3:cad>0</ns3:cad>
          </ns3:TrackPointExtension>
        </extensions>
      </trkpt>
      <trkpt lat="29.17489238083362579345703125" lon="82.94457851909101009368896484375">
        <ele>3668.39990234375</ele>
        <time>2026-08-09T04:46:56.000Z</time>
        <extensions>
          <ns3:TrackPointExtension>
            <ns3:hr>127</ns3:hr>
            <ns3:cad>0</ns3:cad>
          </ns3:TrackPointExtension>
        </extensions>
      </trkpt>
      <trkpt lat="29.1748670674860477447509765625" lon="82.944578267633914947509765625">
        <ele>3667.60009765625</ele>
        <time>2026-08-09T04:47:00.000Z</time>
        <extensions>
          <ns3:TrackPointExtension>
            <ns3:hr>127</ns3:hr>
            <ns3:cad>0</ns3:cad>
          </ns3:TrackPointExtension>
        </extensions>
      </trkpt>
      <trkpt lat="29.1748600266873836517333984375" lon="82.9445837996900081634521484375">
        <ele>3667.199951171875</ele>
        <time>2026-08-09T04:47:02.000Z</time>
        <extensions>
          <ns3:TrackPointExtension>
            <ns3:hr>126</ns3:hr>
            <ns3:cad>57</ns3:cad>
          </ns3:TrackPointExtension>
        </extensions>
      </trkpt>
      <trkpt lat="29.174834378063678741455078125" lon="82.94460668228566646575927734375">
        <ele>3666.60009765625</ele>
        <time>2026-08-09T04:47:06.000Z</time>
        <extensions>
          <ns3:TrackPointExtension>
            <ns3:hr>125</ns3:hr>
            <ns3:cad>0</ns3:cad>
          </ns3:TrackPointExtension>
        </extensions>
      </trkpt>
      <trkpt lat="29.17480680160224437713623046875" lon="82.94463182799518108367919921875">
        <ele>3666.800048828125</ele>
        <time>2026-08-09T04:47:12.000Z</time>
        <extensions>
          <ns3:TrackPointExtension>
            <ns3:hr>122</ns3:hr>
            <ns3:cad>0</ns3:cad>
          </ns3:TrackPointExtension>
        </extensions>
      </trkpt>
      <trkpt lat="29.17479959316551685333251953125" lon="82.9446350969374179840087890625">
        <ele>3666.800048828125</ele>
        <time>2026-08-09T04:47:13.000Z</time>
        <extensions>
          <ns3:TrackPointExtension>
            <ns3:hr>122</ns3:hr>
            <ns3:cad>0</ns3:cad>
          </ns3:TrackPointExtension>
        </extensions>
      </trkpt>
      <trkpt lat="29.17479322291910648345947265625" lon="82.9446505196392536163330078125">
        <ele>3667</ele>
        <time>2026-08-09T04:47:15.000Z</time>
        <extensions>
          <ns3:TrackPointExtension>
            <ns3:hr>119</ns3:hr>
            <ns3:cad>0</ns3:cad>
          </ns3:TrackPointExtension>
        </extensions>
      </trkpt>
      <trkpt lat="29.17479087598621845245361328125" lon="82.94465529732406139373779296875">
        <ele>3667.199951171875</ele>
        <time>2026-08-09T04:47:17.000Z</time>
        <extensions>
          <ns3:TrackPointExtension>
            <ns3:hr>117</ns3:hr>
            <ns3:cad>0</ns3:cad>
          </ns3:TrackPointExtension>
        </extensions>
      </trkpt>
      <trkpt lat="29.1747911274433135986328125" lon="82.944655381143093109130859375">
        <ele>3667.199951171875</ele>
        <time>2026-08-09T04:47:18.000Z</time>
        <extensions>
          <ns3:TrackPointExtension>
            <ns3:hr>114</ns3:hr>
            <ns3:cad>0</ns3:cad>
          </ns3:TrackPointExtension>
        </extensions>
      </trkpt>
      <trkpt lat="29.1747911274433135986328125" lon="82.944655381143093109130859375">
        <ele>3667.199951171875</ele>
        <time>2026-08-09T04:47:27.000Z</time>
        <extensions>
          <ns3:TrackPointExtension>
            <ns3:hr>111</ns3:hr>
            <ns3:cad>0</ns3:cad>
          </ns3:TrackPointExtension>
        </extensions>
      </trkpt>
      <trkpt lat="29.1747911274433135986328125" lon="82.944655381143093109130859375">
        <ele>3666.800048828125</ele>
        <time>2026-08-09T04:47:32.000Z</time>
        <extensions>
          <ns3:TrackPointExtension>
            <ns3:hr>108</ns3:hr>
            <ns3:cad>0</ns3:cad>
          </ns3:TrackPointExtension>
        </extensions>
      </trkpt>
      <trkpt lat="29.1747911274433135986328125" lon="82.944655381143093109130859375">
        <ele>3666.60009765625</ele>
        <time>2026-08-09T04:47:34.000Z</time>
        <extensions>
          <ns3:TrackPointExtension>
            <ns3:hr>105</ns3:hr>
            <ns3:cad>0</ns3:cad>
          </ns3:TrackPointExtension>
        </extensions>
      </trkpt>
      <trkpt lat="29.1747911274433135986328125" lon="82.944655381143093109130859375">
        <ele>3666.199951171875</ele>
        <time>2026-08-09T04:47:43.000Z</time>
        <extensions>
          <ns3:TrackPointExtension>
            <ns3:hr>108</ns3:hr>
            <ns3:cad>0</ns3:cad>
          </ns3:TrackPointExtension>
        </extensions>
      </trkpt>
      <trkpt lat="29.1747911274433135986328125" lon="82.944655381143093109130859375">
        <ele>3666.199951171875</ele>
        <time>2026-08-09T04:47:44.000Z</time>
        <extensions>
          <ns3:TrackPointExtension>
            <ns3:hr>110</ns3:hr>
            <ns3:cad>0</ns3:cad>
          </ns3:TrackPointExtension>
        </extensions>
      </trkpt>
      <trkpt lat="29.1747911274433135986328125" lon="82.944655381143093109130859375">
        <ele>3666.199951171875</ele>
        <time>2026-08-09T04:47:46.000Z</time>
        <extensions>
          <ns3:TrackPointExtension>
            <ns3:hr>113</ns3:hr>
            <ns3:cad>0</ns3:cad>
          </ns3:TrackPointExtension>
        </extensions>
      </trkpt>
      <trkpt lat="29.1747911274433135986328125" lon="82.944655381143093109130859375">
        <ele>3666.199951171875</ele>
        <time>2026-08-09T04:47:50.000Z</time>
        <extensions>
          <ns3:TrackPointExtension>
            <ns3:hr>112</ns3:hr>
            <ns3:cad>0</ns3:cad>
          </ns3:TrackPointExtension>
        </extensions>
      </trkpt>
      <trkpt lat="29.17478852905333042144775390625" lon="82.94468714855611324310302734375">
        <ele>3667</ele>
        <time>2026-08-09T04:47:57.000Z</time>
        <extensions>
          <ns3:TrackPointExtension>
            <ns3:hr>112</ns3:hr>
            <ns3:cad>0</ns3:cad>
          </ns3:TrackPointExtension>
        </extensions>
      </trkpt>
      <trkpt lat="29.17478769086301326751708984375" lon="82.94469284825026988983154296875">
        <ele>3667.39990234375</ele>
        <time>2026-08-09T04:47:59.000Z</time>
        <extensions>
          <ns3:TrackPointExtension>
            <ns3:hr>112</ns3:hr>
            <ns3:cad>0</ns3:cad>
          </ns3:TrackPointExtension>
        </extensions>
      </trkpt>
      <trkpt lat="29.174779392778873443603515625" lon="82.94471061788499355316162109375">
        <ele>3667.800048828125</ele>
        <time>2026-08-09T04:48:02.000Z</time>
        <extensions>
          <ns3:TrackPointExtension>
            <ns3:hr>115</ns3:hr>
            <ns3:cad>0</ns3:cad>
          </ns3:TrackPointExtension>
        </extensions>
      </trkpt>
      <trkpt lat="29.1747765429317951202392578125" lon="82.9447125457227230072021484375">
        <ele>3668.199951171875</ele>
        <time>2026-08-09T04:48:04.000Z</time>
        <extensions>
          <ns3:TrackPointExtension>
            <ns3:hr>118</ns3:hr>
            <ns3:cad>0</ns3:cad>
          </ns3:TrackPointExtension>
        </extensions>
      </trkpt>
      <trkpt lat="29.1747634671628475189208984375" lon="82.94473542831838130950927734375">
        <ele>3668.39990234375</ele>
        <time>2026-08-09T04:48:07.000Z</time>
        <extensions>
          <ns3:TrackPointExtension>
            <ns3:hr>119</ns3:hr>
            <ns3:cad>0</ns3:cad>
          </ns3:TrackPointExtension>
        </extensions>
      </trkpt>
      <trkpt lat="29.1747537441551685333251953125" lon="82.94475554488599300384521484375">
        <ele>3668.60009765625</ele>
        <time>2026-08-09T04:48:10.000Z</time>
        <extensions>
          <ns3:TrackPointExtension>
            <ns3:hr>120</ns3:hr>
            <ns3:cad>0</ns3:cad>
          </ns3:TrackPointExtension>
        </extensions>
      </trkpt>
      <trkpt lat="29.1747524030506610870361328125" lon="82.94478488154709339141845703125">
        <ele>3669.60009765625</ele>
        <time>2026-08-09T04:48:15.000Z</time>
        <extensions>
          <ns3:TrackPointExtension>
            <ns3:hr>119</ns3:hr>
            <ns3:cad>0</ns3:cad>
          </ns3:TrackPointExtension>
        </extensions>
      </trkpt>
      <trkpt lat="29.1747443564236164093017578125" lon="82.9448127932846546173095703125">
        <ele>3670.60009765625</ele>
        <time>2026-08-09T04:48:21.000Z</time>
        <extensions>
          <ns3:TrackPointExtension>
            <ns3:hr>118</ns3:hr>
            <ns3:cad>0</ns3:cad>
          </ns3:TrackPointExtension>
        </extensions>
      </trkpt>
      <trkpt lat="29.1747410036623477935791015625" lon="82.94481421820819377899169921875">
        <ele>3670.60009765625</ele>
        <time>2026-08-09T04:48:22.000Z</time>
        <extensions>
          <ns3:TrackPointExtension>
            <ns3:hr>118</ns3:hr>
            <ns3:cad>0</ns3:cad>
          </ns3:TrackPointExtension>
        </extensions>
      </trkpt>
      <trkpt lat="29.174733124673366546630859375" lon="82.9448268748819828033447265625">
        <ele>3671.199951171875</ele>
        <time>2026-08-09T04:48:26.000Z</time>
        <extensions>
          <ns3:TrackPointExtension>
            <ns3:hr>119</ns3:hr>
            <ns3:cad>0</ns3:cad>
          </ns3:TrackPointExtension>
        </extensions>
      </trkpt>
      <trkpt lat="29.17472315020859241485595703125" lon="82.94484942220151424407958984375">
        <ele>3671.800048828125</ele>
        <time>2026-08-09T04:48:30.000Z</time>
        <extensions>
          <ns3:TrackPointExtension>
            <ns3:hr>119</ns3:hr>
            <ns3:cad>0</ns3:cad>
          </ns3:TrackPointExtension>
        </extensions>
      </trkpt>
      <trkpt lat="29.17472046799957752227783203125" lon="82.9448503442108631134033203125">
        <ele>3671.800048828125</ele>
        <time>2026-08-09T04:48:31.000Z</time>
        <extensions>
          <ns3:TrackPointExtension>
            <ns3:hr>120</ns3:hr>
            <ns3:cad>0</ns3:cad>
          </ns3:TrackPointExtension>
        </extensions>
      </trkpt>
      <trkpt lat="29.17471795342862606048583984375" lon="82.94485696591436862945556640625">
        <ele>3672.60009765625</ele>
        <time>2026-08-09T04:48:34.000Z</time>
        <extensions>
          <ns3:TrackPointExtension>
            <ns3:hr>124</ns3:hr>
            <ns3:cad>0</ns3:cad>
          </ns3:TrackPointExtension>
        </extensions>
      </trkpt>
      <trkpt lat="29.174717366695404052734375" lon="82.94485948048532009124755859375">
        <ele>3672.800048828125</ele>
        <time>2026-08-09T04:48:35.000Z</time>
        <extensions>
          <ns3:TrackPointExtension>
            <ns3:hr>124</ns3:hr>
            <ns3:cad>0</ns3:cad>
          </ns3:TrackPointExtension>
        </extensions>
      </trkpt>
      <trkpt lat="29.1747135110199451446533203125" lon="82.9448637552559375762939453125">
        <ele>3673</ele>
        <time>2026-08-09T04:48:36.000Z</time>
        <extensions>
          <ns3:TrackPointExtension>
            <ns3:hr>124</ns3:hr>
            <ns3:cad>0</ns3:cad>
          </ns3:TrackPointExtension>
        </extensions>
      </trkpt>
      <trkpt lat="29.17470328509807586669921875" lon="82.9448781721293926239013671875">
        <ele>3673.800048828125</ele>
        <time>2026-08-09T04:48:40.000Z</time>
        <extensions>
          <ns3:TrackPointExtension>
            <ns3:hr>125</ns3:hr>
            <ns3:cad>0</ns3:cad>
          </ns3:TrackPointExtension>
        </extensions>
      </trkpt>
      <trkpt lat="29.17470219545066356658935546875" lon="82.9448872245848178863525390625">
        <ele>3674.39990234375</ele>
        <time>2026-08-09T04:48:43.000Z</time>
        <extensions>
          <ns3:TrackPointExtension>
            <ns3:hr>126</ns3:hr>
            <ns3:cad>0</ns3:cad>
          </ns3:TrackPointExtension>
        </extensions>
      </trkpt>
      <trkpt lat="29.1746967472136020660400390625" lon="82.94490105472505092620849609375">
        <ele>3675</ele>
        <time>2026-08-09T04:48:46.000Z</time>
        <extensions>
          <ns3:TrackPointExtension>
            <ns3:hr>127</ns3:hr>
            <ns3:cad>0</ns3:cad>
          </ns3:TrackPointExtension>
        </extensions>
      </trkpt>
      <trkpt lat="29.17469046078622341156005859375" lon="82.944910861551761627197265625">
        <ele>3675.60009765625</ele>
        <time>2026-08-09T04:48:49.000Z</time>
        <extensions>
          <ns3:TrackPointExtension>
            <ns3:hr>127</ns3:hr>
            <ns3:cad>0</ns3:cad>
          </ns3:TrackPointExtension>
        </extensions>
      </trkpt>
      <trkpt lat="29.17468727566301822662353515625" lon="82.9449210874736309051513671875">
        <ele>3676.199951171875</ele>
        <time>2026-08-09T04:48:52.000Z</time>
        <extensions>
          <ns3:TrackPointExtension>
            <ns3:hr>126</ns3:hr>
            <ns3:cad>0</ns3:cad>
          </ns3:TrackPointExtension>
        </extensions>
      </trkpt>
      <trkpt lat="29.1746752895414829254150390625" lon="82.94493005611002445220947265625">
        <ele>3677.199951171875</ele>
        <time>2026-08-09T04:48:56.000Z</time>
        <extensions>
          <ns3:TrackPointExtension>
            <ns3:hr>125</ns3:hr>
            <ns3:cad>0</ns3:cad>
          </ns3:TrackPointExtension>
        </extensions>
      </trkpt>
      <trkpt lat="29.17466707527637481689453125" lon="82.9449479095637798309326171875">
        <ele>3678</ele>
        <time>2026-08-09T04:49:01.000Z</time>
        <extensions>
          <ns3:TrackPointExtension>
            <ns3:hr>122</ns3:hr>
            <ns3:cad>0</ns3:cad>
          </ns3:TrackPointExtension>
        </extensions>
      </trkpt>
      <trkpt lat="29.17466430924832820892333984375" lon="82.9449532739818096160888671875">
        <ele>3678.199951171875</ele>
        <time>2026-08-09T04:49:02.000Z</time>
        <extensions>
          <ns3:TrackPointExtension>
            <ns3:hr>122</ns3:hr>
            <ns3:cad>0</ns3:cad>
          </ns3:TrackPointExtension>
        </extensions>
      </trkpt>
      <trkpt lat="29.1746464557945728302001953125" lon="82.9449780844151973724365234375">
        <ele>3679.199951171875</ele>
        <time>2026-08-09T04:49:08.000Z</time>
        <extensions>
          <ns3:TrackPointExtension>
            <ns3:hr>125</ns3:hr>
            <ns3:cad>0</ns3:cad>
          </ns3:TrackPointExtension>
        </extensions>
      </trkpt>
      <trkpt lat="29.17464586906135082244873046875" lon="82.94498085044324398040771484375">
        <ele>3679.39990234375</ele>
        <time>2026-08-09T04:49:09.000Z</time>
        <extensions>
          <ns3:TrackPointExtension>
            <ns3:hr>126</ns3:hr>
            <ns3:cad>0</ns3:cad>
          </ns3:TrackPointExtension>
        </extensions>
      </trkpt>
      <trkpt lat="29.1746384091675281524658203125" lon="82.9449951834976673126220703125">
        <ele>3680</ele>
        <time>2026-08-09T04:49:13.000Z</time>
        <extensions>
          <ns3:TrackPointExtension>
            <ns3:hr>127</ns3:hr>
            <ns3:cad>0</ns3:cad>
          </ns3:TrackPointExtension>
        </extensions>
      </trkpt>
      <trkpt lat="29.17462843470275402069091796875" lon="82.9450176469981670379638671875">
        <ele>3680.39990234375</ele>
        <time>2026-08-09T04:49:16.000Z</time>
        <extensions>
          <ns3:TrackPointExtension>
            <ns3:hr>130</ns3:hr>
            <ns3:cad>0</ns3:cad>
          </ns3:TrackPointExtension>
        </extensions>
      </trkpt>
      <trkpt lat="29.17462550103664398193359375" lon="82.9450220055878162384033203125">
        <ele>3680.800048828125</ele>
        <time>2026-08-09T04:49:18.000Z</time>
        <extensions>
          <ns3:TrackPointExtension>
            <ns3:hr>132</ns3:hr>
            <ns3:cad>0</ns3:cad>
          </ns3:TrackPointExtension>
        </extensions>
      </trkpt>
      <trkpt lat="29.17461653240025043487548828125" lon="82.94503591954708099365234375">
        <ele>3681.39990234375</ele>
        <time>2026-08-09T04:49:21.000Z</time>
        <extensions>
          <ns3:TrackPointExtension>
            <ns3:hr>134</ns3:hr>
            <ns3:cad>0</ns3:cad>
          </ns3:TrackPointExtension>
        </extensions>
      </trkpt>
      <trkpt lat="29.17461477220058441162109375" lon="82.94503667391836643218994140625">
        <ele>3681.39990234375</ele>
        <time>2026-08-09T04:49:23.000Z</time>
        <extensions>
          <ns3:TrackPointExtension>
            <ns3:hr>135</ns3:hr>
            <ns3:cad>0</ns3:cad>
          </ns3:TrackPointExtension>
        </extensions>
      </trkpt>
      <trkpt lat="29.17460211552679538726806640625" lon="82.94507271610200405120849609375">
        <ele>3682</ele>
        <time>2026-08-09T04:49:29.000Z</time>
        <extensions>
          <ns3:TrackPointExtension>
            <ns3:hr>135</ns3:hr>
            <ns3:cad>0</ns3:cad>
          </ns3:TrackPointExtension>
        </extensions>
      </trkpt>
      <trkpt lat="29.1745978407561779022216796875" lon="82.9450924135744571685791015625">
        <ele>3682.39990234375</ele>
        <time>2026-08-09T04:49:32.000Z</time>
        <extensions>
          <ns3:TrackPointExtension>
            <ns3:hr>134</ns3:hr>
            <ns3:cad>0</ns3:cad>
          </ns3:TrackPointExtension>
        </extensions>
      </trkpt>
      <trkpt lat="29.17459373362362384796142578125" lon="82.94510456733405590057373046875">
        <ele>3682.60009765625</ele>
        <time>2026-08-09T04:49:35.000Z</time>
        <extensions>
          <ns3:TrackPointExtension>
            <ns3:hr>135</ns3:hr>
            <ns3:cad>0</ns3:cad>
          </ns3:TrackPointExtension>
        </extensions>
      </trkpt>
      <trkpt lat="29.17457043193280696868896484375" lon="82.945133149623870849609375">
        <ele>3683.60009765625</ele>
        <time>2026-08-09T04:49:41.000Z</time>
        <extensions>
          <ns3:TrackPointExtension>
            <ns3:hr>134</ns3:hr>
            <ns3:cad>0</ns3:cad>
          </ns3:TrackPointExtension>
        </extensions>
      </trkpt>
      <trkpt lat="29.17454310692846775054931640625" lon="82.94515930116176605224609375">
        <ele>3683.800048828125</ele>
        <time>2026-08-09T04:49:46.000Z</time>
        <extensions>
          <ns3:TrackPointExtension>
            <ns3:hr>137</ns3:hr>
            <ns3:cad>0</ns3:cad>
          </ns3:TrackPointExtension>
        </extensions>
      </trkpt>
      <trkpt lat="29.17453640140593051910400390625" lon="82.94516910798847675323486328125">
        <ele>3683.800048828125</ele>
        <time>2026-08-09T04:49:48.000Z</time>
        <extensions>
          <ns3:TrackPointExtension>
            <ns3:hr>137</ns3:hr>
            <ns3:cad>0</ns3:cad>
          </ns3:TrackPointExtension>
        </extensions>
      </trkpt>
      <trkpt lat="29.1745113395154476165771484375" lon="82.9452033899724483489990234375">
        <ele>3684</ele>
        <time>2026-08-09T04:49:54.000Z</time>
        <extensions>
          <ns3:TrackPointExtension>
            <ns3:hr>137</ns3:hr>
            <ns3:cad>0</ns3:cad>
          </ns3:TrackPointExtension>
        </extensions>
      </trkpt>
      <trkpt lat="29.17448870837688446044921875" lon="82.945235408842563629150390625">
        <ele>3684</ele>
        <time>2026-08-09T04:50:00.000Z</time>
        <extensions>
          <ns3:TrackPointExtension>
            <ns3:hr>134</ns3:hr>
            <ns3:cad>0</ns3:cad>
          </ns3:TrackPointExtension>
        </extensions>
      </trkpt>
      <trkpt lat="29.174480326473712921142578125" lon="82.9452566988766193389892578125">
        <ele>3684.60009765625</ele>
        <time>2026-08-09T04:50:04.000Z</time>
        <extensions>
          <ns3:TrackPointExtension>
            <ns3:hr>136</ns3:hr>
            <ns3:cad>0</ns3:cad>
          </ns3:TrackPointExtension>
        </extensions>
      </trkpt>
      <trkpt lat="29.1744670830667018890380859375" lon="82.9452694393694400787353515625">
        <ele>3685.199951171875</ele>
        <time>2026-08-09T04:50:07.000Z</time>
        <extensions>
          <ns3:TrackPointExtension>
            <ns3:hr>137</ns3:hr>
            <ns3:cad>0</ns3:cad>
          </ns3:TrackPointExtension>
        </extensions>
      </trkpt>
      <trkpt lat="29.17446129955351352691650390625" lon="82.9452764801681041717529296875">
        <ele>3685.60009765625</ele>
        <time>2026-08-09T04:50:09.000Z</time>
        <extensions>
          <ns3:TrackPointExtension>
            <ns3:hr>137</ns3:hr>
            <ns3:cad>0</ns3:cad>
          </ns3:TrackPointExtension>
        </extensions>
      </trkpt>
      <trkpt lat="29.174454845488071441650390625" lon="82.9452841915190219879150390625">
        <ele>3686</ele>
        <time>2026-08-09T04:50:12.000Z</time>
        <extensions>
          <ns3:TrackPointExtension>
            <ns3:hr>140</ns3:hr>
            <ns3:cad>0</ns3:cad>
          </ns3:TrackPointExtension>
        </extensions>
      </trkpt>
      <trkpt lat="29.17445073835551738739013671875" lon="82.9452835209667682647705078125">
        <ele>3686.199951171875</ele>
        <time>2026-08-09T04:50:13.000Z</time>
        <extensions>
          <ns3:TrackPointExtension>
            <ns3:hr>140</ns3:hr>
            <ns3:cad>0</ns3:cad>
          </ns3:TrackPointExtension>
        </extensions>
      </trkpt>
      <trkpt lat="29.17444319464266300201416015625" lon="82.94529751874506473541259765625">
        <ele>3686.60009765625</ele>
        <time>2026-08-09T04:50:16.000Z</time>
        <extensions>
          <ns3:TrackPointExtension>
            <ns3:hr>137</ns3:hr>
            <ns3:cad>0</ns3:cad>
          </ns3:TrackPointExtension>
        </extensions>
      </trkpt>
      <trkpt lat="29.1744402609765529632568359375" lon="82.94529584236443042755126953125">
        <ele>3686.800048828125</ele>
        <time>2026-08-09T04:50:18.000Z</time>
        <extensions>
          <ns3:TrackPointExtension>
            <ns3:hr>135</ns3:hr>
            <ns3:cad>0</ns3:cad>
          </ns3:TrackPointExtension>
        </extensions>
      </trkpt>
      <trkpt lat="29.1744258441030979156494140625" lon="82.94532291591167449951171875">
        <ele>3687.39990234375</ele>
        <time>2026-08-09T04:50:23.000Z</time>
        <extensions>
          <ns3:TrackPointExtension>
            <ns3:hr>135</ns3:hr>
            <ns3:cad>0</ns3:cad>
          </ns3:TrackPointExtension>
        </extensions>
      </trkpt>
      <trkpt lat="29.17442307807505130767822265625" lon="82.94533020816743373870849609375">
        <ele>3687.800048828125</ele>
        <time>2026-08-09T04:50:25.000Z</time>
        <extensions>
          <ns3:TrackPointExtension>
            <ns3:hr>136</ns3:hr>
            <ns3:cad>0</ns3:cad>
          </ns3:TrackPointExtension>
        </extensions>
      </trkpt>
      <trkpt lat="29.174417294561862945556640625" lon="82.9453395120799541473388671875">
        <ele>3688</ele>
        <time>2026-08-09T04:50:29.000Z</time>
        <extensions>
          <ns3:TrackPointExtension>
            <ns3:hr>136</ns3:hr>
            <ns3:cad>0</ns3:cad>
          </ns3:TrackPointExtension>
        </extensions>
      </trkpt>
      <trkpt lat="29.1744047217071056365966796875" lon="82.94535837136209011077880859375">
        <ele>3688.800048828125</ele>
        <time>2026-08-09T04:50:35.000Z</time>
        <extensions>
          <ns3:TrackPointExtension>
            <ns3:hr>134</ns3:hr>
            <ns3:cad>0</ns3:cad>
          </ns3:TrackPointExtension>
        </extensions>
      </trkpt>
      <trkpt lat="29.17440597899258136749267578125" lon="82.94536356814205646514892578125">
        <ele>3689</ele>
        <time>2026-08-09T04:50:36.000Z</time>
        <extensions>
          <ns3:TrackPointExtension>
            <ns3:hr>134</ns3:hr>
            <ns3:cad>0</ns3:cad>
          </ns3:TrackPointExtension>
        </extensions>
      </trkpt>
      <trkpt lat="29.17440044693648815155029296875" lon="82.94538058340549468994140625">
        <ele>3689.800048828125</ele>
        <time>2026-08-09T04:50:42.000Z</time>
        <extensions>
          <ns3:TrackPointExtension>
            <ns3:hr>134</ns3:hr>
            <ns3:cad>0</ns3:cad>
          </ns3:TrackPointExtension>
        </extensions>
      </trkpt>
      <trkpt lat="29.17439944110810756683349609375" lon="82.94538284651935100555419921875">
        <ele>3690.199951171875</ele>
        <time>2026-08-09T04:50:44.000Z</time>
        <extensions>
          <ns3:TrackPointExtension>
            <ns3:hr>133</ns3:hr>
            <ns3:cad>0</ns3:cad>
          </ns3:TrackPointExtension>
        </extensions>
      </trkpt>
      <trkpt lat="29.1743914783000946044921875" lon="82.9454005323350429534912109375">
        <ele>3690.800048828125</ele>
        <time>2026-08-09T04:50:48.000Z</time>
        <extensions>
          <ns3:TrackPointExtension>
            <ns3:hr>136</ns3:hr>
            <ns3:cad>0</ns3:cad>
          </ns3:TrackPointExtension>
        </extensions>
      </trkpt>
      <trkpt lat="29.17438368313014507293701171875" lon="82.945411764085292816162109375">
        <ele>3691</ele>
        <time>2026-08-09T04:50:51.000Z</time>
        <extensions>
          <ns3:TrackPointExtension>
            <ns3:hr>137</ns3:hr>
            <ns3:cad>0</ns3:cad>
          </ns3:TrackPointExtension>
        </extensions>
      </trkpt>
      <trkpt lat="29.17437161318957805633544921875" lon="82.94543112628161907196044921875">
        <ele>3691.800048828125</ele>
        <time>2026-08-09T04:50:58.000Z</time>
        <extensions>
          <ns3:TrackPointExtension>
            <ns3:hr>137</ns3:hr>
            <ns3:cad>0</ns3:cad>
          </ns3:TrackPointExtension>
        </extensions>
      </trkpt>
      <trkpt lat="29.17437010444700717926025390625" lon="82.94543280266225337982177734375">
        <ele>3692</ele>
        <time>2026-08-09T04:50:59.000Z</time>
        <extensions>
          <ns3:TrackPointExtension>
            <ns3:hr>137</ns3:hr>
            <ns3:cad>0</ns3:cad>
          </ns3:TrackPointExtension>
        </extensions>
      </trkpt>
      <trkpt lat="29.17436189018189907073974609375" lon="82.94544721953570842742919921875">
        <ele>3692.800048828125</ele>
        <time>2026-08-09T04:51:05.000Z</time>
        <extensions>
          <ns3:TrackPointExtension>
            <ns3:hr>137</ns3:hr>
            <ns3:cad>0</ns3:cad>
          </ns3:TrackPointExtension>
        </extensions>
      </trkpt>
      <trkpt lat="29.17436155490577220916748046875" lon="82.94544738717377185821533203125">
        <ele>3693</ele>
        <time>2026-08-09T04:51:07.000Z</time>
        <extensions>
          <ns3:TrackPointExtension>
            <ns3:hr>136</ns3:hr>
            <ns3:cad>0</ns3:cad>
          </ns3:TrackPointExtension>
        </extensions>
      </trkpt>
      <trkpt lat="29.1743457131087779998779296875" lon="82.94546767137944698333740234375">
        <ele>3693.39990234375</ele>
        <time>2026-08-09T04:51:12.000Z</time>
        <extensions>
          <ns3:TrackPointExtension>
            <ns3:hr>136</ns3:hr>
            <ns3:cad>0</ns3:cad>
          </ns3:TrackPointExtension>
        </extensions>
      </trkpt>
      <trkpt lat="29.17434009723365306854248046875" lon="82.94547420926392078399658203125">
        <ele>3694</ele>
        <time>2026-08-09T04:51:16.000Z</time>
        <extensions>
          <ns3:TrackPointExtension>
            <ns3:hr>137</ns3:hr>
            <ns3:cad>0</ns3:cad>
          </ns3:TrackPointExtension>
        </extensions>
      </trkpt>
      <trkpt lat="29.17433917522430419921875" lon="82.94547923840582370758056640625">
        <ele>3694.199951171875</ele>
        <time>2026-08-09T04:51:18.000Z</time>
        <extensions>
          <ns3:TrackPointExtension>
            <ns3:hr>137</ns3:hr>
            <ns3:cad>0</ns3:cad>
          </ns3:TrackPointExtension>
        </extensions>
      </trkpt>
      <trkpt lat="29.17431964538991451263427734375" lon="82.94550086371600627899169921875">
        <ele>3694.800048828125</ele>
        <time>2026-08-09T04:51:24.000Z</time>
        <extensions>
          <ns3:TrackPointExtension>
            <ns3:hr>139</ns3:hr>
            <ns3:cad>0</ns3:cad>
          </ns3:TrackPointExtension>
        </extensions>
      </trkpt>
      <trkpt lat="29.17430891655385494232177734375" lon="82.94551662169396877288818359375">
        <ele>3695.199951171875</ele>
        <time>2026-08-09T04:51:27.000Z</time>
        <extensions>
          <ns3:TrackPointExtension>
            <ns3:hr>139</ns3:hr>
            <ns3:cad>0</ns3:cad>
          </ns3:TrackPointExtension>
        </extensions>
      </trkpt>
      <trkpt lat="29.17429693043231964111328125" lon="82.9455416835844516754150390625">
        <ele>3695.60009765625</ele>
        <time>2026-08-09T04:51:31.000Z</time>
        <extensions>
          <ns3:TrackPointExtension>
            <ns3:hr>138</ns3:hr>
            <ns3:cad>0</ns3:cad>
          </ns3:TrackPointExtension>
        </extensions>
      </trkpt>
      <trkpt lat="29.17427924461662769317626953125" lon="82.94556724838912487030029296875">
        <ele>3696</ele>
        <time>2026-08-09T04:51:38.000Z</time>
        <extensions>
          <ns3:TrackPointExtension>
            <ns3:hr>136</ns3:hr>
            <ns3:cad>0</ns3:cad>
          </ns3:TrackPointExtension>
        </extensions>
      </trkpt>
      <trkpt lat="29.1742699407041072845458984375" lon="82.94557898305356502532958984375">
        <ele>3696.199951171875</ele>
        <time>2026-08-09T04:51:41.000Z</time>
        <extensions>
          <ns3:TrackPointExtension>
            <ns3:hr>137</ns3:hr>
            <ns3:cad>0</ns3:cad>
          </ns3:TrackPointExtension>
        </extensions>
      </trkpt>
      <trkpt lat="29.1742665879428386688232421875" lon="82.945586107671260833740234375">
        <ele>3696.39990234375</ele>
        <time>2026-08-09T04:51:43.000Z</time>
        <extensions>
          <ns3:TrackPointExtension>
            <ns3:hr>136</ns3:hr>
            <ns3:cad>0</ns3:cad>
          </ns3:TrackPointExtension>
        </extensions>
      </trkpt>
      <trkpt lat="29.17426650412380695343017578125" lon="82.9455869458615779876708984375">
        <ele>3697.199951171875</ele>
        <time>2026-08-09T04:51:47.000Z</time>
        <extensions>
          <ns3:TrackPointExtension>
            <ns3:hr>134</ns3:hr>
            <ns3:cad>0</ns3:cad>
          </ns3:TrackPointExtension>
        </extensions>
      </trkpt>
      <trkpt lat="29.1742615588009357452392578125" lon="82.94560345821082592010498046875">
        <ele>3697.199951171875</ele>
        <time>2026-08-09T04:51:50.000Z</time>
        <extensions>
          <ns3:TrackPointExtension>
            <ns3:hr>133</ns3:hr>
            <ns3:cad>0</ns3:cad>
          </ns3:TrackPointExtension>
        </extensions>
      </trkpt>
      <trkpt lat="29.17424873448908329010009765625" lon="82.94563136994838714599609375">
        <ele>3698.39990234375</ele>
        <time>2026-08-09T04:51:58.000Z</time>
        <extensions>
          <ns3:TrackPointExtension>
            <ns3:hr>133</ns3:hr>
            <ns3:cad>0</ns3:cad>
          </ns3:TrackPointExtension>
        </extensions>
      </trkpt>
      <trkpt lat="29.17424202896654605865478515625" lon="82.9456506483256816864013671875">
        <ele>3699.60009765625</ele>
        <time>2026-08-09T04:52:04.000Z</time>
        <extensions>
          <ns3:TrackPointExtension>
            <ns3:hr>135</ns3:hr>
            <ns3:cad>0</ns3:cad>
          </ns3:TrackPointExtension>
        </extensions>
      </trkpt>
      <trkpt lat="29.1742412745952606201171875" lon="82.945653498172760009765625">
        <ele>3699.800048828125</ele>
        <time>2026-08-09T04:52:05.000Z</time>
        <extensions>
          <ns3:TrackPointExtension>
            <ns3:hr>134</ns3:hr>
            <ns3:cad>0</ns3:cad>
          </ns3:TrackPointExtension>
        </extensions>
      </trkpt>
      <trkpt lat="29.1742276959121227264404296875" lon="82.945678643882274627685546875">
        <ele>3700.800048828125</ele>
        <time>2026-08-09T04:52:10.000Z</time>
        <extensions>
          <ns3:TrackPointExtension>
            <ns3:hr>135</ns3:hr>
            <ns3:cad>0</ns3:cad>
          </ns3:TrackPointExtension>
        </extensions>
      </trkpt>
      <trkpt lat="29.17422442696988582611083984375" lon="82.94569306075572967529296875">
        <ele>3701</ele>
        <time>2026-08-09T04:52:12.000Z</time>
        <extensions>
          <ns3:TrackPointExtension>
            <ns3:hr>135</ns3:hr>
            <ns3:cad>0</ns3:cad>
          </ns3:TrackPointExtension>
        </extensions>
      </trkpt>
      <trkpt lat="29.1742095910012722015380859375" lon="82.94572055339813232421875">
        <ele>3701.800048828125</ele>
        <time>2026-08-09T04:52:18.000Z</time>
        <extensions>
          <ns3:TrackPointExtension>
            <ns3:hr>136</ns3:hr>
            <ns3:cad>0</ns3:cad>
          </ns3:TrackPointExtension>
        </extensions>
      </trkpt>
      <trkpt lat="29.1741981916129589080810546875" lon="82.94573857448995113372802734375">
        <ele>3702.39990234375</ele>
        <time>2026-08-09T04:52:24.000Z</time>
        <extensions>
          <ns3:TrackPointExtension>
            <ns3:hr>137</ns3:hr>
            <ns3:cad>0</ns3:cad>
          </ns3:TrackPointExtension>
        </extensions>
      </trkpt>
      <trkpt lat="29.17419592849910259246826171875" lon="82.94574737548828125">
        <ele>3703</ele>
        <time>2026-08-09T04:52:28.000Z</time>
        <extensions>
          <ns3:TrackPointExtension>
            <ns3:hr>136</ns3:hr>
            <ns3:cad>0</ns3:cad>
          </ns3:TrackPointExtension>
        </extensions>
      </trkpt>
      <trkpt lat="29.17418503202497959136962890625" lon="82.94576137326657772064208984375">
        <ele>3703.60009765625</ele>
        <time>2026-08-09T04:52:31.000Z</time>
        <extensions>
          <ns3:TrackPointExtension>
            <ns3:hr>135</ns3:hr>
            <ns3:cad>0</ns3:cad>
          </ns3:TrackPointExtension>
        </extensions>
      </trkpt>
      <trkpt lat="29.1741810925304889678955078125" lon="82.945775203406810760498046875">
        <ele>3704</ele>
        <time>2026-08-09T04:52:36.000Z</time>
        <extensions>
          <ns3:TrackPointExtension>
            <ns3:hr>136</ns3:hr>
            <ns3:cad>0</ns3:cad>
          </ns3:TrackPointExtension>
        </extensions>
      </trkpt>
      <trkpt lat="29.174176566302776336669921875" lon="82.94578081928193569183349609375">
        <ele>3704.39990234375</ele>
        <time>2026-08-09T04:52:38.000Z</time>
        <extensions>
          <ns3:TrackPointExtension>
            <ns3:hr>136</ns3:hr>
            <ns3:cad>0</ns3:cad>
          </ns3:TrackPointExtension>
        </extensions>
      </trkpt>
      <trkpt lat="29.1741810925304889678955078125" lon="82.94578819535672664642333984375">
        <ele>3705.199951171875</ele>
        <time>2026-08-09T04:52:41.000Z</time>
        <extensions>
          <ns3:TrackPointExtension>
            <ns3:hr>137</ns3:hr>
            <ns3:cad>0</ns3:cad>
          </ns3:TrackPointExtension>
        </extensions>
      </trkpt>
      <trkpt lat="29.174178577959537506103515625" lon="82.94581032358109951019287109375">
        <ele>3705.60009765625</ele>
        <time>2026-08-09T04:52:46.000Z</time>
        <extensions>
          <ns3:TrackPointExtension>
            <ns3:hr>136</ns3:hr>
            <ns3:cad>0</ns3:cad>
          </ns3:TrackPointExtension>
        </extensions>
      </trkpt>
      <trkpt lat="29.174175225198268890380859375" lon="82.9458213038742542266845703125">
        <ele>3706</ele>
        <time>2026-08-09T04:52:49.000Z</time>
        <extensions>
          <ns3:TrackPointExtension>
            <ns3:hr>139</ns3:hr>
            <ns3:cad>0</ns3:cad>
          </ns3:TrackPointExtension>
        </extensions>
      </trkpt>
      <trkpt lat="29.1741760633885860443115234375" lon="82.94582725502550601959228515625">
        <ele>3706.39990234375</ele>
        <time>2026-08-09T04:52:51.000Z</time>
        <extensions>
          <ns3:TrackPointExtension>
            <ns3:hr>140</ns3:hr>
            <ns3:cad>0</ns3:cad>
          </ns3:TrackPointExtension>
        </extensions>
      </trkpt>
      <trkpt lat="29.1741760633885860443115234375" lon="82.94582725502550601959228515625">
        <ele>3707.199951171875</ele>
        <time>2026-08-09T04:52:53.000Z</time>
        <extensions>
          <ns3:TrackPointExtension>
            <ns3:hr>139</ns3:hr>
            <ns3:cad>0</ns3:cad>
          </ns3:TrackPointExtension>
        </extensions>
      </trkpt>
      <trkpt lat="29.1741760633885860443115234375" lon="82.94582725502550601959228515625">
        <ele>3707.60009765625</ele>
        <time>2026-08-09T04:52:55.000Z</time>
        <extensions>
          <ns3:TrackPointExtension>
            <ns3:hr>139</ns3:hr>
            <ns3:cad>0</ns3:cad>
          </ns3:TrackPointExtension>
        </extensions>
      </trkpt>
      <trkpt lat="29.17418335564434528350830078125" lon="82.94584318064153194427490234375">
        <ele>3708.199951171875</ele>
        <time>2026-08-09T04:52:59.000Z</time>
        <extensions>
          <ns3:TrackPointExtension>
            <ns3:hr>138</ns3:hr>
            <ns3:cad>0</ns3:cad>
          </ns3:TrackPointExtension>
        </extensions>
      </trkpt>
      <trkpt lat="29.17417765595018863677978515625" lon="82.94586111791431903839111328125">
        <ele>3708.199951171875</ele>
        <time>2026-08-09T04:53:05.000Z</time>
        <extensions>
          <ns3:TrackPointExtension>
            <ns3:hr>135</ns3:hr>
            <ns3:cad>0</ns3:cad>
          </ns3:TrackPointExtension>
        </extensions>
      </trkpt>
      <trkpt lat="29.17417497374117374420166015625" lon="82.94587084092199802398681640625">
        <ele>3709</ele>
        <time>2026-08-09T04:53:08.000Z</time>
        <extensions>
          <ns3:TrackPointExtension>
            <ns3:hr>136</ns3:hr>
            <ns3:cad>0</ns3:cad>
          </ns3:TrackPointExtension>
        </extensions>
      </trkpt>
      <trkpt lat="29.1741696931421756744384765625" lon="82.9458900354802608489990234375">
        <ele>3709.60009765625</ele>
        <time>2026-08-09T04:53:15.000Z</time>
        <extensions>
          <ns3:TrackPointExtension>
            <ns3:hr>136</ns3:hr>
            <ns3:cad>0</ns3:cad>
          </ns3:TrackPointExtension>
        </extensions>
      </trkpt>
      <trkpt lat="29.1741696931421756744384765625" lon="82.9458900354802608489990234375">
        <ele>3710</ele>
        <time>2026-08-09T04:53:17.000Z</time>
        <extensions>
          <ns3:TrackPointExtension>
            <ns3:hr>136</ns3:hr>
            <ns3:cad>0</ns3:cad>
          </ns3:TrackPointExtension>
        </extensions>
      </trkpt>
      <trkpt lat="29.174163155257701873779296875" lon="82.94591828249394893646240234375">
        <ele>3711</ele>
        <time>2026-08-09T04:53:22.000Z</time>
        <extensions>
          <ns3:TrackPointExtension>
            <ns3:hr>135</ns3:hr>
            <ns3:cad>0</ns3:cad>
          </ns3:TrackPointExtension>
        </extensions>
      </trkpt>
      <trkpt lat="29.17414731346070766448974609375" lon="82.945943176746368408203125">
        <ele>3711.800048828125</ele>
        <time>2026-08-09T04:53:29.000Z</time>
        <extensions>
          <ns3:TrackPointExtension>
            <ns3:hr>135</ns3:hr>
            <ns3:cad>0</ns3:cad>
          </ns3:TrackPointExtension>
        </extensions>
      </trkpt>
      <trkpt lat="29.17413507588207721710205078125" lon="82.945962958037853240966796875">
        <ele>3712</ele>
        <time>2026-08-09T04:53:35.000Z</time>
        <extensions>
          <ns3:TrackPointExtension>
            <ns3:hr>135</ns3:hr>
            <ns3:cad>0</ns3:cad>
          </ns3:TrackPointExtension>
        </extensions>
      </trkpt>
      <trkpt lat="29.17413088493049144744873046875" lon="82.9459815658628940582275390625">
        <ele>3712</ele>
        <time>2026-08-09T04:53:39.000Z</time>
        <extensions>
          <ns3:TrackPointExtension>
            <ns3:hr>136</ns3:hr>
            <ns3:cad>0</ns3:cad>
          </ns3:TrackPointExtension>
        </extensions>
      </trkpt>
      <trkpt lat="29.1741205751895904541015625" lon="82.94600008986890316009521484375">
        <ele>3713</ele>
        <time>2026-08-09T04:53:43.000Z</time>
        <extensions>
          <ns3:TrackPointExtension>
            <ns3:hr>136</ns3:hr>
            <ns3:cad>0</ns3:cad>
          </ns3:TrackPointExtension>
        </extensions>
      </trkpt>
      <trkpt lat="29.1741180606186389923095703125" lon="82.9460006766021251678466796875">
        <ele>3713.199951171875</ele>
        <time>2026-08-09T04:53:44.000Z</time>
        <extensions>
          <ns3:TrackPointExtension>
            <ns3:hr>136</ns3:hr>
            <ns3:cad>0</ns3:cad>
          </ns3:TrackPointExtension>
        </extensions>
      </trkpt>
      <trkpt lat="29.1741083376109600067138671875" lon="82.94601668603718280792236328125">
        <ele>3713.39990234375</ele>
        <time>2026-08-09T04:53:49.000Z</time>
        <extensions>
          <ns3:TrackPointExtension>
            <ns3:hr>137</ns3:hr>
            <ns3:cad>0</ns3:cad>
          </ns3:TrackPointExtension>
        </extensions>
      </trkpt>
      <trkpt lat="29.17410573922097682952880859375" lon="82.94601836241781711578369140625">
        <ele>3713.800048828125</ele>
        <time>2026-08-09T04:53:56.000Z</time>
        <extensions>
          <ns3:TrackPointExtension>
            <ns3:hr>138</ns3:hr>
            <ns3:cad>0</ns3:cad>
          </ns3:TrackPointExtension>
        </extensions>
      </trkpt>
      <trkpt lat="29.174106828868389129638671875" lon="82.946036048233509063720703125">
        <ele>3714.199951171875</ele>
        <time>2026-08-09T04:53:59.000Z</time>
        <extensions>
          <ns3:TrackPointExtension>
            <ns3:hr>138</ns3:hr>
            <ns3:cad>0</ns3:cad>
          </ns3:TrackPointExtension>
        </extensions>
      </trkpt>
      <trkpt lat="29.174098111689090728759765625" lon="82.94605038128793239593505859375">
        <ele>3714.60009765625</ele>
        <time>2026-08-09T04:54:02.000Z</time>
        <extensions>
          <ns3:TrackPointExtension>
            <ns3:hr>138</ns3:hr>
            <ns3:cad>0</ns3:cad>
          </ns3:TrackPointExtension>
        </extensions>
      </trkpt>
      <trkpt lat="29.17407757602632045745849609375" lon="82.94608424417674541473388671875">
        <ele>3715.199951171875</ele>
        <time>2026-08-09T04:54:09.000Z</time>
        <extensions>
          <ns3:TrackPointExtension>
            <ns3:hr>138</ns3:hr>
            <ns3:cad>0</ns3:cad>
          </ns3:TrackPointExtension>
        </extensions>
      </trkpt>
      <trkpt lat="29.1740758158266544342041015625" lon="82.9460875131189823150634765625">
        <ele>3715.39990234375</ele>
        <time>2026-08-09T04:54:10.000Z</time>
        <extensions>
          <ns3:TrackPointExtension>
            <ns3:hr>138</ns3:hr>
            <ns3:cad>0</ns3:cad>
          </ns3:TrackPointExtension>
        </extensions>
      </trkpt>
      <trkpt lat="29.17406558990478515625" lon="82.94609899632632732391357421875">
        <ele>3716.199951171875</ele>
        <time>2026-08-09T04:54:15.000Z</time>
        <extensions>
          <ns3:TrackPointExtension>
            <ns3:hr>137</ns3:hr>
            <ns3:cad>0</ns3:cad>
          </ns3:TrackPointExtension>
        </extensions>
      </trkpt>
      <trkpt lat="29.17406165041029453277587890625" lon="82.94610084034502506256103515625">
        <ele>3716.39990234375</ele>
        <time>2026-08-09T04:54:17.000Z</time>
        <extensions>
          <ns3:TrackPointExtension>
            <ns3:hr>138</ns3:hr>
            <ns3:cad>0</ns3:cad>
          </ns3:TrackPointExtension>
        </extensions>
      </trkpt>
      <trkpt lat="29.1740486584603786468505859375" lon="82.94611953198909759521484375">
        <ele>3717.199951171875</ele>
        <time>2026-08-09T04:54:21.000Z</time>
        <extensions>
          <ns3:TrackPointExtension>
            <ns3:hr>137</ns3:hr>
            <ns3:cad>0</ns3:cad>
          </ns3:TrackPointExtension>
        </extensions>
      </trkpt>
      <trkpt lat="29.17401798069477081298828125" lon="82.94614559970796108245849609375">
        <ele>3717.39990234375</ele>
        <time>2026-08-09T04:54:27.000Z</time>
        <extensions>
          <ns3:TrackPointExtension>
            <ns3:hr>138</ns3:hr>
            <ns3:cad>0</ns3:cad>
          </ns3:TrackPointExtension>
        </extensions>
      </trkpt>
      <trkpt lat="29.17401839978992938995361328125" lon="82.94615079648792743682861328125">
        <ele>3717.60009765625</ele>
        <time>2026-08-09T04:54:29.000Z</time>
        <extensions>
          <ns3:TrackPointExtension>
            <ns3:hr>137</ns3:hr>
            <ns3:cad>0</ns3:cad>
          </ns3:TrackPointExtension>
        </extensions>
      </trkpt>
      <trkpt lat="29.1740007139742374420166015625" lon="82.9461619444191455841064453125">
        <ele>3717.800048828125</ele>
        <time>2026-08-09T04:54:32.000Z</time>
        <extensions>
          <ns3:TrackPointExtension>
            <ns3:hr>137</ns3:hr>
            <ns3:cad>0</ns3:cad>
          </ns3:TrackPointExtension>
        </extensions>
      </trkpt>
      <trkpt lat="29.17397439479827880859375" lon="82.94618046842515468597412109375">
        <ele>3718</ele>
        <time>2026-08-09T04:54:38.000Z</time>
        <extensions>
          <ns3:TrackPointExtension>
            <ns3:hr>136</ns3:hr>
            <ns3:cad>0</ns3:cad>
          </ns3:TrackPointExtension>
        </extensions>
      </trkpt>
      <trkpt lat="29.1739447228610515594482421875" lon="82.9462062008678913116455078125">
        <ele>3718.800048828125</ele>
        <time>2026-08-09T04:54:44.000Z</time>
        <extensions>
          <ns3:TrackPointExtension>
            <ns3:hr>136</ns3:hr>
            <ns3:cad>0</ns3:cad>
          </ns3:TrackPointExtension>
        </extensions>
      </trkpt>
      <trkpt lat="29.17392804287374019622802734375" lon="82.94623025692999362945556640625">
        <ele>3719.39990234375</ele>
        <time>2026-08-09T04:54:51.000Z</time>
        <extensions>
          <ns3:TrackPointExtension>
            <ns3:hr>136</ns3:hr>
            <ns3:cad>0</ns3:cad>
          </ns3:TrackPointExtension>
        </extensions>
      </trkpt>
      <trkpt lat="29.17392318136990070343017578125" lon="82.94624450616538524627685546875">
        <ele>3719.800048828125</ele>
        <time>2026-08-09T04:54:54.000Z</time>
        <extensions>
          <ns3:TrackPointExtension>
            <ns3:hr>135</ns3:hr>
            <ns3:cad>0</ns3:cad>
          </ns3:TrackPointExtension>
        </extensions>
      </trkpt>
      <trkpt lat="29.17391731403768062591552734375" lon="82.94625322334468364715576171875">
        <ele>3720.39990234375</ele>
        <time>2026-08-09T04:54:59.000Z</time>
        <extensions>
          <ns3:TrackPointExtension>
            <ns3:hr>136</ns3:hr>
            <ns3:cad>0</ns3:cad>
          </ns3:TrackPointExtension>
        </extensions>
      </trkpt>
      <trkpt lat="29.173898957669734954833984375" lon="82.9462796263396739959716796875">
        <ele>3721</ele>
        <time>2026-08-09T04:55:03.000Z</time>
        <extensions>
          <ns3:TrackPointExtension>
            <ns3:hr>136</ns3:hr>
            <ns3:cad>0</ns3:cad>
          </ns3:TrackPointExtension>
        </extensions>
      </trkpt>
      <trkpt lat="29.1738947667181491851806640625" lon="82.9462905228137969970703125">
        <ele>3721</ele>
        <time>2026-08-09T04:55:05.000Z</time>
        <extensions>
          <ns3:TrackPointExtension>
            <ns3:hr>136</ns3:hr>
            <ns3:cad>0</ns3:cad>
          </ns3:TrackPointExtension>
        </extensions>
      </trkpt>
      <trkpt lat="29.173884205520153045654296875" lon="82.9462947137653827667236328125">
        <ele>3721.800048828125</ele>
        <time>2026-08-09T04:55:12.000Z</time>
        <extensions>
          <ns3:TrackPointExtension>
            <ns3:hr>137</ns3:hr>
            <ns3:cad>0</ns3:cad>
          </ns3:TrackPointExtension>
        </extensions>
      </trkpt>
      <trkpt lat="29.17387959547340869903564453125" lon="82.94629848562180995941162109375">
        <ele>3722</ele>
        <time>2026-08-09T04:55:13.000Z</time>
        <extensions>
          <ns3:TrackPointExtension>
            <ns3:hr>137</ns3:hr>
            <ns3:cad>0</ns3:cad>
          </ns3:TrackPointExtension>
        </extensions>
      </trkpt>
      <trkpt lat="29.17386350221931934356689453125" lon="82.94631089083850383758544921875">
        <ele>3722.39990234375</ele>
        <time>2026-08-09T04:55:18.000Z</time>
        <extensions>
          <ns3:TrackPointExtension>
            <ns3:hr>136</ns3:hr>
            <ns3:cad>0</ns3:cad>
          </ns3:TrackPointExtension>
        </extensions>
      </trkpt>
      <trkpt lat="29.17384120635688304901123046875" lon="82.94633251614868640899658203125">
        <ele>3723.199951171875</ele>
        <time>2026-08-09T04:55:24.000Z</time>
        <extensions>
          <ns3:TrackPointExtension>
            <ns3:hr>136</ns3:hr>
            <ns3:cad>0</ns3:cad>
          </ns3:TrackPointExtension>
        </extensions>
      </trkpt>
      <trkpt lat="29.17382863350212574005126953125" lon="82.94634257443249225616455078125">
        <ele>3724.199951171875</ele>
        <time>2026-08-09T04:55:30.000Z</time>
        <extensions>
          <ns3:TrackPointExtension>
            <ns3:hr>136</ns3:hr>
            <ns3:cad>0</ns3:cad>
          </ns3:TrackPointExtension>
        </extensions>
      </trkpt>
      <trkpt lat="29.173804409801959991455078125" lon="82.94635565020143985748291015625">
        <ele>3725</ele>
        <time>2026-08-09T04:55:37.000Z</time>
        <extensions>
          <ns3:TrackPointExtension>
            <ns3:hr>135</ns3:hr>
            <ns3:cad>0</ns3:cad>
          </ns3:TrackPointExtension>
        </extensions>
      </trkpt>
      <trkpt lat="29.17378538288176059722900390625" lon="82.9463683068752288818359375">
        <ele>3725.39990234375</ele>
        <time>2026-08-09T04:55:40.000Z</time>
        <extensions>
          <ns3:TrackPointExtension>
            <ns3:hr>135</ns3:hr>
            <ns3:cad>0</ns3:cad>
          </ns3:TrackPointExtension>
        </extensions>
      </trkpt>
      <trkpt lat="29.1737837903201580047607421875" lon="82.9463765211403369903564453125">
        <ele>3725.60009765625</ele>
        <time>2026-08-09T04:55:42.000Z</time>
        <extensions>
          <ns3:TrackPointExtension>
            <ns3:hr>134</ns3:hr>
            <ns3:cad>0</ns3:cad>
          </ns3:TrackPointExtension>
        </extensions>
      </trkpt>
      <trkpt lat="29.1737542860209941864013671875" lon="82.946394793689250946044921875">
        <ele>3726.199951171875</ele>
        <time>2026-08-09T04:55:47.000Z</time>
        <extensions>
          <ns3:TrackPointExtension>
            <ns3:hr>134</ns3:hr>
            <ns3:cad>0</ns3:cad>
          </ns3:TrackPointExtension>
        </extensions>
      </trkpt>
      <trkpt lat="29.17372553609311580657958984375" lon="82.94640460051596164703369140625">
        <ele>3726.60009765625</ele>
        <time>2026-08-09T04:55:53.000Z</time>
        <extensions>
          <ns3:TrackPointExtension>
            <ns3:hr>133</ns3:hr>
            <ns3:cad>0</ns3:cad>
          </ns3:TrackPointExtension>
        </extensions>
      </trkpt>
      <trkpt lat="29.17372302152216434478759765625" lon="82.9464103840291500091552734375">
        <ele>3726.800048828125</ele>
        <time>2026-08-09T04:55:54.000Z</time>
        <extensions>
          <ns3:TrackPointExtension>
            <ns3:hr>132</ns3:hr>
            <ns3:cad>0</ns3:cad>
          </ns3:TrackPointExtension>
        </extensions>
      </trkpt>
      <trkpt lat="29.173714555799961090087890625" lon="82.94642069377005100250244140625">
        <ele>3727.199951171875</ele>
        <time>2026-08-09T04:55:58.000Z</time>
        <extensions>
          <ns3:TrackPointExtension>
            <ns3:hr>128</ns3:hr>
            <ns3:cad>0</ns3:cad>
          </ns3:TrackPointExtension>
        </extensions>
      </trkpt>
      <trkpt lat="29.1737113706767559051513671875" lon="82.946423627436161041259765625">
        <ele>3727.199951171875</ele>
        <time>2026-08-09T04:55:59.000Z</time>
        <extensions>
          <ns3:TrackPointExtension>
            <ns3:hr>126</ns3:hr>
            <ns3:cad>0</ns3:cad>
          </ns3:TrackPointExtension>
        </extensions>
      </trkpt>
      <trkpt lat="29.17369670234620571136474609375" lon="82.94643527828156948089599609375">
        <ele>3727.60009765625</ele>
        <time>2026-08-09T04:56:03.000Z</time>
        <extensions>
          <ns3:TrackPointExtension>
            <ns3:hr>126</ns3:hr>
            <ns3:cad>0</ns3:cad>
          </ns3:TrackPointExtension>
        </extensions>
      </trkpt>
      <trkpt lat="29.17368480004370212554931640625" lon="82.94643695466220378875732421875">
        <ele>3728.199951171875</ele>
        <time>2026-08-09T04:56:05.000Z</time>
        <extensions>
          <ns3:TrackPointExtension>
            <ns3:hr>126</ns3:hr>
            <ns3:cad>0</ns3:cad>
          </ns3:TrackPointExtension>
        </extensions>
      </trkpt>
      <trkpt lat="29.17366602458059787750244140625" lon="82.94645405374467372894287109375">
        <ele>3728.60009765625</ele>
        <time>2026-08-09T04:56:08.000Z</time>
        <extensions>
          <ns3:TrackPointExtension>
            <ns3:hr>129</ns3:hr>
            <ns3:cad>0</ns3:cad>
          </ns3:TrackPointExtension>
        </extensions>
      </trkpt>
      <trkpt lat="29.17366099543869495391845703125" lon="82.94646226800978183746337890625">
        <ele>3728.800048828125</ele>
        <time>2026-08-09T04:56:09.000Z</time>
        <extensions>
          <ns3:TrackPointExtension>
            <ns3:hr>129</ns3:hr>
            <ns3:cad>0</ns3:cad>
          </ns3:TrackPointExtension>
        </extensions>
      </trkpt>
      <trkpt lat="29.173638783395290374755859375" lon="82.9464797861874103546142578125">
        <ele>3728.800048828125</ele>
        <time>2026-08-09T04:56:12.000Z</time>
        <extensions>
          <ns3:TrackPointExtension>
            <ns3:hr>130</ns3:hr>
            <ns3:cad>0</ns3:cad>
          </ns3:TrackPointExtension>
        </extensions>
      </trkpt>
      <trkpt lat="29.17360416613519191741943359375" lon="82.94648808427155017852783203125">
        <ele>3728.800048828125</ele>
        <time>2026-08-09T04:56:18.000Z</time>
        <extensions>
          <ns3:TrackPointExtension>
            <ns3:hr>133</ns3:hr>
            <ns3:cad>0</ns3:cad>
          </ns3:TrackPointExtension>
        </extensions>
      </trkpt>
      <trkpt lat="29.1735772602260112762451171875" lon="82.94650702737271785736083984375">
        <ele>3728.60009765625</ele>
        <time>2026-08-09T04:56:24.000Z</time>
        <extensions>
          <ns3:TrackPointExtension>
            <ns3:hr>133</ns3:hr>
            <ns3:cad>0</ns3:cad>
          </ns3:TrackPointExtension>
        </extensions>
      </trkpt>
      <trkpt lat="29.17355957441031932830810546875" lon="82.946524210274219512939453125">
        <ele>3729.60009765625</ele>
        <time>2026-08-09T04:56:31.000Z</time>
        <extensions>
          <ns3:TrackPointExtension>
            <ns3:hr>130</ns3:hr>
            <ns3:cad>0</ns3:cad>
          </ns3:TrackPointExtension>
        </extensions>
      </trkpt>
      <trkpt lat="29.1735588200390338897705078125" lon="82.9465305805206298828125">
        <ele>3729.800048828125</ele>
        <time>2026-08-09T04:56:32.000Z</time>
        <extensions>
          <ns3:TrackPointExtension>
            <ns3:hr>130</ns3:hr>
            <ns3:cad>0</ns3:cad>
          </ns3:TrackPointExtension>
        </extensions>
      </trkpt>
      <trkpt lat="29.17353157885372638702392578125" lon="82.94654994271695613861083984375">
        <ele>3730.39990234375</ele>
        <time>2026-08-09T04:56:38.000Z</time>
        <extensions>
          <ns3:TrackPointExtension>
            <ns3:hr>130</ns3:hr>
            <ns3:cad>0</ns3:cad>
          </ns3:TrackPointExtension>
        </extensions>
      </trkpt>
      <trkpt lat="29.1735209338366985321044921875" lon="82.94655782170593738555908203125">
        <ele>3730.800048828125</ele>
        <time>2026-08-09T04:56:42.000Z</time>
        <extensions>
          <ns3:TrackPointExtension>
            <ns3:hr>131</ns3:hr>
            <ns3:cad>0</ns3:cad>
          </ns3:TrackPointExtension>
        </extensions>
      </trkpt>
      <trkpt lat="29.17350928299129009246826171875" lon="82.9465659521520137786865234375">
        <ele>3731.199951171875</ele>
        <time>2026-08-09T04:56:45.000Z</time>
        <extensions>
          <ns3:TrackPointExtension>
            <ns3:hr>132</ns3:hr>
            <ns3:cad>0</ns3:cad>
          </ns3:TrackPointExtension>
        </extensions>
      </trkpt>
      <trkpt lat="29.1734850592911243438720703125" lon="82.94658095575869083404541015625">
        <ele>3732</ele>
        <time>2026-08-09T04:56:51.000Z</time>
        <extensions>
          <ns3:TrackPointExtension>
            <ns3:hr>133</ns3:hr>
            <ns3:cad>0</ns3:cad>
          </ns3:TrackPointExtension>
        </extensions>
      </trkpt>
      <trkpt lat="29.1734810359776020050048828125" lon="82.94657961465418338775634765625">
        <ele>3732</ele>
        <time>2026-08-09T04:56:52.000Z</time>
        <extensions>
          <ns3:TrackPointExtension>
            <ns3:hr>134</ns3:hr>
            <ns3:cad>0</ns3:cad>
          </ns3:TrackPointExtension>
        </extensions>
      </trkpt>
      <trkpt lat="29.173454381525516510009765625" lon="82.9465887509286403656005859375">
        <ele>3733</ele>
        <time>2026-08-09T04:56:59.000Z</time>
        <extensions>
          <ns3:TrackPointExtension>
            <ns3:hr>133</ns3:hr>
            <ns3:cad>0</ns3:cad>
          </ns3:TrackPointExtension>
        </extensions>
      </trkpt>
      <trkpt lat="29.17343032546341419219970703125" lon="82.9465964622795581817626953125">
        <ele>3733.800048828125</ele>
        <time>2026-08-09T04:57:06.000Z</time>
        <extensions>
          <ns3:TrackPointExtension>
            <ns3:hr>133</ns3:hr>
            <ns3:cad>0</ns3:cad>
          </ns3:TrackPointExtension>
        </extensions>
      </trkpt>
      <trkpt lat="29.173427559435367584228515625" lon="82.94660023413598537445068359375">
        <ele>3734</ele>
        <time>2026-08-09T04:57:07.000Z</time>
        <extensions>
          <ns3:TrackPointExtension>
            <ns3:hr>134</ns3:hr>
            <ns3:cad>0</ns3:cad>
          </ns3:TrackPointExtension>
        </extensions>
      </trkpt>
      <trkpt lat="29.17340031825006008148193359375" lon="82.9466098733246326446533203125">
        <ele>3734.60009765625</ele>
        <time>2026-08-09T04:57:13.000Z</time>
        <extensions>
          <ns3:TrackPointExtension>
            <ns3:hr>134</ns3:hr>
            <ns3:cad>0</ns3:cad>
          </ns3:TrackPointExtension>
        </extensions>
      </trkpt>
      <trkpt lat="29.173394702374935150146484375" lon="82.9466108791530132293701171875">
        <ele>3735.199951171875</ele>
        <time>2026-08-09T04:57:16.000Z</time>
        <extensions>
          <ns3:TrackPointExtension>
            <ns3:hr>135</ns3:hr>
            <ns3:cad>0</ns3:cad>
          </ns3:TrackPointExtension>
        </extensions>
      </trkpt>
      <trkpt lat="29.17337701655924320220947265625" lon="82.9466155730187892913818359375">
        <ele>3735.800048828125</ele>
        <time>2026-08-09T04:57:20.000Z</time>
        <extensions>
          <ns3:TrackPointExtension>
            <ns3:hr>136</ns3:hr>
            <ns3:cad>0</ns3:cad>
          </ns3:TrackPointExtension>
        </extensions>
      </trkpt>
      <trkpt lat="29.173354469239711761474609375" lon="82.94661532156169414520263671875">
        <ele>3736.199951171875</ele>
        <time>2026-08-09T04:57:24.000Z</time>
        <extensions>
          <ns3:TrackPointExtension>
            <ns3:hr>137</ns3:hr>
            <ns3:cad>0</ns3:cad>
          </ns3:TrackPointExtension>
        </extensions>
      </trkpt>
      <trkpt lat="29.1733378730714321136474609375" lon="82.94661833904683589935302734375">
        <ele>3736.39990234375</ele>
        <time>2026-08-09T04:57:28.000Z</time>
        <extensions>
          <ns3:TrackPointExtension>
            <ns3:hr>137</ns3:hr>
            <ns3:cad>0</ns3:cad>
          </ns3:TrackPointExtension>
        </extensions>
      </trkpt>
      <trkpt lat="29.17331482283771038055419921875" lon="82.9466095380485057830810546875">
        <ele>3737</ele>
        <time>2026-08-09T04:57:36.000Z</time>
        <extensions>
          <ns3:TrackPointExtension>
            <ns3:hr>137</ns3:hr>
            <ns3:cad>0</ns3:cad>
          </ns3:TrackPointExtension>
        </extensions>
      </trkpt>
      <trkpt lat="29.17330895550549030303955078125" lon="82.9466128908097743988037109375">
        <ele>3737.199951171875</ele>
        <time>2026-08-09T04:57:39.000Z</time>
        <extensions>
          <ns3:TrackPointExtension>
            <ns3:hr>138</ns3:hr>
            <ns3:cad>0</ns3:cad>
          </ns3:TrackPointExtension>
        </extensions>
      </trkpt>
      <trkpt lat="29.1732973046600818634033203125" lon="82.94660928659141063690185546875">
        <ele>3737.800048828125</ele>
        <time>2026-08-09T04:57:42.000Z</time>
        <extensions>
          <ns3:TrackPointExtension>
            <ns3:hr>138</ns3:hr>
            <ns3:cad>0</ns3:cad>
          </ns3:TrackPointExtension>
        </extensions>
      </trkpt>
      <trkpt lat="29.1732912696897983551025390625" lon="82.946604676544666290283203125">
        <ele>3738.199951171875</ele>
        <time>2026-08-09T04:57:46.000Z</time>
        <extensions>
          <ns3:TrackPointExtension>
            <ns3:hr>138</ns3:hr>
            <ns3:cad>0</ns3:cad>
          </ns3:TrackPointExtension>
        </extensions>
      </trkpt>
      <trkpt lat="29.173288084566593170166015625" lon="82.9466055147349834442138671875">
        <ele>3738.39990234375</ele>
        <time>2026-08-09T04:57:48.000Z</time>
        <extensions>
          <ns3:TrackPointExtension>
            <ns3:hr>137</ns3:hr>
            <ns3:cad>0</ns3:cad>
          </ns3:TrackPointExtension>
        </extensions>
      </trkpt>
      <trkpt lat="29.173306860029697418212890625" lon="82.94661599211394786834716796875">
        <ele>3739.39990234375</ele>
        <time>2026-08-09T04:57:53.000Z</time>
        <extensions>
          <ns3:TrackPointExtension>
            <ns3:hr>138</ns3:hr>
            <ns3:cad>0</ns3:cad>
          </ns3:TrackPointExtension>
        </extensions>
      </trkpt>
      <trkpt lat="29.17331197299063205718994140625" lon="82.9466164112091064453125">
        <ele>3739.39990234375</ele>
        <time>2026-08-09T04:57:54.000Z</time>
        <extensions>
          <ns3:TrackPointExtension>
            <ns3:hr>138</ns3:hr>
            <ns3:cad>0</ns3:cad>
          </ns3:TrackPointExtension>
        </extensions>
      </trkpt>
      <trkpt lat="29.17335237376391887664794921875" lon="82.94662806205451488494873046875">
        <ele>3739.39990234375</ele>
        <time>2026-08-09T04:58:00.000Z</time>
        <extensions>
          <ns3:TrackPointExtension>
            <ns3:hr>138</ns3:hr>
            <ns3:cad>0</ns3:cad>
          </ns3:TrackPointExtension>
        </extensions>
      </trkpt>
      <trkpt lat="29.1733784414827823638916015625" lon="82.94665337540209293365478515625">
        <ele>3740.39990234375</ele>
        <time>2026-08-09T04:58:05.000Z</time>
        <extensions>
          <ns3:TrackPointExtension>
            <ns3:hr>138</ns3:hr>
            <ns3:cad>0</ns3:cad>
          </ns3:TrackPointExtension>
        </extensions>
      </trkpt>
      <trkpt lat="29.1733908466994762420654296875" lon="82.9466625116765499114990234375">
        <ele>3740</ele>
        <time>2026-08-09T04:58:07.000Z</time>
        <extensions>
          <ns3:TrackPointExtension>
            <ns3:hr>138</ns3:hr>
            <ns3:cad>0</ns3:cad>
          </ns3:TrackPointExtension>
        </extensions>
      </trkpt>
      <trkpt lat="29.1734226979315280914306640625" lon="82.9466901719570159912109375">
        <ele>3741</ele>
        <time>2026-08-09T04:58:14.000Z</time>
        <extensions>
          <ns3:TrackPointExtension>
            <ns3:hr>141</ns3:hr>
            <ns3:cad>0</ns3:cad>
          </ns3:TrackPointExtension>
        </extensions>
      </trkpt>
      <trkpt lat="29.17343191802501678466796875" lon="82.94669025577604770660400390625">
        <ele>3741.60009765625</ele>
        <time>2026-08-09T04:58:16.000Z</time>
        <extensions>
          <ns3:TrackPointExtension>
            <ns3:hr>142</ns3:hr>
            <ns3:cad>0</ns3:cad>
          </ns3:TrackPointExtension>
        </extensions>
      </trkpt>
      <trkpt lat="29.17345278896391391754150390625" lon="82.94670148752629756927490234375">
        <ele>3741.800048828125</ele>
        <time>2026-08-09T04:58:19.000Z</time>
        <extensions>
          <ns3:TrackPointExtension>
            <ns3:hr>138</ns3:hr>
            <ns3:cad>0</ns3:cad>
          </ns3:TrackPointExtension>
        </extensions>
      </trkpt>
      <trkpt lat="29.17346251197159290313720703125" lon="82.9467050917446613311767578125">
        <ele>3742</ele>
        <time>2026-08-09T04:58:21.000Z</time>
        <extensions>
          <ns3:TrackPointExtension>
            <ns3:hr>138</ns3:hr>
            <ns3:cad>0</ns3:cad>
          </ns3:TrackPointExtension>
        </extensions>
      </trkpt>
      <trkpt lat="29.17348212562501430511474609375" lon="82.94670416973531246185302734375">
        <ele>3742.60009765625</ele>
        <time>2026-08-09T04:58:25.000Z</time>
        <extensions>
          <ns3:TrackPointExtension>
            <ns3:hr>137</ns3:hr>
            <ns3:cad>0</ns3:cad>
          </ns3:TrackPointExtension>
        </extensions>
      </trkpt>
      <trkpt lat="29.1735045053064823150634765625" lon="82.94670383445918560028076171875">
        <ele>3743</ele>
        <time>2026-08-09T04:58:28.000Z</time>
        <extensions>
          <ns3:TrackPointExtension>
            <ns3:hr>136</ns3:hr>
            <ns3:cad>0</ns3:cad>
          </ns3:TrackPointExtension>
        </extensions>
      </trkpt>
      <trkpt lat="29.17351632378995418548583984375" lon="82.9467101208865642547607421875">
        <ele>3743.800048828125</ele>
        <time>2026-08-09T04:58:31.000Z</time>
        <extensions>
          <ns3:TrackPointExtension>
            <ns3:hr>136</ns3:hr>
            <ns3:cad>0</ns3:cad>
          </ns3:TrackPointExtension>
        </extensions>
      </trkpt>
      <trkpt lat="29.17352705262601375579833984375" lon="82.94671121053397655487060546875">
        <ele>3744</ele>
        <time>2026-08-09T04:58:34.000Z</time>
        <extensions>
          <ns3:TrackPointExtension>
            <ns3:hr>136</ns3:hr>
            <ns3:cad>0</ns3:cad>
          </ns3:TrackPointExtension>
        </extensions>
      </trkpt>
      <trkpt lat="29.17355261743068695068359375" lon="82.9467225261032581329345703125">
        <ele>3744.39990234375</ele>
        <time>2026-08-09T04:58:40.000Z</time>
        <extensions>
          <ns3:TrackPointExtension>
            <ns3:hr>135</ns3:hr>
            <ns3:cad>0</ns3:cad>
          </ns3:TrackPointExtension>
        </extensions>
      </trkpt>
      <trkpt lat="29.17355664074420928955078125" lon="82.94672302901744842529296875">
        <ele>3744.60009765625</ele>
        <time>2026-08-09T04:58:41.000Z</time>
        <extensions>
          <ns3:TrackPointExtension>
            <ns3:hr>135</ns3:hr>
            <ns3:cad>0</ns3:cad>
          </ns3:TrackPointExtension>
        </extensions>
      </trkpt>
      <trkpt lat="29.17355957441031932830810546875" lon="82.94672143645584583282470703125">
        <ele>3744.800048828125</ele>
        <time>2026-08-09T04:58:43.000Z</time>
        <extensions>
          <ns3:TrackPointExtension>
            <ns3:hr>135</ns3:hr>
            <ns3:cad>0</ns3:cad>
          </ns3:TrackPointExtension>
        </extensions>
      </trkpt>
      <trkpt lat="29.1735668666660785675048828125" lon="82.946726381778717041015625">
        <ele>3746</ele>
        <time>2026-08-09T04:58:47.000Z</time>
        <extensions>
          <ns3:TrackPointExtension>
            <ns3:hr>135</ns3:hr>
            <ns3:cad>0</ns3:cad>
          </ns3:TrackPointExtension>
        </extensions>
      </trkpt>
      <trkpt lat="29.1735692135989665985107421875" lon="82.9467302374541759490966796875">
        <ele>3746.39990234375</ele>
        <time>2026-08-09T04:58:49.000Z</time>
        <extensions>
          <ns3:TrackPointExtension>
            <ns3:hr>135</ns3:hr>
            <ns3:cad>0</ns3:cad>
          </ns3:TrackPointExtension>
        </extensions>
      </trkpt>
      <trkpt lat="29.17359444312751293182373046875" lon="82.946737110614776611328125">
        <ele>3746.39990234375</ele>
        <time>2026-08-09T04:58:55.000Z</time>
        <extensions>
          <ns3:TrackPointExtension>
            <ns3:hr>136</ns3:hr>
            <ns3:cad>0</ns3:cad>
          </ns3:TrackPointExtension>
        </extensions>
      </trkpt>
      <trkpt lat="29.17362009175121784210205078125" lon="82.9467372782528400421142578125">
        <ele>3747</ele>
        <time>2026-08-09T04:59:00.000Z</time>
        <extensions>
          <ns3:TrackPointExtension>
            <ns3:hr>134</ns3:hr>
            <ns3:cad>0</ns3:cad>
          </ns3:TrackPointExtension>
        </extensions>
      </trkpt>
      <trkpt lat="29.173646830022335052490234375" lon="82.94674322940409183502197265625">
        <ele>3747.39990234375</ele>
        <time>2026-08-09T04:59:06.000Z</time>
        <extensions>
          <ns3:TrackPointExtension>
            <ns3:hr>135</ns3:hr>
            <ns3:cad>0</ns3:cad>
          </ns3:TrackPointExtension>
        </extensions>
      </trkpt>
      <trkpt lat="29.1736788488924503326416015625" lon="82.94675328768789768218994140625">
        <ele>3747.800048828125</ele>
        <time>2026-08-09T04:59:12.000Z</time>
        <extensions>
          <ns3:TrackPointExtension>
            <ns3:hr>134</ns3:hr>
            <ns3:cad>0</ns3:cad>
          </ns3:TrackPointExtension>
        </extensions>
      </trkpt>
      <trkpt lat="29.1736887395381927490234375" lon="82.94675731100142002105712890625">
        <ele>3748.199951171875</ele>
        <time>2026-08-09T04:59:15.000Z</time>
        <extensions>
          <ns3:TrackPointExtension>
            <ns3:hr>135</ns3:hr>
            <ns3:cad>0</ns3:cad>
          </ns3:TrackPointExtension>
        </extensions>
      </trkpt>
      <trkpt lat="29.1737013123929500579833984375" lon="82.94676988385617733001708984375">
        <ele>3748.60009765625</ele>
        <time>2026-08-09T04:59:18.000Z</time>
        <extensions>
          <ns3:TrackPointExtension>
            <ns3:hr>134</ns3:hr>
            <ns3:cad>0</ns3:cad>
          </ns3:TrackPointExtension>
        </extensions>
      </trkpt>
      <trkpt lat="29.1737033240497112274169921875" lon="82.946767620742321014404296875">
        <ele>3749.199951171875</ele>
        <time>2026-08-09T04:59:21.000Z</time>
        <extensions>
          <ns3:TrackPointExtension>
            <ns3:hr>134</ns3:hr>
            <ns3:cad>0</ns3:cad>
          </ns3:TrackPointExtension>
        </extensions>
      </trkpt>
      <trkpt lat="29.17371363379061222076416015625" lon="82.94677264988422393798828125">
        <ele>3749.39990234375</ele>
        <time>2026-08-09T04:59:25.000Z</time>
        <extensions>
          <ns3:TrackPointExtension>
            <ns3:hr>135</ns3:hr>
            <ns3:cad>0</ns3:cad>
          </ns3:TrackPointExtension>
        </extensions>
      </trkpt>
      <trkpt lat="29.17375269345939159393310546875" lon="82.94677591882646083831787109375">
        <ele>3750.199951171875</ele>
        <time>2026-08-09T04:59:33.000Z</time>
        <extensions>
          <ns3:TrackPointExtension>
            <ns3:hr>136</ns3:hr>
            <ns3:cad>0</ns3:cad>
          </ns3:TrackPointExtension>
        </extensions>
      </trkpt>
      <trkpt lat="29.17376023717224597930908203125" lon="82.94677667319774627685546875">
        <ele>3750.39990234375</ele>
        <time>2026-08-09T04:59:34.000Z</time>
        <extensions>
          <ns3:TrackPointExtension>
            <ns3:hr>136</ns3:hr>
            <ns3:cad>0</ns3:cad>
          </ns3:TrackPointExtension>
        </extensions>
      </trkpt>
      <trkpt lat="29.17379711754620075225830078125" lon="82.9467724822461605072021484375">
        <ele>3750.800048828125</ele>
        <time>2026-08-09T04:59:41.000Z</time>
        <extensions>
          <ns3:TrackPointExtension>
            <ns3:hr>136</ns3:hr>
            <ns3:cad>0</ns3:cad>
          </ns3:TrackPointExtension>
        </extensions>
      </trkpt>
      <trkpt lat="29.17382293380796909332275390625" lon="82.94677524827420711517333984375">
        <ele>3751</ele>
        <time>2026-08-09T04:59:47.000Z</time>
        <extensions>
          <ns3:TrackPointExtension>
            <ns3:hr>136</ns3:hr>
            <ns3:cad>0</ns3:cad>
          </ns3:TrackPointExtension>
        </extensions>
      </trkpt>
      <trkpt lat="29.173831231892108917236328125" lon="82.94677642174065113067626953125">
        <ele>3751.39990234375</ele>
        <time>2026-08-09T04:59:50.000Z</time>
        <extensions>
          <ns3:TrackPointExtension>
            <ns3:hr>136</ns3:hr>
            <ns3:cad>0</ns3:cad>
          </ns3:TrackPointExtension>
        </extensions>
      </trkpt>
      <trkpt lat="29.17383986525237560272216796875" lon="82.946780025959014892578125">
        <ele>3752</ele>
        <time>2026-08-09T04:59:53.000Z</time>
        <extensions>
          <ns3:TrackPointExtension>
            <ns3:hr>136</ns3:hr>
            <ns3:cad>0</ns3:cad>
          </ns3:TrackPointExtension>
        </extensions>
      </trkpt>
      <trkpt lat="29.17386182583868503570556640625" lon="82.9467855580151081085205078125">
        <ele>3752.39990234375</ele>
        <time>2026-08-09T04:59:59.000Z</time>
        <extensions>
          <ns3:TrackPointExtension>
            <ns3:hr>136</ns3:hr>
            <ns3:cad>0</ns3:cad>
          </ns3:TrackPointExtension>
        </extensions>
      </trkpt>
      <trkpt lat="29.17386333458125591278076171875" lon="82.94678932987153530120849609375">
        <ele>3752.800048828125</ele>
        <time>2026-08-09T05:00:01.000Z</time>
        <extensions>
          <ns3:TrackPointExtension>
            <ns3:hr>136</ns3:hr>
            <ns3:cad>0</ns3:cad>
          </ns3:TrackPointExtension>
        </extensions>
      </trkpt>
      <trkpt lat="29.17387020774185657501220703125" lon="82.94679318554699420928955078125">
        <ele>3753.199951171875</ele>
        <time>2026-08-09T05:00:07.000Z</time>
        <extensions>
          <ns3:TrackPointExtension>
            <ns3:hr>136</ns3:hr>
            <ns3:cad>0</ns3:cad>
          </ns3:TrackPointExtension>
        </extensions>
      </trkpt>
      <trkpt lat="29.173871465027332305908203125" lon="82.94679301790893077850341796875">
        <ele>3753.39990234375</ele>
        <time>2026-08-09T05:00:09.000Z</time>
        <extensions>
          <ns3:TrackPointExtension>
            <ns3:hr>136</ns3:hr>
            <ns3:cad>0</ns3:cad>
          </ns3:TrackPointExtension>
        </extensions>
      </trkpt>
      <trkpt lat="29.1738800145685672760009765625" lon="82.94679737649857997894287109375">
        <ele>3754.199951171875</ele>
        <time>2026-08-09T05:00:12.000Z</time>
        <extensions>
          <ns3:TrackPointExtension>
            <ns3:hr>136</ns3:hr>
            <ns3:cad>0</ns3:cad>
          </ns3:TrackPointExtension>
        </extensions>
      </trkpt>
      <trkpt lat="29.17388965375721454620361328125" lon="82.9467993043363094329833984375">
        <ele>3754.60009765625</ele>
        <time>2026-08-09T05:00:14.000Z</time>
        <extensions>
          <ns3:TrackPointExtension>
            <ns3:hr>136</ns3:hr>
            <ns3:cad>0</ns3:cad>
          </ns3:TrackPointExtension>
        </extensions>
      </trkpt>
      <trkpt lat="29.17391211725771427154541015625" lon="82.9467974603176116943359375">
        <ele>3754.800048828125</ele>
        <time>2026-08-09T05:00:18.000Z</time>
        <extensions>
          <ns3:TrackPointExtension>
            <ns3:hr>136</ns3:hr>
            <ns3:cad>0</ns3:cad>
          </ns3:TrackPointExtension>
        </extensions>
      </trkpt>
      <trkpt lat="29.17392812669277191162109375" lon="82.94679134152829647064208984375">
        <ele>3755.39990234375</ele>
        <time>2026-08-09T05:00:24.000Z</time>
        <extensions>
          <ns3:TrackPointExtension>
            <ns3:hr>136</ns3:hr>
            <ns3:cad>0</ns3:cad>
          </ns3:TrackPointExtension>
        </extensions>
      </trkpt>
      <trkpt lat="29.17393751442432403564453125" lon="82.9467920958995819091796875">
        <ele>3755.60009765625</ele>
        <time>2026-08-09T05:00:27.000Z</time>
        <extensions>
          <ns3:TrackPointExtension>
            <ns3:hr>136</ns3:hr>
            <ns3:cad>0</ns3:cad>
          </ns3:TrackPointExtension>
        </extensions>
      </trkpt>
      <trkpt lat="29.1739489138126373291015625" lon="82.94679670594632625579833984375">
        <ele>3756.60009765625</ele>
        <time>2026-08-09T05:00:31.000Z</time>
        <extensions>
          <ns3:TrackPointExtension>
            <ns3:hr>136</ns3:hr>
            <ns3:cad>0</ns3:cad>
          </ns3:TrackPointExtension>
        </extensions>
      </trkpt>
      <trkpt lat="29.173955619335174560546875" lon="82.94679955579340457916259765625">
        <ele>3756.800048828125</ele>
        <time>2026-08-09T05:00:32.000Z</time>
        <extensions>
          <ns3:TrackPointExtension>
            <ns3:hr>136</ns3:hr>
            <ns3:cad>0</ns3:cad>
          </ns3:TrackPointExtension>
        </extensions>
      </trkpt>
      <trkpt lat="29.17395939119160175323486328125" lon="82.94679586775600910186767578125">
        <ele>3757.39990234375</ele>
        <time>2026-08-09T05:00:38.000Z</time>
        <extensions>
          <ns3:TrackPointExtension>
            <ns3:hr>136</ns3:hr>
            <ns3:cad>0</ns3:cad>
          </ns3:TrackPointExtension>
        </extensions>
      </trkpt>
      <trkpt lat="29.173977412283420562744140625" lon="82.94679922051727771759033203125">
        <ele>3757.60009765625</ele>
        <time>2026-08-09T05:00:43.000Z</time>
        <extensions>
          <ns3:TrackPointExtension>
            <ns3:hr>136</ns3:hr>
            <ns3:cad>0</ns3:cad>
          </ns3:TrackPointExtension>
        </extensions>
      </trkpt>
      <trkpt lat="29.17398369871079921722412109375" lon="82.94679787941277027130126953125">
        <ele>3757.800048828125</ele>
        <time>2026-08-09T05:00:44.000Z</time>
        <extensions>
          <ns3:TrackPointExtension>
            <ns3:hr>136</ns3:hr>
            <ns3:cad>0</ns3:cad>
          </ns3:TrackPointExtension>
        </extensions>
      </trkpt>
      <trkpt lat="29.174019992351531982421875" lon="82.94680617749691009521484375">
        <ele>3758.39990234375</ele>
        <time>2026-08-09T05:00:50.000Z</time>
        <extensions>
          <ns3:TrackPointExtension>
            <ns3:hr>135</ns3:hr>
            <ns3:cad>0</ns3:cad>
          </ns3:TrackPointExtension>
        </extensions>
      </trkpt>
      <trkpt lat="29.17403482832014560699462890625" lon="82.9468127153813838958740234375">
        <ele>3758.800048828125</ele>
        <time>2026-08-09T05:00:54.000Z</time>
        <extensions>
          <ns3:TrackPointExtension>
            <ns3:hr>135</ns3:hr>
            <ns3:cad>0</ns3:cad>
          </ns3:TrackPointExtension>
        </extensions>
      </trkpt>
      <trkpt lat="29.17404321022331714630126953125" lon="82.9468150623142719268798828125">
        <ele>3759.60009765625</ele>
        <time>2026-08-09T05:00:58.000Z</time>
        <extensions>
          <ns3:TrackPointExtension>
            <ns3:hr>136</ns3:hr>
            <ns3:cad>0</ns3:cad>
          </ns3:TrackPointExtension>
        </extensions>
      </trkpt>
      <trkpt lat="29.1740513406693935394287109375" lon="82.94680944643914699554443359375">
        <ele>3759.800048828125</ele>
        <time>2026-08-09T05:01:05.000Z</time>
        <extensions>
          <ns3:TrackPointExtension>
            <ns3:hr>137</ns3:hr>
            <ns3:cad>0</ns3:cad>
          </ns3:TrackPointExtension>
        </extensions>
      </trkpt>
      <trkpt lat="29.17405863292515277862548828125" lon="82.94681112281978130340576171875">
        <ele>3760</ele>
        <time>2026-08-09T05:01:08.000Z</time>
        <extensions>
          <ns3:TrackPointExtension>
            <ns3:hr>137</ns3:hr>
            <ns3:cad>0</ns3:cad>
          </ns3:TrackPointExtension>
        </extensions>
      </trkpt>
      <trkpt lat="29.1740751452744007110595703125" lon="82.94681380502879619598388671875">
        <ele>3760.39990234375</ele>
        <time>2026-08-09T05:01:13.000Z</time>
        <extensions>
          <ns3:TrackPointExtension>
            <ns3:hr>136</ns3:hr>
            <ns3:cad>0</ns3:cad>
          </ns3:TrackPointExtension>
        </extensions>
      </trkpt>
      <trkpt lat="29.1740898974239826202392578125" lon="82.94681414030492305755615234375">
        <ele>3761</ele>
        <time>2026-08-09T05:01:17.000Z</time>
        <extensions>
          <ns3:TrackPointExtension>
            <ns3:hr>137</ns3:hr>
            <ns3:cad>0</ns3:cad>
          </ns3:TrackPointExtension>
        </extensions>
      </trkpt>
      <trkpt lat="29.1740991175174713134765625" lon="82.9468130506575107574462890625">
        <ele>3761.39990234375</ele>
        <time>2026-08-09T05:01:20.000Z</time>
        <extensions>
          <ns3:TrackPointExtension>
            <ns3:hr>136</ns3:hr>
            <ns3:cad>0</ns3:cad>
          </ns3:TrackPointExtension>
        </extensions>
      </trkpt>
      <trkpt lat="29.1741294600069522857666015625" lon="82.9468127153813838958740234375">
        <ele>3762</ele>
        <time>2026-08-09T05:01:26.000Z</time>
        <extensions>
          <ns3:TrackPointExtension>
            <ns3:hr>136</ns3:hr>
            <ns3:cad>0</ns3:cad>
          </ns3:TrackPointExtension>
        </extensions>
      </trkpt>
      <trkpt lat="29.174132980406284332275390625" lon="82.946812547743320465087890625">
        <ele>3762.199951171875</ele>
        <time>2026-08-09T05:01:27.000Z</time>
        <extensions>
          <ns3:TrackPointExtension>
            <ns3:hr>136</ns3:hr>
            <ns3:cad>0</ns3:cad>
          </ns3:TrackPointExtension>
        </extensions>
      </trkpt>
      <trkpt lat="29.174157120287418365478515625" lon="82.9468073509633541107177734375">
        <ele>3762.800048828125</ele>
        <time>2026-08-09T05:01:35.000Z</time>
        <extensions>
          <ns3:TrackPointExtension>
            <ns3:hr>136</ns3:hr>
            <ns3:cad>0</ns3:cad>
          </ns3:TrackPointExtension>
        </extensions>
      </trkpt>
      <trkpt lat="29.174157120287418365478515625" lon="82.9468073509633541107177734375">
        <ele>3763.199951171875</ele>
        <time>2026-08-09T05:01:39.000Z</time>
        <extensions>
          <ns3:TrackPointExtension>
            <ns3:hr>136</ns3:hr>
            <ns3:cad>0</ns3:cad>
          </ns3:TrackPointExtension>
        </extensions>
      </trkpt>
      <trkpt lat="29.174170196056365966796875" lon="82.94680617749691009521484375">
        <ele>3763.60009765625</ele>
        <time>2026-08-09T05:01:43.000Z</time>
        <extensions>
          <ns3:TrackPointExtension>
            <ns3:hr>137</ns3:hr>
            <ns3:cad>0</ns3:cad>
          </ns3:TrackPointExtension>
        </extensions>
      </trkpt>
      <trkpt lat="29.1741834394633769989013671875" lon="82.9468086920678615570068359375">
        <ele>3764.199951171875</ele>
        <time>2026-08-09T05:01:47.000Z</time>
        <extensions>
          <ns3:TrackPointExtension>
            <ns3:hr>137</ns3:hr>
            <ns3:cad>0</ns3:cad>
          </ns3:TrackPointExtension>
        </extensions>
      </trkpt>
      <trkpt lat="29.17419861070811748504638671875" lon="82.94680592603981494903564453125">
        <ele>3764.800048828125</ele>
        <time>2026-08-09T05:01:51.000Z</time>
        <extensions>
          <ns3:TrackPointExtension>
            <ns3:hr>138</ns3:hr>
            <ns3:cad>0</ns3:cad>
          </ns3:TrackPointExtension>
        </extensions>
      </trkpt>
      <trkpt lat="29.17422509752213954925537109375" lon="82.9468093626201152801513671875">
        <ele>3765.39990234375</ele>
        <time>2026-08-09T05:01:58.000Z</time>
        <extensions>
          <ns3:TrackPointExtension>
            <ns3:hr>138</ns3:hr>
            <ns3:cad>0</ns3:cad>
          </ns3:TrackPointExtension>
        </extensions>
      </trkpt>
      <trkpt lat="29.1742444597184658050537109375" lon="82.946809865534305572509765625">
        <ele>3765.800048828125</ele>
        <time>2026-08-09T05:02:04.000Z</time>
        <extensions>
          <ns3:TrackPointExtension>
            <ns3:hr>138</ns3:hr>
            <ns3:cad>0</ns3:cad>
          </ns3:TrackPointExtension>
        </extensions>
      </trkpt>
      <trkpt lat="29.17426415719091892242431640625" lon="82.9468073509633541107177734375">
        <ele>3766.39990234375</ele>
        <time>2026-08-09T05:02:08.000Z</time>
        <extensions>
          <ns3:TrackPointExtension>
            <ns3:hr>138</ns3:hr>
            <ns3:cad>0</ns3:cad>
          </ns3:TrackPointExtension>
        </extensions>
      </trkpt>
      <trkpt lat="29.1742645762860774993896484375" lon="82.94680751860141754150390625">
        <ele>3766.60009765625</ele>
        <time>2026-08-09T05:02:10.000Z</time>
        <extensions>
          <ns3:TrackPointExtension>
            <ns3:hr>137</ns3:hr>
            <ns3:cad>0</ns3:cad>
          </ns3:TrackPointExtension>
        </extensions>
      </trkpt>
      <trkpt lat="29.17427455075085163116455078125" lon="82.94680290855467319488525390625">
        <ele>3767.39990234375</ele>
        <time>2026-08-09T05:02:14.000Z</time>
        <extensions>
          <ns3:TrackPointExtension>
            <ns3:hr>139</ns3:hr>
            <ns3:cad>0</ns3:cad>
          </ns3:TrackPointExtension>
        </extensions>
      </trkpt>
      <trkpt lat="29.174277149140834808349609375" lon="82.94680475257337093353271484375">
        <ele>3767.60009765625</ele>
        <time>2026-08-09T05:02:15.000Z</time>
        <extensions>
          <ns3:TrackPointExtension>
            <ns3:hr>139</ns3:hr>
            <ns3:cad>0</ns3:cad>
          </ns3:TrackPointExtension>
        </extensions>
      </trkpt>
      <trkpt lat="29.1742937453091144561767578125" lon="82.9467999748885631561279296875">
        <ele>3768</ele>
        <time>2026-08-09T05:02:19.000Z</time>
        <extensions>
          <ns3:TrackPointExtension>
            <ns3:hr>139</ns3:hr>
            <ns3:cad>0</ns3:cad>
          </ns3:TrackPointExtension>
        </extensions>
      </trkpt>
      <trkpt lat="29.1743185557425022125244140625" lon="82.9468043334782123565673828125">
        <ele>3768.39990234375</ele>
        <time>2026-08-09T05:02:26.000Z</time>
        <extensions>
          <ns3:TrackPointExtension>
            <ns3:hr>138</ns3:hr>
            <ns3:cad>0</ns3:cad>
          </ns3:TrackPointExtension>
        </extensions>
      </trkpt>
      <trkpt lat="29.174320735037326812744140625" lon="82.946803160011768341064453125">
        <ele>3768.39990234375</ele>
        <time>2026-08-09T05:02:27.000Z</time>
        <extensions>
          <ns3:TrackPointExtension>
            <ns3:hr>138</ns3:hr>
            <ns3:cad>0</ns3:cad>
          </ns3:TrackPointExtension>
        </extensions>
      </trkpt>
      <trkpt lat="29.1743437014520168304443359375" lon="82.946800477802753448486328125">
        <ele>3769.199951171875</ele>
        <time>2026-08-09T05:02:33.000Z</time>
        <extensions>
          <ns3:TrackPointExtension>
            <ns3:hr>138</ns3:hr>
            <ns3:cad>0</ns3:cad>
          </ns3:TrackPointExtension>
        </extensions>
      </trkpt>
      <trkpt lat="29.17437412776052951812744140625" lon="82.9468013159930706024169921875">
        <ele>3769.60009765625</ele>
        <time>2026-08-09T05:02:40.000Z</time>
        <extensions>
          <ns3:TrackPointExtension>
            <ns3:hr>137</ns3:hr>
            <ns3:cad>0</ns3:cad>
          </ns3:TrackPointExtension>
        </extensions>
      </trkpt>
      <trkpt lat="29.17438938282430171966552734375" lon="82.94680341146886348724365234375">
        <ele>3769.800048828125</ele>
        <time>2026-08-09T05:02:43.000Z</time>
        <extensions>
          <ns3:TrackPointExtension>
            <ns3:hr>136</ns3:hr>
            <ns3:cad>0</ns3:cad>
          </ns3:TrackPointExtension>
        </extensions>
      </trkpt>
      <trkpt lat="29.174412600696086883544921875" lon="82.94680885970592498779296875">
        <ele>3770.60009765625</ele>
        <time>2026-08-09T05:02:50.000Z</time>
        <extensions>
          <ns3:TrackPointExtension>
            <ns3:hr>136</ns3:hr>
            <ns3:cad>0</ns3:cad>
          </ns3:TrackPointExtension>
        </extensions>
      </trkpt>
      <trkpt lat="29.17442307807505130767822265625" lon="82.946809865534305572509765625">
        <ele>3771</ele>
        <time>2026-08-09T05:02:55.000Z</time>
        <extensions>
          <ns3:TrackPointExtension>
            <ns3:hr>137</ns3:hr>
            <ns3:cad>0</ns3:cad>
          </ns3:TrackPointExtension>
        </extensions>
      </trkpt>
      <trkpt lat="29.17442894540727138519287109375" lon="82.94681179337203502655029296875">
        <ele>3771.39990234375</ele>
        <time>2026-08-09T05:03:01.000Z</time>
        <extensions>
          <ns3:TrackPointExtension>
            <ns3:hr>136</ns3:hr>
            <ns3:cad>0</ns3:cad>
          </ns3:TrackPointExtension>
        </extensions>
      </trkpt>
      <trkpt lat="29.1744261793792247772216796875" lon="82.9468090273439884185791015625">
        <ele>3771.60009765625</ele>
        <time>2026-08-09T05:03:02.000Z</time>
        <extensions>
          <ns3:TrackPointExtension>
            <ns3:hr>136</ns3:hr>
            <ns3:cad>0</ns3:cad>
          </ns3:TrackPointExtension>
        </extensions>
      </trkpt>
      <trkpt lat="29.1744489781558513641357421875" lon="82.946810536086559295654296875">
        <ele>3772.39990234375</ele>
        <time>2026-08-09T05:03:06.000Z</time>
        <extensions>
          <ns3:TrackPointExtension>
            <ns3:hr>136</ns3:hr>
            <ns3:cad>0</ns3:cad>
          </ns3:TrackPointExtension>
        </extensions>
      </trkpt>
      <trkpt lat="29.17444973252713680267333984375" lon="82.94681179337203502655029296875">
        <ele>3772.800048828125</ele>
        <time>2026-08-09T05:03:08.000Z</time>
        <extensions>
          <ns3:TrackPointExtension>
            <ns3:hr>135</ns3:hr>
            <ns3:cad>0</ns3:cad>
          </ns3:TrackPointExtension>
        </extensions>
      </trkpt>
      <trkpt lat="29.17445995844900608062744140625" lon="82.94681020081043243408203125">
        <ele>3773.199951171875</ele>
        <time>2026-08-09T05:03:12.000Z</time>
        <extensions>
          <ns3:TrackPointExtension>
            <ns3:hr>134</ns3:hr>
            <ns3:cad>0</ns3:cad>
          </ns3:TrackPointExtension>
        </extensions>
      </trkpt>
      <trkpt lat="29.17447404004633426666259765625" lon="82.9468086920678615570068359375">
        <ele>3773.800048828125</ele>
        <time>2026-08-09T05:03:18.000Z</time>
        <extensions>
          <ns3:TrackPointExtension>
            <ns3:hr>135</ns3:hr>
            <ns3:cad>0</ns3:cad>
          </ns3:TrackPointExtension>
        </extensions>
      </trkpt>
      <trkpt lat="29.1744771413505077362060546875" lon="82.9468107037246227264404296875">
        <ele>3773.800048828125</ele>
        <time>2026-08-09T05:03:20.000Z</time>
        <extensions>
          <ns3:TrackPointExtension>
            <ns3:hr>135</ns3:hr>
            <ns3:cad>0</ns3:cad>
          </ns3:TrackPointExtension>
        </extensions>
      </trkpt>
      <trkpt lat="29.17449004948139190673828125" lon="82.94680860824882984161376953125">
        <ele>3774.800048828125</ele>
        <time>2026-08-09T05:03:28.000Z</time>
        <extensions>
          <ns3:TrackPointExtension>
            <ns3:hr>137</ns3:hr>
            <ns3:cad>0</ns3:cad>
          </ns3:TrackPointExtension>
        </extensions>
      </trkpt>
      <trkpt lat="29.17450320906937122344970703125" lon="82.94680324383080005645751953125">
        <ele>3775.800048828125</ele>
        <time>2026-08-09T05:03:37.000Z</time>
        <extensions>
          <ns3:TrackPointExtension>
            <ns3:hr>138</ns3:hr>
            <ns3:cad>0</ns3:cad>
          </ns3:TrackPointExtension>
        </extensions>
      </trkpt>
      <trkpt lat="29.17451075278222560882568359375" lon="82.94680005870759487152099609375">
        <ele>3775.800048828125</ele>
        <time>2026-08-09T05:03:38.000Z</time>
        <extensions>
          <ns3:TrackPointExtension>
            <ns3:hr>138</ns3:hr>
            <ns3:cad>0</ns3:cad>
          </ns3:TrackPointExtension>
        </extensions>
      </trkpt>
      <trkpt lat="29.174544699490070343017578125" lon="82.9467818699777126312255859375">
        <ele>3776.60009765625</ele>
        <time>2026-08-09T05:03:44.000Z</time>
        <extensions>
          <ns3:TrackPointExtension>
            <ns3:hr>137</ns3:hr>
            <ns3:cad>0</ns3:cad>
          </ns3:TrackPointExtension>
        </extensions>
      </trkpt>
      <trkpt lat="29.17457428760826587677001953125" lon="82.9467786848545074462890625">
        <ele>3776.800048828125</ele>
        <time>2026-08-09T05:03:50.000Z</time>
        <extensions>
          <ns3:TrackPointExtension>
            <ns3:hr>138</ns3:hr>
            <ns3:cad>0</ns3:cad>
          </ns3:TrackPointExtension>
        </extensions>
      </trkpt>
      <trkpt lat="29.1745904646813869476318359375" lon="82.9467721469700336456298828125">
        <ele>3777.800048828125</ele>
        <time>2026-08-09T05:04:00.000Z</time>
        <extensions>
          <ns3:TrackPointExtension>
            <ns3:hr>138</ns3:hr>
            <ns3:cad>0</ns3:cad>
          </ns3:TrackPointExtension>
        </extensions>
      </trkpt>
      <trkpt lat="29.17459197342395782470703125" lon="82.94676887802779674530029296875">
        <ele>3778</ele>
        <time>2026-08-09T05:04:01.000Z</time>
        <extensions>
          <ns3:TrackPointExtension>
            <ns3:hr>138</ns3:hr>
            <ns3:cad>0</ns3:cad>
          </ns3:TrackPointExtension>
        </extensions>
      </trkpt>
      <trkpt lat="29.174619801342487335205078125" lon="82.94675496406853199005126953125">
        <ele>3778.800048828125</ele>
        <time>2026-08-09T05:04:07.000Z</time>
        <extensions>
          <ns3:TrackPointExtension>
            <ns3:hr>138</ns3:hr>
            <ns3:cad>0</ns3:cad>
          </ns3:TrackPointExtension>
        </extensions>
      </trkpt>
      <trkpt lat="29.17462290264666080474853515625" lon="82.94675446115434169769287109375">
        <ele>3779</ele>
        <time>2026-08-09T05:04:09.000Z</time>
        <extensions>
          <ns3:TrackPointExtension>
            <ns3:hr>138</ns3:hr>
            <ns3:cad>0</ns3:cad>
          </ns3:TrackPointExtension>
        </extensions>
      </trkpt>
      <trkpt lat="29.1746370680630207061767578125" lon="82.9467453248798847198486328125">
        <ele>3779.800048828125</ele>
        <time>2026-08-09T05:04:15.000Z</time>
        <extensions>
          <ns3:TrackPointExtension>
            <ns3:hr>137</ns3:hr>
            <ns3:cad>0</ns3:cad>
          </ns3:TrackPointExtension>
        </extensions>
      </trkpt>
      <trkpt lat="29.174647293984889984130859375" lon="82.94673702679574489593505859375">
        <ele>3780</ele>
        <time>2026-08-09T05:04:18.000Z</time>
        <extensions>
          <ns3:TrackPointExtension>
            <ns3:hr>136</ns3:hr>
            <ns3:cad>0</ns3:cad>
          </ns3:TrackPointExtension>
        </extensions>
      </trkpt>
      <trkpt lat="29.1746628843247890472412109375" lon="82.94672428630292415618896484375">
        <ele>3780.800048828125</ele>
        <time>2026-08-09T05:04:22.000Z</time>
        <extensions>
          <ns3:TrackPointExtension>
            <ns3:hr>136</ns3:hr>
            <ns3:cad>0</ns3:cad>
          </ns3:TrackPointExtension>
        </extensions>
      </trkpt>
      <trkpt lat="29.17470923624932765960693359375" lon="82.9466955363750457763671875">
        <ele>3780.60009765625</ele>
        <time>2026-08-09T05:04:28.000Z</time>
        <extensions>
          <ns3:TrackPointExtension>
            <ns3:hr>137</ns3:hr>
            <ns3:cad>0</ns3:cad>
          </ns3:TrackPointExtension>
        </extensions>
      </trkpt>
      <trkpt lat="29.17472784407436847686767578125" lon="82.94668614864349365234375">
        <ele>3781</ele>
        <time>2026-08-09T05:04:30.000Z</time>
        <extensions>
          <ns3:TrackPointExtension>
            <ns3:hr>137</ns3:hr>
            <ns3:cad>0</ns3:cad>
          </ns3:TrackPointExtension>
        </extensions>
      </trkpt>
      <trkpt lat="29.174747206270694732666015625" lon="82.9466839693486690521240234375">
        <ele>3781.199951171875</ele>
        <time>2026-08-09T05:04:34.000Z</time>
        <extensions>
          <ns3:TrackPointExtension>
            <ns3:hr>136</ns3:hr>
            <ns3:cad>0</ns3:cad>
          </ns3:TrackPointExtension>
        </extensions>
      </trkpt>
      <trkpt lat="29.1747664846479892730712890625" lon="82.94667969457805156707763671875">
        <ele>3781.800048828125</ele>
        <time>2026-08-09T05:04:41.000Z</time>
        <extensions>
          <ns3:TrackPointExtension>
            <ns3:hr>136</ns3:hr>
            <ns3:cad>0</ns3:cad>
          </ns3:TrackPointExtension>
        </extensions>
      </trkpt>
      <trkpt lat="29.17478509247303009033203125" lon="82.94667181558907032012939453125">
        <ele>3782.199951171875</ele>
        <time>2026-08-09T05:04:45.000Z</time>
        <extensions>
          <ns3:TrackPointExtension>
            <ns3:hr>135</ns3:hr>
            <ns3:cad>0</ns3:cad>
          </ns3:TrackPointExtension>
        </extensions>
      </trkpt>
      <trkpt lat="29.1747919656336307525634765625" lon="82.94666402041912078857421875">
        <ele>3782.199951171875</ele>
        <time>2026-08-09T05:04:47.000Z</time>
        <extensions>
          <ns3:TrackPointExtension>
            <ns3:hr>136</ns3:hr>
            <ns3:cad>0</ns3:cad>
          </ns3:TrackPointExtension>
        </extensions>
      </trkpt>
      <trkpt lat="29.17480546049773693084716796875" lon="82.94666024856269359588623046875">
        <ele>3783.199951171875</ele>
        <time>2026-08-09T05:04:52.000Z</time>
        <extensions>
          <ns3:TrackPointExtension>
            <ns3:hr>135</ns3:hr>
            <ns3:cad>0</ns3:cad>
          </ns3:TrackPointExtension>
        </extensions>
      </trkpt>
      <trkpt lat="29.17481132782995700836181640625" lon="82.946657650172710418701171875">
        <ele>3783.39990234375</ele>
        <time>2026-08-09T05:04:53.000Z</time>
        <extensions>
          <ns3:TrackPointExtension>
            <ns3:hr>135</ns3:hr>
            <ns3:cad>0</ns3:cad>
          </ns3:TrackPointExtension>
        </extensions>
      </trkpt>
      <trkpt lat="29.1748325340449810028076171875" lon="82.94664365239441394805908203125">
        <ele>3784.199951171875</ele>
        <time>2026-08-09T05:04:57.000Z</time>
        <extensions>
          <ns3:TrackPointExtension>
            <ns3:hr>135</ns3:hr>
            <ns3:cad>0</ns3:cad>
          </ns3:TrackPointExtension>
        </extensions>
      </trkpt>
      <trkpt lat="29.1748409159481525421142578125" lon="82.9466437362134456634521484375">
        <ele>3784.199951171875</ele>
        <time>2026-08-09T05:04:59.000Z</time>
        <extensions>
          <ns3:TrackPointExtension>
            <ns3:hr>134</ns3:hr>
            <ns3:cad>0</ns3:cad>
          </ns3:TrackPointExtension>
        </extensions>
      </trkpt>
      <trkpt lat="29.17486027814447879791259765625" lon="82.9466340132057666778564453125">
        <ele>3784.60009765625</ele>
        <time>2026-08-09T05:05:07.000Z</time>
        <extensions>
          <ns3:TrackPointExtension>
            <ns3:hr>135</ns3:hr>
            <ns3:cad>0</ns3:cad>
          </ns3:TrackPointExtension>
        </extensions>
      </trkpt>
      <trkpt lat="29.17487050406634807586669921875" lon="82.9466320015490055084228515625">
        <ele>3785.199951171875</ele>
        <time>2026-08-09T05:05:10.000Z</time>
        <extensions>
          <ns3:TrackPointExtension>
            <ns3:hr>135</ns3:hr>
            <ns3:cad>0</ns3:cad>
          </ns3:TrackPointExtension>
        </extensions>
      </trkpt>
      <trkpt lat="29.17488299310207366943359375" lon="82.94663275592029094696044921875">
        <ele>3785.800048828125</ele>
        <time>2026-08-09T05:05:13.000Z</time>
        <extensions>
          <ns3:TrackPointExtension>
            <ns3:hr>135</ns3:hr>
            <ns3:cad>0</ns3:cad>
          </ns3:TrackPointExtension>
        </extensions>
      </trkpt>
      <trkpt lat="29.17488634586334228515625" lon="82.94662772677838802337646484375">
        <ele>3786.39990234375</ele>
        <time>2026-08-09T05:05:17.000Z</time>
        <extensions>
          <ns3:TrackPointExtension>
            <ns3:hr>135</ns3:hr>
            <ns3:cad>0</ns3:cad>
          </ns3:TrackPointExtension>
        </extensions>
      </trkpt>
      <trkpt lat="29.17488995008170604705810546875" lon="82.9466239549219608306884765625">
        <ele>3786.800048828125</ele>
        <time>2026-08-09T05:05:20.000Z</time>
        <extensions>
          <ns3:TrackPointExtension>
            <ns3:hr>135</ns3:hr>
            <ns3:cad>0</ns3:cad>
          </ns3:TrackPointExtension>
        </extensions>
      </trkpt>
      <trkpt lat="29.17491660453379154205322265625" lon="82.94660844840109348297119140625">
        <ele>3787.199951171875</ele>
        <time>2026-08-09T05:05:26.000Z</time>
        <extensions>
          <ns3:TrackPointExtension>
            <ns3:hr>137</ns3:hr>
            <ns3:cad>0</ns3:cad>
          </ns3:TrackPointExtension>
        </extensions>
      </trkpt>
      <trkpt lat="29.17491861619055271148681640625" lon="82.9466021619737148284912109375">
        <ele>3787.39990234375</ele>
        <time>2026-08-09T05:05:29.000Z</time>
        <extensions>
          <ns3:TrackPointExtension>
            <ns3:hr>137</ns3:hr>
            <ns3:cad>0</ns3:cad>
          </ns3:TrackPointExtension>
        </extensions>
      </trkpt>
      <trkpt lat="29.1749332845211029052734375" lon="82.94659403152763843536376953125">
        <ele>3788</ele>
        <time>2026-08-09T05:05:33.000Z</time>
        <extensions>
          <ns3:TrackPointExtension>
            <ns3:hr>136</ns3:hr>
            <ns3:cad>0</ns3:cad>
          </ns3:TrackPointExtension>
        </extensions>
      </trkpt>
      <trkpt lat="29.1749401576817035675048828125" lon="82.94659168459475040435791015625">
        <ele>3788.60009765625</ele>
        <time>2026-08-09T05:05:37.000Z</time>
        <extensions>
          <ns3:TrackPointExtension>
            <ns3:hr>137</ns3:hr>
            <ns3:cad>0</ns3:cad>
          </ns3:TrackPointExtension>
        </extensions>
      </trkpt>
      <trkpt lat="29.17495013214647769927978515625" lon="82.94658883474767208099365234375">
        <ele>3789</ele>
        <time>2026-08-09T05:05:39.000Z</time>
        <extensions>
          <ns3:TrackPointExtension>
            <ns3:hr>136</ns3:hr>
            <ns3:cad>0</ns3:cad>
          </ns3:TrackPointExtension>
        </extensions>
      </trkpt>
      <trkpt lat="29.1749716736376285552978515625" lon="82.94657944701611995697021484375">
        <ele>3789.60009765625</ele>
        <time>2026-08-09T05:05:45.000Z</time>
        <extensions>
          <ns3:TrackPointExtension>
            <ns3:hr>137</ns3:hr>
            <ns3:cad>0</ns3:cad>
          </ns3:TrackPointExtension>
        </extensions>
      </trkpt>
      <trkpt lat="29.1749793849885463714599609375" lon="82.94658045284450054168701171875">
        <ele>3789.800048828125</ele>
        <time>2026-08-09T05:05:47.000Z</time>
        <extensions>
          <ns3:TrackPointExtension>
            <ns3:hr>138</ns3:hr>
            <ns3:cad>0</ns3:cad>
          </ns3:TrackPointExtension>
        </extensions>
      </trkpt>
      <trkpt lat="29.17500880546867847442626953125" lon="82.9465746693313121795654296875">
        <ele>3790</ele>
        <time>2026-08-09T05:05:54.000Z</time>
        <extensions>
          <ns3:TrackPointExtension>
            <ns3:hr>137</ns3:hr>
            <ns3:cad>0</ns3:cad>
          </ns3:TrackPointExtension>
        </extensions>
      </trkpt>
      <trkpt lat="29.17503009550273418426513671875" lon="82.9465538822114467620849609375">
        <ele>3790.800048828125</ele>
        <time>2026-08-09T05:05:59.000Z</time>
        <extensions>
          <ns3:TrackPointExtension>
            <ns3:hr>135</ns3:hr>
            <ns3:cad>0</ns3:cad>
          </ns3:TrackPointExtension>
        </extensions>
      </trkpt>
      <trkpt lat="29.1750323586165904998779296875" lon="82.9465508647263050079345703125">
        <ele>3791</ele>
        <time>2026-08-09T05:06:00.000Z</time>
        <extensions>
          <ns3:TrackPointExtension>
            <ns3:hr>134</ns3:hr>
            <ns3:cad>0</ns3:cad>
          </ns3:TrackPointExtension>
        </extensions>
      </trkpt>
      <trkpt lat="29.17505021207034587860107421875" lon="82.94654021970927715301513671875">
        <ele>3791.199951171875</ele>
        <time>2026-08-09T05:06:04.000Z</time>
        <extensions>
          <ns3:TrackPointExtension>
            <ns3:hr>137</ns3:hr>
            <ns3:cad>0</ns3:cad>
          </ns3:TrackPointExtension>
        </extensions>
      </trkpt>
      <trkpt lat="29.17506194673478603363037109375" lon="82.94653586111962795257568359375">
        <ele>3791</ele>
        <time>2026-08-09T05:06:06.000Z</time>
        <extensions>
          <ns3:TrackPointExtension>
            <ns3:hr>136</ns3:hr>
            <ns3:cad>0</ns3:cad>
          </ns3:TrackPointExtension>
        </extensions>
      </trkpt>
      <trkpt lat="29.1750685684382915496826171875" lon="82.94653125107288360595703125">
        <ele>3791.800048828125</ele>
        <time>2026-08-09T05:06:12.000Z</time>
        <extensions>
          <ns3:TrackPointExtension>
            <ns3:hr>137</ns3:hr>
            <ns3:cad>0</ns3:cad>
          </ns3:TrackPointExtension>
        </extensions>
      </trkpt>
      <trkpt lat="29.17506529949605464935302734375" lon="82.94653535820543766021728515625">
        <ele>3792</ele>
        <time>2026-08-09T05:06:13.000Z</time>
        <extensions>
          <ns3:TrackPointExtension>
            <ns3:hr>136</ns3:hr>
            <ns3:cad>0</ns3:cad>
          </ns3:TrackPointExtension>
        </extensions>
      </trkpt>
      <trkpt lat="29.175086505711078643798828125" lon="82.94651188887655735015869140625">
        <ele>3792.60009765625</ele>
        <time>2026-08-09T05:06:16.000Z</time>
        <extensions>
          <ns3:TrackPointExtension>
            <ns3:hr>136</ns3:hr>
            <ns3:cad>0</ns3:cad>
          </ns3:TrackPointExtension>
        </extensions>
      </trkpt>
      <trkpt lat="29.17509513907134532928466796875" lon="82.9465072788298130035400390625">
        <ele>3793</ele>
        <time>2026-08-09T05:06:20.000Z</time>
        <extensions>
          <ns3:TrackPointExtension>
            <ns3:hr>137</ns3:hr>
            <ns3:cad>0</ns3:cad>
          </ns3:TrackPointExtension>
        </extensions>
      </trkpt>
      <trkpt lat="29.1750967316329479217529296875" lon="82.94650568626821041107177734375">
        <ele>3793.39990234375</ele>
        <time>2026-08-09T05:06:22.000Z</time>
        <extensions>
          <ns3:TrackPointExtension>
            <ns3:hr>138</ns3:hr>
            <ns3:cad>0</ns3:cad>
          </ns3:TrackPointExtension>
        </extensions>
      </trkpt>
      <trkpt lat="29.17511659674346446990966796875" lon="82.94648691080510616302490234375">
        <ele>3794</ele>
        <time>2026-08-09T05:06:28.000Z</time>
        <extensions>
          <ns3:TrackPointExtension>
            <ns3:hr>139</ns3:hr>
            <ns3:cad>0</ns3:cad>
          </ns3:TrackPointExtension>
        </extensions>
      </trkpt>
      <trkpt lat="29.17511860840022563934326171875" lon="82.94648506678640842437744140625">
        <ele>3794</ele>
        <time>2026-08-09T05:06:29.000Z</time>
        <extensions>
          <ns3:TrackPointExtension>
            <ns3:hr>138</ns3:hr>
            <ns3:cad>0</ns3:cad>
          </ns3:TrackPointExtension>
        </extensions>
      </trkpt>
      <trkpt lat="29.17515196837484836578369140625" lon="82.94646880589425563812255859375">
        <ele>3794.199951171875</ele>
        <time>2026-08-09T05:06:35.000Z</time>
        <extensions>
          <ns3:TrackPointExtension>
            <ns3:hr>140</ns3:hr>
            <ns3:cad>0</ns3:cad>
          </ns3:TrackPointExtension>
        </extensions>
      </trkpt>
      <trkpt lat="29.1751731745898723602294921875" lon="82.946461848914623260498046875">
        <ele>3795.199951171875</ele>
        <time>2026-08-09T05:06:39.000Z</time>
        <extensions>
          <ns3:TrackPointExtension>
            <ns3:hr>138</ns3:hr>
            <ns3:cad>0</ns3:cad>
          </ns3:TrackPointExtension>
        </extensions>
      </trkpt>
      <trkpt lat="29.17518147267401218414306640625" lon="82.946460507810115814208984375">
        <ele>3795.60009765625</ele>
        <time>2026-08-09T05:06:41.000Z</time>
        <extensions>
          <ns3:TrackPointExtension>
            <ns3:hr>138</ns3:hr>
            <ns3:cad>0</ns3:cad>
          </ns3:TrackPointExtension>
        </extensions>
      </trkpt>
      <trkpt lat="29.17519454844295978546142578125" lon="82.9464546404778957366943359375">
        <ele>3796.199951171875</ele>
        <time>2026-08-09T05:06:47.000Z</time>
        <extensions>
          <ns3:TrackPointExtension>
            <ns3:hr>138</ns3:hr>
            <ns3:cad>0</ns3:cad>
          </ns3:TrackPointExtension>
        </extensions>
      </trkpt>
      <trkpt lat="29.1751880943775177001953125" lon="82.94645774178206920623779296875">
        <ele>3796.60009765625</ele>
        <time>2026-08-09T05:06:48.000Z</time>
        <extensions>
          <ns3:TrackPointExtension>
            <ns3:hr>138</ns3:hr>
            <ns3:cad>0</ns3:cad>
          </ns3:TrackPointExtension>
        </extensions>
      </trkpt>
      <trkpt lat="29.175201840698719024658203125" lon="82.94644986279308795928955078125">
        <ele>3797.39990234375</ele>
        <time>2026-08-09T05:06:51.000Z</time>
        <extensions>
          <ns3:TrackPointExtension>
            <ns3:hr>138</ns3:hr>
            <ns3:cad>0</ns3:cad>
          </ns3:TrackPointExtension>
        </extensions>
      </trkpt>
      <trkpt lat="29.1752124018967151641845703125" lon="82.9464460909366607666015625">
        <ele>3798.199951171875</ele>
        <time>2026-08-09T05:06:54.000Z</time>
        <extensions>
          <ns3:TrackPointExtension>
            <ns3:hr>139</ns3:hr>
            <ns3:cad>0</ns3:cad>
          </ns3:TrackPointExtension>
        </extensions>
      </trkpt>
      <trkpt lat="29.1752191074192523956298828125" lon="82.94644181616604328155517578125">
        <ele>3798.39990234375</ele>
        <time>2026-08-09T05:06:55.000Z</time>
        <extensions>
          <ns3:TrackPointExtension>
            <ns3:hr>139</ns3:hr>
            <ns3:cad>0</ns3:cad>
          </ns3:TrackPointExtension>
        </extensions>
      </trkpt>
      <trkpt lat="29.1752305068075656890869140625" lon="82.9464425705373287200927734375">
        <ele>3799</ele>
        <time>2026-08-09T05:07:01.000Z</time>
        <extensions>
          <ns3:TrackPointExtension>
            <ns3:hr>139</ns3:hr>
            <ns3:cad>0</ns3:cad>
          </ns3:TrackPointExtension>
        </extensions>
      </trkpt>
      <trkpt lat="29.1752449236810207366943359375" lon="82.946433685719966888427734375">
        <ele>3799.39990234375</ele>
        <time>2026-08-09T05:07:06.000Z</time>
        <extensions>
          <ns3:TrackPointExtension>
            <ns3:hr>140</ns3:hr>
            <ns3:cad>0</ns3:cad>
          </ns3:TrackPointExtension>
        </extensions>
      </trkpt>
      <trkpt lat="29.1752549819648265838623046875" lon="82.94643041677772998809814453125">
        <ele>3800</ele>
        <time>2026-08-09T05:07:08.000Z</time>
        <extensions>
          <ns3:TrackPointExtension>
            <ns3:hr>140</ns3:hr>
            <ns3:cad>0</ns3:cad>
          </ns3:TrackPointExtension>
        </extensions>
      </trkpt>
      <trkpt lat="29.17525690980255603790283203125" lon="82.94642840512096881866455078125">
        <ele>3800.60009765625</ele>
        <time>2026-08-09T05:07:11.000Z</time>
        <extensions>
          <ns3:TrackPointExtension>
            <ns3:hr>140</ns3:hr>
            <ns3:cad>0</ns3:cad>
          </ns3:TrackPointExtension>
        </extensions>
      </trkpt>
      <trkpt lat="29.175269566476345062255859375" lon="82.946428991854190826416015625">
        <ele>3801.800048828125</ele>
        <time>2026-08-09T05:07:15.000Z</time>
        <extensions>
          <ns3:TrackPointExtension>
            <ns3:hr>138</ns3:hr>
            <ns3:cad>0</ns3:cad>
          </ns3:TrackPointExtension>
        </extensions>
      </trkpt>
      <trkpt lat="29.1752704046666622161865234375" lon="82.94642672874033451080322265625">
        <ele>3801.800048828125</ele>
        <time>2026-08-09T05:07:16.000Z</time>
        <extensions>
          <ns3:TrackPointExtension>
            <ns3:hr>138</ns3:hr>
            <ns3:cad>0</ns3:cad>
          </ns3:TrackPointExtension>
        </extensions>
      </trkpt>
      <trkpt lat="29.1753087937831878662109375" lon="82.94642262160778045654296875">
        <ele>3802.60009765625</ele>
        <time>2026-08-09T05:07:23.000Z</time>
        <extensions>
          <ns3:TrackPointExtension>
            <ns3:hr>138</ns3:hr>
            <ns3:cad>0</ns3:cad>
          </ns3:TrackPointExtension>
        </extensions>
      </trkpt>
      <trkpt lat="29.17531273327767848968505859375" lon="82.94642304070293903350830078125">
        <ele>3803</ele>
        <time>2026-08-09T05:07:24.000Z</time>
        <extensions>
          <ns3:TrackPointExtension>
            <ns3:hr>138</ns3:hr>
            <ns3:cad>0</ns3:cad>
          </ns3:TrackPointExtension>
        </extensions>
      </trkpt>
      <trkpt lat="29.17534475214779376983642578125" lon="82.9464278183877468109130859375">
        <ele>3803.39990234375</ele>
        <time>2026-08-09T05:07:30.000Z</time>
        <extensions>
          <ns3:TrackPointExtension>
            <ns3:hr>138</ns3:hr>
            <ns3:cad>0</ns3:cad>
          </ns3:TrackPointExtension>
        </extensions>
      </trkpt>
      <trkpt lat="29.17536688037216663360595703125" lon="82.946435026824474334716796875">
        <ele>3804.199951171875</ele>
        <time>2026-08-09T05:07:36.000Z</time>
        <extensions>
          <ns3:TrackPointExtension>
            <ns3:hr>138</ns3:hr>
            <ns3:cad>0</ns3:cad>
          </ns3:TrackPointExtension>
        </extensions>
      </trkpt>
      <trkpt lat="29.175374172627925872802734375" lon="82.9464271478354930877685546875">
        <ele>3804.800048828125</ele>
        <time>2026-08-09T05:07:38.000Z</time>
        <extensions>
          <ns3:TrackPointExtension>
            <ns3:hr>138</ns3:hr>
            <ns3:cad>0</ns3:cad>
          </ns3:TrackPointExtension>
        </extensions>
      </trkpt>
      <trkpt lat="29.1753840632736682891845703125" lon="82.94642421416938304901123046875">
        <ele>3805.199951171875</ele>
        <time>2026-08-09T05:07:40.000Z</time>
        <extensions>
          <ns3:TrackPointExtension>
            <ns3:hr>137</ns3:hr>
            <ns3:cad>0</ns3:cad>
          </ns3:TrackPointExtension>
        </extensions>
      </trkpt>
      <trkpt lat="29.17541063390672206878662109375" lon="82.9464224539697170257568359375">
        <ele>3805.39990234375</ele>
        <time>2026-08-09T05:07:44.000Z</time>
        <extensions>
          <ns3:TrackPointExtension>
            <ns3:hr>138</ns3:hr>
            <ns3:cad>0</ns3:cad>
          </ns3:TrackPointExtension>
        </extensions>
      </trkpt>
      <trkpt lat="29.17541985400021076202392578125" lon="82.94641952030360698699951171875">
        <ele>3805.800048828125</ele>
        <time>2026-08-09T05:07:52.000Z</time>
        <extensions>
          <ns3:TrackPointExtension>
            <ns3:hr>138</ns3:hr>
            <ns3:cad>0</ns3:cad>
          </ns3:TrackPointExtension>
        </extensions>
      </trkpt>
      <trkpt lat="29.17541851289570331573486328125" lon="82.94641985557973384857177734375">
        <ele>3806</ele>
        <time>2026-08-09T05:07:58.000Z</time>
        <extensions>
          <ns3:TrackPointExtension>
            <ns3:hr>139</ns3:hr>
            <ns3:cad>0</ns3:cad>
          </ns3:TrackPointExtension>
        </extensions>
      </trkpt>
      <trkpt lat="29.17542471550405025482177734375" lon="82.9464165866374969482421875">
        <ele>3806.199951171875</ele>
        <time>2026-08-09T05:08:04.000Z</time>
        <extensions>
          <ns3:TrackPointExtension>
            <ns3:hr>141</ns3:hr>
            <ns3:cad>0</ns3:cad>
          </ns3:TrackPointExtension>
        </extensions>
      </trkpt>
      <trkpt lat="29.175430834293365478515625" lon="82.946412228047847747802734375">
        <ele>3806.39990234375</ele>
        <time>2026-08-09T05:08:05.000Z</time>
        <extensions>
          <ns3:TrackPointExtension>
            <ns3:hr>141</ns3:hr>
            <ns3:cad>0</ns3:cad>
          </ns3:TrackPointExtension>
        </extensions>
      </trkpt>
      <trkpt lat="29.1754323430359363555908203125" lon="82.94640921056270599365234375">
        <ele>3807</ele>
        <time>2026-08-09T05:08:12.000Z</time>
        <extensions>
          <ns3:TrackPointExtension>
            <ns3:hr>144</ns3:hr>
            <ns3:cad>0</ns3:cad>
          </ns3:TrackPointExtension>
        </extensions>
      </trkpt>
      <trkpt lat="29.1754323430359363555908203125" lon="82.94640921056270599365234375">
        <ele>3805.800048828125</ele>
        <time>2026-08-09T05:08:25.000Z</time>
        <extensions>
          <ns3:TrackPointExtension>
            <ns3:hr>143</ns3:hr>
            <ns3:cad>0</ns3:cad>
          </ns3:TrackPointExtension>
        </extensions>
      </trkpt>
      <trkpt lat="29.1754323430359363555908203125" lon="82.94640921056270599365234375">
        <ele>3805.800048828125</ele>
        <time>2026-08-09T05:08:30.000Z</time>
        <extensions>
          <ns3:TrackPointExtension>
            <ns3:hr>140</ns3:hr>
            <ns3:cad>0</ns3:cad>
          </ns3:TrackPointExtension>
        </extensions>
      </trkpt>
      <trkpt lat="29.1754323430359363555908203125" lon="82.94640921056270599365234375">
        <ele>3805.39990234375</ele>
        <time>2026-08-09T05:08:43.000Z</time>
        <extensions>
          <ns3:TrackPointExtension>
            <ns3:hr>138</ns3:hr>
            <ns3:cad>0</ns3:cad>
          </ns3:TrackPointExtension>
        </extensions>
      </trkpt>
      <trkpt lat="29.1754323430359363555908203125" lon="82.94640921056270599365234375">
        <ele>3805.199951171875</ele>
        <time>2026-08-09T05:08:51.000Z</time>
        <extensions>
          <ns3:TrackPointExtension>
            <ns3:hr>136</ns3:hr>
            <ns3:cad>0</ns3:cad>
          </ns3:TrackPointExtension>
        </extensions>
      </trkpt>
      <trkpt lat="29.1754323430359363555908203125" lon="82.94640921056270599365234375">
        <ele>3805.39990234375</ele>
        <time>2026-08-09T05:09:02.000Z</time>
        <extensions>
          <ns3:TrackPointExtension>
            <ns3:hr>133</ns3:hr>
            <ns3:cad>0</ns3:cad>
          </ns3:TrackPointExtension>
        </extensions>
      </trkpt>
      <trkpt lat="29.1754323430359363555908203125" lon="82.94640921056270599365234375">
        <ele>3805.60009765625</ele>
        <time>2026-08-09T05:09:13.000Z</time>
        <extensions>
          <ns3:TrackPointExtension>
            <ns3:hr>131</ns3:hr>
            <ns3:cad>0</ns3:cad>
          </ns3:TrackPointExtension>
        </extensions>
      </trkpt>
      <trkpt lat="29.1754323430359363555908203125" lon="82.94640921056270599365234375">
        <ele>3805.800048828125</ele>
        <time>2026-08-09T05:09:16.000Z</time>
        <extensions>
          <ns3:TrackPointExtension>
            <ns3:hr>127</ns3:hr>
            <ns3:cad>0</ns3:cad>
          </ns3:TrackPointExtension>
        </extensions>
      </trkpt>
      <trkpt lat="29.1754323430359363555908203125" lon="82.94640921056270599365234375">
        <ele>3805.39990234375</ele>
        <time>2026-08-09T05:09:28.000Z</time>
        <extensions>
          <ns3:TrackPointExtension>
            <ns3:hr>125</ns3:hr>
            <ns3:cad>0</ns3:cad>
          </ns3:TrackPointExtension>
        </extensions>
      </trkpt>
      <trkpt lat="29.1754323430359363555908203125" lon="82.94640921056270599365234375">
        <ele>3805.800048828125</ele>
        <time>2026-08-09T05:09:43.000Z</time>
        <extensions>
          <ns3:TrackPointExtension>
            <ns3:hr>122</ns3:hr>
            <ns3:cad>0</ns3:cad>
          </ns3:TrackPointExtension>
        </extensions>
      </trkpt>
      <trkpt lat="29.17544013820588588714599609375" lon="82.9463969729840755462646484375">
        <ele>3806.199951171875</ele>
        <time>2026-08-09T05:09:50.000Z</time>
        <extensions>
          <ns3:TrackPointExtension>
            <ns3:hr>120</ns3:hr>
            <ns3:cad>0</ns3:cad>
          </ns3:TrackPointExtension>
        </extensions>
      </trkpt>
      <trkpt lat="29.17547366581857204437255859375" lon="82.94636361300945281982421875">
        <ele>3806.199951171875</ele>
        <time>2026-08-09T05:09:57.000Z</time>
        <extensions>
          <ns3:TrackPointExtension>
            <ns3:hr>118</ns3:hr>
            <ns3:cad>0</ns3:cad>
          </ns3:TrackPointExtension>
        </extensions>
      </trkpt>
      <trkpt lat="29.1754789464175701141357421875" lon="82.9463604278862476348876953125">
        <ele>3806.39990234375</ele>
        <time>2026-08-09T05:09:58.000Z</time>
        <extensions>
          <ns3:TrackPointExtension>
            <ns3:hr>118</ns3:hr>
            <ns3:cad>0</ns3:cad>
          </ns3:TrackPointExtension>
        </extensions>
      </trkpt>
      <trkpt lat="29.17549210600554943084716796875" lon="82.94635632075369358062744140625">
        <ele>3807.39990234375</ele>
        <time>2026-08-09T05:10:03.000Z</time>
        <extensions>
          <ns3:TrackPointExtension>
            <ns3:hr>119</ns3:hr>
            <ns3:cad>0</ns3:cad>
          </ns3:TrackPointExtension>
        </extensions>
      </trkpt>
      <trkpt lat="29.175492189824581146240234375" lon="82.94635615311563014984130859375">
        <ele>3807.60009765625</ele>
        <time>2026-08-09T05:10:04.000Z</time>
        <extensions>
          <ns3:TrackPointExtension>
            <ns3:hr>119</ns3:hr>
            <ns3:cad>0</ns3:cad>
          </ns3:TrackPointExtension>
        </extensions>
      </trkpt>
      <trkpt lat="29.17554424144327640533447265625" lon="82.9463443346321582794189453125">
        <ele>3808</ele>
        <time>2026-08-09T05:10:10.000Z</time>
        <extensions>
          <ns3:TrackPointExtension>
            <ns3:hr>119</ns3:hr>
            <ns3:cad>0</ns3:cad>
          </ns3:TrackPointExtension>
        </extensions>
      </trkpt>
      <trkpt lat="29.175586067140102386474609375" lon="82.9463225416839122772216796875">
        <ele>3807.60009765625</ele>
        <time>2026-08-09T05:10:16.000Z</time>
        <extensions>
          <ns3:TrackPointExtension>
            <ns3:hr>119</ns3:hr>
            <ns3:cad>0</ns3:cad>
          </ns3:TrackPointExtension>
        </extensions>
      </trkpt>
      <trkpt lat="29.17559386231005191802978515625" lon="82.9463134892284870147705078125">
        <ele>3808.60009765625</ele>
        <time>2026-08-09T05:10:21.000Z</time>
        <extensions>
          <ns3:TrackPointExtension>
            <ns3:hr>121</ns3:hr>
            <ns3:cad>0</ns3:cad>
          </ns3:TrackPointExtension>
        </extensions>
      </trkpt>
      <trkpt lat="29.1756046749651432037353515625" lon="82.9463081248104572296142578125">
        <ele>3809</ele>
        <time>2026-08-09T05:10:23.000Z</time>
        <extensions>
          <ns3:TrackPointExtension>
            <ns3:hr>120</ns3:hr>
            <ns3:cad>0</ns3:cad>
          </ns3:TrackPointExtension>
        </extensions>
      </trkpt>
      <trkpt lat="29.17562663555145263671875" lon="82.94629119336605072021484375">
        <ele>3809.39990234375</ele>
        <time>2026-08-09T05:10:27.000Z</time>
        <extensions>
          <ns3:TrackPointExtension>
            <ns3:hr>123</ns3:hr>
            <ns3:cad>0</ns3:cad>
          </ns3:TrackPointExtension>
        </extensions>
      </trkpt>
      <trkpt lat="29.175630323588848114013671875" lon="82.9462890140712261199951171875">
        <ele>3809.60009765625</ele>
        <time>2026-08-09T05:10:29.000Z</time>
        <extensions>
          <ns3:TrackPointExtension>
            <ns3:hr>124</ns3:hr>
            <ns3:cad>0</ns3:cad>
          </ns3:TrackPointExtension>
        </extensions>
      </trkpt>
      <trkpt lat="29.17563711293041706085205078125" lon="82.9462900198996067047119140625">
        <ele>3809.800048828125</ele>
        <time>2026-08-09T05:10:30.000Z</time>
        <extensions>
          <ns3:TrackPointExtension>
            <ns3:hr>124</ns3:hr>
            <ns3:cad>0</ns3:cad>
          </ns3:TrackPointExtension>
        </extensions>
      </trkpt>
      <trkpt lat="29.17566125281155109405517578125" lon="82.94627484865486621856689453125">
        <ele>3810.60009765625</ele>
        <time>2026-08-09T05:10:35.000Z</time>
        <extensions>
          <ns3:TrackPointExtension>
            <ns3:hr>123</ns3:hr>
            <ns3:cad>0</ns3:cad>
          </ns3:TrackPointExtension>
        </extensions>
      </trkpt>
      <trkpt lat="29.17566477321088314056396484375" lon="82.9462722502648830413818359375">
        <ele>3810.800048828125</ele>
        <time>2026-08-09T05:10:36.000Z</time>
        <extensions>
          <ns3:TrackPointExtension>
            <ns3:hr>123</ns3:hr>
            <ns3:cad>0</ns3:cad>
          </ns3:TrackPointExtension>
        </extensions>
      </trkpt>
      <trkpt lat="29.175694026052951812744140625" lon="82.946272082626819610595703125">
        <ele>3811.60009765625</ele>
        <time>2026-08-09T05:10:41.000Z</time>
        <extensions>
          <ns3:TrackPointExtension>
            <ns3:hr>123</ns3:hr>
            <ns3:cad>0</ns3:cad>
          </ns3:TrackPointExtension>
        </extensions>
      </trkpt>
      <trkpt lat="29.17569628916680812835693359375" lon="82.94627015478909015655517578125">
        <ele>3811.800048828125</ele>
        <time>2026-08-09T05:10:42.000Z</time>
        <extensions>
          <ns3:TrackPointExtension>
            <ns3:hr>124</ns3:hr>
            <ns3:cad>0</ns3:cad>
          </ns3:TrackPointExtension>
        </extensions>
      </trkpt>
      <trkpt lat="29.1757129691541194915771484375" lon="82.9462618567049503326416015625">
        <ele>3812</ele>
        <time>2026-08-09T05:10:45.000Z</time>
        <extensions>
          <ns3:TrackPointExtension>
            <ns3:hr>127</ns3:hr>
            <ns3:cad>0</ns3:cad>
          </ns3:TrackPointExtension>
        </extensions>
      </trkpt>
      <trkpt lat="29.175723530352115631103515625" lon="82.94625590555369853973388671875">
        <ele>3812.199951171875</ele>
        <time>2026-08-09T05:10:47.000Z</time>
        <extensions>
          <ns3:TrackPointExtension>
            <ns3:hr>128</ns3:hr>
            <ns3:cad>0</ns3:cad>
          </ns3:TrackPointExtension>
        </extensions>
      </trkpt>
      <trkpt lat="29.17575110681354999542236328125" lon="82.94625389389693737030029296875">
        <ele>3812.800048828125</ele>
        <time>2026-08-09T05:10:53.000Z</time>
        <extensions>
          <ns3:TrackPointExtension>
            <ns3:hr>128</ns3:hr>
            <ns3:cad>0</ns3:cad>
          </ns3:TrackPointExtension>
        </extensions>
      </trkpt>
      <trkpt lat="29.1757780127227306365966796875" lon="82.946249954402446746826171875">
        <ele>3813.39990234375</ele>
        <time>2026-08-09T05:10:57.000Z</time>
        <extensions>
          <ns3:TrackPointExtension>
            <ns3:hr>125</ns3:hr>
            <ns3:cad>0</ns3:cad>
          </ns3:TrackPointExtension>
        </extensions>
      </trkpt>
      <trkpt lat="29.17580760084092617034912109375" lon="82.946262024343013763427734375">
        <ele>3813.39990234375</ele>
        <time>2026-08-09T05:11:02.000Z</time>
        <extensions>
          <ns3:TrackPointExtension>
            <ns3:hr>126</ns3:hr>
            <ns3:cad>64</ns3:cad>
          </ns3:TrackPointExtension>
        </extensions>
      </trkpt>
      <trkpt lat="29.1758195869624614715576171875" lon="82.94626344926655292510986328125">
        <ele>3813.800048828125</ele>
        <time>2026-08-09T05:11:05.000Z</time>
        <extensions>
          <ns3:TrackPointExtension>
            <ns3:hr>128</ns3:hr>
            <ns3:cad>0</ns3:cad>
          </ns3:TrackPointExtension>
        </extensions>
      </trkpt>
      <trkpt lat="29.17582788504660129547119140625" lon="82.94625909067690372467041015625">
        <ele>3814</ele>
        <time>2026-08-09T05:11:09.000Z</time>
        <extensions>
          <ns3:TrackPointExtension>
            <ns3:hr>127</ns3:hr>
            <ns3:cad>0</ns3:cad>
          </ns3:TrackPointExtension>
        </extensions>
      </trkpt>
      <trkpt lat="29.1758454032242298126220703125" lon="82.94625096023082733154296875">
        <ele>3814.199951171875</ele>
        <time>2026-08-09T05:11:12.000Z</time>
        <extensions>
          <ns3:TrackPointExtension>
            <ns3:hr>130</ns3:hr>
            <ns3:cad>0</ns3:cad>
          </ns3:TrackPointExtension>
        </extensions>
      </trkpt>
      <trkpt lat="29.175851605832576751708984375" lon="82.9462481103837490081787109375">
        <ele>3814.60009765625</ele>
        <time>2026-08-09T05:11:14.000Z</time>
        <extensions>
          <ns3:TrackPointExtension>
            <ns3:hr>132</ns3:hr>
            <ns3:cad>0</ns3:cad>
          </ns3:TrackPointExtension>
        </extensions>
      </trkpt>
      <trkpt lat="29.1758588142693042755126953125" lon="82.946247272193431854248046875">
        <ele>3814.60009765625</ele>
        <time>2026-08-09T05:11:16.000Z</time>
        <extensions>
          <ns3:TrackPointExtension>
            <ns3:hr>138</ns3:hr>
            <ns3:cad>0</ns3:cad>
          </ns3:TrackPointExtension>
        </extensions>
      </trkpt>
      <trkpt lat="29.17586007155478000640869140625" lon="82.9462460987269878387451171875">
        <ele>3814.800048828125</ele>
        <time>2026-08-09T05:11:18.000Z</time>
        <extensions>
          <ns3:TrackPointExtension>
            <ns3:hr>141</ns3:hr>
            <ns3:cad>0</ns3:cad>
          </ns3:TrackPointExtension>
        </extensions>
      </trkpt>
      <trkpt lat="29.17586007155478000640869140625" lon="82.9462460987269878387451171875">
        <ele>3815</ele>
        <time>2026-08-09T05:11:19.000Z</time>
        <extensions>
          <ns3:TrackPointExtension>
            <ns3:hr>142</ns3:hr>
            <ns3:cad>0</ns3:cad>
          </ns3:TrackPointExtension>
        </extensions>
      </trkpt>
      <trkpt lat="29.17586426250636577606201171875" lon="82.9462467692792415618896484375">
        <ele>3815.39990234375</ele>
        <time>2026-08-09T05:11:21.000Z</time>
        <extensions>
          <ns3:TrackPointExtension>
            <ns3:hr>143</ns3:hr>
            <ns3:cad>0</ns3:cad>
          </ns3:TrackPointExtension>
        </extensions>
      </trkpt>
      <trkpt lat="29.17586007155478000640869140625" lon="82.9462460987269878387451171875">
        <ele>3816.199951171875</ele>
        <time>2026-08-09T05:11:25.000Z</time>
        <extensions>
          <ns3:TrackPointExtension>
            <ns3:hr>143</ns3:hr>
            <ns3:cad>0</ns3:cad>
          </ns3:TrackPointExtension>
        </extensions>
      </trkpt>
      <trkpt lat="29.1758839599788188934326171875" lon="82.94624031521379947662353515625">
        <ele>3816.60009765625</ele>
        <time>2026-08-09T05:11:28.000Z</time>
        <extensions>
          <ns3:TrackPointExtension>
            <ns3:hr>144</ns3:hr>
            <ns3:cad>0</ns3:cad>
          </ns3:TrackPointExtension>
        </extensions>
      </trkpt>
      <trkpt lat="29.1758854687213897705078125" lon="82.9462370462715625762939453125">
        <ele>3817.199951171875</ele>
        <time>2026-08-09T05:11:32.000Z</time>
        <extensions>
          <ns3:TrackPointExtension>
            <ns3:hr>143</ns3:hr>
            <ns3:cad>0</ns3:cad>
          </ns3:TrackPointExtension>
        </extensions>
      </trkpt>
      <trkpt lat="29.175892174243927001953125" lon="82.94623553752899169921875">
        <ele>3817.800048828125</ele>
        <time>2026-08-09T05:11:34.000Z</time>
        <extensions>
          <ns3:TrackPointExtension>
            <ns3:hr>142</ns3:hr>
            <ns3:cad>0</ns3:cad>
          </ns3:TrackPointExtension>
        </extensions>
      </trkpt>
      <trkpt lat="29.1759007237851619720458984375" lon="82.94622522778809070587158203125">
        <ele>3818.39990234375</ele>
        <time>2026-08-09T05:11:36.000Z</time>
        <extensions>
          <ns3:TrackPointExtension>
            <ns3:hr>142</ns3:hr>
            <ns3:cad>0</ns3:cad>
          </ns3:TrackPointExtension>
        </extensions>
      </trkpt>
      <trkpt lat="29.17591321282088756561279296875" lon="82.94620712287724018096923828125">
        <ele>3818.60009765625</ele>
        <time>2026-08-09T05:11:42.000Z</time>
        <extensions>
          <ns3:TrackPointExtension>
            <ns3:hr>139</ns3:hr>
            <ns3:cad>0</ns3:cad>
          </ns3:TrackPointExtension>
        </extensions>
      </trkpt>
      <trkpt lat="29.175928048789501190185546875" lon="82.9461998306214809417724609375">
        <ele>3819</ele>
        <time>2026-08-09T05:11:47.000Z</time>
        <extensions>
          <ns3:TrackPointExtension>
            <ns3:hr>136</ns3:hr>
            <ns3:cad>0</ns3:cad>
          </ns3:TrackPointExtension>
        </extensions>
      </trkpt>
      <trkpt lat="29.1759349219501018524169921875" lon="82.9461981542408466339111328125">
        <ele>3819.199951171875</ele>
        <time>2026-08-09T05:11:48.000Z</time>
        <extensions>
          <ns3:TrackPointExtension>
            <ns3:hr>137</ns3:hr>
            <ns3:cad>0</ns3:cad>
          </ns3:TrackPointExtension>
        </extensions>
      </trkpt>
      <trkpt lat="29.1759600676596164703369140625" lon="82.946189604699611663818359375">
        <ele>3819.39990234375</ele>
        <time>2026-08-09T05:11:53.000Z</time>
        <extensions>
          <ns3:TrackPointExtension>
            <ns3:hr>138</ns3:hr>
            <ns3:cad>0</ns3:cad>
          </ns3:TrackPointExtension>
        </extensions>
      </trkpt>
      <trkpt lat="29.175961576402187347412109375" lon="82.94618918560445308685302734375">
        <ele>3819.800048828125</ele>
        <time>2026-08-09T05:11:55.000Z</time>
        <extensions>
          <ns3:TrackPointExtension>
            <ns3:hr>139</ns3:hr>
            <ns3:cad>0</ns3:cad>
          </ns3:TrackPointExtension>
        </extensions>
      </trkpt>
      <trkpt lat="29.1759694553911685943603515625" lon="82.94618566520512104034423828125">
        <ele>3820.39990234375</ele>
        <time>2026-08-09T05:11:58.000Z</time>
        <extensions>
          <ns3:TrackPointExtension>
            <ns3:hr>138</ns3:hr>
            <ns3:cad>0</ns3:cad>
          </ns3:TrackPointExtension>
        </extensions>
      </trkpt>
      <trkpt lat="29.17598630301654338836669921875" lon="82.9461813904345035552978515625">
        <ele>3821</ele>
        <time>2026-08-09T05:12:01.000Z</time>
        <extensions>
          <ns3:TrackPointExtension>
            <ns3:hr>138</ns3:hr>
            <ns3:cad>0</ns3:cad>
          </ns3:TrackPointExtension>
        </extensions>
      </trkpt>
      <trkpt lat="29.17599820531904697418212890625" lon="82.94617585837841033935546875">
        <ele>3821.60009765625</ele>
        <time>2026-08-09T05:12:06.000Z</time>
        <extensions>
          <ns3:TrackPointExtension>
            <ns3:hr>139</ns3:hr>
            <ns3:cad>0</ns3:cad>
          </ns3:TrackPointExtension>
        </extensions>
      </trkpt>
      <trkpt lat="29.1759912483394145965576171875" lon="82.946178205311298370361328125">
        <ele>3822</ele>
        <time>2026-08-09T05:12:09.000Z</time>
        <extensions>
          <ns3:TrackPointExtension>
            <ns3:hr>139</ns3:hr>
            <ns3:cad>0</ns3:cad>
          </ns3:TrackPointExtension>
        </extensions>
      </trkpt>
      <trkpt lat="29.1759912483394145965576171875" lon="82.946178205311298370361328125">
        <ele>3822.60009765625</ele>
        <time>2026-08-09T05:12:13.000Z</time>
        <extensions>
          <ns3:TrackPointExtension>
            <ns3:hr>140</ns3:hr>
            <ns3:cad>0</ns3:cad>
          </ns3:TrackPointExtension>
        </extensions>
      </trkpt>
      <trkpt lat="29.1760180704295635223388671875" lon="82.94617183506488800048828125">
        <ele>3823.39990234375</ele>
        <time>2026-08-09T05:12:18.000Z</time>
        <extensions>
          <ns3:TrackPointExtension>
            <ns3:hr>141</ns3:hr>
            <ns3:cad>0</ns3:cad>
          </ns3:TrackPointExtension>
        </extensions>
      </trkpt>
      <trkpt lat="29.17601815424859523773193359375" lon="82.94617175124585628509521484375">
        <ele>3823.60009765625</ele>
        <time>2026-08-09T05:12:19.000Z</time>
        <extensions>
          <ns3:TrackPointExtension>
            <ns3:hr>141</ns3:hr>
            <ns3:cad>0</ns3:cad>
          </ns3:TrackPointExtension>
        </extensions>
      </trkpt>
      <trkpt lat="29.17601815424859523773193359375" lon="82.94617175124585628509521484375">
        <ele>3824.60009765625</ele>
        <time>2026-08-09T05:12:24.000Z</time>
        <extensions>
          <ns3:TrackPointExtension>
            <ns3:hr>138</ns3:hr>
            <ns3:cad>0</ns3:cad>
          </ns3:TrackPointExtension>
        </extensions>
      </trkpt>
      <trkpt lat="29.17601815424859523773193359375" lon="82.94617175124585628509521484375">
        <ele>3824.60009765625</ele>
        <time>2026-08-09T05:12:25.000Z</time>
        <extensions>
          <ns3:TrackPointExtension>
            <ns3:hr>138</ns3:hr>
            <ns3:cad>0</ns3:cad>
          </ns3:TrackPointExtension>
        </extensions>
      </trkpt>
      <trkpt lat="29.17601815424859523773193359375" lon="82.94617175124585628509521484375">
        <ele>3824.800048828125</ele>
        <time>2026-08-09T05:12:26.000Z</time>
        <extensions>
          <ns3:TrackPointExtension>
            <ns3:hr>139</ns3:hr>
            <ns3:cad>0</ns3:cad>
          </ns3:TrackPointExtension>
        </extensions>
      </trkpt>
      <trkpt lat="29.17604614980518817901611328125" lon="82.94616588391363620758056640625">
        <ele>3825.60009765625</ele>
        <time>2026-08-09T05:12:32.000Z</time>
        <extensions>
          <ns3:TrackPointExtension>
            <ns3:hr>136</ns3:hr>
            <ns3:cad>0</ns3:cad>
          </ns3:TrackPointExtension>
        </extensions>
      </trkpt>
      <trkpt lat="29.17604648508131504058837890625" lon="82.94616571627557277679443359375">
        <ele>3825.800048828125</ele>
        <time>2026-08-09T05:12:33.000Z</time>
        <extensions>
          <ns3:TrackPointExtension>
            <ns3:hr>137</ns3:hr>
            <ns3:cad>0</ns3:cad>
          </ns3:TrackPointExtension>
        </extensions>
      </trkpt>
      <trkpt lat="29.1760624945163726806640625" lon="82.94616403989493846893310546875">
        <ele>3826.39990234375</ele>
        <time>2026-08-09T05:12:35.000Z</time>
        <extensions>
          <ns3:TrackPointExtension>
            <ns3:hr>137</ns3:hr>
            <ns3:cad>0</ns3:cad>
          </ns3:TrackPointExtension>
        </extensions>
      </trkpt>
      <trkpt lat="29.17607263661921024322509765625" lon="82.94616672210395336151123046875">
        <ele>3826.800048828125</ele>
        <time>2026-08-09T05:12:40.000Z</time>
        <extensions>
          <ns3:TrackPointExtension>
            <ns3:hr>138</ns3:hr>
            <ns3:cad>0</ns3:cad>
          </ns3:TrackPointExtension>
        </extensions>
      </trkpt>
      <trkpt lat="29.17607263661921024322509765625" lon="82.94616672210395336151123046875">
        <ele>3827</ele>
        <time>2026-08-09T05:12:41.000Z</time>
        <extensions>
          <ns3:TrackPointExtension>
            <ns3:hr>139</ns3:hr>
            <ns3:cad>0</ns3:cad>
          </ns3:TrackPointExtension>
        </extensions>
      </trkpt>
      <trkpt lat="29.1760800965130329132080078125" lon="82.94616638682782649993896484375">
        <ele>3827.800048828125</ele>
        <time>2026-08-09T05:12:49.000Z</time>
        <extensions>
          <ns3:TrackPointExtension>
            <ns3:hr>139</ns3:hr>
            <ns3:cad>0</ns3:cad>
          </ns3:TrackPointExtension>
        </extensions>
      </trkpt>
      <trkpt lat="29.17610247619450092315673828125" lon="82.946156747639179229736328125">
        <ele>3828</ele>
        <time>2026-08-09T05:12:54.000Z</time>
        <extensions>
          <ns3:TrackPointExtension>
            <ns3:hr>138</ns3:hr>
            <ns3:cad>0</ns3:cad>
          </ns3:TrackPointExtension>
        </extensions>
      </trkpt>
      <trkpt lat="29.17610247619450092315673828125" lon="82.946156747639179229736328125">
        <ele>3828.60009765625</ele>
        <time>2026-08-09T05:13:01.000Z</time>
        <extensions>
          <ns3:TrackPointExtension>
            <ns3:hr>140</ns3:hr>
            <ns3:cad>0</ns3:cad>
          </ns3:TrackPointExtension>
        </extensions>
      </trkpt>
      <trkpt lat="29.17610247619450092315673828125" lon="82.946156747639179229736328125">
        <ele>3829</ele>
        <time>2026-08-09T05:13:04.000Z</time>
        <extensions>
          <ns3:TrackPointExtension>
            <ns3:hr>140</ns3:hr>
            <ns3:cad>0</ns3:cad>
          </ns3:TrackPointExtension>
        </extensions>
      </trkpt>
      <trkpt lat="29.17611102573573589324951171875" lon="82.94614593498408794403076171875">
        <ele>3829.800048828125</ele>
        <time>2026-08-09T05:13:08.000Z</time>
        <extensions>
          <ns3:TrackPointExtension>
            <ns3:hr>140</ns3:hr>
            <ns3:cad>0</ns3:cad>
          </ns3:TrackPointExtension>
        </extensions>
      </trkpt>
      <trkpt lat="29.17611655779182910919189453125" lon="82.9461166821420192718505859375">
        <ele>3830.199951171875</ele>
        <time>2026-08-09T05:13:12.000Z</time>
        <extensions>
          <ns3:TrackPointExtension>
            <ns3:hr>138</ns3:hr>
            <ns3:cad>0</ns3:cad>
          </ns3:TrackPointExtension>
        </extensions>
      </trkpt>
      <trkpt lat="29.17611773125827312469482421875" lon="82.94611223973333835601806640625">
        <ele>3830.60009765625</ele>
        <time>2026-08-09T05:13:14.000Z</time>
        <extensions>
          <ns3:TrackPointExtension>
            <ns3:hr>138</ns3:hr>
            <ns3:cad>0</ns3:cad>
          </ns3:TrackPointExtension>
        </extensions>
      </trkpt>
      <trkpt lat="29.17611840181052684783935546875" lon="82.94610888697206974029541015625">
        <ele>3831.199951171875</ele>
        <time>2026-08-09T05:13:16.000Z</time>
        <extensions>
          <ns3:TrackPointExtension>
            <ns3:hr>138</ns3:hr>
            <ns3:cad>0</ns3:cad>
          </ns3:TrackPointExtension>
        </extensions>
      </trkpt>
      <trkpt lat="29.1761196590960025787353515625" lon="82.94609832577407360076904296875">
        <ele>3832</ele>
        <time>2026-08-09T05:13:19.000Z</time>
        <extensions>
          <ns3:TrackPointExtension>
            <ns3:hr>136</ns3:hr>
            <ns3:cad>0</ns3:cad>
          </ns3:TrackPointExtension>
        </extensions>
      </trkpt>
      <trkpt lat="29.176141284406185150146484375" lon="82.94607368297874927520751953125">
        <ele>3832.199951171875</ele>
        <time>2026-08-09T05:13:24.000Z</time>
        <extensions>
          <ns3:TrackPointExtension>
            <ns3:hr>139</ns3:hr>
            <ns3:cad>0</ns3:cad>
          </ns3:TrackPointExtension>
        </extensions>
      </trkpt>
      <trkpt lat="29.17614690028131008148193359375" lon="82.9460747726261615753173828125">
        <ele>3832.39990234375</ele>
        <time>2026-08-09T05:13:25.000Z</time>
        <extensions>
          <ns3:TrackPointExtension>
            <ns3:hr>141</ns3:hr>
            <ns3:cad>0</ns3:cad>
          </ns3:TrackPointExtension>
        </extensions>
      </trkpt>
      <trkpt lat="29.1761555336415767669677734375" lon="82.94607670046389102935791015625">
        <ele>3832.800048828125</ele>
        <time>2026-08-09T05:13:26.000Z</time>
        <extensions>
          <ns3:TrackPointExtension>
            <ns3:hr>141</ns3:hr>
            <ns3:cad>0</ns3:cad>
          </ns3:TrackPointExtension>
        </extensions>
      </trkpt>
      <trkpt lat="29.1762121953070163726806640625" lon="82.94604602269828319549560546875">
        <ele>3832.800048828125</ele>
        <time>2026-08-09T05:13:33.000Z</time>
        <extensions>
          <ns3:TrackPointExtension>
            <ns3:hr>142</ns3:hr>
            <ns3:cad>0</ns3:cad>
          </ns3:TrackPointExtension>
        </extensions>
      </trkpt>
      <trkpt lat="29.17623809538781642913818359375" lon="82.9460321925580501556396484375">
        <ele>3833.39990234375</ele>
        <time>2026-08-09T05:13:38.000Z</time>
        <extensions>
          <ns3:TrackPointExtension>
            <ns3:hr>141</ns3:hr>
            <ns3:cad>0</ns3:cad>
          </ns3:TrackPointExtension>
        </extensions>
      </trkpt>
      <trkpt lat="29.176285453140735626220703125" lon="82.94602624140679836273193359375">
        <ele>3833.60009765625</ele>
        <time>2026-08-09T05:13:44.000Z</time>
        <extensions>
          <ns3:TrackPointExtension>
            <ns3:hr>143</ns3:hr>
            <ns3:cad>0</ns3:cad>
          </ns3:TrackPointExtension>
        </extensions>
      </trkpt>
      <trkpt lat="29.17631420306861400604248046875" lon="82.94604199938476085662841796875">
        <ele>3834.60009765625</ele>
        <time>2026-08-09T05:13:49.000Z</time>
        <extensions>
          <ns3:TrackPointExtension>
            <ns3:hr>139</ns3:hr>
            <ns3:cad>0</ns3:cad>
          </ns3:TrackPointExtension>
        </extensions>
      </trkpt>
      <trkpt lat="29.17632057331502437591552734375" lon="82.94605054892599582672119140625">
        <ele>3835</ele>
        <time>2026-08-09T05:13:51.000Z</time>
        <extensions>
          <ns3:TrackPointExtension>
            <ns3:hr>137</ns3:hr>
            <ns3:cad>0</ns3:cad>
          </ns3:TrackPointExtension>
        </extensions>
      </trkpt>
      <trkpt lat="29.17633138597011566162109375" lon="82.946061193943023681640625">
        <ele>3835.60009765625</ele>
        <time>2026-08-09T05:13:56.000Z</time>
        <extensions>
          <ns3:TrackPointExtension>
            <ns3:hr>134</ns3:hr>
            <ns3:cad>0</ns3:cad>
          </ns3:TrackPointExtension>
        </extensions>
      </trkpt>
      <trkpt lat="29.17633364908397197723388671875" lon="82.94606898911297321319580078125">
        <ele>3835.60009765625</ele>
        <time>2026-08-09T05:13:57.000Z</time>
        <extensions>
          <ns3:TrackPointExtension>
            <ns3:hr>134</ns3:hr>
            <ns3:cad>0</ns3:cad>
          </ns3:TrackPointExtension>
        </extensions>
      </trkpt>
      <trkpt lat="29.17633968405425548553466796875" lon="82.94607393443584442138671875">
        <ele>3836</ele>
        <time>2026-08-09T05:14:00.000Z</time>
        <extensions>
          <ns3:TrackPointExtension>
            <ns3:hr>138</ns3:hr>
            <ns3:cad>0</ns3:cad>
          </ns3:TrackPointExtension>
        </extensions>
      </trkpt>
      <trkpt lat="29.1763446293771266937255859375" lon="82.94608692638576030731201171875">
        <ele>3836.800048828125</ele>
        <time>2026-08-09T05:14:03.000Z</time>
        <extensions>
          <ns3:TrackPointExtension>
            <ns3:hr>139</ns3:hr>
            <ns3:cad>0</ns3:cad>
          </ns3:TrackPointExtension>
        </extensions>
      </trkpt>
      <trkpt lat="29.17634689249098300933837890625" lon="82.94608910568058490753173828125">
        <ele>3837.199951171875</ele>
        <time>2026-08-09T05:14:04.000Z</time>
        <extensions>
          <ns3:TrackPointExtension>
            <ns3:hr>138</ns3:hr>
            <ns3:cad>0</ns3:cad>
          </ns3:TrackPointExtension>
        </extensions>
      </trkpt>
      <trkpt lat="29.1763701103627681732177734375" lon="82.946135289967060089111328125">
        <ele>3837.800048828125</ele>
        <time>2026-08-09T05:14:12.000Z</time>
        <extensions>
          <ns3:TrackPointExtension>
            <ns3:hr>139</ns3:hr>
            <ns3:cad>0</ns3:cad>
          </ns3:TrackPointExtension>
        </extensions>
      </trkpt>
      <trkpt lat="29.17637522332370281219482421875" lon="82.946139983832836151123046875">
        <ele>3837.800048828125</ele>
        <time>2026-08-09T05:14:13.000Z</time>
        <extensions>
          <ns3:TrackPointExtension>
            <ns3:hr>139</ns3:hr>
            <ns3:cad>0</ns3:cad>
          </ns3:TrackPointExtension>
        </extensions>
      </trkpt>
      <trkpt lat="29.1764150373637676239013671875" lon="82.9461401514708995819091796875">
        <ele>3837</ele>
        <time>2026-08-09T05:14:20.000Z</time>
        <extensions>
          <ns3:TrackPointExtension>
            <ns3:hr>139</ns3:hr>
            <ns3:cad>0</ns3:cad>
          </ns3:TrackPointExtension>
        </extensions>
      </trkpt>
      <trkpt lat="29.176444374024868011474609375" lon="82.9461431689560413360595703125">
        <ele>3838.800048828125</ele>
        <time>2026-08-09T05:14:26.000Z</time>
        <extensions>
          <ns3:TrackPointExtension>
            <ns3:hr>138</ns3:hr>
            <ns3:cad>0</ns3:cad>
          </ns3:TrackPointExtension>
        </extensions>
      </trkpt>
      <trkpt lat="29.1764468885958194732666015625" lon="82.94614291749894618988037109375">
        <ele>3839</ele>
        <time>2026-08-09T05:14:28.000Z</time>
        <extensions>
          <ns3:TrackPointExtension>
            <ns3:hr>138</ns3:hr>
            <ns3:cad>0</ns3:cad>
          </ns3:TrackPointExtension>
        </extensions>
      </trkpt>
      <trkpt lat="29.17647111229598522186279296875" lon="82.946148030459880828857421875">
        <ele>3840</ele>
        <time>2026-08-09T05:14:33.000Z</time>
        <extensions>
          <ns3:TrackPointExtension>
            <ns3:hr>138</ns3:hr>
            <ns3:cad>0</ns3:cad>
          </ns3:TrackPointExtension>
        </extensions>
      </trkpt>
      <trkpt lat="29.1764948330819606781005859375" lon="82.94613637961447238922119140625">
        <ele>3841</ele>
        <time>2026-08-09T05:14:38.000Z</time>
        <extensions>
          <ns3:TrackPointExtension>
            <ns3:hr>137</ns3:hr>
            <ns3:cad>0</ns3:cad>
          </ns3:TrackPointExtension>
        </extensions>
      </trkpt>
      <trkpt lat="29.1765001974999904632568359375" lon="82.9461349546909332275390625">
        <ele>3841.199951171875</ele>
        <time>2026-08-09T05:14:40.000Z</time>
        <extensions>
          <ns3:TrackPointExtension>
            <ns3:hr>136</ns3:hr>
            <ns3:cad>0</ns3:cad>
          </ns3:TrackPointExtension>
        </extensions>
      </trkpt>
      <trkpt lat="29.176534898579120635986328125" lon="82.9461260698735713958740234375">
        <ele>3840.800048828125</ele>
        <time>2026-08-09T05:14:46.000Z</time>
        <extensions>
          <ns3:TrackPointExtension>
            <ns3:hr>137</ns3:hr>
            <ns3:cad>41</ns3:cad>
          </ns3:TrackPointExtension>
        </extensions>
      </trkpt>
      <trkpt lat="29.17659030295908451080322265625" lon="82.946145348250865936279296875">
        <ele>3841.39990234375</ele>
        <time>2026-08-09T05:14:53.000Z</time>
        <extensions>
          <ns3:TrackPointExtension>
            <ns3:hr>138</ns3:hr>
            <ns3:cad>0</ns3:cad>
          </ns3:TrackPointExtension>
        </extensions>
      </trkpt>
      <trkpt lat="29.17663807980716228485107421875" lon="82.946157753467559814453125">
        <ele>3840.60009765625</ele>
        <time>2026-08-09T05:14:59.000Z</time>
        <extensions>
          <ns3:TrackPointExtension>
            <ns3:hr>138</ns3:hr>
            <ns3:cad>52</ns3:cad>
          </ns3:TrackPointExtension>
        </extensions>
      </trkpt>
      <trkpt lat="29.17668418027460575103759765625" lon="82.9461807198822498321533203125">
        <ele>3841.60009765625</ele>
        <time>2026-08-09T05:15:08.000Z</time>
        <extensions>
          <ns3:TrackPointExtension>
            <ns3:hr>139</ns3:hr>
            <ns3:cad>71</ns3:cad>
          </ns3:TrackPointExtension>
        </extensions>
      </trkpt>
      <trkpt lat="29.176696836948394775390625" lon="82.9461844079196453094482421875">
        <ele>3841.60009765625</ele>
        <time>2026-08-09T05:15:12.000Z</time>
        <extensions>
          <ns3:TrackPointExtension>
            <ns3:hr>136</ns3:hr>
            <ns3:cad>0</ns3:cad>
          </ns3:TrackPointExtension>
        </extensions>
      </trkpt>
      <trkpt lat="29.17671066708862781524658203125" lon="82.9461827315390110015869140625">
        <ele>3842.199951171875</ele>
        <time>2026-08-09T05:15:15.000Z</time>
        <extensions>
          <ns3:TrackPointExtension>
            <ns3:hr>137</ns3:hr>
            <ns3:cad>0</ns3:cad>
          </ns3:TrackPointExtension>
        </extensions>
      </trkpt>
      <trkpt lat="29.17673665098845958709716796875" lon="82.94617342762649059295654296875">
        <ele>3843</ele>
        <time>2026-08-09T05:15:22.000Z</time>
        <extensions>
          <ns3:TrackPointExtension>
            <ns3:hr>135</ns3:hr>
            <ns3:cad>0</ns3:cad>
          </ns3:TrackPointExtension>
        </extensions>
      </trkpt>
      <trkpt lat="29.176743440330028533935546875" lon="82.946171499788761138916015625">
        <ele>3843.199951171875</ele>
        <time>2026-08-09T05:15:23.000Z</time>
        <extensions>
          <ns3:TrackPointExtension>
            <ns3:hr>136</ns3:hr>
            <ns3:cad>0</ns3:cad>
          </ns3:TrackPointExtension>
        </extensions>
      </trkpt>
      <trkpt lat="29.17677587829530239105224609375" lon="82.94614861719310283660888671875">
        <ele>3844.39990234375</ele>
        <time>2026-08-09T05:15:29.000Z</time>
        <extensions>
          <ns3:TrackPointExtension>
            <ns3:hr>135</ns3:hr>
            <ns3:cad>0</ns3:cad>
          </ns3:TrackPointExtension>
        </extensions>
      </trkpt>
      <trkpt lat="29.17680605314671993255615234375" lon="82.94613428413867950439453125">
        <ele>3845.199951171875</ele>
        <time>2026-08-09T05:15:35.000Z</time>
        <extensions>
          <ns3:TrackPointExtension>
            <ns3:hr>136</ns3:hr>
            <ns3:cad>0</ns3:cad>
          </ns3:TrackPointExtension>
        </extensions>
      </trkpt>
      <trkpt lat="29.17681745253503322601318359375" lon="82.94613319449126720428466796875">
        <ele>3845.39990234375</ele>
        <time>2026-08-09T05:15:37.000Z</time>
        <extensions>
          <ns3:TrackPointExtension>
            <ns3:hr>136</ns3:hr>
            <ns3:cad>0</ns3:cad>
          </ns3:TrackPointExtension>
        </extensions>
      </trkpt>
      <trkpt lat="29.17683203704655170440673828125" lon="82.94612447731196880340576171875">
        <ele>3846</ele>
        <time>2026-08-09T05:15:41.000Z</time>
        <extensions>
          <ns3:TrackPointExtension>
            <ns3:hr>136</ns3:hr>
            <ns3:cad>0</ns3:cad>
          </ns3:TrackPointExtension>
        </extensions>
      </trkpt>
      <trkpt lat="29.176851399242877960205078125" lon="82.9461160115897655487060546875">
        <ele>3846.199951171875</ele>
        <time>2026-08-09T05:15:48.000Z</time>
        <extensions>
          <ns3:TrackPointExtension>
            <ns3:hr>136</ns3:hr>
            <ns3:cad>0</ns3:cad>
          </ns3:TrackPointExtension>
        </extensions>
      </trkpt>
      <trkpt lat="29.1768539138138294219970703125" lon="82.94611190445721149444580078125">
        <ele>3846.60009765625</ele>
        <time>2026-08-09T05:15:50.000Z</time>
        <extensions>
          <ns3:TrackPointExtension>
            <ns3:hr>136</ns3:hr>
            <ns3:cad>0</ns3:cad>
          </ns3:TrackPointExtension>
        </extensions>
      </trkpt>
      <trkpt lat="29.17686506174504756927490234375" lon="82.9461116530001163482666015625">
        <ele>3847.199951171875</ele>
        <time>2026-08-09T05:15:53.000Z</time>
        <extensions>
          <ns3:TrackPointExtension>
            <ns3:hr>136</ns3:hr>
            <ns3:cad>0</ns3:cad>
          </ns3:TrackPointExtension>
        </extensions>
      </trkpt>
      <trkpt lat="29.17688232846558094024658203125" lon="82.94610184617340564727783203125">
        <ele>3847.60009765625</ele>
        <time>2026-08-09T05:15:56.000Z</time>
        <extensions>
          <ns3:TrackPointExtension>
            <ns3:hr>136</ns3:hr>
            <ns3:cad>0</ns3:cad>
          </ns3:TrackPointExtension>
        </extensions>
      </trkpt>
      <trkpt lat="29.176894314587116241455078125" lon="82.9460935480892658233642578125">
        <ele>3848.800048828125</ele>
        <time>2026-08-09T05:16:00.000Z</time>
        <extensions>
          <ns3:TrackPointExtension>
            <ns3:hr>136</ns3:hr>
            <ns3:cad>0</ns3:cad>
          </ns3:TrackPointExtension>
        </extensions>
      </trkpt>
      <trkpt lat="29.17690244503319263458251953125" lon="82.94609145261347293853759765625">
        <ele>3849</ele>
        <time>2026-08-09T05:16:01.000Z</time>
        <extensions>
          <ns3:TrackPointExtension>
            <ns3:hr>136</ns3:hr>
            <ns3:cad>0</ns3:cad>
          </ns3:TrackPointExtension>
        </extensions>
      </trkpt>
      <trkpt lat="29.17692809365689754486083984375" lon="82.9460875131189823150634765625">
        <ele>3849.60009765625</ele>
        <time>2026-08-09T05:16:07.000Z</time>
        <extensions>
          <ns3:TrackPointExtension>
            <ns3:hr>136</ns3:hr>
            <ns3:cad>0</ns3:cad>
          </ns3:TrackPointExtension>
        </extensions>
      </trkpt>
      <trkpt lat="29.17695156298577785491943359375" lon="82.94607686810195446014404296875">
        <ele>3849.60009765625</ele>
        <time>2026-08-09T05:16:12.000Z</time>
        <extensions>
          <ns3:TrackPointExtension>
            <ns3:hr>138</ns3:hr>
            <ns3:cad>0</ns3:cad>
          </ns3:TrackPointExtension>
        </extensions>
      </trkpt>
      <trkpt lat="29.176954664289951324462890625" lon="82.94607418589293956756591796875">
        <ele>3849.800048828125</ele>
        <time>2026-08-09T05:16:13.000Z</time>
        <extensions>
          <ns3:TrackPointExtension>
            <ns3:hr>137</ns3:hr>
            <ns3:cad>0</ns3:cad>
          </ns3:TrackPointExtension>
        </extensions>
      </trkpt>
      <trkpt lat="29.17697285301983356475830078125" lon="82.946066893637180328369140625">
        <ele>3850</ele>
        <time>2026-08-09T05:16:18.000Z</time>
        <extensions>
          <ns3:TrackPointExtension>
            <ns3:hr>138</ns3:hr>
            <ns3:cad>0</ns3:cad>
          </ns3:TrackPointExtension>
        </extensions>
      </trkpt>
      <trkpt lat="29.17698073200881481170654296875" lon="82.9460486210882663726806640625">
        <ele>3850.60009765625</ele>
        <time>2026-08-09T05:16:23.000Z</time>
        <extensions>
          <ns3:TrackPointExtension>
            <ns3:hr>139</ns3:hr>
            <ns3:cad>0</ns3:cad>
          </ns3:TrackPointExtension>
        </extensions>
      </trkpt>
      <trkpt lat="29.17698559351265430450439453125" lon="82.94603898189961910247802734375">
        <ele>3850.800048828125</ele>
        <time>2026-08-09T05:16:24.000Z</time>
        <extensions>
          <ns3:TrackPointExtension>
            <ns3:hr>138</ns3:hr>
            <ns3:cad>0</ns3:cad>
          </ns3:TrackPointExtension>
        </extensions>
      </trkpt>
      <trkpt lat="29.1769876889884471893310546875" lon="82.94603780843317508697509765625">
        <ele>3851.39990234375</ele>
        <time>2026-08-09T05:16:29.000Z</time>
        <extensions>
          <ns3:TrackPointExtension>
            <ns3:hr>138</ns3:hr>
            <ns3:cad>0</ns3:cad>
          </ns3:TrackPointExtension>
        </extensions>
      </trkpt>
      <trkpt lat="29.17699196375906467437744140625" lon="82.94603076763451099395751953125">
        <ele>3851.800048828125</ele>
        <time>2026-08-09T05:16:30.000Z</time>
        <extensions>
          <ns3:TrackPointExtension>
            <ns3:hr>138</ns3:hr>
            <ns3:cad>0</ns3:cad>
          </ns3:TrackPointExtension>
        </extensions>
      </trkpt>
      <trkpt lat="29.17701090686023235321044921875" lon="82.9460130818188190460205078125">
        <ele>3852.800048828125</ele>
        <time>2026-08-09T05:16:35.000Z</time>
        <extensions>
          <ns3:TrackPointExtension>
            <ns3:hr>137</ns3:hr>
            <ns3:cad>0</ns3:cad>
          </ns3:TrackPointExtension>
        </extensions>
      </trkpt>
      <trkpt lat="29.1770155169069766998291015625" lon="82.9460110701620578765869140625">
        <ele>3853.199951171875</ele>
        <time>2026-08-09T05:16:37.000Z</time>
        <extensions>
          <ns3:TrackPointExtension>
            <ns3:hr>137</ns3:hr>
            <ns3:cad>0</ns3:cad>
          </ns3:TrackPointExtension>
        </extensions>
      </trkpt>
      <trkpt lat="29.177043177187442779541015625" lon="82.94599137268960475921630859375">
        <ele>3854</ele>
        <time>2026-08-09T05:16:42.000Z</time>
        <extensions>
          <ns3:TrackPointExtension>
            <ns3:hr>136</ns3:hr>
            <ns3:cad>0</ns3:cad>
          </ns3:TrackPointExtension>
        </extensions>
      </trkpt>
      <trkpt lat="29.17705063708126544952392578125" lon="82.9459815658628940582275390625">
        <ele>3854.199951171875</ele>
        <time>2026-08-09T05:16:45.000Z</time>
        <extensions>
          <ns3:TrackPointExtension>
            <ns3:hr>136</ns3:hr>
            <ns3:cad>0</ns3:cad>
          </ns3:TrackPointExtension>
        </extensions>
      </trkpt>
      <trkpt lat="29.1770654730498790740966796875" lon="82.9459632933139801025390625">
        <ele>3855</ele>
        <time>2026-08-09T05:16:49.000Z</time>
        <extensions>
          <ns3:TrackPointExtension>
            <ns3:hr>135</ns3:hr>
            <ns3:cad>0</ns3:cad>
          </ns3:TrackPointExtension>
        </extensions>
      </trkpt>
      <trkpt lat="29.17707226239144802093505859375" lon="82.94595030136406421661376953125">
        <ele>3855.39990234375</ele>
        <time>2026-08-09T05:16:51.000Z</time>
        <extensions>
          <ns3:TrackPointExtension>
            <ns3:hr>134</ns3:hr>
            <ns3:cad>0</ns3:cad>
          </ns3:TrackPointExtension>
        </extensions>
      </trkpt>
      <trkpt lat="29.1770849190652370452880859375" lon="82.94593018479645252227783203125">
        <ele>3855.60009765625</ele>
        <time>2026-08-09T05:16:57.000Z</time>
        <extensions>
          <ns3:TrackPointExtension>
            <ns3:hr>136</ns3:hr>
            <ns3:cad>0</ns3:cad>
          </ns3:TrackPointExtension>
        </extensions>
      </trkpt>
      <trkpt lat="29.177099503576755523681640625" lon="82.94592129997909069061279296875">
        <ele>3856.199951171875</ele>
        <time>2026-08-09T05:17:01.000Z</time>
        <extensions>
          <ns3:TrackPointExtension>
            <ns3:hr>137</ns3:hr>
            <ns3:cad>0</ns3:cad>
          </ns3:TrackPointExtension>
        </extensions>
      </trkpt>
      <trkpt lat="29.1771124117076396942138671875" lon="82.94591509737074375152587890625">
        <ele>3856.800048828125</ele>
        <time>2026-08-09T05:17:04.000Z</time>
        <extensions>
          <ns3:TrackPointExtension>
            <ns3:hr>138</ns3:hr>
            <ns3:cad>0</ns3:cad>
          </ns3:TrackPointExtension>
        </extensions>
      </trkpt>
      <trkpt lat="29.1771171055734157562255859375" lon="82.94591543264687061309814453125">
        <ele>3857.199951171875</ele>
        <time>2026-08-09T05:17:07.000Z</time>
        <extensions>
          <ns3:TrackPointExtension>
            <ns3:hr>137</ns3:hr>
            <ns3:cad>0</ns3:cad>
          </ns3:TrackPointExtension>
        </extensions>
      </trkpt>
      <trkpt lat="29.1771201230585575103759765625" lon="82.9459150135517120361328125">
        <ele>3858</ele>
        <time>2026-08-09T05:17:12.000Z</time>
        <extensions>
          <ns3:TrackPointExtension>
            <ns3:hr>136</ns3:hr>
            <ns3:cad>0</ns3:cad>
          </ns3:TrackPointExtension>
        </extensions>
      </trkpt>
      <trkpt lat="29.1771348752081394195556640625" lon="82.9459084756672382354736328125">
        <ele>3858.39990234375</ele>
        <time>2026-08-09T05:17:14.000Z</time>
        <extensions>
          <ns3:TrackPointExtension>
            <ns3:hr>135</ns3:hr>
            <ns3:cad>0</ns3:cad>
          </ns3:TrackPointExtension>
        </extensions>
      </trkpt>
      <trkpt lat="29.17714619077742099761962890625" lon="82.94590503908693790435791015625">
        <ele>3858.800048828125</ele>
        <time>2026-08-09T05:17:18.000Z</time>
        <extensions>
          <ns3:TrackPointExtension>
            <ns3:hr>134</ns3:hr>
            <ns3:cad>0</ns3:cad>
          </ns3:TrackPointExtension>
        </extensions>
      </trkpt>
      <trkpt lat="29.1771687380969524383544921875" lon="82.94589011929929256439208984375">
        <ele>3859.39990234375</ele>
        <time>2026-08-09T05:17:23.000Z</time>
        <extensions>
          <ns3:TrackPointExtension>
            <ns3:hr>137</ns3:hr>
            <ns3:cad>0</ns3:cad>
          </ns3:TrackPointExtension>
        </extensions>
      </trkpt>
      <trkpt lat="29.1771687380969524383544921875" lon="82.94588693417608737945556640625">
        <ele>3859</ele>
        <time>2026-08-09T05:17:25.000Z</time>
        <extensions>
          <ns3:TrackPointExtension>
            <ns3:hr>138</ns3:hr>
            <ns3:cad>0</ns3:cad>
          </ns3:TrackPointExtension>
        </extensions>
      </trkpt>
      <trkpt lat="29.17717502452433109283447265625" lon="82.9458705894649028778076171875">
        <ele>3859.39990234375</ele>
        <time>2026-08-09T05:17:29.000Z</time>
        <extensions>
          <ns3:TrackPointExtension>
            <ns3:hr>139</ns3:hr>
            <ns3:cad>0</ns3:cad>
          </ns3:TrackPointExtension>
        </extensions>
      </trkpt>
      <trkpt lat="29.1771767847239971160888671875" lon="82.94586514122784137725830078125">
        <ele>3859.800048828125</ele>
        <time>2026-08-09T05:17:30.000Z</time>
        <extensions>
          <ns3:TrackPointExtension>
            <ns3:hr>139</ns3:hr>
            <ns3:cad>0</ns3:cad>
          </ns3:TrackPointExtension>
        </extensions>
      </trkpt>
      <trkpt lat="29.177180640399456024169921875" lon="82.9458565078675746917724609375">
        <ele>3861</ele>
        <time>2026-08-09T05:17:32.000Z</time>
        <extensions>
          <ns3:TrackPointExtension>
            <ns3:hr>140</ns3:hr>
            <ns3:cad>0</ns3:cad>
          </ns3:TrackPointExtension>
        </extensions>
      </trkpt>
      <trkpt lat="29.1771975718438625335693359375" lon="82.94585474766790866851806640625">
        <ele>3862.199951171875</ele>
        <time>2026-08-09T05:17:34.000Z</time>
        <extensions>
          <ns3:TrackPointExtension>
            <ns3:hr>140</ns3:hr>
            <ns3:cad>0</ns3:cad>
          </ns3:TrackPointExtension>
        </extensions>
      </trkpt>
      <trkpt lat="29.17719698511064052581787109375" lon="82.94586648233234882354736328125">
        <ele>3863</ele>
        <time>2026-08-09T05:17:36.000Z</time>
        <extensions>
          <ns3:TrackPointExtension>
            <ns3:hr>140</ns3:hr>
            <ns3:cad>0</ns3:cad>
          </ns3:TrackPointExtension>
        </extensions>
      </trkpt>
      <trkpt lat="29.17719614692032337188720703125" lon="82.94586815871298313140869140625">
        <ele>3861</ele>
        <time>2026-08-09T05:17:42.000Z</time>
        <extensions>
          <ns3:TrackPointExtension>
            <ns3:hr>140</ns3:hr>
            <ns3:cad>0</ns3:cad>
          </ns3:TrackPointExtension>
        </extensions>
      </trkpt>
      <trkpt lat="29.17719614692032337188720703125" lon="82.94586815871298313140869140625">
        <ele>3860.800048828125</ele>
        <time>2026-08-09T05:17:43.000Z</time>
        <extensions>
          <ns3:TrackPointExtension>
            <ns3:hr>140</ns3:hr>
            <ns3:cad>0</ns3:cad>
          </ns3:TrackPointExtension>
        </extensions>
      </trkpt>
      <trkpt lat="29.17719614692032337188720703125" lon="82.94586815871298313140869140625">
        <ele>3862.199951171875</ele>
        <time>2026-08-09T05:17:49.000Z</time>
        <extensions>
          <ns3:TrackPointExtension>
            <ns3:hr>140</ns3:hr>
            <ns3:cad>0</ns3:cad>
          </ns3:TrackPointExtension>
        </extensions>
      </trkpt>
      <trkpt lat="29.17719614692032337188720703125" lon="82.94586815871298313140869140625">
        <ele>3862.39990234375</ele>
        <time>2026-08-09T05:17:52.000Z</time>
        <extensions>
          <ns3:TrackPointExtension>
            <ns3:hr>141</ns3:hr>
            <ns3:cad>0</ns3:cad>
          </ns3:TrackPointExtension>
        </extensions>
      </trkpt>
      <trkpt lat="29.17719614692032337188720703125" lon="82.94586815871298313140869140625">
        <ele>3862</ele>
        <time>2026-08-09T05:17:55.000Z</time>
        <extensions>
          <ns3:TrackPointExtension>
            <ns3:hr>146</ns3:hr>
            <ns3:cad>0</ns3:cad>
          </ns3:TrackPointExtension>
        </extensions>
      </trkpt>
      <trkpt lat="29.17719614692032337188720703125" lon="82.94586815871298313140869140625">
        <ele>3863</ele>
        <time>2026-08-09T05:18:03.000Z</time>
        <extensions>
          <ns3:TrackPointExtension>
            <ns3:hr>148</ns3:hr>
            <ns3:cad>0</ns3:cad>
          </ns3:TrackPointExtension>
        </extensions>
      </trkpt>
      <trkpt lat="29.17719614692032337188720703125" lon="82.94586815871298313140869140625">
        <ele>3862.39990234375</ele>
        <time>2026-08-09T05:18:10.000Z</time>
        <extensions>
          <ns3:TrackPointExtension>
            <ns3:hr>145</ns3:hr>
            <ns3:cad>0</ns3:cad>
          </ns3:TrackPointExtension>
        </extensions>
      </trkpt>
      <trkpt lat="29.17719614692032337188720703125" lon="82.94586815871298313140869140625">
        <ele>3862.199951171875</ele>
        <time>2026-08-09T05:18:11.000Z</time>
        <extensions>
          <ns3:TrackPointExtension>
            <ns3:hr>145</ns3:hr>
            <ns3:cad>0</ns3:cad>
          </ns3:TrackPointExtension>
        </extensions>
      </trkpt>
      <trkpt lat="29.17719614692032337188720703125" lon="82.94586815871298313140869140625">
        <ele>3862.39990234375</ele>
        <time>2026-08-09T05:18:18.000Z</time>
        <extensions>
          <ns3:TrackPointExtension>
            <ns3:hr>142</ns3:hr>
            <ns3:cad>0</ns3:cad>
          </ns3:TrackPointExtension>
        </extensions>
      </trkpt>
      <trkpt lat="29.17719614692032337188720703125" lon="82.94586815871298313140869140625">
        <ele>3862.199951171875</ele>
        <time>2026-08-09T05:18:20.000Z</time>
        <extensions>
          <ns3:TrackPointExtension>
            <ns3:hr>139</ns3:hr>
            <ns3:cad>0</ns3:cad>
          </ns3:TrackPointExtension>
        </extensions>
      </trkpt>
      <trkpt lat="29.17719614692032337188720703125" lon="82.94586815871298313140869140625">
        <ele>3861.800048828125</ele>
        <time>2026-08-09T05:18:22.000Z</time>
        <extensions>
          <ns3:TrackPointExtension>
            <ns3:hr>135</ns3:hr>
            <ns3:cad>0</ns3:cad>
          </ns3:TrackPointExtension>
        </extensions>
      </trkpt>
      <trkpt lat="29.17719614692032337188720703125" lon="82.94586815871298313140869140625">
        <ele>3861.60009765625</ele>
        <time>2026-08-09T05:18:24.000Z</time>
        <extensions>
          <ns3:TrackPointExtension>
            <ns3:hr>132</ns3:hr>
            <ns3:cad>0</ns3:cad>
          </ns3:TrackPointExtension>
        </extensions>
      </trkpt>
      <trkpt lat="29.17719614692032337188720703125" lon="82.94586815871298313140869140625">
        <ele>3862</ele>
        <time>2026-08-09T05:18:28.000Z</time>
        <extensions>
          <ns3:TrackPointExtension>
            <ns3:hr>129</ns3:hr>
            <ns3:cad>0</ns3:cad>
          </ns3:TrackPointExtension>
        </extensions>
      </trkpt>
      <trkpt lat="29.17719614692032337188720703125" lon="82.94586815871298313140869140625">
        <ele>3862</ele>
        <time>2026-08-09T05:18:30.000Z</time>
        <extensions>
          <ns3:TrackPointExtension>
            <ns3:hr>127</ns3:hr>
            <ns3:cad>0</ns3:cad>
          </ns3:TrackPointExtension>
        </extensions>
      </trkpt>
      <trkpt lat="29.17719614692032337188720703125" lon="82.94586815871298313140869140625">
        <ele>3861.60009765625</ele>
        <time>2026-08-09T05:18:33.000Z</time>
        <extensions>
          <ns3:TrackPointExtension>
            <ns3:hr>124</ns3:hr>
            <ns3:cad>0</ns3:cad>
          </ns3:TrackPointExtension>
        </extensions>
      </trkpt>
      <trkpt lat="29.17719614692032337188720703125" lon="82.94586815871298313140869140625">
        <ele>3861.800048828125</ele>
        <time>2026-08-09T05:18:52.000Z</time>
        <extensions>
          <ns3:TrackPointExtension>
            <ns3:hr>122</ns3:hr>
            <ns3:cad>0</ns3:cad>
          </ns3:TrackPointExtension>
        </extensions>
      </trkpt>
      <trkpt lat="29.17718826793134212493896484375" lon="82.94588324613869190216064453125">
        <ele>3861.60009765625</ele>
        <time>2026-08-09T05:18:58.000Z</time>
        <extensions>
          <ns3:TrackPointExtension>
            <ns3:hr>121</ns3:hr>
            <ns3:cad>0</ns3:cad>
          </ns3:TrackPointExtension>
        </extensions>
      </trkpt>
      <trkpt lat="29.17718206532299518585205078125" lon="82.9458933882415294647216796875">
        <ele>3862</ele>
        <time>2026-08-09T05:19:04.000Z</time>
        <extensions>
          <ns3:TrackPointExtension>
            <ns3:hr>120</ns3:hr>
            <ns3:cad>0</ns3:cad>
          </ns3:TrackPointExtension>
        </extensions>
      </trkpt>
      <trkpt lat="29.17717871256172657012939453125" lon="82.94588089920580387115478515625">
        <ele>3862</ele>
        <time>2026-08-09T05:19:12.000Z</time>
        <extensions>
          <ns3:TrackPointExtension>
            <ns3:hr>119</ns3:hr>
            <ns3:cad>0</ns3:cad>
          </ns3:TrackPointExtension>
        </extensions>
      </trkpt>
      <trkpt lat="29.1771851666271686553955078125" lon="82.94585558585822582244873046875">
        <ele>3861.800048828125</ele>
        <time>2026-08-09T05:19:16.000Z</time>
        <extensions>
          <ns3:TrackPointExtension>
            <ns3:hr>116</ns3:hr>
            <ns3:cad>51</ns3:cad>
          </ns3:TrackPointExtension>
        </extensions>
      </trkpt>
      <trkpt lat="29.1771855019032955169677734375" lon="82.9458548314869403839111328125">
        <ele>3861.60009765625</ele>
        <time>2026-08-09T05:19:17.000Z</time>
        <extensions>
          <ns3:TrackPointExtension>
            <ns3:hr>116</ns3:hr>
            <ns3:cad>69</ns3:cad>
          </ns3:TrackPointExtension>
        </extensions>
      </trkpt>
      <trkpt lat="29.1771871782839298248291015625" lon="82.94584703631699085235595703125">
        <ele>3862.800048828125</ele>
        <time>2026-08-09T05:19:28.000Z</time>
        <extensions>
          <ns3:TrackPointExtension>
            <ns3:hr>118</ns3:hr>
            <ns3:cad>0</ns3:cad>
          </ns3:TrackPointExtension>
        </extensions>
      </trkpt>
      <trkpt lat="29.17720553465187549591064453125" lon="82.94582272879779338836669921875">
        <ele>3862.199951171875</ele>
        <time>2026-08-09T05:19:34.000Z</time>
        <extensions>
          <ns3:TrackPointExtension>
            <ns3:hr>119</ns3:hr>
            <ns3:cad>0</ns3:cad>
          </ns3:TrackPointExtension>
        </extensions>
      </trkpt>
      <trkpt lat="29.17724375613033771514892578125" lon="82.9457850940525531768798828125">
        <ele>3862.199951171875</ele>
        <time>2026-08-09T05:19:39.000Z</time>
        <extensions>
          <ns3:TrackPointExtension>
            <ns3:hr>118</ns3:hr>
            <ns3:cad>44</ns3:cad>
          </ns3:TrackPointExtension>
        </extensions>
      </trkpt>
      <trkpt lat="29.1772518865764141082763671875" lon="82.945778556168079376220703125">
        <ele>3861.60009765625</ele>
        <time>2026-08-09T05:19:44.000Z</time>
        <extensions>
          <ns3:TrackPointExtension>
            <ns3:hr>119</ns3:hr>
            <ns3:cad>0</ns3:cad>
          </ns3:TrackPointExtension>
        </extensions>
      </trkpt>
      <trkpt lat="29.17726974003016948699951171875" lon="82.94576455838978290557861328125">
        <ele>3861.39990234375</ele>
        <time>2026-08-09T05:19:51.000Z</time>
        <extensions>
          <ns3:TrackPointExtension>
            <ns3:hr>120</ns3:hr>
            <ns3:cad>0</ns3:cad>
          </ns3:TrackPointExtension>
        </extensions>
      </trkpt>
      <trkpt lat="29.17726974003016948699951171875" lon="82.94576455838978290557861328125">
        <ele>3861.199951171875</ele>
        <time>2026-08-09T05:19:59.000Z</time>
        <extensions>
          <ns3:TrackPointExtension>
            <ns3:hr>117</ns3:hr>
            <ns3:cad>0</ns3:cad>
          </ns3:TrackPointExtension>
        </extensions>
      </trkpt>
      <trkpt lat="29.17726974003016948699951171875" lon="82.94576455838978290557861328125">
        <ele>3861.199951171875</ele>
        <time>2026-08-09T05:20:01.000Z</time>
        <extensions>
          <ns3:TrackPointExtension>
            <ns3:hr>114</ns3:hr>
            <ns3:cad>0</ns3:cad>
          </ns3:TrackPointExtension>
        </extensions>
      </trkpt>
      <trkpt lat="29.177263118326663970947265625" lon="82.94577159918844699859619140625">
        <ele>3860.39990234375</ele>
        <time>2026-08-09T05:20:15.000Z</time>
        <extensions>
          <ns3:TrackPointExtension>
            <ns3:hr>112</ns3:hr>
            <ns3:cad>0</ns3:cad>
          </ns3:TrackPointExtension>
        </extensions>
      </trkpt>
      <trkpt lat="29.177252389490604400634765625" lon="82.9457830823957920074462890625">
        <ele>3860.39990234375</ele>
        <time>2026-08-09T05:20:22.000Z</time>
        <extensions>
          <ns3:TrackPointExtension>
            <ns3:hr>110</ns3:hr>
            <ns3:cad>0</ns3:cad>
          </ns3:TrackPointExtension>
        </extensions>
      </trkpt>
      <trkpt lat="29.17723252438008785247802734375" lon="82.94579506851732730865478515625">
        <ele>3860.199951171875</ele>
        <time>2026-08-09T05:20:28.000Z</time>
        <extensions>
          <ns3:TrackPointExtension>
            <ns3:hr>108</ns3:hr>
            <ns3:cad>0</ns3:cad>
          </ns3:TrackPointExtension>
        </extensions>
      </trkpt>
      <trkpt lat="29.17723235674202442169189453125" lon="82.94579364359378814697265625">
        <ele>3860</ele>
        <time>2026-08-09T05:20:29.000Z</time>
        <extensions>
          <ns3:TrackPointExtension>
            <ns3:hr>108</ns3:hr>
            <ns3:cad>0</ns3:cad>
          </ns3:TrackPointExtension>
        </extensions>
      </trkpt>
      <trkpt lat="29.17723235674202442169189453125" lon="82.94579364359378814697265625">
        <ele>3860.60009765625</ele>
        <time>2026-08-09T05:20:37.000Z</time>
        <extensions>
          <ns3:TrackPointExtension>
            <ns3:hr>111</ns3:hr>
            <ns3:cad>0</ns3:cad>
          </ns3:TrackPointExtension>
        </extensions>
      </trkpt>
      <trkpt lat="29.17723235674202442169189453125" lon="82.94579364359378814697265625">
        <ele>3861.199951171875</ele>
        <time>2026-08-09T05:20:42.000Z</time>
        <extensions>
          <ns3:TrackPointExtension>
            <ns3:hr>113</ns3:hr>
            <ns3:cad>0</ns3:cad>
          </ns3:TrackPointExtension>
        </extensions>
      </trkpt>
      <trkpt lat="29.17723235674202442169189453125" lon="82.94579364359378814697265625">
        <ele>3860.800048828125</ele>
        <time>2026-08-09T05:20:46.000Z</time>
        <extensions>
          <ns3:TrackPointExtension>
            <ns3:hr>113</ns3:hr>
            <ns3:cad>0</ns3:cad>
          </ns3:TrackPointExtension>
        </extensions>
      </trkpt>
      <trkpt lat="29.17723235674202442169189453125" lon="82.94579364359378814697265625">
        <ele>3861</ele>
        <time>2026-08-09T05:20:56.000Z</time>
        <extensions>
          <ns3:TrackPointExtension>
            <ns3:hr>114</ns3:hr>
            <ns3:cad>0</ns3:cad>
          </ns3:TrackPointExtension>
        </extensions>
      </trkpt>
      <trkpt lat="29.17723235674202442169189453125" lon="82.94579364359378814697265625">
        <ele>3861.800048828125</ele>
        <time>2026-08-09T05:21:01.000Z</time>
        <extensions>
          <ns3:TrackPointExtension>
            <ns3:hr>111</ns3:hr>
            <ns3:cad>0</ns3:cad>
          </ns3:TrackPointExtension>
        </extensions>
      </trkpt>
      <trkpt lat="29.17723017744719982147216796875" lon="82.945794649422168731689453125">
        <ele>3862.199951171875</ele>
        <time>2026-08-09T05:21:04.000Z</time>
        <extensions>
          <ns3:TrackPointExtension>
            <ns3:hr>110</ns3:hr>
            <ns3:cad>0</ns3:cad>
          </ns3:TrackPointExtension>
        </extensions>
      </trkpt>
      <trkpt lat="29.1772292554378509521484375" lon="82.9457985050976276397705078125">
        <ele>3862</ele>
        <time>2026-08-09T05:21:05.000Z</time>
        <extensions>
          <ns3:TrackPointExtension>
            <ns3:hr>110</ns3:hr>
            <ns3:cad>0</ns3:cad>
          </ns3:TrackPointExtension>
        </extensions>
      </trkpt>
      <trkpt lat="29.17721156962215900421142578125" lon="82.9458135925233364105224609375">
        <ele>3862.199951171875</ele>
        <time>2026-08-09T05:21:10.000Z</time>
        <extensions>
          <ns3:TrackPointExtension>
            <ns3:hr>113</ns3:hr>
            <ns3:cad>70</ns3:cad>
          </ns3:TrackPointExtension>
        </extensions>
      </trkpt>
      <trkpt lat="29.17720151133835315704345703125" lon="82.9458223097026348114013671875">
        <ele>3863.199951171875</ele>
        <time>2026-08-09T05:21:14.000Z</time>
        <extensions>
          <ns3:TrackPointExtension>
            <ns3:hr>113</ns3:hr>
            <ns3:cad>0</ns3:cad>
          </ns3:TrackPointExtension>
        </extensions>
      </trkpt>
      <trkpt lat="29.17719447053968906402587890625" lon="82.945838235318660736083984375">
        <ele>3863.39990234375</ele>
        <time>2026-08-09T05:21:19.000Z</time>
        <extensions>
          <ns3:TrackPointExtension>
            <ns3:hr>115</ns3:hr>
            <ns3:cad>0</ns3:cad>
          </ns3:TrackPointExtension>
        </extensions>
      </trkpt>
      <trkpt lat="29.1771945543587207794189453125" lon="82.945838235318660736083984375">
        <ele>3862.60009765625</ele>
        <time>2026-08-09T05:21:24.000Z</time>
        <extensions>
          <ns3:TrackPointExtension>
            <ns3:hr>118</ns3:hr>
            <ns3:cad>0</ns3:cad>
          </ns3:TrackPointExtension>
        </extensions>
      </trkpt>
      <trkpt lat="29.1771945543587207794189453125" lon="82.945838235318660736083984375">
        <ele>3862.199951171875</ele>
        <time>2026-08-09T05:21:29.000Z</time>
        <extensions>
          <ns3:TrackPointExtension>
            <ns3:hr>119</ns3:hr>
            <ns3:cad>0</ns3:cad>
          </ns3:TrackPointExtension>
        </extensions>
      </trkpt>
      <trkpt lat="29.1771945543587207794189453125" lon="82.945838235318660736083984375">
        <ele>3862.199951171875</ele>
        <time>2026-08-09T05:21:31.000Z</time>
        <extensions>
          <ns3:TrackPointExtension>
            <ns3:hr>119</ns3:hr>
            <ns3:cad>0</ns3:cad>
          </ns3:TrackPointExtension>
        </extensions>
      </trkpt>
      <trkpt lat="29.1771945543587207794189453125" lon="82.945838235318660736083984375">
        <ele>3862.60009765625</ele>
        <time>2026-08-09T05:21:33.000Z</time>
        <extensions>
          <ns3:TrackPointExtension>
            <ns3:hr>116</ns3:hr>
            <ns3:cad>0</ns3:cad>
          </ns3:TrackPointExtension>
        </extensions>
      </trkpt>
      <trkpt lat="29.1771945543587207794189453125" lon="82.945838235318660736083984375">
        <ele>3862.60009765625</ele>
        <time>2026-08-09T05:21:42.000Z</time>
        <extensions>
          <ns3:TrackPointExtension>
            <ns3:hr>115</ns3:hr>
            <ns3:cad>0</ns3:cad>
          </ns3:TrackPointExtension>
        </extensions>
      </trkpt>
      <trkpt lat="29.1771945543587207794189453125" lon="82.945838235318660736083984375">
        <ele>3863.39990234375</ele>
        <time>2026-08-09T05:21:46.000Z</time>
        <extensions>
          <ns3:TrackPointExtension>
            <ns3:hr>116</ns3:hr>
            <ns3:cad>0</ns3:cad>
          </ns3:TrackPointExtension>
        </extensions>
      </trkpt>
      <trkpt lat="29.1771945543587207794189453125" lon="82.945838235318660736083984375">
        <ele>3863.199951171875</ele>
        <time>2026-08-09T05:21:52.000Z</time>
        <extensions>
          <ns3:TrackPointExtension>
            <ns3:hr>115</ns3:hr>
            <ns3:cad>0</ns3:cad>
          </ns3:TrackPointExtension>
        </extensions>
      </trkpt>
      <trkpt lat="29.1771945543587207794189453125" lon="82.945838235318660736083984375">
        <ele>3863.199951171875</ele>
        <time>2026-08-09T05:21:56.000Z</time>
        <extensions>
          <ns3:TrackPointExtension>
            <ns3:hr>112</ns3:hr>
            <ns3:cad>0</ns3:cad>
          </ns3:TrackPointExtension>
        </extensions>
      </trkpt>
      <trkpt lat="29.1771945543587207794189453125" lon="82.945838235318660736083984375">
        <ele>3863</ele>
        <time>2026-08-09T05:22:02.000Z</time>
        <extensions>
          <ns3:TrackPointExtension>
            <ns3:hr>111</ns3:hr>
            <ns3:cad>0</ns3:cad>
          </ns3:TrackPointExtension>
        </extensions>
      </trkpt>
      <trkpt lat="29.1771945543587207794189453125" lon="82.945838235318660736083984375">
        <ele>3863.39990234375</ele>
        <time>2026-08-09T05:22:07.000Z</time>
        <extensions>
          <ns3:TrackPointExtension>
            <ns3:hr>111</ns3:hr>
            <ns3:cad>0</ns3:cad>
          </ns3:TrackPointExtension>
        </extensions>
      </trkpt>
      <trkpt lat="29.1771945543587207794189453125" lon="82.945838235318660736083984375">
        <ele>3863</ele>
        <time>2026-08-09T05:22:18.000Z</time>
        <extensions>
          <ns3:TrackPointExtension>
            <ns3:hr>110</ns3:hr>
            <ns3:cad>0</ns3:cad>
          </ns3:TrackPointExtension>
        </extensions>
      </trkpt>
      <trkpt lat="29.1771945543587207794189453125" lon="82.945838235318660736083984375">
        <ele>3862.800048828125</ele>
        <time>2026-08-09T05:22:21.000Z</time>
        <extensions>
          <ns3:TrackPointExtension>
            <ns3:hr>107</ns3:hr>
            <ns3:cad>0</ns3:cad>
          </ns3:TrackPointExtension>
        </extensions>
      </trkpt>
      <trkpt lat="29.1771945543587207794189453125" lon="82.945838235318660736083984375">
        <ele>3863</ele>
        <time>2026-08-09T05:22:30.000Z</time>
        <extensions>
          <ns3:TrackPointExtension>
            <ns3:hr>108</ns3:hr>
            <ns3:cad>0</ns3:cad>
          </ns3:TrackPointExtension>
        </extensions>
      </trkpt>
      <trkpt lat="29.1771945543587207794189453125" lon="82.945838235318660736083984375">
        <ele>3863.199951171875</ele>
        <time>2026-08-09T05:22:33.000Z</time>
        <extensions>
          <ns3:TrackPointExtension>
            <ns3:hr>105</ns3:hr>
            <ns3:cad>0</ns3:cad>
          </ns3:TrackPointExtension>
        </extensions>
      </trkpt>
      <trkpt lat="29.17719514109194278717041015625" lon="82.94584619812667369842529296875">
        <ele>3863.60009765625</ele>
        <time>2026-08-09T05:22:39.000Z</time>
        <extensions>
          <ns3:TrackPointExtension>
            <ns3:hr>106</ns3:hr>
            <ns3:cad>0</ns3:cad>
          </ns3:TrackPointExtension>
        </extensions>
      </trkpt>
      <trkpt lat="29.17719430290162563323974609375" lon="82.945868074893951416015625">
        <ele>3864.199951171875</ele>
        <time>2026-08-09T05:22:47.000Z</time>
        <extensions>
          <ns3:TrackPointExtension>
            <ns3:hr>106</ns3:hr>
            <ns3:cad>0</ns3:cad>
          </ns3:TrackPointExtension>
        </extensions>
      </trkpt>
      <trkpt lat="29.17719245888292789459228515625" lon="82.945900261402130126953125">
        <ele>3863.39990234375</ele>
        <time>2026-08-09T05:22:53.000Z</time>
        <extensions>
          <ns3:TrackPointExtension>
            <ns3:hr>106</ns3:hr>
            <ns3:cad>0</ns3:cad>
          </ns3:TrackPointExtension>
        </extensions>
      </trkpt>
      <trkpt lat="29.1771958954632282257080078125" lon="82.945929430425167083740234375">
        <ele>3864.60009765625</ele>
        <time>2026-08-09T05:22:57.000Z</time>
        <extensions>
          <ns3:TrackPointExtension>
            <ns3:hr>106</ns3:hr>
            <ns3:cad>0</ns3:cad>
          </ns3:TrackPointExtension>
        </extensions>
      </trkpt>
      <trkpt lat="29.17719832621514797210693359375" lon="82.9459423385560512542724609375">
        <ele>3865.199951171875</ele>
        <time>2026-08-09T05:22:59.000Z</time>
        <extensions>
          <ns3:TrackPointExtension>
            <ns3:hr>107</ns3:hr>
            <ns3:cad>0</ns3:cad>
          </ns3:TrackPointExtension>
        </extensions>
      </trkpt>
      <trkpt lat="29.17719413526356220245361328125" lon="82.9459440149366855621337890625">
        <ele>3865.60009765625</ele>
        <time>2026-08-09T05:23:00.000Z</time>
        <extensions>
          <ns3:TrackPointExtension>
            <ns3:hr>107</ns3:hr>
            <ns3:cad>0</ns3:cad>
          </ns3:TrackPointExtension>
        </extensions>
      </trkpt>
      <trkpt lat="29.17719296179711818695068359375" lon="82.94595298357307910919189453125">
        <ele>3866.199951171875</ele>
        <time>2026-08-09T05:23:03.000Z</time>
        <extensions>
          <ns3:TrackPointExtension>
            <ns3:hr>110</ns3:hr>
            <ns3:cad>0</ns3:cad>
          </ns3:TrackPointExtension>
        </extensions>
      </trkpt>
      <trkpt lat="29.177194721996784210205078125" lon="82.94595549814403057098388671875">
        <ele>3866.39990234375</ele>
        <time>2026-08-09T05:23:04.000Z</time>
        <extensions>
          <ns3:TrackPointExtension>
            <ns3:hr>113</ns3:hr>
            <ns3:cad>0</ns3:cad>
          </ns3:TrackPointExtension>
        </extensions>
      </trkpt>
      <trkpt lat="29.17719480581581592559814453125" lon="82.9459765367209911346435546875">
        <ele>3866.60009765625</ele>
        <time>2026-08-09T05:23:06.000Z</time>
        <extensions>
          <ns3:TrackPointExtension>
            <ns3:hr>115</ns3:hr>
            <ns3:cad>0</ns3:cad>
          </ns3:TrackPointExtension>
        </extensions>
      </trkpt>
      <trkpt lat="29.177195727825164794921875" lon="82.94598542153835296630859375">
        <ele>3867.199951171875</ele>
        <time>2026-08-09T05:23:08.000Z</time>
        <extensions>
          <ns3:TrackPointExtension>
            <ns3:hr>118</ns3:hr>
            <ns3:cad>0</ns3:cad>
          </ns3:TrackPointExtension>
        </extensions>
      </trkpt>
      <trkpt lat="29.17718944139778614044189453125" lon="82.9459996707737445831298828125">
        <ele>3867.800048828125</ele>
        <time>2026-08-09T05:23:10.000Z</time>
        <extensions>
          <ns3:TrackPointExtension>
            <ns3:hr>121</ns3:hr>
            <ns3:cad>0</ns3:cad>
          </ns3:TrackPointExtension>
        </extensions>
      </trkpt>
      <trkpt lat="29.177190363407135009765625" lon="82.94600981287658214569091796875">
        <ele>3868.39990234375</ele>
        <time>2026-08-09T05:23:12.000Z</time>
        <extensions>
          <ns3:TrackPointExtension>
            <ns3:hr>121</ns3:hr>
            <ns3:cad>0</ns3:cad>
          </ns3:TrackPointExtension>
        </extensions>
      </trkpt>
      <trkpt lat="29.17718491517007350921630859375" lon="82.94602699577808380126953125">
        <ele>3868.800048828125</ele>
        <time>2026-08-09T05:23:14.000Z</time>
        <extensions>
          <ns3:TrackPointExtension>
            <ns3:hr>120</ns3:hr>
            <ns3:cad>0</ns3:cad>
          </ns3:TrackPointExtension>
        </extensions>
      </trkpt>
      <trkpt lat="29.17718558572232723236083984375" lon="82.94604334048926830291748046875">
        <ele>3869.39990234375</ele>
        <time>2026-08-09T05:23:17.000Z</time>
        <extensions>
          <ns3:TrackPointExtension>
            <ns3:hr>119</ns3:hr>
            <ns3:cad>0</ns3:cad>
          </ns3:TrackPointExtension>
        </extensions>
      </trkpt>
      <trkpt lat="29.17718122713267803192138671875" lon="82.94606949202716350555419921875">
        <ele>3869.60009765625</ele>
        <time>2026-08-09T05:23:21.000Z</time>
        <extensions>
          <ns3:TrackPointExtension>
            <ns3:hr>122</ns3:hr>
            <ns3:cad>0</ns3:cad>
          </ns3:TrackPointExtension>
        </extensions>
      </trkpt>
      <trkpt lat="29.177175275981426239013671875" lon="82.946081645786762237548828125">
        <ele>3870</ele>
        <time>2026-08-09T05:23:23.000Z</time>
        <extensions>
          <ns3:TrackPointExtension>
            <ns3:hr>123</ns3:hr>
            <ns3:cad>0</ns3:cad>
          </ns3:TrackPointExtension>
        </extensions>
      </trkpt>
      <trkpt lat="29.17717485688626766204833984375" lon="82.946085669100284576416015625">
        <ele>3870.199951171875</ele>
        <time>2026-08-09T05:23:24.000Z</time>
        <extensions>
          <ns3:TrackPointExtension>
            <ns3:hr>123</ns3:hr>
            <ns3:cad>0</ns3:cad>
          </ns3:TrackPointExtension>
        </extensions>
      </trkpt>
      <trkpt lat="29.177164547145366668701171875" lon="82.946119196712970733642578125">
        <ele>3871</ele>
        <time>2026-08-09T05:23:29.000Z</time>
        <extensions>
          <ns3:TrackPointExtension>
            <ns3:hr>125</ns3:hr>
            <ns3:cad>0</ns3:cad>
          </ns3:TrackPointExtension>
        </extensions>
      </trkpt>
      <trkpt lat="29.177163206040859222412109375" lon="82.9461227171123027801513671875">
        <ele>3871</ele>
        <time>2026-08-09T05:23:30.000Z</time>
        <extensions>
          <ns3:TrackPointExtension>
            <ns3:hr>125</ns3:hr>
            <ns3:cad>0</ns3:cad>
          </ns3:TrackPointExtension>
        </extensions>
      </trkpt>
      <trkpt lat="29.17714786715805530548095703125" lon="82.9461756907403469085693359375">
        <ele>3871.39990234375</ele>
        <time>2026-08-09T05:23:37.000Z</time>
        <extensions>
          <ns3:TrackPointExtension>
            <ns3:hr>125</ns3:hr>
            <ns3:cad>0</ns3:cad>
          </ns3:TrackPointExtension>
        </extensions>
      </trkpt>
      <trkpt lat="29.1771342046558856964111328125" lon="82.94619874097406864166259765625">
        <ele>3871.800048828125</ele>
        <time>2026-08-09T05:23:40.000Z</time>
        <extensions>
          <ns3:TrackPointExtension>
            <ns3:hr>122</ns3:hr>
            <ns3:cad>0</ns3:cad>
          </ns3:TrackPointExtension>
        </extensions>
      </trkpt>
      <trkpt lat="29.17712791822850704193115234375" lon="82.94620594941079616546630859375">
        <ele>3872</ele>
        <time>2026-08-09T05:23:42.000Z</time>
        <extensions>
          <ns3:TrackPointExtension>
            <ns3:hr>120</ns3:hr>
            <ns3:cad>0</ns3:cad>
          </ns3:TrackPointExtension>
        </extensions>
      </trkpt>
      <trkpt lat="29.17712674476206302642822265625" lon="82.94621366076171398162841796875">
        <ele>3872.199951171875</ele>
        <time>2026-08-09T05:23:43.000Z</time>
        <extensions>
          <ns3:TrackPointExtension>
            <ns3:hr>117</ns3:hr>
            <ns3:cad>0</ns3:cad>
          </ns3:TrackPointExtension>
        </extensions>
      </trkpt>
      <trkpt lat="29.17711190879344940185546875" lon="82.94624249450862407684326171875">
        <ele>3872.39990234375</ele>
        <time>2026-08-09T05:23:48.000Z</time>
        <extensions>
          <ns3:TrackPointExtension>
            <ns3:hr>124</ns3:hr>
            <ns3:cad>0</ns3:cad>
          </ns3:TrackPointExtension>
        </extensions>
      </trkpt>
      <trkpt lat="29.17710847221314907073974609375" lon="82.9462517984211444854736328125">
        <ele>3872.60009765625</ele>
        <time>2026-08-09T05:23:50.000Z</time>
        <extensions>
          <ns3:TrackPointExtension>
            <ns3:hr>127</ns3:hr>
            <ns3:cad>0</ns3:cad>
          </ns3:TrackPointExtension>
        </extensions>
      </trkpt>
      <trkpt lat="29.1771026886999607086181640625" lon="82.94627082534134387969970703125">
        <ele>3873.199951171875</ele>
        <time>2026-08-09T05:23:52.000Z</time>
        <extensions>
          <ns3:TrackPointExtension>
            <ns3:hr>129</ns3:hr>
            <ns3:cad>0</ns3:cad>
          </ns3:TrackPointExtension>
        </extensions>
      </trkpt>
      <trkpt lat="29.1771036945283412933349609375" lon="82.94627820141613483428955078125">
        <ele>3873.800048828125</ele>
        <time>2026-08-09T05:23:54.000Z</time>
        <extensions>
          <ns3:TrackPointExtension>
            <ns3:hr>130</ns3:hr>
            <ns3:cad>0</ns3:cad>
          </ns3:TrackPointExtension>
        </extensions>
      </trkpt>
      <trkpt lat="29.17709070257842540740966796875" lon="82.94627937488257884979248046875">
        <ele>3874.199951171875</ele>
        <time>2026-08-09T05:23:56.000Z</time>
        <extensions>
          <ns3:TrackPointExtension>
            <ns3:hr>130</ns3:hr>
            <ns3:cad>0</ns3:cad>
          </ns3:TrackPointExtension>
        </extensions>
      </trkpt>
      <trkpt lat="29.1770872659981250762939453125" lon="82.9462900198996067047119140625">
        <ele>3874.60009765625</ele>
        <time>2026-08-09T05:23:59.000Z</time>
        <extensions>
          <ns3:TrackPointExtension>
            <ns3:hr>130</ns3:hr>
            <ns3:cad>0</ns3:cad>
          </ns3:TrackPointExtension>
        </extensions>
      </trkpt>
      <trkpt lat="29.177076034247875213623046875" lon="82.94630552642047405242919921875">
        <ele>3875.199951171875</ele>
        <time>2026-08-09T05:24:03.000Z</time>
        <extensions>
          <ns3:TrackPointExtension>
            <ns3:hr>130</ns3:hr>
            <ns3:cad>0</ns3:cad>
          </ns3:TrackPointExtension>
        </extensions>
      </trkpt>
      <trkpt lat="29.1770748607814311981201171875" lon="82.94631457887589931488037109375">
        <ele>3875.199951171875</ele>
        <time>2026-08-09T05:24:05.000Z</time>
        <extensions>
          <ns3:TrackPointExtension>
            <ns3:hr>131</ns3:hr>
            <ns3:cad>0</ns3:cad>
          </ns3:TrackPointExtension>
        </extensions>
      </trkpt>
      <trkpt lat="29.1770597733557224273681640625" lon="82.94633201323449611663818359375">
        <ele>3875.60009765625</ele>
        <time>2026-08-09T05:24:11.000Z</time>
        <extensions>
          <ns3:TrackPointExtension>
            <ns3:hr>130</ns3:hr>
            <ns3:cad>0</ns3:cad>
          </ns3:TrackPointExtension>
        </extensions>
      </trkpt>
      <trkpt lat="29.177045188844203948974609375" lon="82.946349196135997772216796875">
        <ele>3876.39990234375</ele>
        <time>2026-08-09T05:24:15.000Z</time>
        <extensions>
          <ns3:TrackPointExtension>
            <ns3:hr>129</ns3:hr>
            <ns3:cad>0</ns3:cad>
          </ns3:TrackPointExtension>
        </extensions>
      </trkpt>
      <trkpt lat="29.17704527266323566436767578125" lon="82.9463493637740612030029296875">
        <ele>3877.199951171875</ele>
        <time>2026-08-09T05:24:21.000Z</time>
        <extensions>
          <ns3:TrackPointExtension>
            <ns3:hr>129</ns3:hr>
            <ns3:cad>0</ns3:cad>
          </ns3:TrackPointExtension>
        </extensions>
      </trkpt>
      <trkpt lat="29.17701962403953075408935546875" lon="82.946376018226146697998046875">
        <ele>3877.39990234375</ele>
        <time>2026-08-09T05:24:28.000Z</time>
        <extensions>
          <ns3:TrackPointExtension>
            <ns3:hr>130</ns3:hr>
            <ns3:cad>0</ns3:cad>
          </ns3:TrackPointExtension>
        </extensions>
      </trkpt>
      <trkpt lat="29.177002608776092529296875" lon="82.94639370404183864593505859375">
        <ele>3878.60009765625</ele>
        <time>2026-08-09T05:24:34.000Z</time>
        <extensions>
          <ns3:TrackPointExtension>
            <ns3:hr>130</ns3:hr>
            <ns3:cad>0</ns3:cad>
          </ns3:TrackPointExtension>
        </extensions>
      </trkpt>
      <trkpt lat="29.17699615471065044403076171875" lon="82.94639839790761470794677734375">
        <ele>3878.800048828125</ele>
        <time>2026-08-09T05:24:35.000Z</time>
        <extensions>
          <ns3:TrackPointExtension>
            <ns3:hr>131</ns3:hr>
            <ns3:cad>0</ns3:cad>
          </ns3:TrackPointExtension>
        </extensions>
      </trkpt>
      <trkpt lat="29.17697050608694553375244140625" lon="82.9464063607156276702880859375">
        <ele>3879.199951171875</ele>
        <time>2026-08-09T05:24:40.000Z</time>
        <extensions>
          <ns3:TrackPointExtension>
            <ns3:hr>134</ns3:hr>
            <ns3:cad>0</ns3:cad>
          </ns3:TrackPointExtension>
        </extensions>
      </trkpt>
      <trkpt lat="29.17696530930697917938232421875" lon="82.9464063607156276702880859375">
        <ele>3879.800048828125</ele>
        <time>2026-08-09T05:24:42.000Z</time>
        <extensions>
          <ns3:TrackPointExtension>
            <ns3:hr>134</ns3:hr>
            <ns3:cad>0</ns3:cad>
          </ns3:TrackPointExtension>
        </extensions>
      </trkpt>
      <trkpt lat="29.1769541613757610321044921875" lon="82.9464090429246425628662109375">
        <ele>3880.800048828125</ele>
        <time>2026-08-09T05:24:46.000Z</time>
        <extensions>
          <ns3:TrackPointExtension>
            <ns3:hr>133</ns3:hr>
            <ns3:cad>0</ns3:cad>
          </ns3:TrackPointExtension>
        </extensions>
      </trkpt>
      <trkpt lat="29.17695458047091960906982421875" lon="82.94641147367656230926513671875">
        <ele>3881</ele>
        <time>2026-08-09T05:24:47.000Z</time>
        <extensions>
          <ns3:TrackPointExtension>
            <ns3:hr>133</ns3:hr>
            <ns3:cad>0</ns3:cad>
          </ns3:TrackPointExtension>
        </extensions>
      </trkpt>
      <trkpt lat="29.17697779834270477294921875" lon="82.946424297988414764404296875">
        <ele>3882</ele>
        <time>2026-08-09T05:24:53.000Z</time>
        <extensions>
          <ns3:TrackPointExtension>
            <ns3:hr>132</ns3:hr>
            <ns3:cad>0</ns3:cad>
          </ns3:TrackPointExtension>
        </extensions>
      </trkpt>
      <trkpt lat="29.17698693461716175079345703125" lon="82.94642622582614421844482421875">
        <ele>3882</ele>
        <time>2026-08-09T05:24:57.000Z</time>
        <extensions>
          <ns3:TrackPointExtension>
            <ns3:hr>129</ns3:hr>
            <ns3:cad>0</ns3:cad>
          </ns3:TrackPointExtension>
        </extensions>
      </trkpt>
      <trkpt lat="29.1769907064735889434814453125" lon="82.94642672874033451080322265625">
        <ele>3882.199951171875</ele>
        <time>2026-08-09T05:24:58.000Z</time>
        <extensions>
          <ns3:TrackPointExtension>
            <ns3:hr>129</ns3:hr>
            <ns3:cad>0</ns3:cad>
          </ns3:TrackPointExtension>
        </extensions>
      </trkpt>
      <trkpt lat="29.17700336314737796783447265625" lon="82.946433685719966888427734375">
        <ele>3883</ele>
        <time>2026-08-09T05:25:02.000Z</time>
        <extensions>
          <ns3:TrackPointExtension>
            <ns3:hr>126</ns3:hr>
            <ns3:cad>0</ns3:cad>
          </ns3:TrackPointExtension>
        </extensions>
      </trkpt>
      <trkpt lat="29.17700336314737796783447265625" lon="82.946433685719966888427734375">
        <ele>3883.199951171875</ele>
        <time>2026-08-09T05:25:04.000Z</time>
        <extensions>
          <ns3:TrackPointExtension>
            <ns3:hr>123</ns3:hr>
            <ns3:cad>0</ns3:cad>
          </ns3:TrackPointExtension>
        </extensions>
      </trkpt>
      <trkpt lat="29.1770037822425365447998046875" lon="82.94643259607255458831787109375">
        <ele>3883.199951171875</ele>
        <time>2026-08-09T05:25:05.000Z</time>
        <extensions>
          <ns3:TrackPointExtension>
            <ns3:hr>122</ns3:hr>
            <ns3:cad>0</ns3:cad>
          </ns3:TrackPointExtension>
        </extensions>
      </trkpt>
      <trkpt lat="29.17701442725956439971923828125" lon="82.94643594883382320404052734375">
        <ele>3884.199951171875</ele>
        <time>2026-08-09T05:25:08.000Z</time>
        <extensions>
          <ns3:TrackPointExtension>
            <ns3:hr>119</ns3:hr>
            <ns3:cad>0</ns3:cad>
          </ns3:TrackPointExtension>
        </extensions>
      </trkpt>
      <trkpt lat="29.177024401724338531494140625" lon="82.94643796049058437347412109375">
        <ele>3884.39990234375</ele>
        <time>2026-08-09T05:25:10.000Z</time>
        <extensions>
          <ns3:TrackPointExtension>
            <ns3:hr>118</ns3:hr>
            <ns3:cad>0</ns3:cad>
          </ns3:TrackPointExtension>
        </extensions>
      </trkpt>
      <trkpt lat="29.17703018523752689361572265625" lon="82.946435697376728057861328125">
        <ele>3884.39990234375</ele>
        <time>2026-08-09T05:25:16.000Z</time>
        <extensions>
          <ns3:TrackPointExtension>
            <ns3:hr>117</ns3:hr>
            <ns3:cad>0</ns3:cad>
          </ns3:TrackPointExtension>
        </extensions>
      </trkpt>
      <trkpt lat="29.17704678140580654144287109375" lon="82.94643393717706203460693359375">
        <ele>3885.199951171875</ele>
        <time>2026-08-09T05:25:19.000Z</time>
        <extensions>
          <ns3:TrackPointExtension>
            <ns3:hr>117</ns3:hr>
            <ns3:cad>0</ns3:cad>
          </ns3:TrackPointExtension>
        </extensions>
      </trkpt>
      <trkpt lat="29.1770611144602298736572265625" lon="82.94643494300544261932373046875">
        <ele>3885.60009765625</ele>
        <time>2026-08-09T05:25:22.000Z</time>
        <extensions>
          <ns3:TrackPointExtension>
            <ns3:hr>119</ns3:hr>
            <ns3:cad>0</ns3:cad>
          </ns3:TrackPointExtension>
        </extensions>
      </trkpt>
      <trkpt lat="29.17708567343652248382568359375" lon="82.94643410481512546539306640625">
        <ele>3886</ele>
        <time>2026-08-09T05:25:27.000Z</time>
        <extensions>
          <ns3:TrackPointExtension>
            <ns3:hr>123</ns3:hr>
            <ns3:cad>0</ns3:cad>
          </ns3:TrackPointExtension>
        </extensions>
      </trkpt>
      <trkpt lat="29.17709070257842540740966796875" lon="82.94643511064350605010986328125">
        <ele>3886</ele>
        <time>2026-08-09T05:25:28.000Z</time>
        <extensions>
          <ns3:TrackPointExtension>
            <ns3:hr>132</ns3:hr>
            <ns3:cad>0</ns3:cad>
          </ns3:TrackPointExtension>
        </extensions>
      </trkpt>
      <trkpt lat="29.177094809710979461669921875" lon="82.94643578119575977325439453125">
        <ele>3886.199951171875</ele>
        <time>2026-08-09T05:25:29.000Z</time>
        <extensions>
          <ns3:TrackPointExtension>
            <ns3:hr>137</ns3:hr>
            <ns3:cad>0</ns3:cad>
          </ns3:TrackPointExtension>
        </extensions>
      </trkpt>
      <trkpt lat="29.17709740810096263885498046875" lon="82.9464362002909183502197265625">
        <ele>3886.199951171875</ele>
        <time>2026-08-09T05:25:30.000Z</time>
        <extensions>
          <ns3:TrackPointExtension>
            <ns3:hr>138</ns3:hr>
            <ns3:cad>0</ns3:cad>
          </ns3:TrackPointExtension>
        </extensions>
      </trkpt>
      <trkpt lat="29.177112244069576263427734375" lon="82.94643645174801349639892578125">
        <ele>3887</ele>
        <time>2026-08-09T05:25:34.000Z</time>
        <extensions>
          <ns3:TrackPointExtension>
            <ns3:hr>138</ns3:hr>
            <ns3:cad>0</ns3:cad>
          </ns3:TrackPointExtension>
        </extensions>
      </trkpt>
      <trkpt lat="29.1771157644689083099365234375" lon="82.9464375413954257965087890625">
        <ele>3887.39990234375</ele>
        <time>2026-08-09T05:25:36.000Z</time>
        <extensions>
          <ns3:TrackPointExtension>
            <ns3:hr>138</ns3:hr>
            <ns3:cad>0</ns3:cad>
          </ns3:TrackPointExtension>
        </extensions>
      </trkpt>
      <trkpt lat="29.1771321929991245269775390625" lon="82.9464375413954257965087890625">
        <ele>3888.199951171875</ele>
        <time>2026-08-09T05:25:41.000Z</time>
        <extensions>
          <ns3:TrackPointExtension>
            <ns3:hr>137</ns3:hr>
            <ns3:cad>0</ns3:cad>
          </ns3:TrackPointExtension>
        </extensions>
      </trkpt>
      <trkpt lat="29.17713244445621967315673828125" lon="82.9464378766715526580810546875">
        <ele>3888.60009765625</ele>
        <time>2026-08-09T05:25:44.000Z</time>
        <extensions>
          <ns3:TrackPointExtension>
            <ns3:hr>137</ns3:hr>
            <ns3:cad>0</ns3:cad>
          </ns3:TrackPointExtension>
        </extensions>
      </trkpt>
      <trkpt lat="29.17713244445621967315673828125" lon="82.9464378766715526580810546875">
        <ele>3889.60009765625</ele>
        <time>2026-08-09T05:25:48.000Z</time>
        <extensions>
          <ns3:TrackPointExtension>
            <ns3:hr>134</ns3:hr>
            <ns3:cad>0</ns3:cad>
          </ns3:TrackPointExtension>
        </extensions>
      </trkpt>
      <trkpt lat="29.177160523831844329833984375" lon="82.94644215144217014312744140625">
        <ele>3889.800048828125</ele>
        <time>2026-08-09T05:25:53.000Z</time>
        <extensions>
          <ns3:TrackPointExtension>
            <ns3:hr>131</ns3:hr>
            <ns3:cad>0</ns3:cad>
          </ns3:TrackPointExtension>
        </extensions>
      </trkpt>
      <trkpt lat="29.17717619799077510833740234375" lon="82.94643745757639408111572265625">
        <ele>3890.39990234375</ele>
        <time>2026-08-09T05:25:56.000Z</time>
        <extensions>
          <ns3:TrackPointExtension>
            <ns3:hr>135</ns3:hr>
            <ns3:cad>0</ns3:cad>
          </ns3:TrackPointExtension>
        </extensions>
      </trkpt>
      <trkpt lat="29.177177287638187408447265625" lon="82.94643628410995006561279296875">
        <ele>3890.60009765625</ele>
        <time>2026-08-09T05:25:57.000Z</time>
        <extensions>
          <ns3:TrackPointExtension>
            <ns3:hr>136</ns3:hr>
            <ns3:cad>0</ns3:cad>
          </ns3:TrackPointExtension>
        </extensions>
      </trkpt>
      <trkpt lat="29.177177287638187408447265625" lon="82.94643628410995006561279296875">
        <ele>3890.800048828125</ele>
        <time>2026-08-09T05:25:58.000Z</time>
        <extensions>
          <ns3:TrackPointExtension>
            <ns3:hr>136</ns3:hr>
            <ns3:cad>0</ns3:cad>
          </ns3:TrackPointExtension>
        </extensions>
      </trkpt>
      <trkpt lat="29.17718432843685150146484375" lon="82.94643561355769634246826171875">
        <ele>3891.800048828125</ele>
        <time>2026-08-09T05:26:03.000Z</time>
        <extensions>
          <ns3:TrackPointExtension>
            <ns3:hr>138</ns3:hr>
            <ns3:cad>0</ns3:cad>
          </ns3:TrackPointExtension>
        </extensions>
      </trkpt>
      <trkpt lat="29.1771984100341796875" lon="82.9464331828057765960693359375">
        <ele>3892.60009765625</ele>
        <time>2026-08-09T05:26:09.000Z</time>
        <extensions>
          <ns3:TrackPointExtension>
            <ns3:hr>138</ns3:hr>
            <ns3:cad>0</ns3:cad>
          </ns3:TrackPointExtension>
        </extensions>
      </trkpt>
      <trkpt lat="29.17720310389995574951171875" lon="82.946431674063205718994140625">
        <ele>3892.800048828125</ele>
        <time>2026-08-09T05:26:10.000Z</time>
        <extensions>
          <ns3:TrackPointExtension>
            <ns3:hr>138</ns3:hr>
            <ns3:cad>0</ns3:cad>
          </ns3:TrackPointExtension>
        </extensions>
      </trkpt>
      <trkpt lat="29.17721919715404510498046875" lon="82.9464291594922542572021484375">
        <ele>3893.60009765625</ele>
        <time>2026-08-09T05:26:16.000Z</time>
        <extensions>
          <ns3:TrackPointExtension>
            <ns3:hr>138</ns3:hr>
            <ns3:cad>0</ns3:cad>
          </ns3:TrackPointExtension>
        </extensions>
      </trkpt>
      <trkpt lat="29.17722850106656551361083984375" lon="82.946422956883907318115234375">
        <ele>3893.39990234375</ele>
        <time>2026-08-09T05:26:20.000Z</time>
        <extensions>
          <ns3:TrackPointExtension>
            <ns3:hr>142</ns3:hr>
            <ns3:cad>0</ns3:cad>
          </ns3:TrackPointExtension>
        </extensions>
      </trkpt>
      <trkpt lat="29.1772310994565486907958984375" lon="82.94642253778874874114990234375">
        <ele>3893.39990234375</ele>
        <time>2026-08-09T05:26:22.000Z</time>
        <extensions>
          <ns3:TrackPointExtension>
            <ns3:hr>143</ns3:hr>
            <ns3:cad>0</ns3:cad>
          </ns3:TrackPointExtension>
        </extensions>
      </trkpt>
      <trkpt lat="29.17724157683551311492919921875" lon="82.94642019085586071014404296875">
        <ele>3894</ele>
        <time>2026-08-09T05:26:24.000Z</time>
        <extensions>
          <ns3:TrackPointExtension>
            <ns3:hr>144</ns3:hr>
            <ns3:cad>0</ns3:cad>
          </ns3:TrackPointExtension>
        </extensions>
      </trkpt>
      <trkpt lat="29.1772535629570484161376953125" lon="82.94642773456871509552001953125">
        <ele>3895</ele>
        <time>2026-08-09T05:26:28.000Z</time>
        <extensions>
          <ns3:TrackPointExtension>
            <ns3:hr>144</ns3:hr>
            <ns3:cad>0</ns3:cad>
          </ns3:TrackPointExtension>
        </extensions>
      </trkpt>
      <trkpt lat="29.17725264094769954681396484375" lon="82.9464331828057765960693359375">
        <ele>3895</ele>
        <time>2026-08-09T05:26:29.000Z</time>
        <extensions>
          <ns3:TrackPointExtension>
            <ns3:hr>144</ns3:hr>
            <ns3:cad>0</ns3:cad>
          </ns3:TrackPointExtension>
        </extensions>
      </trkpt>
      <trkpt lat="29.17725146748125553131103515625" lon="82.94643963687121868133544921875">
        <ele>3895.199951171875</ele>
        <time>2026-08-09T05:26:30.000Z</time>
        <extensions>
          <ns3:TrackPointExtension>
            <ns3:hr>145</ns3:hr>
            <ns3:cad>0</ns3:cad>
          </ns3:TrackPointExtension>
        </extensions>
      </trkpt>
      <trkpt lat="29.17724962346255779266357421875" lon="82.946456484496593475341796875">
        <ele>3896</ele>
        <time>2026-08-09T05:26:36.000Z</time>
        <extensions>
          <ns3:TrackPointExtension>
            <ns3:hr>146</ns3:hr>
            <ns3:cad>0</ns3:cad>
          </ns3:TrackPointExtension>
        </extensions>
      </trkpt>
      <trkpt lat="29.177251048386096954345703125" lon="82.9464663751423358917236328125">
        <ele>3897</ele>
        <time>2026-08-09T05:26:40.000Z</time>
        <extensions>
          <ns3:TrackPointExtension>
            <ns3:hr>146</ns3:hr>
            <ns3:cad>0</ns3:cad>
          </ns3:TrackPointExtension>
        </extensions>
      </trkpt>
      <trkpt lat="29.17723319493234157562255859375" lon="82.94650149531662464141845703125">
        <ele>3896.800048828125</ele>
        <time>2026-08-09T05:26:46.000Z</time>
        <extensions>
          <ns3:TrackPointExtension>
            <ns3:hr>146</ns3:hr>
            <ns3:cad>0</ns3:cad>
          </ns3:TrackPointExtension>
        </extensions>
      </trkpt>
      <trkpt lat="29.1772156767547130584716796875" lon="82.94652664102613925933837890625">
        <ele>3898</ele>
        <time>2026-08-09T05:26:51.000Z</time>
        <extensions>
          <ns3:TrackPointExtension>
            <ns3:hr>145</ns3:hr>
            <ns3:cad>0</ns3:cad>
          </ns3:TrackPointExtension>
        </extensions>
      </trkpt>
      <trkpt lat="29.1772123239934444427490234375" lon="82.94652949087321758270263671875">
        <ele>3898</ele>
        <time>2026-08-09T05:26:52.000Z</time>
        <extensions>
          <ns3:TrackPointExtension>
            <ns3:hr>144</ns3:hr>
            <ns3:cad>0</ns3:cad>
          </ns3:TrackPointExtension>
        </extensions>
      </trkpt>
      <trkpt lat="29.177201427519321441650390625" lon="82.94654139317572116851806640625">
        <ele>3899.199951171875</ele>
        <time>2026-08-09T05:26:57.000Z</time>
        <extensions>
          <ns3:TrackPointExtension>
            <ns3:hr>144</ns3:hr>
            <ns3:cad>0</ns3:cad>
          </ns3:TrackPointExtension>
        </extensions>
      </trkpt>
      <trkpt lat="29.17719095014035701751708984375" lon="82.946555726230144500732421875">
        <ele>3899.39990234375</ele>
        <time>2026-08-09T05:26:59.000Z</time>
        <extensions>
          <ns3:TrackPointExtension>
            <ns3:hr>143</ns3:hr>
            <ns3:cad>0</ns3:cad>
          </ns3:TrackPointExtension>
        </extensions>
      </trkpt>
      <trkpt lat="29.17718156240880489349365234375" lon="82.94656880199909210205078125">
        <ele>3899.800048828125</ele>
        <time>2026-08-09T05:27:05.000Z</time>
        <extensions>
          <ns3:TrackPointExtension>
            <ns3:hr>140</ns3:hr>
            <ns3:cad>0</ns3:cad>
          </ns3:TrackPointExtension>
        </extensions>
      </trkpt>
      <trkpt lat="29.177167899906635284423828125" lon="82.9465931095182895660400390625">
        <ele>3900.199951171875</ele>
        <time>2026-08-09T05:27:11.000Z</time>
        <extensions>
          <ns3:TrackPointExtension>
            <ns3:hr>139</ns3:hr>
            <ns3:cad>0</ns3:cad>
          </ns3:TrackPointExtension>
        </extensions>
      </trkpt>
      <trkpt lat="29.17716530151665210723876953125" lon="82.9465962946414947509765625">
        <ele>3900.199951171875</ele>
        <time>2026-08-09T05:27:13.000Z</time>
        <extensions>
          <ns3:TrackPointExtension>
            <ns3:hr>139</ns3:hr>
            <ns3:cad>0</ns3:cad>
          </ns3:TrackPointExtension>
        </extensions>
      </trkpt>
      <trkpt lat="29.17715541087090969085693359375" lon="82.94661012478172779083251953125">
        <ele>3901.199951171875</ele>
        <time>2026-08-09T05:27:18.000Z</time>
        <extensions>
          <ns3:TrackPointExtension>
            <ns3:hr>138</ns3:hr>
            <ns3:cad>0</ns3:cad>
          </ns3:TrackPointExtension>
        </extensions>
      </trkpt>
      <trkpt lat="29.17715541087090969085693359375" lon="82.94661037623882293701171875">
        <ele>3901.39990234375</ele>
        <time>2026-08-09T05:27:19.000Z</time>
        <extensions>
          <ns3:TrackPointExtension>
            <ns3:hr>137</ns3:hr>
            <ns3:cad>0</ns3:cad>
          </ns3:TrackPointExtension>
        </extensions>
      </trkpt>
      <trkpt lat="29.17715482413768768310546875" lon="82.94662571512162685394287109375">
        <ele>3902</ele>
        <time>2026-08-09T05:27:23.000Z</time>
        <extensions>
          <ns3:TrackPointExtension>
            <ns3:hr>136</ns3:hr>
            <ns3:cad>0</ns3:cad>
          </ns3:TrackPointExtension>
        </extensions>
      </trkpt>
      <trkpt lat="29.177147783339023590087890625" lon="82.9466517828404903411865234375">
        <ele>3902.199951171875</ele>
        <time>2026-08-09T05:27:30.000Z</time>
        <extensions>
          <ns3:TrackPointExtension>
            <ns3:hr>136</ns3:hr>
            <ns3:cad>0</ns3:cad>
          </ns3:TrackPointExtension>
        </extensions>
      </trkpt>
      <trkpt lat="29.17714669369161128997802734375" lon="82.94665153138339519500732421875">
        <ele>3902.60009765625</ele>
        <time>2026-08-09T05:27:32.000Z</time>
        <extensions>
          <ns3:TrackPointExtension>
            <ns3:hr>138</ns3:hr>
            <ns3:cad>0</ns3:cad>
          </ns3:TrackPointExtension>
        </extensions>
      </trkpt>
      <trkpt lat="29.1771372221410274505615234375" lon="82.94667013920843601226806640625">
        <ele>3903.39990234375</ele>
        <time>2026-08-09T05:27:36.000Z</time>
        <extensions>
          <ns3:TrackPointExtension>
            <ns3:hr>139</ns3:hr>
            <ns3:cad>0</ns3:cad>
          </ns3:TrackPointExtension>
        </extensions>
      </trkpt>
      <trkpt lat="29.17713277973234653472900390625" lon="82.94668170623481273651123046875">
        <ele>3903.39990234375</ele>
        <time>2026-08-09T05:27:42.000Z</time>
        <extensions>
          <ns3:TrackPointExtension>
            <ns3:hr>137</ns3:hr>
            <ns3:cad>0</ns3:cad>
          </ns3:TrackPointExtension>
        </extensions>
      </trkpt>
      <trkpt lat="29.17712791822850704193115234375" lon="82.9466901719570159912109375">
        <ele>3903.60009765625</ele>
        <time>2026-08-09T05:27:43.000Z</time>
        <extensions>
          <ns3:TrackPointExtension>
            <ns3:hr>137</ns3:hr>
            <ns3:cad>0</ns3:cad>
          </ns3:TrackPointExtension>
        </extensions>
      </trkpt>
      <trkpt lat="29.177115261554718017578125" lon="82.94670098461210727691650390625">
        <ele>3904.800048828125</ele>
        <time>2026-08-09T05:27:48.000Z</time>
        <extensions>
          <ns3:TrackPointExtension>
            <ns3:hr>136</ns3:hr>
            <ns3:cad>0</ns3:cad>
          </ns3:TrackPointExtension>
        </extensions>
      </trkpt>
      <trkpt lat="29.1771157644689083099365234375" lon="82.946707271039485931396484375">
        <ele>3905.800048828125</ele>
        <time>2026-08-09T05:27:52.000Z</time>
        <extensions>
          <ns3:TrackPointExtension>
            <ns3:hr>138</ns3:hr>
            <ns3:cad>0</ns3:cad>
          </ns3:TrackPointExtension>
        </extensions>
      </trkpt>
      <trkpt lat="29.177115596830844879150390625" lon="82.9467071034014225006103515625">
        <ele>3905.199951171875</ele>
        <time>2026-08-09T05:27:55.000Z</time>
        <extensions>
          <ns3:TrackPointExtension>
            <ns3:hr>137</ns3:hr>
            <ns3:cad>0</ns3:cad>
          </ns3:TrackPointExtension>
        </extensions>
      </trkpt>
      <trkpt lat="29.17712724767625331878662109375" lon="82.946711294353008270263671875">
        <ele>3904.199951171875</ele>
        <time>2026-08-09T05:27:59.000Z</time>
        <extensions>
          <ns3:TrackPointExtension>
            <ns3:hr>137</ns3:hr>
            <ns3:cad>0</ns3:cad>
          </ns3:TrackPointExtension>
        </extensions>
      </trkpt>
      <trkpt lat="29.177131019532680511474609375" lon="82.94671121053397655487060546875">
        <ele>3904.39990234375</ele>
        <time>2026-08-09T05:28:00.000Z</time>
        <extensions>
          <ns3:TrackPointExtension>
            <ns3:hr>137</ns3:hr>
            <ns3:cad>0</ns3:cad>
          </ns3:TrackPointExtension>
        </extensions>
      </trkpt>
      <trkpt lat="29.1771425865590572357177734375" lon="82.94670936651527881622314453125">
        <ele>3905.800048828125</ele>
        <time>2026-08-09T05:28:05.000Z</time>
        <extensions>
          <ns3:TrackPointExtension>
            <ns3:hr>137</ns3:hr>
            <ns3:cad>0</ns3:cad>
          </ns3:TrackPointExtension>
        </extensions>
      </trkpt>
      <trkpt lat="29.1771469451487064361572265625" lon="82.946710623800754547119140625">
        <ele>3906.60009765625</ele>
        <time>2026-08-09T05:28:07.000Z</time>
        <extensions>
          <ns3:TrackPointExtension>
            <ns3:hr>137</ns3:hr>
            <ns3:cad>0</ns3:cad>
          </ns3:TrackPointExtension>
        </extensions>
      </trkpt>
      <trkpt lat="29.1771543212234973907470703125" lon="82.94671095907688140869140625">
        <ele>3907</ele>
        <time>2026-08-09T05:28:08.000Z</time>
        <extensions>
          <ns3:TrackPointExtension>
            <ns3:hr>137</ns3:hr>
            <ns3:cad>0</ns3:cad>
          </ns3:TrackPointExtension>
        </extensions>
      </trkpt>
      <trkpt lat="29.177163206040859222412109375" lon="82.9467101208865642547607421875">
        <ele>3908.199951171875</ele>
        <time>2026-08-09T05:28:12.000Z</time>
        <extensions>
          <ns3:TrackPointExtension>
            <ns3:hr>136</ns3:hr>
            <ns3:cad>0</ns3:cad>
          </ns3:TrackPointExtension>
        </extensions>
      </trkpt>
      <trkpt lat="29.17716714553534984588623046875" lon="82.946707941591739654541015625">
        <ele>3908.60009765625</ele>
        <time>2026-08-09T05:28:14.000Z</time>
        <extensions>
          <ns3:TrackPointExtension>
            <ns3:hr>137</ns3:hr>
            <ns3:cad>0</ns3:cad>
          </ns3:TrackPointExtension>
        </extensions>
      </trkpt>
      <trkpt lat="29.1771905310451984405517578125" lon="82.94670383445918560028076171875">
        <ele>3908.60009765625</ele>
        <time>2026-08-09T05:28:20.000Z</time>
        <extensions>
          <ns3:TrackPointExtension>
            <ns3:hr>135</ns3:hr>
            <ns3:cad>0</ns3:cad>
          </ns3:TrackPointExtension>
        </extensions>
      </trkpt>
      <trkpt lat="29.17720637284219264984130859375" lon="82.94670567847788333892822265625">
        <ele>3909.39990234375</ele>
        <time>2026-08-09T05:28:23.000Z</time>
        <extensions>
          <ns3:TrackPointExtension>
            <ns3:hr>135</ns3:hr>
            <ns3:cad>0</ns3:cad>
          </ns3:TrackPointExtension>
        </extensions>
      </trkpt>
      <trkpt lat="29.177214168012142181396484375" lon="82.9467154853045940399169921875">
        <ele>3910.39990234375</ele>
        <time>2026-08-09T05:28:27.000Z</time>
        <extensions>
          <ns3:TrackPointExtension>
            <ns3:hr>137</ns3:hr>
            <ns3:cad>0</ns3:cad>
          </ns3:TrackPointExtension>
        </extensions>
      </trkpt>
      <trkpt lat="29.1772163473069667816162109375" lon="82.94671489857137203216552734375">
        <ele>3910.800048828125</ele>
        <time>2026-08-09T05:28:28.000Z</time>
        <extensions>
          <ns3:TrackPointExtension>
            <ns3:hr>137</ns3:hr>
            <ns3:cad>0</ns3:cad>
          </ns3:TrackPointExtension>
        </extensions>
      </trkpt>
      <trkpt lat="29.1772334463894367218017578125" lon="82.9467144794762134552001953125">
        <ele>3911.39990234375</ele>
        <time>2026-08-09T05:28:33.000Z</time>
        <extensions>
          <ns3:TrackPointExtension>
            <ns3:hr>138</ns3:hr>
            <ns3:cad>0</ns3:cad>
          </ns3:TrackPointExtension>
        </extensions>
      </trkpt>
      <trkpt lat="29.1772347874939441680908203125" lon="82.94671104289591312408447265625">
        <ele>3911.800048828125</ele>
        <time>2026-08-09T05:28:38.000Z</time>
        <extensions>
          <ns3:TrackPointExtension>
            <ns3:hr>139</ns3:hr>
            <ns3:cad>0</ns3:cad>
          </ns3:TrackPointExtension>
        </extensions>
      </trkpt>
      <trkpt lat="29.1772347874939441680908203125" lon="82.94671104289591312408447265625">
        <ele>3912</ele>
        <time>2026-08-09T05:28:39.000Z</time>
        <extensions>
          <ns3:TrackPointExtension>
            <ns3:hr>138</ns3:hr>
            <ns3:cad>0</ns3:cad>
          </ns3:TrackPointExtension>
        </extensions>
      </trkpt>
      <trkpt lat="29.1772347874939441680908203125" lon="82.94671104289591312408447265625">
        <ele>3912.800048828125</ele>
        <time>2026-08-09T05:28:43.000Z</time>
        <extensions>
          <ns3:TrackPointExtension>
            <ns3:hr>138</ns3:hr>
            <ns3:cad>0</ns3:cad>
          </ns3:TrackPointExtension>
        </extensions>
      </trkpt>
      <trkpt lat="29.17726051993668079376220703125" lon="82.946712635457515716552734375">
        <ele>3913.60009765625</ele>
        <time>2026-08-09T05:28:46.000Z</time>
        <extensions>
          <ns3:TrackPointExtension>
            <ns3:hr>138</ns3:hr>
            <ns3:cad>0</ns3:cad>
          </ns3:TrackPointExtension>
        </extensions>
      </trkpt>
      <trkpt lat="29.17726772837340831756591796875" lon="82.94671095907688140869140625">
        <ele>3913.60009765625</ele>
        <time>2026-08-09T05:28:53.000Z</time>
        <extensions>
          <ns3:TrackPointExtension>
            <ns3:hr>138</ns3:hr>
            <ns3:cad>0</ns3:cad>
          </ns3:TrackPointExtension>
        </extensions>
      </trkpt>
      <trkpt lat="29.177277199923992156982421875" lon="82.9467144794762134552001953125">
        <ele>3914</ele>
        <time>2026-08-09T05:28:54.000Z</time>
        <extensions>
          <ns3:TrackPointExtension>
            <ns3:hr>138</ns3:hr>
            <ns3:cad>0</ns3:cad>
          </ns3:TrackPointExtension>
        </extensions>
      </trkpt>
      <trkpt lat="29.17728214524686336517333984375" lon="82.9467154853045940399169921875">
        <ele>3915</ele>
        <time>2026-08-09T05:28:58.000Z</time>
        <extensions>
          <ns3:TrackPointExtension>
            <ns3:hr>138</ns3:hr>
            <ns3:cad>0</ns3:cad>
          </ns3:TrackPointExtension>
        </extensions>
      </trkpt>
      <trkpt lat="29.17728214524686336517333984375" lon="82.9467154853045940399169921875">
        <ele>3915.199951171875</ele>
        <time>2026-08-09T05:28:59.000Z</time>
        <extensions>
          <ns3:TrackPointExtension>
            <ns3:hr>137</ns3:hr>
            <ns3:cad>0</ns3:cad>
          </ns3:TrackPointExtension>
        </extensions>
      </trkpt>
      <trkpt lat="29.17728214524686336517333984375" lon="82.9467154853045940399169921875">
        <ele>3915.800048828125</ele>
        <time>2026-08-09T05:29:06.000Z</time>
        <extensions>
          <ns3:TrackPointExtension>
            <ns3:hr>138</ns3:hr>
            <ns3:cad>0</ns3:cad>
          </ns3:TrackPointExtension>
        </extensions>
      </trkpt>
      <trkpt lat="29.17728214524686336517333984375" lon="82.9467154853045940399169921875">
        <ele>3916.199951171875</ele>
        <time>2026-08-09T05:29:08.000Z</time>
        <extensions>
          <ns3:TrackPointExtension>
            <ns3:hr>139</ns3:hr>
            <ns3:cad>0</ns3:cad>
          </ns3:TrackPointExtension>
        </extensions>
      </trkpt>
      <trkpt lat="29.17730502784252166748046875" lon="82.9467218555510044097900390625">
        <ele>3916.39990234375</ele>
        <time>2026-08-09T05:29:11.000Z</time>
        <extensions>
          <ns3:TrackPointExtension>
            <ns3:hr>142</ns3:hr>
            <ns3:cad>0</ns3:cad>
          </ns3:TrackPointExtension>
        </extensions>
      </trkpt>
      <trkpt lat="29.17730896733701229095458984375" lon="82.94672168791294097900390625">
        <ele>3916.60009765625</ele>
        <time>2026-08-09T05:29:14.000Z</time>
        <extensions>
          <ns3:TrackPointExtension>
            <ns3:hr>141</ns3:hr>
            <ns3:cad>0</ns3:cad>
          </ns3:TrackPointExtension>
        </extensions>
      </trkpt>
      <trkpt lat="29.1773088835179805755615234375" lon="82.946721352636814117431640625">
        <ele>3917.199951171875</ele>
        <time>2026-08-09T05:29:17.000Z</time>
        <extensions>
          <ns3:TrackPointExtension>
            <ns3:hr>138</ns3:hr>
            <ns3:cad>0</ns3:cad>
          </ns3:TrackPointExtension>
        </extensions>
      </trkpt>
      <trkpt lat="29.17731986381113529205322265625" lon="82.94673082418739795684814453125">
        <ele>3918.199951171875</ele>
        <time>2026-08-09T05:29:22.000Z</time>
        <extensions>
          <ns3:TrackPointExtension>
            <ns3:hr>137</ns3:hr>
            <ns3:cad>0</ns3:cad>
          </ns3:TrackPointExtension>
        </extensions>
      </trkpt>
      <trkpt lat="29.17733243666589260101318359375" lon="82.94673903845250606536865234375">
        <ele>3918.39990234375</ele>
        <time>2026-08-09T05:29:29.000Z</time>
        <extensions>
          <ns3:TrackPointExtension>
            <ns3:hr>136</ns3:hr>
            <ns3:cad>0</ns3:cad>
          </ns3:TrackPointExtension>
        </extensions>
      </trkpt>
      <trkpt lat="29.17735540308058261871337890625" lon="82.946746163070201873779296875">
        <ele>3919.39990234375</ele>
        <time>2026-08-09T05:29:36.000Z</time>
        <extensions>
          <ns3:TrackPointExtension>
            <ns3:hr>136</ns3:hr>
            <ns3:cad>0</ns3:cad>
          </ns3:TrackPointExtension>
        </extensions>
      </trkpt>
      <trkpt lat="29.17738423682749271392822265625" lon="82.9467439837753772735595703125">
        <ele>3920.199951171875</ele>
        <time>2026-08-09T05:29:43.000Z</time>
        <extensions>
          <ns3:TrackPointExtension>
            <ns3:hr>137</ns3:hr>
            <ns3:cad>0</ns3:cad>
          </ns3:TrackPointExtension>
        </extensions>
      </trkpt>
      <trkpt lat="29.17739412747323513031005859375" lon="82.94674356468021869659423828125">
        <ele>3920.60009765625</ele>
        <time>2026-08-09T05:29:44.000Z</time>
        <extensions>
          <ns3:TrackPointExtension>
            <ns3:hr>137</ns3:hr>
            <ns3:cad>0</ns3:cad>
          </ns3:TrackPointExtension>
        </extensions>
      </trkpt>
      <trkpt lat="29.17739219963550567626953125" lon="82.94674322940409183502197265625">
        <ele>3921.199951171875</ele>
        <time>2026-08-09T05:29:48.000Z</time>
        <extensions>
          <ns3:TrackPointExtension>
            <ns3:hr>136</ns3:hr>
            <ns3:cad>0</ns3:cad>
          </ns3:TrackPointExtension>
        </extensions>
      </trkpt>
      <trkpt lat="29.177400581538677215576171875" lon="82.94673987664282321929931640625">
        <ele>3921.60009765625</ele>
        <time>2026-08-09T05:29:49.000Z</time>
        <extensions>
          <ns3:TrackPointExtension>
            <ns3:hr>136</ns3:hr>
            <ns3:cad>0</ns3:cad>
          </ns3:TrackPointExtension>
        </extensions>
      </trkpt>
      <trkpt lat="29.177408628165721893310546875" lon="82.946744151413440704345703125">
        <ele>3922</ele>
        <time>2026-08-09T05:29:52.000Z</time>
        <extensions>
          <ns3:TrackPointExtension>
            <ns3:hr>136</ns3:hr>
            <ns3:cad>0</ns3:cad>
          </ns3:TrackPointExtension>
        </extensions>
      </trkpt>
      <trkpt lat="29.17743419297039508819580078125" lon="82.946736775338649749755859375">
        <ele>3922.60009765625</ele>
        <time>2026-08-09T05:29:57.000Z</time>
        <extensions>
          <ns3:TrackPointExtension>
            <ns3:hr>136</ns3:hr>
            <ns3:cad>0</ns3:cad>
          </ns3:TrackPointExtension>
        </extensions>
      </trkpt>
      <trkpt lat="29.17743503116071224212646484375" lon="82.94673652388155460357666015625">
        <ele>3922.800048828125</ele>
        <time>2026-08-09T05:29:58.000Z</time>
        <extensions>
          <ns3:TrackPointExtension>
            <ns3:hr>136</ns3:hr>
            <ns3:cad>0</ns3:cad>
          </ns3:TrackPointExtension>
        </extensions>
      </trkpt>
      <trkpt lat="29.17745028622448444366455078125" lon="82.94673183001577854156494140625">
        <ele>3923.60009765625</ele>
        <time>2026-08-09T05:30:04.000Z</time>
        <extensions>
          <ns3:TrackPointExtension>
            <ns3:hr>136</ns3:hr>
            <ns3:cad>0</ns3:cad>
          </ns3:TrackPointExtension>
        </extensions>
      </trkpt>
      <trkpt lat="29.17745179496705532073974609375" lon="82.94673375785350799560546875">
        <ele>3923.800048828125</ele>
        <time>2026-08-09T05:30:05.000Z</time>
        <extensions>
          <ns3:TrackPointExtension>
            <ns3:hr>136</ns3:hr>
            <ns3:cad>0</ns3:cad>
          </ns3:TrackPointExtension>
        </extensions>
      </trkpt>
      <trkpt lat="29.17745028622448444366455078125" lon="82.94673183001577854156494140625">
        <ele>3924.199951171875</ele>
        <time>2026-08-09T05:30:08.000Z</time>
        <extensions>
          <ns3:TrackPointExtension>
            <ns3:hr>136</ns3:hr>
            <ns3:cad>0</ns3:cad>
          </ns3:TrackPointExtension>
        </extensions>
      </trkpt>
      <trkpt lat="29.17747534811496734619140625" lon="82.94672680087387561798095703125">
        <ele>3924.800048828125</ele>
        <time>2026-08-09T05:30:12.000Z</time>
        <extensions>
          <ns3:TrackPointExtension>
            <ns3:hr>136</ns3:hr>
            <ns3:cad>0</ns3:cad>
          </ns3:TrackPointExtension>
        </extensions>
      </trkpt>
      <trkpt lat="29.17748347856104373931884765625" lon="82.94672294519841670989990234375">
        <ele>3925</ele>
        <time>2026-08-09T05:30:15.000Z</time>
        <extensions>
          <ns3:TrackPointExtension>
            <ns3:hr>136</ns3:hr>
            <ns3:cad>0</ns3:cad>
          </ns3:TrackPointExtension>
        </extensions>
      </trkpt>
      <trkpt lat="29.17750476859509944915771484375" lon="82.946718670427799224853515625">
        <ele>3925.199951171875</ele>
        <time>2026-08-09T05:30:20.000Z</time>
        <extensions>
          <ns3:TrackPointExtension>
            <ns3:hr>135</ns3:hr>
            <ns3:cad>0</ns3:cad>
          </ns3:TrackPointExtension>
        </extensions>
      </trkpt>
      <trkpt lat="29.17751164175570011138916015625" lon="82.94672009535133838653564453125">
        <ele>3925.60009765625</ele>
        <time>2026-08-09T05:30:27.000Z</time>
        <extensions>
          <ns3:TrackPointExtension>
            <ns3:hr>135</ns3:hr>
            <ns3:cad>0</ns3:cad>
          </ns3:TrackPointExtension>
        </extensions>
      </trkpt>
      <trkpt lat="29.17751164175570011138916015625" lon="82.94672009535133838653564453125">
        <ele>3926</ele>
        <time>2026-08-09T05:30:28.000Z</time>
        <extensions>
          <ns3:TrackPointExtension>
            <ns3:hr>134</ns3:hr>
            <ns3:cad>0</ns3:cad>
          </ns3:TrackPointExtension>
        </extensions>
      </trkpt>
      <trkpt lat="29.17751692235469818115234375" lon="82.94671959243714809417724609375">
        <ele>3927.199951171875</ele>
        <time>2026-08-09T05:30:32.000Z</time>
        <extensions>
          <ns3:TrackPointExtension>
            <ns3:hr>135</ns3:hr>
            <ns3:cad>0</ns3:cad>
          </ns3:TrackPointExtension>
        </extensions>
      </trkpt>
      <trkpt lat="29.1775194369256496429443359375" lon="82.9467178322374820709228515625">
        <ele>3927.39990234375</ele>
        <time>2026-08-09T05:30:33.000Z</time>
        <extensions>
          <ns3:TrackPointExtension>
            <ns3:hr>135</ns3:hr>
            <ns3:cad>0</ns3:cad>
          </ns3:TrackPointExtension>
        </extensions>
      </trkpt>
      <trkpt lat="29.1775291599333286285400390625" lon="82.9466960392892360687255859375">
        <ele>3928</ele>
        <time>2026-08-09T05:30:40.000Z</time>
        <extensions>
          <ns3:TrackPointExtension>
            <ns3:hr>135</ns3:hr>
            <ns3:cad>0</ns3:cad>
          </ns3:TrackPointExtension>
        </extensions>
      </trkpt>
      <trkpt lat="29.177536033093929290771484375" lon="82.9466913454234600067138671875">
        <ele>3928.39990234375</ele>
        <time>2026-08-09T05:30:41.000Z</time>
        <extensions>
          <ns3:TrackPointExtension>
            <ns3:hr>135</ns3:hr>
            <ns3:cad>0</ns3:cad>
          </ns3:TrackPointExtension>
        </extensions>
      </trkpt>
      <trkpt lat="29.17755254544317722320556640625" lon="82.946705929934978485107421875">
        <ele>3929.39990234375</ele>
        <time>2026-08-09T05:30:44.000Z</time>
        <extensions>
          <ns3:TrackPointExtension>
            <ns3:hr>135</ns3:hr>
            <ns3:cad>0</ns3:cad>
          </ns3:TrackPointExtension>
        </extensions>
      </trkpt>
      <trkpt lat="29.17755690403282642364501953125" lon="82.94671632349491119384765625">
        <ele>3929.60009765625</ele>
        <time>2026-08-09T05:30:46.000Z</time>
        <extensions>
          <ns3:TrackPointExtension>
            <ns3:hr>135</ns3:hr>
            <ns3:cad>0</ns3:cad>
          </ns3:TrackPointExtension>
        </extensions>
      </trkpt>
      <trkpt lat="29.17755589820444583892822265625" lon="82.946736775338649749755859375">
        <ele>3930.60009765625</ele>
        <time>2026-08-09T05:30:51.000Z</time>
        <extensions>
          <ns3:TrackPointExtension>
            <ns3:hr>136</ns3:hr>
            <ns3:cad>0</ns3:cad>
          </ns3:TrackPointExtension>
        </extensions>
      </trkpt>
      <trkpt lat="29.1775566525757312774658203125" lon="82.94674172066152095794677734375">
        <ele>3930.800048828125</ele>
        <time>2026-08-09T05:30:53.000Z</time>
        <extensions>
          <ns3:TrackPointExtension>
            <ns3:hr>136</ns3:hr>
            <ns3:cad>0</ns3:cad>
          </ns3:TrackPointExtension>
        </extensions>
      </trkpt>
      <trkpt lat="29.17756520211696624755859375" lon="82.94675697572529315948486328125">
        <ele>3930.800048828125</ele>
        <time>2026-08-09T05:30:59.000Z</time>
        <extensions>
          <ns3:TrackPointExtension>
            <ns3:hr>136</ns3:hr>
            <ns3:cad>0</ns3:cad>
          </ns3:TrackPointExtension>
        </extensions>
      </trkpt>
      <trkpt lat="29.17757215909659862518310546875" lon="82.9467664472758769989013671875">
        <ele>3932</ele>
        <time>2026-08-09T05:31:03.000Z</time>
        <extensions>
          <ns3:TrackPointExtension>
            <ns3:hr>136</ns3:hr>
            <ns3:cad>0</ns3:cad>
          </ns3:TrackPointExtension>
        </extensions>
      </trkpt>
      <trkpt lat="29.17757534421980381011962890625" lon="82.9467718116939067840576171875">
        <ele>3932.60009765625</ele>
        <time>2026-08-09T05:31:05.000Z</time>
        <extensions>
          <ns3:TrackPointExtension>
            <ns3:hr>135</ns3:hr>
            <ns3:cad>0</ns3:cad>
          </ns3:TrackPointExtension>
        </extensions>
      </trkpt>
      <trkpt lat="29.17757316492497920989990234375" lon="82.94679410755634307861328125">
        <ele>3933</ele>
        <time>2026-08-09T05:31:11.000Z</time>
        <extensions>
          <ns3:TrackPointExtension>
            <ns3:hr>136</ns3:hr>
            <ns3:cad>0</ns3:cad>
          </ns3:TrackPointExtension>
        </extensions>
      </trkpt>
      <trkpt lat="29.17757266201078891754150390625" lon="82.9468028247356414794921875">
        <ele>3933.199951171875</ele>
        <time>2026-08-09T05:31:12.000Z</time>
        <extensions>
          <ns3:TrackPointExtension>
            <ns3:hr>135</ns3:hr>
            <ns3:cad>0</ns3:cad>
          </ns3:TrackPointExtension>
        </extensions>
      </trkpt>
      <trkpt lat="29.17757299728691577911376953125" lon="82.946801818907260894775390625">
        <ele>3934</ele>
        <time>2026-08-09T05:31:15.000Z</time>
        <extensions>
          <ns3:TrackPointExtension>
            <ns3:hr>136</ns3:hr>
            <ns3:cad>0</ns3:cad>
          </ns3:TrackPointExtension>
        </extensions>
      </trkpt>
      <trkpt lat="29.17757417075335979461669921875" lon="82.94681682251393795013427734375">
        <ele>3933.800048828125</ele>
        <time>2026-08-09T05:31:18.000Z</time>
        <extensions>
          <ns3:TrackPointExtension>
            <ns3:hr>136</ns3:hr>
            <ns3:cad>0</ns3:cad>
          </ns3:TrackPointExtension>
        </extensions>
      </trkpt>
      <trkpt lat="29.17757199145853519439697265625" lon="82.946889661252498626708984375">
        <ele>3933</ele>
        <time>2026-08-09T05:31:25.000Z</time>
        <extensions>
          <ns3:TrackPointExtension>
            <ns3:hr>135</ns3:hr>
            <ns3:cad>0</ns3:cad>
          </ns3:TrackPointExtension>
        </extensions>
      </trkpt>
      <trkpt lat="29.1775757633149623870849609375" lon="82.94690114445984363555908203125">
        <ele>3932.800048828125</ele>
        <time>2026-08-09T05:31:26.000Z</time>
        <extensions>
          <ns3:TrackPointExtension>
            <ns3:hr>136</ns3:hr>
            <ns3:cad>0</ns3:cad>
          </ns3:TrackPointExtension>
        </extensions>
      </trkpt>
      <trkpt lat="29.17758137919008731842041015625" lon="82.94694707728922367095947265625">
        <ele>3932.39990234375</ele>
        <time>2026-08-09T05:31:31.000Z</time>
        <extensions>
          <ns3:TrackPointExtension>
            <ns3:hr>135</ns3:hr>
            <ns3:cad>0</ns3:cad>
          </ns3:TrackPointExtension>
        </extensions>
      </trkpt>
      <trkpt lat="29.17759479023516178131103515625" lon="82.946994602680206298828125">
        <ele>3932.60009765625</ele>
        <time>2026-08-09T05:31:36.000Z</time>
        <extensions>
          <ns3:TrackPointExtension>
            <ns3:hr>134</ns3:hr>
            <ns3:cad>0</ns3:cad>
          </ns3:TrackPointExtension>
        </extensions>
      </trkpt>
      <trkpt lat="29.1776227019727230072021484375" lon="82.94704145751893520355224609375">
        <ele>3933.199951171875</ele>
        <time>2026-08-09T05:31:42.000Z</time>
        <extensions>
          <ns3:TrackPointExtension>
            <ns3:hr>132</ns3:hr>
            <ns3:cad>0</ns3:cad>
          </ns3:TrackPointExtension>
        </extensions>
      </trkpt>
      <trkpt lat="29.17765782214701175689697265625" lon="82.9470738954842090606689453125">
        <ele>3934</ele>
        <time>2026-08-09T05:31:48.000Z</time>
        <extensions>
          <ns3:TrackPointExtension>
            <ns3:hr>130</ns3:hr>
            <ns3:cad>74</ns3:cad>
          </ns3:TrackPointExtension>
        </extensions>
      </trkpt>
      <trkpt lat="29.17767073027789592742919921875" lon="82.94708772562444210052490234375">
        <ele>3934.199951171875</ele>
        <time>2026-08-09T05:31:50.000Z</time>
        <extensions>
          <ns3:TrackPointExtension>
            <ns3:hr>127</ns3:hr>
            <ns3:cad>73</ns3:cad>
          </ns3:TrackPointExtension>
        </extensions>
      </trkpt>
      <trkpt lat="29.1776864044368267059326171875" lon="82.9471010528504848480224609375">
        <ele>3934.39990234375</ele>
        <time>2026-08-09T05:31:52.000Z</time>
        <extensions>
          <ns3:TrackPointExtension>
            <ns3:hr>122</ns3:hr>
            <ns3:cad>0</ns3:cad>
          </ns3:TrackPointExtension>
        </extensions>
      </trkpt>
      <trkpt lat="29.17769604362547397613525390625" lon="82.94710851274430751800537109375">
        <ele>3934.39990234375</ele>
        <time>2026-08-09T05:31:53.000Z</time>
        <extensions>
          <ns3:TrackPointExtension>
            <ns3:hr>119</ns3:hr>
            <ns3:cad>0</ns3:cad>
          </ns3:TrackPointExtension>
        </extensions>
      </trkpt>
      <trkpt lat="29.17771096341311931610107421875" lon="82.94712225906550884246826171875">
        <ele>3934.39990234375</ele>
        <time>2026-08-09T05:31:55.000Z</time>
        <extensions>
          <ns3:TrackPointExtension>
            <ns3:hr>118</ns3:hr>
            <ns3:cad>77</ns3:cad>
          </ns3:TrackPointExtension>
        </extensions>
      </trkpt>
      <trkpt lat="29.17776041664183139801025390625" lon="82.94715796597301959991455078125">
        <ele>3934.800048828125</ele>
        <time>2026-08-09T05:32:01.000Z</time>
        <extensions>
          <ns3:TrackPointExtension>
            <ns3:hr>117</ns3:hr>
            <ns3:cad>0</ns3:cad>
          </ns3:TrackPointExtension>
        </extensions>
      </trkpt>
      <trkpt lat="29.177785813808441162109375" lon="82.947171293199062347412109375">
        <ele>3935</ele>
        <time>2026-08-09T05:32:05.000Z</time>
        <extensions>
          <ns3:TrackPointExtension>
            <ns3:hr>120</ns3:hr>
            <ns3:cad>77</ns3:cad>
          </ns3:TrackPointExtension>
        </extensions>
      </trkpt>
      <trkpt lat="29.1777898371219635009765625" lon="82.94717187993228435516357421875">
        <ele>3935</ele>
        <time>2026-08-09T05:32:06.000Z</time>
        <extensions>
          <ns3:TrackPointExtension>
            <ns3:hr>122</ns3:hr>
            <ns3:cad>0</ns3:cad>
          </ns3:TrackPointExtension>
        </extensions>
      </trkpt>
      <trkpt lat="29.17780048213899135589599609375" lon="82.94717925600707530975341796875">
        <ele>3935.39990234375</ele>
        <time>2026-08-09T05:32:07.000Z</time>
        <extensions>
          <ns3:TrackPointExtension>
            <ns3:hr>125</ns3:hr>
            <ns3:cad>0</ns3:cad>
          </ns3:TrackPointExtension>
        </extensions>
      </trkpt>
      <trkpt lat="29.177809618413448333740234375" lon="82.94718445278704166412353515625">
        <ele>3935.800048828125</ele>
        <time>2026-08-09T05:32:09.000Z</time>
        <extensions>
          <ns3:TrackPointExtension>
            <ns3:hr>129</ns3:hr>
            <ns3:cad>60</ns3:cad>
          </ns3:TrackPointExtension>
        </extensions>
      </trkpt>
      <trkpt lat="29.17781389318406581878662109375" lon="82.94718545861542224884033203125">
        <ele>3936</ele>
        <time>2026-08-09T05:32:10.000Z</time>
        <extensions>
          <ns3:TrackPointExtension>
            <ns3:hr>130</ns3:hr>
            <ns3:cad>0</ns3:cad>
          </ns3:TrackPointExtension>
        </extensions>
      </trkpt>
      <trkpt lat="29.1778201796114444732666015625" lon="82.94719099067151546478271484375">
        <ele>3936.39990234375</ele>
        <time>2026-08-09T05:32:11.000Z</time>
        <extensions>
          <ns3:TrackPointExtension>
            <ns3:hr>131</ns3:hr>
            <ns3:cad>0</ns3:cad>
          </ns3:TrackPointExtension>
        </extensions>
      </trkpt>
      <trkpt lat="29.17784683406352996826171875" lon="82.94720641337335109710693359375">
        <ele>3937.199951171875</ele>
        <time>2026-08-09T05:32:16.000Z</time>
        <extensions>
          <ns3:TrackPointExtension>
            <ns3:hr>132</ns3:hr>
            <ns3:cad>0</ns3:cad>
          </ns3:TrackPointExtension>
        </extensions>
      </trkpt>
      <trkpt lat="29.1778500191867351531982421875" lon="82.94720876030623912811279296875">
        <ele>3937.39990234375</ele>
        <time>2026-08-09T05:32:17.000Z</time>
        <extensions>
          <ns3:TrackPointExtension>
            <ns3:hr>131</ns3:hr>
            <ns3:cad>0</ns3:cad>
          </ns3:TrackPointExtension>
        </extensions>
      </trkpt>
      <trkpt lat="29.17787055484950542449951171875" lon="82.9472267813980579376220703125">
        <ele>3937.60009765625</ele>
        <time>2026-08-09T05:32:21.000Z</time>
        <extensions>
          <ns3:TrackPointExtension>
            <ns3:hr>130</ns3:hr>
            <ns3:cad>0</ns3:cad>
          </ns3:TrackPointExtension>
        </extensions>
      </trkpt>
      <trkpt lat="29.177896119654178619384765625" lon="82.9472549445927143096923828125">
        <ele>3938.199951171875</ele>
        <time>2026-08-09T05:32:26.000Z</time>
        <extensions>
          <ns3:TrackPointExtension>
            <ns3:hr>132</ns3:hr>
            <ns3:cad>0</ns3:cad>
          </ns3:TrackPointExtension>
        </extensions>
      </trkpt>
      <trkpt lat="29.1779051721096038818359375" lon="82.94728218577802181243896484375">
        <ele>3938.39990234375</ele>
        <time>2026-08-09T05:32:29.000Z</time>
        <extensions>
          <ns3:TrackPointExtension>
            <ns3:hr>129</ns3:hr>
            <ns3:cad>0</ns3:cad>
          </ns3:TrackPointExtension>
        </extensions>
      </trkpt>
      <trkpt lat="29.1779083572328090667724609375" lon="82.9472867958247661590576171875">
        <ele>3938.39990234375</ele>
        <time>2026-08-09T05:32:30.000Z</time>
        <extensions>
          <ns3:TrackPointExtension>
            <ns3:hr>129</ns3:hr>
            <ns3:cad>0</ns3:cad>
          </ns3:TrackPointExtension>
        </extensions>
      </trkpt>
      <trkpt lat="29.17792269028723239898681640625" lon="82.94731135480105876922607421875">
        <ele>3939</ele>
        <time>2026-08-09T05:32:33.000Z</time>
        <extensions>
          <ns3:TrackPointExtension>
            <ns3:hr>129</ns3:hr>
            <ns3:cad>0</ns3:cad>
          </ns3:TrackPointExtension>
        </extensions>
      </trkpt>
      <trkpt lat="29.1779311560094356536865234375" lon="82.9473390989005565643310546875">
        <ele>3939.199951171875</ele>
        <time>2026-08-09T05:32:35.000Z</time>
        <extensions>
          <ns3:TrackPointExtension>
            <ns3:hr>134</ns3:hr>
            <ns3:cad>0</ns3:cad>
          </ns3:TrackPointExtension>
        </extensions>
      </trkpt>
      <trkpt lat="29.17793911881744861602783203125" lon="82.9473558627068996429443359375">
        <ele>3939.39990234375</ele>
        <time>2026-08-09T05:32:37.000Z</time>
        <extensions>
          <ns3:TrackPointExtension>
            <ns3:hr>135</ns3:hr>
            <ns3:cad>0</ns3:cad>
          </ns3:TrackPointExtension>
        </extensions>
      </trkpt>
      <trkpt lat="29.1779566369950771331787109375" lon="82.94739601202309131622314453125">
        <ele>3939.39990234375</ele>
        <time>2026-08-09T05:32:41.000Z</time>
        <extensions>
          <ns3:TrackPointExtension>
            <ns3:hr>132</ns3:hr>
            <ns3:cad>0</ns3:cad>
          </ns3:TrackPointExtension>
        </extensions>
      </trkpt>
      <trkpt lat="29.17796141467988491058349609375" lon="82.94740389101207256317138671875">
        <ele>3939.39990234375</ele>
        <time>2026-08-09T05:32:42.000Z</time>
        <extensions>
          <ns3:TrackPointExtension>
            <ns3:hr>130</ns3:hr>
            <ns3:cad>0</ns3:cad>
          </ns3:TrackPointExtension>
        </extensions>
      </trkpt>
      <trkpt lat="29.1779666952788829803466796875" lon="82.9474168829619884490966796875">
        <ele>3939.60009765625</ele>
        <time>2026-08-09T05:32:43.000Z</time>
        <extensions>
          <ns3:TrackPointExtension>
            <ns3:hr>129</ns3:hr>
            <ns3:cad>0</ns3:cad>
          </ns3:TrackPointExtension>
        </extensions>
      </trkpt>
      <trkpt lat="29.17798521928489208221435546875" lon="82.947450242936611175537109375">
        <ele>3939.199951171875</ele>
        <time>2026-08-09T05:32:47.000Z</time>
        <extensions>
          <ns3:TrackPointExtension>
            <ns3:hr>127</ns3:hr>
            <ns3:cad>0</ns3:cad>
          </ns3:TrackPointExtension>
        </extensions>
      </trkpt>
      <trkpt lat="29.178005754947662353515625" lon="82.9474785737693309783935546875">
        <ele>3938.60009765625</ele>
        <time>2026-08-09T05:32:52.000Z</time>
        <extensions>
          <ns3:TrackPointExtension>
            <ns3:hr>125</ns3:hr>
            <ns3:cad>0</ns3:cad>
          </ns3:TrackPointExtension>
        </extensions>
      </trkpt>
      <trkpt lat="29.17801170609891414642333984375" lon="82.94748184271156787872314453125">
        <ele>3938.60009765625</ele>
        <time>2026-08-09T05:32:53.000Z</time>
        <extensions>
          <ns3:TrackPointExtension>
            <ns3:hr>126</ns3:hr>
            <ns3:cad>0</ns3:cad>
          </ns3:TrackPointExtension>
        </extensions>
      </trkpt>
      <trkpt lat="29.178043305873870849609375" lon="82.9475074075162410736083984375">
        <ele>3939.199951171875</ele>
        <time>2026-08-09T05:32:57.000Z</time>
        <extensions>
          <ns3:TrackPointExtension>
            <ns3:hr>125</ns3:hr>
            <ns3:cad>68</ns3:cad>
          </ns3:TrackPointExtension>
        </extensions>
      </trkpt>
      <trkpt lat="29.17806937359273433685302734375" lon="82.9475349001586437225341796875">
        <ele>3939.60009765625</ele>
        <time>2026-08-09T05:33:00.000Z</time>
        <extensions>
          <ns3:TrackPointExtension>
            <ns3:hr>125</ns3:hr>
            <ns3:cad>68</ns3:cad>
          </ns3:TrackPointExtension>
        </extensions>
      </trkpt>
      <trkpt lat="29.17808865197002887725830078125" lon="82.94755895622074604034423828125">
        <ele>3940.199951171875</ele>
        <time>2026-08-09T05:33:03.000Z</time>
        <extensions>
          <ns3:TrackPointExtension>
            <ns3:hr>126</ns3:hr>
            <ns3:cad>0</ns3:cad>
          </ns3:TrackPointExtension>
        </extensions>
      </trkpt>
      <trkpt lat="29.17811262421309947967529296875" lon="82.94762425124645233154296875">
        <ele>3940</ele>
        <time>2026-08-09T05:33:11.000Z</time>
        <extensions>
          <ns3:TrackPointExtension>
            <ns3:hr>126</ns3:hr>
            <ns3:cad>0</ns3:cad>
          </ns3:TrackPointExtension>
        </extensions>
      </trkpt>
      <trkpt lat="29.1781185753643512725830078125" lon="82.94765199534595012664794921875">
        <ele>3940.800048828125</ele>
        <time>2026-08-09T05:33:14.000Z</time>
        <extensions>
          <ns3:TrackPointExtension>
            <ns3:hr>129</ns3:hr>
            <ns3:cad>0</ns3:cad>
          </ns3:TrackPointExtension>
        </extensions>
      </trkpt>
      <trkpt lat="29.1781256161630153656005859375" lon="82.94767177663743495941162109375">
        <ele>3941</ele>
        <time>2026-08-09T05:33:17.000Z</time>
        <extensions>
          <ns3:TrackPointExtension>
            <ns3:hr>131</ns3:hr>
            <ns3:cad>0</ns3:cad>
          </ns3:TrackPointExtension>
        </extensions>
      </trkpt>
      <trkpt lat="29.17814598418772220611572265625" lon="82.947697341442108154296875">
        <ele>3942</ele>
        <time>2026-08-09T05:33:22.000Z</time>
        <extensions>
          <ns3:TrackPointExtension>
            <ns3:hr>131</ns3:hr>
            <ns3:cad>0</ns3:cad>
          </ns3:TrackPointExtension>
        </extensions>
      </trkpt>
      <trkpt lat="29.17815017513930797576904296875" lon="82.94769809581339359283447265625">
        <ele>3942.199951171875</ele>
        <time>2026-08-09T05:33:23.000Z</time>
        <extensions>
          <ns3:TrackPointExtension>
            <ns3:hr>131</ns3:hr>
            <ns3:cad>0</ns3:cad>
          </ns3:TrackPointExtension>
        </extensions>
      </trkpt>
      <trkpt lat="29.17817540466785430908203125" lon="82.94770245440304279327392578125">
        <ele>3942.39990234375</ele>
        <time>2026-08-09T05:33:29.000Z</time>
        <extensions>
          <ns3:TrackPointExtension>
            <ns3:hr>129</ns3:hr>
            <ns3:cad>0</ns3:cad>
          </ns3:TrackPointExtension>
        </extensions>
      </trkpt>
      <trkpt lat="29.1782127879559993743896484375" lon="82.94772760011255741119384765625">
        <ele>3942</ele>
        <time>2026-08-09T05:33:35.000Z</time>
        <extensions>
          <ns3:TrackPointExtension>
            <ns3:hr>131</ns3:hr>
            <ns3:cad>0</ns3:cad>
          </ns3:TrackPointExtension>
        </extensions>
      </trkpt>
      <trkpt lat="29.1782459802925586700439453125" lon="82.9477561824023723602294921875">
        <ele>3943</ele>
        <time>2026-08-09T05:33:42.000Z</time>
        <extensions>
          <ns3:TrackPointExtension>
            <ns3:hr>132</ns3:hr>
            <ns3:cad>64</ns3:cad>
          </ns3:TrackPointExtension>
        </extensions>
      </trkpt>
      <trkpt lat="29.1782511770725250244140625" lon="82.947759367525577545166015625">
        <ele>3943.199951171875</ele>
        <time>2026-08-09T05:33:43.000Z</time>
        <extensions>
          <ns3:TrackPointExtension>
            <ns3:hr>133</ns3:hr>
            <ns3:cad>0</ns3:cad>
          </ns3:TrackPointExtension>
        </extensions>
      </trkpt>
      <trkpt lat="29.17826634831726551055908203125" lon="82.9477699287235736846923828125">
        <ele>3943.800048828125</ele>
        <time>2026-08-09T05:33:48.000Z</time>
        <extensions>
          <ns3:TrackPointExtension>
            <ns3:hr>134</ns3:hr>
            <ns3:cad>0</ns3:cad>
          </ns3:TrackPointExtension>
        </extensions>
      </trkpt>
      <trkpt lat="29.17830012738704681396484375" lon="82.94778878800570964813232421875">
        <ele>3944</ele>
        <time>2026-08-09T05:33:57.000Z</time>
        <extensions>
          <ns3:TrackPointExtension>
            <ns3:hr>135</ns3:hr>
            <ns3:cad>0</ns3:cad>
          </ns3:TrackPointExtension>
        </extensions>
      </trkpt>
      <trkpt lat="29.17830054648220539093017578125" lon="82.94778929091989994049072265625">
        <ele>3944.199951171875</ele>
        <time>2026-08-09T05:33:59.000Z</time>
        <extensions>
          <ns3:TrackPointExtension>
            <ns3:hr>135</ns3:hr>
            <ns3:cad>0</ns3:cad>
          </ns3:TrackPointExtension>
        </extensions>
      </trkpt>
      <trkpt lat="29.17830012738704681396484375" lon="82.94778878800570964813232421875">
        <ele>3944.800048828125</ele>
        <time>2026-08-09T05:34:02.000Z</time>
        <extensions>
          <ns3:TrackPointExtension>
            <ns3:hr>136</ns3:hr>
            <ns3:cad>0</ns3:cad>
          </ns3:TrackPointExtension>
        </extensions>
      </trkpt>
      <trkpt lat="29.1783220879733562469482421875" lon="82.94779314659535884857177734375">
        <ele>3945.199951171875</ele>
        <time>2026-08-09T05:34:07.000Z</time>
        <extensions>
          <ns3:TrackPointExtension>
            <ns3:hr>137</ns3:hr>
            <ns3:cad>0</ns3:cad>
          </ns3:TrackPointExtension>
        </extensions>
      </trkpt>
      <trkpt lat="29.178333990275859832763671875" lon="82.94780236668884754180908203125">
        <ele>3945.60009765625</ele>
        <time>2026-08-09T05:34:09.000Z</time>
        <extensions>
          <ns3:TrackPointExtension>
            <ns3:hr>136</ns3:hr>
            <ns3:cad>0</ns3:cad>
          </ns3:TrackPointExtension>
        </extensions>
      </trkpt>
      <trkpt lat="29.17834279127418994903564453125" lon="82.9478051327168941497802734375">
        <ele>3947.60009765625</ele>
        <time>2026-08-09T05:34:11.000Z</time>
        <extensions>
          <ns3:TrackPointExtension>
            <ns3:hr>135</ns3:hr>
            <ns3:cad>0</ns3:cad>
          </ns3:TrackPointExtension>
        </extensions>
      </trkpt>
      <trkpt lat="29.17834765277802944183349609375" lon="82.9478058032691478729248046875">
        <ele>3948</ele>
        <time>2026-08-09T05:34:12.000Z</time>
        <extensions>
          <ns3:TrackPointExtension>
            <ns3:hr>135</ns3:hr>
            <ns3:cad>0</ns3:cad>
          </ns3:TrackPointExtension>
        </extensions>
      </trkpt>
      <trkpt lat="29.17835636995732784271240234375" lon="82.947810329496860504150390625">
        <ele>3948.800048828125</ele>
        <time>2026-08-09T05:34:14.000Z</time>
        <extensions>
          <ns3:TrackPointExtension>
            <ns3:hr>137</ns3:hr>
            <ns3:cad>0</ns3:cad>
          </ns3:TrackPointExtension>
        </extensions>
      </trkpt>
      <trkpt lat="29.17837866581976413726806640625" lon="82.9478094913065433502197265625">
        <ele>3949.199951171875</ele>
        <time>2026-08-09T05:34:18.000Z</time>
        <extensions>
          <ns3:TrackPointExtension>
            <ns3:hr>138</ns3:hr>
            <ns3:cad>0</ns3:cad>
          </ns3:TrackPointExtension>
        </extensions>
      </trkpt>
      <trkpt lat="29.17840984649956226348876953125" lon="82.9477994330227375030517578125">
        <ele>3949.60009765625</ele>
        <time>2026-08-09T05:34:25.000Z</time>
        <extensions>
          <ns3:TrackPointExtension>
            <ns3:hr>139</ns3:hr>
            <ns3:cad>0</ns3:cad>
          </ns3:TrackPointExtension>
        </extensions>
      </trkpt>
      <trkpt lat="29.1784380935132503509521484375" lon="82.94780261814594268798828125">
        <ele>3949.800048828125</ele>
        <time>2026-08-09T05:34:29.000Z</time>
        <extensions>
          <ns3:TrackPointExtension>
            <ns3:hr>140</ns3:hr>
            <ns3:cad>0</ns3:cad>
          </ns3:TrackPointExtension>
        </extensions>
      </trkpt>
      <trkpt lat="29.17846952565014362335205078125" lon="82.94779851101338863372802734375">
        <ele>3950</ele>
        <time>2026-08-09T05:34:35.000Z</time>
        <extensions>
          <ns3:TrackPointExtension>
            <ns3:hr>140</ns3:hr>
            <ns3:cad>0</ns3:cad>
          </ns3:TrackPointExtension>
        </extensions>
      </trkpt>
      <trkpt lat="29.1784751415252685546875" lon="82.94780152849853038787841796875">
        <ele>3950.199951171875</ele>
        <time>2026-08-09T05:34:36.000Z</time>
        <extensions>
          <ns3:TrackPointExtension>
            <ns3:hr>140</ns3:hr>
            <ns3:cad>0</ns3:cad>
          </ns3:TrackPointExtension>
        </extensions>
      </trkpt>
      <trkpt lat="29.1785118542611598968505859375" lon="82.94781594537198543548583984375">
        <ele>3950.39990234375</ele>
        <time>2026-08-09T05:34:42.000Z</time>
        <extensions>
          <ns3:TrackPointExtension>
            <ns3:hr>140</ns3:hr>
            <ns3:cad>0</ns3:cad>
          </ns3:TrackPointExtension>
        </extensions>
      </trkpt>
      <trkpt lat="29.1785219125449657440185546875" lon="82.9478208906948566436767578125">
        <ele>3951</ele>
        <time>2026-08-09T05:34:45.000Z</time>
        <extensions>
          <ns3:TrackPointExtension>
            <ns3:hr>139</ns3:hr>
            <ns3:cad>0</ns3:cad>
          </ns3:TrackPointExtension>
        </extensions>
      </trkpt>
      <trkpt lat="29.178539849817752838134765625" lon="82.94783069752156734466552734375">
        <ele>3951.800048828125</ele>
        <time>2026-08-09T05:34:49.000Z</time>
        <extensions>
          <ns3:TrackPointExtension>
            <ns3:hr>137</ns3:hr>
            <ns3:cad>0</ns3:cad>
          </ns3:TrackPointExtension>
        </extensions>
      </trkpt>
      <trkpt lat="29.17855535633862018585205078125" lon="82.947834469377994537353515625">
        <ele>3952</ele>
        <time>2026-08-09T05:34:54.000Z</time>
        <extensions>
          <ns3:TrackPointExtension>
            <ns3:hr>139</ns3:hr>
            <ns3:cad>0</ns3:cad>
          </ns3:TrackPointExtension>
        </extensions>
      </trkpt>
      <trkpt lat="29.1785554401576519012451171875" lon="82.9478346370160579681396484375">
        <ele>3952.39990234375</ele>
        <time>2026-08-09T05:34:55.000Z</time>
        <extensions>
          <ns3:TrackPointExtension>
            <ns3:hr>139</ns3:hr>
            <ns3:cad>0</ns3:cad>
          </ns3:TrackPointExtension>
        </extensions>
      </trkpt>
      <trkpt lat="29.1785623133182525634765625" lon="82.94783773832023143768310546875">
        <ele>3953.199951171875</ele>
        <time>2026-08-09T05:34:57.000Z</time>
        <extensions>
          <ns3:TrackPointExtension>
            <ns3:hr>141</ns3:hr>
            <ns3:cad>0</ns3:cad>
          </ns3:TrackPointExtension>
        </extensions>
      </trkpt>
      <trkpt lat="29.17855535633862018585205078125" lon="82.947834469377994537353515625">
        <ele>3953.60009765625</ele>
        <time>2026-08-09T05:35:00.000Z</time>
        <extensions>
          <ns3:TrackPointExtension>
            <ns3:hr>143</ns3:hr>
            <ns3:cad>0</ns3:cad>
          </ns3:TrackPointExtension>
        </extensions>
      </trkpt>
      <trkpt lat="29.17857346124947071075439453125" lon="82.947836481034755706787109375">
        <ele>3953.800048828125</ele>
        <time>2026-08-09T05:35:09.000Z</time>
        <extensions>
          <ns3:TrackPointExtension>
            <ns3:hr>141</ns3:hr>
            <ns3:cad>0</ns3:cad>
          </ns3:TrackPointExtension>
        </extensions>
      </trkpt>
      <trkpt lat="29.17859190143644809722900390625" lon="82.94784695841372013092041015625">
        <ele>3953.60009765625</ele>
        <time>2026-08-09T05:35:14.000Z</time>
        <extensions>
          <ns3:TrackPointExtension>
            <ns3:hr>142</ns3:hr>
            <ns3:cad>0</ns3:cad>
          </ns3:TrackPointExtension>
        </extensions>
      </trkpt>
      <trkpt lat="29.17859978042542934417724609375" lon="82.94784285128116607666015625">
        <ele>3954.199951171875</ele>
        <time>2026-08-09T05:35:18.000Z</time>
        <extensions>
          <ns3:TrackPointExtension>
            <ns3:hr>143</ns3:hr>
            <ns3:cad>0</ns3:cad>
          </ns3:TrackPointExtension>
        </extensions>
      </trkpt>
      <trkpt lat="29.17859776876866817474365234375" lon="82.94784528203308582305908203125">
        <ele>3955.39990234375</ele>
        <time>2026-08-09T05:35:21.000Z</time>
        <extensions>
          <ns3:TrackPointExtension>
            <ns3:hr>144</ns3:hr>
            <ns3:cad>0</ns3:cad>
          </ns3:TrackPointExtension>
        </extensions>
      </trkpt>
      <trkpt lat="29.17859776876866817474365234375" lon="82.94784528203308582305908203125">
        <ele>3955.60009765625</ele>
        <time>2026-08-09T05:35:22.000Z</time>
        <extensions>
          <ns3:TrackPointExtension>
            <ns3:hr>144</ns3:hr>
            <ns3:cad>0</ns3:cad>
          </ns3:TrackPointExtension>
        </extensions>
      </trkpt>
      <trkpt lat="29.17861319147050380706787109375" lon="82.94784243218600749969482421875">
        <ele>3956.39990234375</ele>
        <time>2026-08-09T05:35:28.000Z</time>
        <extensions>
          <ns3:TrackPointExtension>
            <ns3:hr>143</ns3:hr>
            <ns3:cad>0</ns3:cad>
          </ns3:TrackPointExtension>
        </extensions>
      </trkpt>
      <trkpt lat="29.178619645535945892333984375" lon="82.947841174900531768798828125">
        <ele>3956.39990234375</ele>
        <time>2026-08-09T05:35:29.000Z</time>
        <extensions>
          <ns3:TrackPointExtension>
            <ns3:hr>143</ns3:hr>
            <ns3:cad>0</ns3:cad>
          </ns3:TrackPointExtension>
        </extensions>
      </trkpt>
      <trkpt lat="29.17862978763878345489501953125" lon="82.94784058816730976104736328125">
        <ele>3956.39990234375</ele>
        <time>2026-08-09T05:35:34.000Z</time>
        <extensions>
          <ns3:TrackPointExtension>
            <ns3:hr>140</ns3:hr>
            <ns3:cad>0</ns3:cad>
          </ns3:TrackPointExtension>
        </extensions>
      </trkpt>
      <trkpt lat="29.17863733135163784027099609375" lon="82.9478383250534534454345703125">
        <ele>3957.199951171875</ele>
        <time>2026-08-09T05:35:36.000Z</time>
        <extensions>
          <ns3:TrackPointExtension>
            <ns3:hr>141</ns3:hr>
            <ns3:cad>0</ns3:cad>
          </ns3:TrackPointExtension>
        </extensions>
      </trkpt>
      <trkpt lat="29.17863548733294010162353515625" lon="82.94783639721572399139404296875">
        <ele>3957.39990234375</ele>
        <time>2026-08-09T05:35:37.000Z</time>
        <extensions>
          <ns3:TrackPointExtension>
            <ns3:hr>141</ns3:hr>
            <ns3:cad>0</ns3:cad>
          </ns3:TrackPointExtension>
        </extensions>
      </trkpt>
      <trkpt lat="29.17864537797868251800537109375" lon="82.94783622957766056060791015625">
        <ele>3957.800048828125</ele>
        <time>2026-08-09T05:35:42.000Z</time>
        <extensions>
          <ns3:TrackPointExtension>
            <ns3:hr>140</ns3:hr>
            <ns3:cad>0</ns3:cad>
          </ns3:TrackPointExtension>
        </extensions>
      </trkpt>
      <trkpt lat="29.1786566935479640960693359375" lon="82.94783656485378742218017578125">
        <ele>3958.39990234375</ele>
        <time>2026-08-09T05:35:46.000Z</time>
        <extensions>
          <ns3:TrackPointExtension>
            <ns3:hr>140</ns3:hr>
            <ns3:cad>0</ns3:cad>
          </ns3:TrackPointExtension>
        </extensions>
      </trkpt>
      <trkpt lat="29.17867295444011688232421875" lon="82.9478354752063751220703125">
        <ele>3958.60009765625</ele>
        <time>2026-08-09T05:35:48.000Z</time>
        <extensions>
          <ns3:TrackPointExtension>
            <ns3:hr>140</ns3:hr>
            <ns3:cad>0</ns3:cad>
          </ns3:TrackPointExtension>
        </extensions>
      </trkpt>
      <trkpt lat="29.17868192307651042938232421875" lon="82.94783572666347026824951171875">
        <ele>3959.60009765625</ele>
        <time>2026-08-09T05:35:53.000Z</time>
        <extensions>
          <ns3:TrackPointExtension>
            <ns3:hr>140</ns3:hr>
            <ns3:cad>0</ns3:cad>
          </ns3:TrackPointExtension>
        </extensions>
      </trkpt>
      <trkpt lat="29.1786989383399486541748046875" lon="82.94783723540604114532470703125">
        <ele>3959.60009765625</ele>
        <time>2026-08-09T05:35:55.000Z</time>
        <extensions>
          <ns3:TrackPointExtension>
            <ns3:hr>140</ns3:hr>
            <ns3:cad>0</ns3:cad>
          </ns3:TrackPointExtension>
        </extensions>
      </trkpt>
      <trkpt lat="29.17872366495430469512939453125" lon="82.94785751961171627044677734375">
        <ele>3960.60009765625</ele>
        <time>2026-08-09T05:36:01.000Z</time>
        <extensions>
          <ns3:TrackPointExtension>
            <ns3:hr>140</ns3:hr>
            <ns3:cad>0</ns3:cad>
          </ns3:TrackPointExtension>
        </extensions>
      </trkpt>
      <trkpt lat="29.1787180490791797637939453125" lon="82.947872020304203033447265625">
        <ele>3960.800048828125</ele>
        <time>2026-08-09T05:36:03.000Z</time>
        <extensions>
          <ns3:TrackPointExtension>
            <ns3:hr>140</ns3:hr>
            <ns3:cad>0</ns3:cad>
          </ns3:TrackPointExtension>
        </extensions>
      </trkpt>
      <trkpt lat="29.17869667522609233856201171875" lon="82.94789741747081279754638671875">
        <ele>3959.60009765625</ele>
        <time>2026-08-09T05:36:09.000Z</time>
        <extensions>
          <ns3:TrackPointExtension>
            <ns3:hr>141</ns3:hr>
            <ns3:cad>0</ns3:cad>
          </ns3:TrackPointExtension>
        </extensions>
      </trkpt>
      <trkpt lat="29.17869600467383861541748046875" lon="82.94789708219468593597412109375">
        <ele>3961.800048828125</ele>
        <time>2026-08-09T05:36:14.000Z</time>
        <extensions>
          <ns3:TrackPointExtension>
            <ns3:hr>142</ns3:hr>
            <ns3:cad>0</ns3:cad>
          </ns3:TrackPointExtension>
        </extensions>
      </trkpt>
      <trkpt lat="29.17868577875196933746337890625" lon="82.947916276752948760986328125">
        <ele>3962.39990234375</ele>
        <time>2026-08-09T05:36:16.000Z</time>
        <extensions>
          <ns3:TrackPointExtension>
            <ns3:hr>143</ns3:hr>
            <ns3:cad>0</ns3:cad>
          </ns3:TrackPointExtension>
        </extensions>
      </trkpt>
      <trkpt lat="29.17867831885814666748046875" lon="82.94792993925511837005615234375">
        <ele>3963</ele>
        <time>2026-08-09T05:36:19.000Z</time>
        <extensions>
          <ns3:TrackPointExtension>
            <ns3:hr>144</ns3:hr>
            <ns3:cad>0</ns3:cad>
          </ns3:TrackPointExtension>
        </extensions>
      </trkpt>
      <trkpt lat="29.17867102660238742828369140625" lon="82.9479427635669708251953125">
        <ele>3964.199951171875</ele>
        <time>2026-08-09T05:36:22.000Z</time>
        <extensions>
          <ns3:TrackPointExtension>
            <ns3:hr>144</ns3:hr>
            <ns3:cad>0</ns3:cad>
          </ns3:TrackPointExtension>
        </extensions>
      </trkpt>
      <trkpt lat="29.17865677736699581146240234375" lon="82.94795961119234561920166015625">
        <ele>3964.800048828125</ele>
        <time>2026-08-09T05:36:27.000Z</time>
        <extensions>
          <ns3:TrackPointExtension>
            <ns3:hr>144</ns3:hr>
            <ns3:cad>0</ns3:cad>
          </ns3:TrackPointExtension>
        </extensions>
      </trkpt>
      <trkpt lat="29.17863515205681324005126953125" lon="82.94797017239034175872802734375">
        <ele>3964.60009765625</ele>
        <time>2026-08-09T05:36:33.000Z</time>
        <extensions>
          <ns3:TrackPointExtension>
            <ns3:hr>143</ns3:hr>
            <ns3:cad>0</ns3:cad>
          </ns3:TrackPointExtension>
        </extensions>
      </trkpt>
      <trkpt lat="29.178620986640453338623046875" lon="82.94798291288316249847412109375">
        <ele>3965</ele>
        <time>2026-08-09T05:36:38.000Z</time>
        <extensions>
          <ns3:TrackPointExtension>
            <ns3:hr>142</ns3:hr>
            <ns3:cad>0</ns3:cad>
          </ns3:TrackPointExtension>
        </extensions>
      </trkpt>
      <trkpt lat="29.17859173379838466644287109375" lon="82.9480116628110408782958984375">
        <ele>3965</ele>
        <time>2026-08-09T05:36:44.000Z</time>
        <extensions>
          <ns3:TrackPointExtension>
            <ns3:hr>141</ns3:hr>
            <ns3:cad>0</ns3:cad>
          </ns3:TrackPointExtension>
        </extensions>
      </trkpt>
      <trkpt lat="29.17858444154262542724609375" lon="82.94801543466746807098388671875">
        <ele>3965.199951171875</ele>
        <time>2026-08-09T05:36:45.000Z</time>
        <extensions>
          <ns3:TrackPointExtension>
            <ns3:hr>141</ns3:hr>
            <ns3:cad>0</ns3:cad>
          </ns3:TrackPointExtension>
        </extensions>
      </trkpt>
      <trkpt lat="29.17857765220105648040771484375" lon="82.94802281074225902557373046875">
        <ele>3966.60009765625</ele>
        <time>2026-08-09T05:36:50.000Z</time>
        <extensions>
          <ns3:TrackPointExtension>
            <ns3:hr>141</ns3:hr>
            <ns3:cad>0</ns3:cad>
          </ns3:TrackPointExtension>
        </extensions>
      </trkpt>
      <trkpt lat="29.17857698164880275726318359375" lon="82.94802214019000530242919921875">
        <ele>3968</ele>
        <time>2026-08-09T05:36:52.000Z</time>
        <extensions>
          <ns3:TrackPointExtension>
            <ns3:hr>141</ns3:hr>
            <ns3:cad>0</ns3:cad>
          </ns3:TrackPointExtension>
        </extensions>
      </trkpt>
      <trkpt lat="29.17857765220105648040771484375" lon="82.94802281074225902557373046875">
        <ele>3968.60009765625</ele>
        <time>2026-08-09T05:36:57.000Z</time>
        <extensions>
          <ns3:TrackPointExtension>
            <ns3:hr>141</ns3:hr>
            <ns3:cad>0</ns3:cad>
          </ns3:TrackPointExtension>
        </extensions>
      </trkpt>
      <trkpt lat="29.1785775683820247650146484375" lon="82.94802616350352764129638671875">
        <ele>3968.199951171875</ele>
        <time>2026-08-09T05:37:02.000Z</time>
        <extensions>
          <ns3:TrackPointExtension>
            <ns3:hr>141</ns3:hr>
            <ns3:cad>0</ns3:cad>
          </ns3:TrackPointExtension>
        </extensions>
      </trkpt>
      <trkpt lat="29.178602211177349090576171875" lon="82.94802146963775157928466796875">
        <ele>3968.199951171875</ele>
        <time>2026-08-09T05:37:08.000Z</time>
        <extensions>
          <ns3:TrackPointExtension>
            <ns3:hr>141</ns3:hr>
            <ns3:cad>0</ns3:cad>
          </ns3:TrackPointExtension>
        </extensions>
      </trkpt>
      <trkpt lat="29.17861252091825008392333984375" lon="82.94802666641771793365478515625">
        <ele>3969</ele>
        <time>2026-08-09T05:37:11.000Z</time>
        <extensions>
          <ns3:TrackPointExtension>
            <ns3:hr>140</ns3:hr>
            <ns3:cad>0</ns3:cad>
          </ns3:TrackPointExtension>
        </extensions>
      </trkpt>
      <trkpt lat="29.17861822061240673065185546875" lon="82.948022894561290740966796875">
        <ele>3969.60009765625</ele>
        <time>2026-08-09T05:37:14.000Z</time>
        <extensions>
          <ns3:TrackPointExtension>
            <ns3:hr>141</ns3:hr>
            <ns3:cad>0</ns3:cad>
          </ns3:TrackPointExtension>
        </extensions>
      </trkpt>
      <trkpt lat="29.178630374372005462646484375" lon="82.948032952845096588134765625">
        <ele>3969.39990234375</ele>
        <time>2026-08-09T05:37:20.000Z</time>
        <extensions>
          <ns3:TrackPointExtension>
            <ns3:hr>141</ns3:hr>
            <ns3:cad>0</ns3:cad>
          </ns3:TrackPointExtension>
        </extensions>
      </trkpt>
      <trkpt lat="29.178630374372005462646484375" lon="82.948032952845096588134765625">
        <ele>3969.199951171875</ele>
        <time>2026-08-09T05:37:26.000Z</time>
        <extensions>
          <ns3:TrackPointExtension>
            <ns3:hr>139</ns3:hr>
            <ns3:cad>0</ns3:cad>
          </ns3:TrackPointExtension>
        </extensions>
      </trkpt>
      <trkpt lat="29.1786481440067291259765625" lon="82.9480371437966823577880859375">
        <ele>3970.60009765625</ele>
        <time>2026-08-09T05:37:30.000Z</time>
        <extensions>
          <ns3:TrackPointExtension>
            <ns3:hr>141</ns3:hr>
            <ns3:cad>0</ns3:cad>
          </ns3:TrackPointExtension>
        </extensions>
      </trkpt>
      <trkpt lat="29.1786620579659938812255859375" lon="82.94804141856729984283447265625">
        <ele>3971.800048828125</ele>
        <time>2026-08-09T05:37:32.000Z</time>
        <extensions>
          <ns3:TrackPointExtension>
            <ns3:hr>142</ns3:hr>
            <ns3:cad>0</ns3:cad>
          </ns3:TrackPointExtension>
        </extensions>
      </trkpt>
      <trkpt lat="29.1786902211606502532958984375" lon="82.94804175384342670440673828125">
        <ele>3972</ele>
        <time>2026-08-09T05:37:39.000Z</time>
        <extensions>
          <ns3:TrackPointExtension>
            <ns3:hr>140</ns3:hr>
            <ns3:cad>0</ns3:cad>
          </ns3:TrackPointExtension>
        </extensions>
      </trkpt>
      <trkpt lat="29.17871545068919658660888671875" lon="82.94804678298532962799072265625">
        <ele>3972.800048828125</ele>
        <time>2026-08-09T05:37:43.000Z</time>
        <extensions>
          <ns3:TrackPointExtension>
            <ns3:hr>139</ns3:hr>
            <ns3:cad>0</ns3:cad>
          </ns3:TrackPointExtension>
        </extensions>
      </trkpt>
      <trkpt lat="29.1787190549075603485107421875" lon="82.948051393032073974609375">
        <ele>3973.800048828125</ele>
        <time>2026-08-09T05:37:46.000Z</time>
        <extensions>
          <ns3:TrackPointExtension>
            <ns3:hr>140</ns3:hr>
            <ns3:cad>0</ns3:cad>
          </ns3:TrackPointExtension>
        </extensions>
      </trkpt>
      <trkpt lat="29.17872835882008075714111328125" lon="82.9480498842895030975341796875">
        <ele>3974.39990234375</ele>
        <time>2026-08-09T05:37:48.000Z</time>
        <extensions>
          <ns3:TrackPointExtension>
            <ns3:hr>140</ns3:hr>
            <ns3:cad>0</ns3:cad>
          </ns3:TrackPointExtension>
        </extensions>
      </trkpt>
      <trkpt lat="29.17874109931290149688720703125" lon="82.94805315323173999786376953125">
        <ele>3974.800048828125</ele>
        <time>2026-08-09T05:37:53.000Z</time>
        <extensions>
          <ns3:TrackPointExtension>
            <ns3:hr>140</ns3:hr>
            <ns3:cad>0</ns3:cad>
          </ns3:TrackPointExtension>
        </extensions>
      </trkpt>
      <trkpt lat="29.17874109931290149688720703125" lon="82.94805315323173999786376953125">
        <ele>3975</ele>
        <time>2026-08-09T05:37:54.000Z</time>
        <extensions>
          <ns3:TrackPointExtension>
            <ns3:hr>140</ns3:hr>
            <ns3:cad>0</ns3:cad>
          </ns3:TrackPointExtension>
        </extensions>
      </trkpt>
      <trkpt lat="29.17876272462308406829833984375" lon="82.94805851764976978302001953125">
        <ele>3975</ele>
        <time>2026-08-09T05:38:00.000Z</time>
        <extensions>
          <ns3:TrackPointExtension>
            <ns3:hr>142</ns3:hr>
            <ns3:cad>0</ns3:cad>
          </ns3:TrackPointExtension>
        </extensions>
      </trkpt>
      <trkpt lat="29.17878401465713977813720703125" lon="82.94805943965911865234375">
        <ele>3976.199951171875</ele>
        <time>2026-08-09T05:38:04.000Z</time>
        <extensions>
          <ns3:TrackPointExtension>
            <ns3:hr>145</ns3:hr>
            <ns3:cad>0</ns3:cad>
          </ns3:TrackPointExtension>
        </extensions>
      </trkpt>
      <trkpt lat="29.17879097163677215576171875" lon="82.948061786592006683349609375">
        <ele>3976.800048828125</ele>
        <time>2026-08-09T05:38:06.000Z</time>
        <extensions>
          <ns3:TrackPointExtension>
            <ns3:hr>144</ns3:hr>
            <ns3:cad>0</ns3:cad>
          </ns3:TrackPointExtension>
        </extensions>
      </trkpt>
      <trkpt lat="29.17879206128418445587158203125" lon="82.94806438498198986053466796875">
        <ele>3977.199951171875</ele>
        <time>2026-08-09T05:38:07.000Z</time>
        <extensions>
          <ns3:TrackPointExtension>
            <ns3:hr>145</ns3:hr>
            <ns3:cad>0</ns3:cad>
          </ns3:TrackPointExtension>
        </extensions>
      </trkpt>
      <trkpt lat="29.17880245484411716461181640625" lon="82.948066480457782745361328125">
        <ele>3978</ele>
        <time>2026-08-09T05:38:11.000Z</time>
        <extensions>
          <ns3:TrackPointExtension>
            <ns3:hr>145</ns3:hr>
            <ns3:cad>0</ns3:cad>
          </ns3:TrackPointExtension>
        </extensions>
      </trkpt>
      <trkpt lat="29.1788176260888576507568359375" lon="82.948068492114543914794921875">
        <ele>3978</ele>
        <time>2026-08-09T05:38:15.000Z</time>
        <extensions>
          <ns3:TrackPointExtension>
            <ns3:hr>146</ns3:hr>
            <ns3:cad>0</ns3:cad>
          </ns3:TrackPointExtension>
        </extensions>
      </trkpt>
      <trkpt lat="29.1788387484848499298095703125" lon="82.948069833219051361083984375">
        <ele>3977.199951171875</ele>
        <time>2026-08-09T05:38:21.000Z</time>
        <extensions>
          <ns3:TrackPointExtension>
            <ns3:hr>145</ns3:hr>
            <ns3:cad>0</ns3:cad>
          </ns3:TrackPointExtension>
        </extensions>
      </trkpt>
      <trkpt lat="29.1788555122911930084228515625" lon="82.94806388206779956817626953125">
        <ele>3977.60009765625</ele>
        <time>2026-08-09T05:38:27.000Z</time>
        <extensions>
          <ns3:TrackPointExtension>
            <ns3:hr>143</ns3:hr>
            <ns3:cad>0</ns3:cad>
          </ns3:TrackPointExtension>
        </extensions>
      </trkpt>
      <trkpt lat="29.1788612119853496551513671875" lon="82.94806681573390960693359375">
        <ele>3978.199951171875</ele>
        <time>2026-08-09T05:38:30.000Z</time>
        <extensions>
          <ns3:TrackPointExtension>
            <ns3:hr>142</ns3:hr>
            <ns3:cad>0</ns3:cad>
          </ns3:TrackPointExtension>
        </extensions>
      </trkpt>
      <trkpt lat="29.17887546122074127197265625" lon="82.94806815683841705322265625">
        <ele>3979.199951171875</ele>
        <time>2026-08-09T05:38:34.000Z</time>
        <extensions>
          <ns3:TrackPointExtension>
            <ns3:hr>142</ns3:hr>
            <ns3:cad>0</ns3:cad>
          </ns3:TrackPointExtension>
        </extensions>
      </trkpt>
      <trkpt lat="29.17888191528618335723876953125" lon="82.94807109050452709197998046875">
        <ele>3979.199951171875</ele>
        <time>2026-08-09T05:38:36.000Z</time>
        <extensions>
          <ns3:TrackPointExtension>
            <ns3:hr>142</ns3:hr>
            <ns3:cad>0</ns3:cad>
          </ns3:TrackPointExtension>
        </extensions>
      </trkpt>
      <trkpt lat="29.17889297939836978912353515625" lon="82.94807620346546173095703125">
        <ele>3979.800048828125</ele>
        <time>2026-08-09T05:38:41.000Z</time>
        <extensions>
          <ns3:TrackPointExtension>
            <ns3:hr>141</ns3:hr>
            <ns3:cad>0</ns3:cad>
          </ns3:TrackPointExtension>
        </extensions>
      </trkpt>
      <trkpt lat="29.1788930632174015045166015625" lon="82.94807645492255687713623046875">
        <ele>3980.39990234375</ele>
        <time>2026-08-09T05:38:43.000Z</time>
        <extensions>
          <ns3:TrackPointExtension>
            <ns3:hr>140</ns3:hr>
            <ns3:cad>0</ns3:cad>
          </ns3:TrackPointExtension>
        </extensions>
      </trkpt>
      <trkpt lat="29.17890823446214199066162109375" lon="82.948081903159618377685546875">
        <ele>3981.39990234375</ele>
        <time>2026-08-09T05:38:48.000Z</time>
        <extensions>
          <ns3:TrackPointExtension>
            <ns3:hr>138</ns3:hr>
            <ns3:cad>0</ns3:cad>
          </ns3:TrackPointExtension>
        </extensions>
      </trkpt>
      <trkpt lat="29.1789346374571323394775390625" lon="82.94808651320636272430419921875">
        <ele>3981.199951171875</ele>
        <time>2026-08-09T05:38:54.000Z</time>
        <extensions>
          <ns3:TrackPointExtension>
            <ns3:hr>138</ns3:hr>
            <ns3:cad>0</ns3:cad>
          </ns3:TrackPointExtension>
        </extensions>
      </trkpt>
      <trkpt lat="29.17895919643342494964599609375" lon="82.9480834119021892547607421875">
        <ele>3981.39990234375</ele>
        <time>2026-08-09T05:38:59.000Z</time>
        <extensions>
          <ns3:TrackPointExtension>
            <ns3:hr>140</ns3:hr>
            <ns3:cad>0</ns3:cad>
          </ns3:TrackPointExtension>
        </extensions>
      </trkpt>
      <trkpt lat="29.1789644770324230194091796875" lon="82.9480857588350772857666015625">
        <ele>3981.60009765625</ele>
        <time>2026-08-09T05:39:00.000Z</time>
        <extensions>
          <ns3:TrackPointExtension>
            <ns3:hr>141</ns3:hr>
            <ns3:cad>0</ns3:cad>
          </ns3:TrackPointExtension>
        </extensions>
      </trkpt>
      <trkpt lat="29.17897679843008518218994140625" lon="82.9480901174247264862060546875">
        <ele>3982.60009765625</ele>
        <time>2026-08-09T05:39:03.000Z</time>
        <extensions>
          <ns3:TrackPointExtension>
            <ns3:hr>141</ns3:hr>
            <ns3:cad>0</ns3:cad>
          </ns3:TrackPointExtension>
        </extensions>
      </trkpt>
      <trkpt lat="29.17899406515061855316162109375" lon="82.94809590093791484832763671875">
        <ele>3983.60009765625</ele>
        <time>2026-08-09T05:39:08.000Z</time>
        <extensions>
          <ns3:TrackPointExtension>
            <ns3:hr>140</ns3:hr>
            <ns3:cad>0</ns3:cad>
          </ns3:TrackPointExtension>
        </extensions>
      </trkpt>
      <trkpt lat="29.1790171153843402862548828125" lon="82.94810897670686244964599609375">
        <ele>3984.39990234375</ele>
        <time>2026-08-09T05:39:15.000Z</time>
        <extensions>
          <ns3:TrackPointExtension>
            <ns3:hr>140</ns3:hr>
            <ns3:cad>0</ns3:cad>
          </ns3:TrackPointExtension>
        </extensions>
      </trkpt>
      <trkpt lat="29.17901719920337200164794921875" lon="82.94810931198298931121826171875">
        <ele>3984.800048828125</ele>
        <time>2026-08-09T05:39:17.000Z</time>
        <extensions>
          <ns3:TrackPointExtension>
            <ns3:hr>142</ns3:hr>
            <ns3:cad>0</ns3:cad>
          </ns3:TrackPointExtension>
        </extensions>
      </trkpt>
      <trkpt lat="29.179036729037761688232421875" lon="82.94813345186412334442138671875">
        <ele>3985.800048828125</ele>
        <time>2026-08-09T05:39:21.000Z</time>
        <extensions>
          <ns3:TrackPointExtension>
            <ns3:hr>142</ns3:hr>
            <ns3:cad>0</ns3:cad>
          </ns3:TrackPointExtension>
        </extensions>
      </trkpt>
      <trkpt lat="29.17903832159936428070068359375" lon="82.948134876787662506103515625">
        <ele>3986</ele>
        <time>2026-08-09T05:39:22.000Z</time>
        <extensions>
          <ns3:TrackPointExtension>
            <ns3:hr>142</ns3:hr>
            <ns3:cad>0</ns3:cad>
          </ns3:TrackPointExtension>
        </extensions>
      </trkpt>
      <trkpt lat="29.17903865687549114227294921875" lon="82.94815960340201854705810546875">
        <ele>3987.199951171875</ele>
        <time>2026-08-09T05:39:27.000Z</time>
        <extensions>
          <ns3:TrackPointExtension>
            <ns3:hr>140</ns3:hr>
            <ns3:cad>0</ns3:cad>
          </ns3:TrackPointExtension>
        </extensions>
      </trkpt>
      <trkpt lat="29.17902507819235324859619140625" lon="82.9481705836951732635498046875">
        <ele>3988.199951171875</ele>
        <time>2026-08-09T05:39:30.000Z</time>
        <extensions>
          <ns3:TrackPointExtension>
            <ns3:hr>142</ns3:hr>
            <ns3:cad>0</ns3:cad>
          </ns3:TrackPointExtension>
        </extensions>
      </trkpt>
      <trkpt lat="29.17901468463242053985595703125" lon="82.94816932640969753265380859375">
        <ele>3988</ele>
        <time>2026-08-09T05:39:32.000Z</time>
        <extensions>
          <ns3:TrackPointExtension>
            <ns3:hr>145</ns3:hr>
            <ns3:cad>0</ns3:cad>
          </ns3:TrackPointExtension>
        </extensions>
      </trkpt>
      <trkpt lat="29.178995154798030853271484375" lon="82.94817670248448848724365234375">
        <ele>3987.39990234375</ele>
        <time>2026-08-09T05:39:37.000Z</time>
        <extensions>
          <ns3:TrackPointExtension>
            <ns3:hr>146</ns3:hr>
            <ns3:cad>0</ns3:cad>
          </ns3:TrackPointExtension>
        </extensions>
      </trkpt>
      <trkpt lat="29.1789738647639751434326171875" lon="82.9482037760317325592041015625">
        <ele>3987.60009765625</ele>
        <time>2026-08-09T05:39:43.000Z</time>
        <extensions>
          <ns3:TrackPointExtension>
            <ns3:hr>146</ns3:hr>
            <ns3:cad>0</ns3:cad>
          </ns3:TrackPointExtension>
        </extensions>
      </trkpt>
      <trkpt lat="29.1789678297936916351318359375" lon="82.94821031391620635986328125">
        <ele>3988.199951171875</ele>
        <time>2026-08-09T05:39:47.000Z</time>
        <extensions>
          <ns3:TrackPointExtension>
            <ns3:hr>147</ns3:hr>
            <ns3:cad>0</ns3:cad>
          </ns3:TrackPointExtension>
        </extensions>
      </trkpt>
      <trkpt lat="29.1789654828608036041259765625" lon="82.94821928255259990692138671875">
        <ele>3988.60009765625</ele>
        <time>2026-08-09T05:39:51.000Z</time>
        <extensions>
          <ns3:TrackPointExtension>
            <ns3:hr>148</ns3:hr>
            <ns3:cad>0</ns3:cad>
          </ns3:TrackPointExtension>
        </extensions>
      </trkpt>
      <trkpt lat="29.17895332910120487213134765625" lon="82.94823671691119670867919921875">
        <ele>3988.800048828125</ele>
        <time>2026-08-09T05:39:56.000Z</time>
        <extensions>
          <ns3:TrackPointExtension>
            <ns3:hr>149</ns3:hr>
            <ns3:cad>0</ns3:cad>
          </ns3:TrackPointExtension>
        </extensions>
      </trkpt>
      <trkpt lat="29.1789379902184009552001953125" lon="82.94825096614658832550048828125">
        <ele>3988.60009765625</ele>
        <time>2026-08-09T05:40:01.000Z</time>
        <extensions>
          <ns3:TrackPointExtension>
            <ns3:hr>149</ns3:hr>
            <ns3:cad>0</ns3:cad>
          </ns3:TrackPointExtension>
        </extensions>
      </trkpt>
      <trkpt lat="29.1789379902184009552001953125" lon="82.9482512176036834716796875">
        <ele>3988.60009765625</ele>
        <time>2026-08-09T05:40:03.000Z</time>
        <extensions>
          <ns3:TrackPointExtension>
            <ns3:hr>146</ns3:hr>
            <ns3:cad>0</ns3:cad>
          </ns3:TrackPointExtension>
        </extensions>
      </trkpt>
      <trkpt lat="29.17893773876130580902099609375" lon="82.9482513852417469024658203125">
        <ele>3988.800048828125</ele>
        <time>2026-08-09T05:40:04.000Z</time>
        <extensions>
          <ns3:TrackPointExtension>
            <ns3:hr>143</ns3:hr>
            <ns3:cad>0</ns3:cad>
          </ns3:TrackPointExtension>
        </extensions>
      </trkpt>
      <trkpt lat="29.178935475647449493408203125" lon="82.948256246745586395263671875">
        <ele>3988.800048828125</ele>
        <time>2026-08-09T05:40:05.000Z</time>
        <extensions>
          <ns3:TrackPointExtension>
            <ns3:hr>140</ns3:hr>
            <ns3:cad>0</ns3:cad>
          </ns3:TrackPointExtension>
        </extensions>
      </trkpt>
      <trkpt lat="29.1789379902184009552001953125" lon="82.9482512176036834716796875">
        <ele>3988.800048828125</ele>
        <time>2026-08-09T05:40:06.000Z</time>
        <extensions>
          <ns3:TrackPointExtension>
            <ns3:hr>137</ns3:hr>
            <ns3:cad>0</ns3:cad>
          </ns3:TrackPointExtension>
        </extensions>
      </trkpt>
      <trkpt lat="29.1789379902184009552001953125" lon="82.9482512176036834716796875">
        <ele>3989</ele>
        <time>2026-08-09T05:40:07.000Z</time>
        <extensions>
          <ns3:TrackPointExtension>
            <ns3:hr>136</ns3:hr>
            <ns3:cad>0</ns3:cad>
          </ns3:TrackPointExtension>
        </extensions>
      </trkpt>
      <trkpt lat="29.178924076259136199951171875" lon="82.94826664030551910400390625">
        <ele>3989</ele>
        <time>2026-08-09T05:40:11.000Z</time>
        <extensions>
          <ns3:TrackPointExtension>
            <ns3:hr>133</ns3:hr>
            <ns3:cad>0</ns3:cad>
          </ns3:TrackPointExtension>
        </extensions>
      </trkpt>
      <trkpt lat="29.1789148561656475067138671875" lon="82.94827493838965892791748046875">
        <ele>3989.39990234375</ele>
        <time>2026-08-09T05:40:13.000Z</time>
        <extensions>
          <ns3:TrackPointExtension>
            <ns3:hr>133</ns3:hr>
            <ns3:cad>0</ns3:cad>
          </ns3:TrackPointExtension>
        </extensions>
      </trkpt>
      <trkpt lat="29.17891259305179119110107421875" lon="82.948281057178974151611328125">
        <ele>3989.39990234375</ele>
        <time>2026-08-09T05:40:14.000Z</time>
        <extensions>
          <ns3:TrackPointExtension>
            <ns3:hr>133</ns3:hr>
            <ns3:cad>0</ns3:cad>
          </ns3:TrackPointExtension>
        </extensions>
      </trkpt>
      <trkpt lat="29.17889893054962158203125" lon="82.94829421676695346832275390625">
        <ele>3990.39990234375</ele>
        <time>2026-08-09T05:40:19.000Z</time>
        <extensions>
          <ns3:TrackPointExtension>
            <ns3:hr>135</ns3:hr>
            <ns3:cad>0</ns3:cad>
          </ns3:TrackPointExtension>
        </extensions>
      </trkpt>
      <trkpt lat="29.17889096774160861968994140625" lon="82.948301844298839569091796875">
        <ele>3990.800048828125</ele>
        <time>2026-08-09T05:40:21.000Z</time>
        <extensions>
          <ns3:TrackPointExtension>
            <ns3:hr>133</ns3:hr>
            <ns3:cad>0</ns3:cad>
          </ns3:TrackPointExtension>
        </extensions>
      </trkpt>
      <trkpt lat="29.178877137601375579833984375" lon="82.948319278657436370849609375">
        <ele>3991</ele>
        <time>2026-08-09T05:40:28.000Z</time>
        <extensions>
          <ns3:TrackPointExtension>
            <ns3:hr>134</ns3:hr>
            <ns3:cad>0</ns3:cad>
          </ns3:TrackPointExtension>
        </extensions>
      </trkpt>
      <trkpt lat="29.17886934243142604827880859375" lon="82.9483278281986713409423828125">
        <ele>3991.199951171875</ele>
        <time>2026-08-09T05:40:34.000Z</time>
        <extensions>
          <ns3:TrackPointExtension>
            <ns3:hr>132</ns3:hr>
            <ns3:cad>0</ns3:cad>
          </ns3:TrackPointExtension>
        </extensions>
      </trkpt>
      <trkpt lat="29.1788592003285884857177734375" lon="82.94834635220468044281005859375">
        <ele>3991.60009765625</ele>
        <time>2026-08-09T05:40:38.000Z</time>
        <extensions>
          <ns3:TrackPointExtension>
            <ns3:hr>131</ns3:hr>
            <ns3:cad>0</ns3:cad>
          </ns3:TrackPointExtension>
        </extensions>
      </trkpt>
      <trkpt lat="29.178844280540943145751953125" lon="82.948358841240406036376953125">
        <ele>3992.199951171875</ele>
        <time>2026-08-09T05:40:41.000Z</time>
        <extensions>
          <ns3:TrackPointExtension>
            <ns3:hr>130</ns3:hr>
            <ns3:cad>0</ns3:cad>
          </ns3:TrackPointExtension>
        </extensions>
      </trkpt>
      <trkpt lat="29.1788412630558013916015625" lon="82.94835909269750118255615234375">
        <ele>3992.39990234375</ele>
        <time>2026-08-09T05:40:44.000Z</time>
        <extensions>
          <ns3:TrackPointExtension>
            <ns3:hr>133</ns3:hr>
            <ns3:cad>0</ns3:cad>
          </ns3:TrackPointExtension>
        </extensions>
      </trkpt>
      <trkpt lat="29.1788296960294246673583984375" lon="82.94836797751486301422119140625">
        <ele>3992.60009765625</ele>
        <time>2026-08-09T05:40:46.000Z</time>
        <extensions>
          <ns3:TrackPointExtension>
            <ns3:hr>134</ns3:hr>
            <ns3:cad>0</ns3:cad>
          </ns3:TrackPointExtension>
        </extensions>
      </trkpt>
      <trkpt lat="29.17882558889687061309814453125" lon="82.94837124645709991455078125">
        <ele>3992.800048828125</ele>
        <time>2026-08-09T05:40:47.000Z</time>
        <extensions>
          <ns3:TrackPointExtension>
            <ns3:hr>135</ns3:hr>
            <ns3:cad>0</ns3:cad>
          </ns3:TrackPointExtension>
        </extensions>
      </trkpt>
      <trkpt lat="29.178825505077838897705078125" lon="82.94837133027613162994384765625">
        <ele>3993.199951171875</ele>
        <time>2026-08-09T05:40:49.000Z</time>
        <extensions>
          <ns3:TrackPointExtension>
            <ns3:hr>138</ns3:hr>
            <ns3:cad>0</ns3:cad>
          </ns3:TrackPointExtension>
        </extensions>
      </trkpt>
      <trkpt lat="29.1788203082978725433349609375" lon="82.94837770052254199981689453125">
        <ele>3993.800048828125</ele>
        <time>2026-08-09T05:40:51.000Z</time>
        <extensions>
          <ns3:TrackPointExtension>
            <ns3:hr>138</ns3:hr>
            <ns3:cad>0</ns3:cad>
          </ns3:TrackPointExtension>
        </extensions>
      </trkpt>
      <trkpt lat="29.17881988920271396636962890625" lon="82.94837987981736660003662109375">
        <ele>3994.800048828125</ele>
        <time>2026-08-09T05:40:54.000Z</time>
        <extensions>
          <ns3:TrackPointExtension>
            <ns3:hr>139</ns3:hr>
            <ns3:cad>0</ns3:cad>
          </ns3:TrackPointExtension>
        </extensions>
      </trkpt>
      <trkpt lat="29.17881167493760585784912109375" lon="82.94838625006377696990966796875">
        <ele>3995</ele>
        <time>2026-08-09T05:40:56.000Z</time>
        <extensions>
          <ns3:TrackPointExtension>
            <ns3:hr>139</ns3:hr>
            <ns3:cad>0</ns3:cad>
          </ns3:TrackPointExtension>
        </extensions>
      </trkpt>
      <trkpt lat="29.178810417652130126953125" lon="82.94838524423539638519287109375">
        <ele>3994.60009765625</ele>
        <time>2026-08-09T05:41:01.000Z</time>
        <extensions>
          <ns3:TrackPointExtension>
            <ns3:hr>139</ns3:hr>
            <ns3:cad>0</ns3:cad>
          </ns3:TrackPointExtension>
        </extensions>
      </trkpt>
      <trkpt lat="29.17881754226982593536376953125" lon="82.94838742353022098541259765625">
        <ele>3993.60009765625</ele>
        <time>2026-08-09T05:41:03.000Z</time>
        <extensions>
          <ns3:TrackPointExtension>
            <ns3:hr>139</ns3:hr>
            <ns3:cad>0</ns3:cad>
          </ns3:TrackPointExtension>
        </extensions>
      </trkpt>
      <trkpt lat="29.178824163973331451416015625" lon="82.948387674987316131591796875">
        <ele>3993</ele>
        <time>2026-08-09T05:41:07.000Z</time>
        <extensions>
          <ns3:TrackPointExtension>
            <ns3:hr>138</ns3:hr>
            <ns3:cad>0</ns3:cad>
          </ns3:TrackPointExtension>
        </extensions>
      </trkpt>
      <trkpt lat="29.1788421012461185455322265625" lon="82.9483881779015064239501953125">
        <ele>3994.39990234375</ele>
        <time>2026-08-09T05:41:13.000Z</time>
        <extensions>
          <ns3:TrackPointExtension>
            <ns3:hr>136</ns3:hr>
            <ns3:cad>0</ns3:cad>
          </ns3:TrackPointExtension>
        </extensions>
      </trkpt>
      <trkpt lat="29.17885358445346355438232421875" lon="82.9483958892524242401123046875">
        <ele>3995</ele>
        <time>2026-08-09T05:41:15.000Z</time>
        <extensions>
          <ns3:TrackPointExtension>
            <ns3:hr>134</ns3:hr>
            <ns3:cad>0</ns3:cad>
          </ns3:TrackPointExtension>
        </extensions>
      </trkpt>
      <trkpt lat="29.1788669116795063018798828125" lon="82.94839672744274139404296875">
        <ele>3995.39990234375</ele>
        <time>2026-08-09T05:41:19.000Z</time>
        <extensions>
          <ns3:TrackPointExtension>
            <ns3:hr>136</ns3:hr>
            <ns3:cad>0</ns3:cad>
          </ns3:TrackPointExtension>
        </extensions>
      </trkpt>
      <trkpt lat="29.17888174764811992645263671875" lon="82.9483972303569316864013671875">
        <ele>3995.800048828125</ele>
        <time>2026-08-09T05:41:24.000Z</time>
        <extensions>
          <ns3:TrackPointExtension>
            <ns3:hr>138</ns3:hr>
            <ns3:cad>0</ns3:cad>
          </ns3:TrackPointExtension>
        </extensions>
      </trkpt>
      <trkpt lat="29.17888526804745197296142578125" lon="82.94839630834758281707763671875">
        <ele>3996</ele>
        <time>2026-08-09T05:41:25.000Z</time>
        <extensions>
          <ns3:TrackPointExtension>
            <ns3:hr>138</ns3:hr>
            <ns3:cad>0</ns3:cad>
          </ns3:TrackPointExtension>
        </extensions>
      </trkpt>
      <trkpt lat="29.178903289139270782470703125" lon="82.94840100221335887908935546875">
        <ele>3997</ele>
        <time>2026-08-09T05:41:30.000Z</time>
        <extensions>
          <ns3:TrackPointExtension>
            <ns3:hr>138</ns3:hr>
            <ns3:cad>0</ns3:cad>
          </ns3:TrackPointExtension>
        </extensions>
      </trkpt>
      <trkpt lat="29.17891410179436206817626953125" lon="82.9484032653272151947021484375">
        <ele>3997.800048828125</ele>
        <time>2026-08-09T05:41:32.000Z</time>
        <extensions>
          <ns3:TrackPointExtension>
            <ns3:hr>139</ns3:hr>
            <ns3:cad>0</ns3:cad>
          </ns3:TrackPointExtension>
        </extensions>
      </trkpt>
      <trkpt lat="29.17892105877399444580078125" lon="82.94840452261269092559814453125">
        <ele>3998</ele>
        <time>2026-08-09T05:41:33.000Z</time>
        <extensions>
          <ns3:TrackPointExtension>
            <ns3:hr>139</ns3:hr>
            <ns3:cad>0</ns3:cad>
          </ns3:TrackPointExtension>
        </extensions>
      </trkpt>
      <trkpt lat="29.17894226498901844024658203125" lon="82.94840770773589611053466796875">
        <ele>3998</ele>
        <time>2026-08-09T05:41:39.000Z</time>
        <extensions>
          <ns3:TrackPointExtension>
            <ns3:hr>139</ns3:hr>
            <ns3:cad>0</ns3:cad>
          </ns3:TrackPointExtension>
        </extensions>
      </trkpt>
      <trkpt lat="29.17895534075796604156494140625" lon="82.9484119825065135955810546875">
        <ele>3998.800048828125</ele>
        <time>2026-08-09T05:41:44.000Z</time>
        <extensions>
          <ns3:TrackPointExtension>
            <ns3:hr>138</ns3:hr>
            <ns3:cad>0</ns3:cad>
          </ns3:TrackPointExtension>
        </extensions>
      </trkpt>
      <trkpt lat="29.1789554245769977569580078125" lon="82.94841223396360874176025390625">
        <ele>3999.199951171875</ele>
        <time>2026-08-09T05:41:46.000Z</time>
        <extensions>
          <ns3:TrackPointExtension>
            <ns3:hr>139</ns3:hr>
            <ns3:cad>0</ns3:cad>
          </ns3:TrackPointExtension>
        </extensions>
      </trkpt>
      <trkpt lat="29.17896472848951816558837890625" lon="82.94842061586678028106689453125">
        <ele>4000.199951171875</ele>
        <time>2026-08-09T05:41:50.000Z</time>
        <extensions>
          <ns3:TrackPointExtension>
            <ns3:hr>139</ns3:hr>
            <ns3:cad>0</ns3:cad>
          </ns3:TrackPointExtension>
        </extensions>
      </trkpt>
      <trkpt lat="29.178989119827747344970703125" lon="82.94843955896794795989990234375">
        <ele>4000.39990234375</ele>
        <time>2026-08-09T05:41:58.000Z</time>
        <extensions>
          <ns3:TrackPointExtension>
            <ns3:hr>138</ns3:hr>
            <ns3:cad>0</ns3:cad>
          </ns3:TrackPointExtension>
        </extensions>
      </trkpt>
      <trkpt lat="29.17900479398667812347412109375" lon="82.9484595917165279388427734375">
        <ele>4001.60009765625</ele>
        <time>2026-08-09T05:42:06.000Z</time>
        <extensions>
          <ns3:TrackPointExtension>
            <ns3:hr>138</ns3:hr>
            <ns3:cad>0</ns3:cad>
          </ns3:TrackPointExtension>
        </extensions>
      </trkpt>
      <trkpt lat="29.17901627719402313232421875" lon="82.94847107492387294769287109375">
        <ele>4001.800048828125</ele>
        <time>2026-08-09T05:42:10.000Z</time>
        <extensions>
          <ns3:TrackPointExtension>
            <ns3:hr>137</ns3:hr>
            <ns3:cad>0</ns3:cad>
          </ns3:TrackPointExtension>
        </extensions>
      </trkpt>
      <trkpt lat="29.17902356944978237152099609375" lon="82.948484905064105987548828125">
        <ele>4002.60009765625</ele>
        <time>2026-08-09T05:42:14.000Z</time>
        <extensions>
          <ns3:TrackPointExtension>
            <ns3:hr>137</ns3:hr>
            <ns3:cad>0</ns3:cad>
          </ns3:TrackPointExtension>
        </extensions>
      </trkpt>
      <trkpt lat="29.1790254972875118255615234375" lon="82.948486916720867156982421875">
        <ele>4002.800048828125</ele>
        <time>2026-08-09T05:42:15.000Z</time>
        <extensions>
          <ns3:TrackPointExtension>
            <ns3:hr>136</ns3:hr>
            <ns3:cad>0</ns3:cad>
          </ns3:TrackPointExtension>
        </extensions>
      </trkpt>
      <trkpt lat="29.17904469184577465057373046875" lon="82.94849622063338756561279296875">
        <ele>4002.800048828125</ele>
        <time>2026-08-09T05:42:20.000Z</time>
        <extensions>
          <ns3:TrackPointExtension>
            <ns3:hr>138</ns3:hr>
            <ns3:cad>0</ns3:cad>
          </ns3:TrackPointExtension>
        </extensions>
      </trkpt>
      <trkpt lat="29.17906128801405429840087890625" lon="82.9485142417252063751220703125">
        <ele>4003</ele>
        <time>2026-08-09T05:42:27.000Z</time>
        <extensions>
          <ns3:TrackPointExtension>
            <ns3:hr>139</ns3:hr>
            <ns3:cad>0</ns3:cad>
          </ns3:TrackPointExtension>
        </extensions>
      </trkpt>
      <trkpt lat="29.17907503433525562286376953125" lon="82.9485276527702808380126953125">
        <ele>4003.800048828125</ele>
        <time>2026-08-09T05:42:31.000Z</time>
        <extensions>
          <ns3:TrackPointExtension>
            <ns3:hr>138</ns3:hr>
            <ns3:cad>0</ns3:cad>
          </ns3:TrackPointExtension>
        </extensions>
      </trkpt>
      <trkpt lat="29.17907838709652423858642578125" lon="82.9485417343676090240478515625">
        <ele>4003.800048828125</ele>
        <time>2026-08-09T05:42:33.000Z</time>
        <extensions>
          <ns3:TrackPointExtension>
            <ns3:hr>136</ns3:hr>
            <ns3:cad>0</ns3:cad>
          </ns3:TrackPointExtension>
        </extensions>
      </trkpt>
      <trkpt lat="29.17908861301839351654052734375" lon="82.94855455867946147918701171875">
        <ele>4004.60009765625</ele>
        <time>2026-08-09T05:42:39.000Z</time>
        <extensions>
          <ns3:TrackPointExtension>
            <ns3:hr>135</ns3:hr>
            <ns3:cad>0</ns3:cad>
          </ns3:TrackPointExtension>
        </extensions>
      </trkpt>
      <trkpt lat="29.17909397743642330169677734375" lon="82.9485631920397281646728515625">
        <ele>4004.800048828125</ele>
        <time>2026-08-09T05:42:43.000Z</time>
        <extensions>
          <ns3:TrackPointExtension>
            <ns3:hr>136</ns3:hr>
            <ns3:cad>0</ns3:cad>
          </ns3:TrackPointExtension>
        </extensions>
      </trkpt>
      <trkpt lat="29.17909397743642330169677734375" lon="82.9485631920397281646728515625">
        <ele>4005.199951171875</ele>
        <time>2026-08-09T05:42:46.000Z</time>
        <extensions>
          <ns3:TrackPointExtension>
            <ns3:hr>135</ns3:hr>
            <ns3:cad>0</ns3:cad>
          </ns3:TrackPointExtension>
        </extensions>
      </trkpt>
      <trkpt lat="29.17910554446280002593994140625" lon="82.94857601635158061981201171875">
        <ele>4005.60009765625</ele>
        <time>2026-08-09T05:42:52.000Z</time>
        <extensions>
          <ns3:TrackPointExtension>
            <ns3:hr>135</ns3:hr>
            <ns3:cad>0</ns3:cad>
          </ns3:TrackPointExtension>
        </extensions>
      </trkpt>
      <trkpt lat="29.17911711148917675018310546875" lon="82.94858255423605442047119140625">
        <ele>4006</ele>
        <time>2026-08-09T05:42:55.000Z</time>
        <extensions>
          <ns3:TrackPointExtension>
            <ns3:hr>135</ns3:hr>
            <ns3:cad>0</ns3:cad>
          </ns3:TrackPointExtension>
        </extensions>
      </trkpt>
      <trkpt lat="29.1791254095733165740966796875" lon="82.94858825393021106719970703125">
        <ele>4006.199951171875</ele>
        <time>2026-08-09T05:42:58.000Z</time>
        <extensions>
          <ns3:TrackPointExtension>
            <ns3:hr>137</ns3:hr>
            <ns3:cad>0</ns3:cad>
          </ns3:TrackPointExtension>
        </extensions>
      </trkpt>
      <trkpt lat="29.17913471348583698272705078125" lon="82.94860535301268100738525390625">
        <ele>4006.39990234375</ele>
        <time>2026-08-09T05:43:04.000Z</time>
        <extensions>
          <ns3:TrackPointExtension>
            <ns3:hr>138</ns3:hr>
            <ns3:cad>0</ns3:cad>
          </ns3:TrackPointExtension>
        </extensions>
      </trkpt>
      <trkpt lat="29.17915365658700466156005859375" lon="82.94863133691251277923583984375">
        <ele>4006.39990234375</ele>
        <time>2026-08-09T05:43:11.000Z</time>
        <extensions>
          <ns3:TrackPointExtension>
            <ns3:hr>137</ns3:hr>
            <ns3:cad>0</ns3:cad>
          </ns3:TrackPointExtension>
        </extensions>
      </trkpt>
      <trkpt lat="29.1791616193950176239013671875" lon="82.948643155395984649658203125">
        <ele>4007</ele>
        <time>2026-08-09T05:43:13.000Z</time>
        <extensions>
          <ns3:TrackPointExtension>
            <ns3:hr>137</ns3:hr>
            <ns3:cad>0</ns3:cad>
          </ns3:TrackPointExtension>
        </extensions>
      </trkpt>
      <trkpt lat="29.17917561717331409454345703125" lon="82.94865296222269535064697265625">
        <ele>4007.60009765625</ele>
        <time>2026-08-09T05:43:17.000Z</time>
        <extensions>
          <ns3:TrackPointExtension>
            <ns3:hr>139</ns3:hr>
            <ns3:cad>0</ns3:cad>
          </ns3:TrackPointExtension>
        </extensions>
      </trkpt>
      <trkpt lat="29.179196655750274658203125" lon="82.9486631043255329132080078125">
        <ele>4007.39990234375</ele>
        <time>2026-08-09T05:43:23.000Z</time>
        <extensions>
          <ns3:TrackPointExtension>
            <ns3:hr>141</ns3:hr>
            <ns3:cad>0</ns3:cad>
          </ns3:TrackPointExtension>
        </extensions>
      </trkpt>
      <trkpt lat="29.17919958941638469696044921875" lon="82.9486669600009918212890625">
        <ele>4008</ele>
        <time>2026-08-09T05:43:26.000Z</time>
        <extensions>
          <ns3:TrackPointExtension>
            <ns3:hr>140</ns3:hr>
            <ns3:cad>0</ns3:cad>
          </ns3:TrackPointExtension>
        </extensions>
      </trkpt>
      <trkpt lat="29.1792062111198902130126953125" lon="82.94867458753287792205810546875">
        <ele>4008.800048828125</ele>
        <time>2026-08-09T05:43:28.000Z</time>
        <extensions>
          <ns3:TrackPointExtension>
            <ns3:hr>139</ns3:hr>
            <ns3:cad>0</ns3:cad>
          </ns3:TrackPointExtension>
        </extensions>
      </trkpt>
      <trkpt lat="29.1792286746203899383544921875" lon="82.94868506491184234619140625">
        <ele>4008.199951171875</ele>
        <time>2026-08-09T05:43:33.000Z</time>
        <extensions>
          <ns3:TrackPointExtension>
            <ns3:hr>136</ns3:hr>
            <ns3:cad>0</ns3:cad>
          </ns3:TrackPointExtension>
        </extensions>
      </trkpt>
      <trkpt lat="29.17923152446746826171875" lon="82.94868615455925464630126953125">
        <ele>4008.39990234375</ele>
        <time>2026-08-09T05:43:35.000Z</time>
        <extensions>
          <ns3:TrackPointExtension>
            <ns3:hr>135</ns3:hr>
            <ns3:cad>0</ns3:cad>
          </ns3:TrackPointExtension>
        </extensions>
      </trkpt>
      <trkpt lat="29.17924962937831878662109375" lon="82.9486939497292041778564453125">
        <ele>4009</ele>
        <time>2026-08-09T05:43:41.000Z</time>
        <extensions>
          <ns3:TrackPointExtension>
            <ns3:hr>135</ns3:hr>
            <ns3:cad>0</ns3:cad>
          </ns3:TrackPointExtension>
        </extensions>
      </trkpt>
      <trkpt lat="29.17925708927214145660400390625" lon="82.94869772158563137054443359375">
        <ele>4009.199951171875</ele>
        <time>2026-08-09T05:43:43.000Z</time>
        <extensions>
          <ns3:TrackPointExtension>
            <ns3:hr>136</ns3:hr>
            <ns3:cad>0</ns3:cad>
          </ns3:TrackPointExtension>
        </extensions>
      </trkpt>
      <trkpt lat="29.179272092878818511962890625" lon="82.9487152397632598876953125">
        <ele>4010</ele>
        <time>2026-08-09T05:43:48.000Z</time>
        <extensions>
          <ns3:TrackPointExtension>
            <ns3:hr>136</ns3:hr>
            <ns3:cad>0</ns3:cad>
          </ns3:TrackPointExtension>
        </extensions>
      </trkpt>
      <trkpt lat="29.1792853362858295440673828125" lon="82.94872605241835117340087890625">
        <ele>4010.199951171875</ele>
        <time>2026-08-09T05:43:50.000Z</time>
        <extensions>
          <ns3:TrackPointExtension>
            <ns3:hr>137</ns3:hr>
            <ns3:cad>0</ns3:cad>
          </ns3:TrackPointExtension>
        </extensions>
      </trkpt>
      <trkpt lat="29.1792891919612884521484375" lon="82.94872906990349292755126953125">
        <ele>4010.39990234375</ele>
        <time>2026-08-09T05:43:54.000Z</time>
        <extensions>
          <ns3:TrackPointExtension>
            <ns3:hr>137</ns3:hr>
            <ns3:cad>0</ns3:cad>
          </ns3:TrackPointExtension>
        </extensions>
      </trkpt>
      <trkpt lat="29.17930729687213897705078125" lon="82.94874005019664764404296875">
        <ele>4011</ele>
        <time>2026-08-09T05:43:59.000Z</time>
        <extensions>
          <ns3:TrackPointExtension>
            <ns3:hr>136</ns3:hr>
            <ns3:cad>0</ns3:cad>
          </ns3:TrackPointExtension>
        </extensions>
      </trkpt>
      <trkpt lat="29.1793255694210529327392578125" lon="82.9487514495849609375">
        <ele>4011.199951171875</ele>
        <time>2026-08-09T05:44:05.000Z</time>
        <extensions>
          <ns3:TrackPointExtension>
            <ns3:hr>136</ns3:hr>
            <ns3:cad>0</ns3:cad>
          </ns3:TrackPointExtension>
        </extensions>
      </trkpt>
      <trkpt lat="29.17934007011353969573974609375" lon="82.94876419007778167724609375">
        <ele>4012.199951171875</ele>
        <time>2026-08-09T05:44:10.000Z</time>
        <extensions>
          <ns3:TrackPointExtension>
            <ns3:hr>137</ns3:hr>
            <ns3:cad>0</ns3:cad>
          </ns3:TrackPointExtension>
        </extensions>
      </trkpt>
      <trkpt lat="29.179343841969966888427734375" lon="82.94876310043036937713623046875">
        <ele>4012.39990234375</ele>
        <time>2026-08-09T05:44:11.000Z</time>
        <extensions>
          <ns3:TrackPointExtension>
            <ns3:hr>137</ns3:hr>
            <ns3:cad>0</ns3:cad>
          </ns3:TrackPointExtension>
        </extensions>
      </trkpt>
      <trkpt lat="29.1793715022504329681396484375" lon="82.9487804509699344635009765625">
        <ele>4012.199951171875</ele>
        <time>2026-08-09T05:44:17.000Z</time>
        <extensions>
          <ns3:TrackPointExtension>
            <ns3:hr>136</ns3:hr>
            <ns3:cad>0</ns3:cad>
          </ns3:TrackPointExtension>
        </extensions>
      </trkpt>
      <trkpt lat="29.1793715022504329681396484375" lon="82.9487804509699344635009765625">
        <ele>4013.39990234375</ele>
        <time>2026-08-09T05:44:23.000Z</time>
        <extensions>
          <ns3:TrackPointExtension>
            <ns3:hr>138</ns3:hr>
            <ns3:cad>0</ns3:cad>
          </ns3:TrackPointExtension>
        </extensions>
      </trkpt>
      <trkpt lat="29.1793715022504329681396484375" lon="82.9487804509699344635009765625">
        <ele>4013.39990234375</ele>
        <time>2026-08-09T05:44:24.000Z</time>
        <extensions>
          <ns3:TrackPointExtension>
            <ns3:hr>138</ns3:hr>
            <ns3:cad>0</ns3:cad>
          </ns3:TrackPointExtension>
        </extensions>
      </trkpt>
      <trkpt lat="29.1793830692768096923828125" lon="82.94878455810248851776123046875">
        <ele>4013.60009765625</ele>
        <time>2026-08-09T05:44:26.000Z</time>
        <extensions>
          <ns3:TrackPointExtension>
            <ns3:hr>142</ns3:hr>
            <ns3:cad>0</ns3:cad>
          </ns3:TrackPointExtension>
        </extensions>
      </trkpt>
      <trkpt lat="29.1793889366090297698974609375" lon="82.94878967106342315673828125">
        <ele>4013.800048828125</ele>
        <time>2026-08-09T05:44:28.000Z</time>
        <extensions>
          <ns3:TrackPointExtension>
            <ns3:hr>145</ns3:hr>
            <ns3:cad>0</ns3:cad>
          </ns3:TrackPointExtension>
        </extensions>
      </trkpt>
      <trkpt lat="29.179395139217376708984375" lon="82.94879059307277202606201171875">
        <ele>4013.800048828125</ele>
        <time>2026-08-09T05:44:29.000Z</time>
        <extensions>
          <ns3:TrackPointExtension>
            <ns3:hr>145</ns3:hr>
            <ns3:cad>0</ns3:cad>
          </ns3:TrackPointExtension>
        </extensions>
      </trkpt>
      <trkpt lat="29.1794261522591114044189453125" lon="82.948804758489131927490234375">
        <ele>4014</ele>
        <time>2026-08-09T05:44:35.000Z</time>
        <extensions>
          <ns3:TrackPointExtension>
            <ns3:hr>146</ns3:hr>
            <ns3:cad>0</ns3:cad>
          </ns3:TrackPointExtension>
        </extensions>
      </trkpt>
      <trkpt lat="29.17943931184709072113037109375" lon="82.94881506823003292083740234375">
        <ele>4014.39990234375</ele>
        <time>2026-08-09T05:44:38.000Z</time>
        <extensions>
          <ns3:TrackPointExtension>
            <ns3:hr>145</ns3:hr>
            <ns3:cad>0</ns3:cad>
          </ns3:TrackPointExtension>
        </extensions>
      </trkpt>
      <trkpt lat="29.1794469393789768218994140625" lon="82.9488171637058258056640625">
        <ele>4014.199951171875</ele>
        <time>2026-08-09T05:44:43.000Z</time>
        <extensions>
          <ns3:TrackPointExtension>
            <ns3:hr>142</ns3:hr>
            <ns3:cad>0</ns3:cad>
          </ns3:TrackPointExtension>
        </extensions>
      </trkpt>
      <trkpt lat="29.17947091162204742431640625" lon="82.9488307423889636993408203125">
        <ele>4015.39990234375</ele>
        <time>2026-08-09T05:44:49.000Z</time>
        <extensions>
          <ns3:TrackPointExtension>
            <ns3:hr>140</ns3:hr>
            <ns3:cad>0</ns3:cad>
          </ns3:TrackPointExtension>
        </extensions>
      </trkpt>
      <trkpt lat="29.1794751025736331939697265625" lon="82.948832251131534576416015625">
        <ele>4015.39990234375</ele>
        <time>2026-08-09T05:44:50.000Z</time>
        <extensions>
          <ns3:TrackPointExtension>
            <ns3:hr>140</ns3:hr>
            <ns3:cad>0</ns3:cad>
          </ns3:TrackPointExtension>
        </extensions>
      </trkpt>
      <trkpt lat="29.17949094437062740325927734375" lon="82.9488384537398815155029296875">
        <ele>4016.199951171875</ele>
        <time>2026-08-09T05:44:56.000Z</time>
        <extensions>
          <ns3:TrackPointExtension>
            <ns3:hr>139</ns3:hr>
            <ns3:cad>0</ns3:cad>
          </ns3:TrackPointExtension>
        </extensions>
      </trkpt>
      <trkpt lat="29.17950234375894069671630859375" lon="82.948848344385623931884765625">
        <ele>4016.39990234375</ele>
        <time>2026-08-09T05:44:58.000Z</time>
        <extensions>
          <ns3:TrackPointExtension>
            <ns3:hr>139</ns3:hr>
            <ns3:cad>0</ns3:cad>
          </ns3:TrackPointExtension>
        </extensions>
      </trkpt>
      <trkpt lat="29.17951139621436595916748046875" lon="82.9488515295088291168212890625">
        <ele>4016.39990234375</ele>
        <time>2026-08-09T05:45:02.000Z</time>
        <extensions>
          <ns3:TrackPointExtension>
            <ns3:hr>139</ns3:hr>
            <ns3:cad>0</ns3:cad>
          </ns3:TrackPointExtension>
        </extensions>
      </trkpt>
      <trkpt lat="29.1795279085636138916015625" lon="82.948866449296474456787109375">
        <ele>4017.199951171875</ele>
        <time>2026-08-09T05:45:08.000Z</time>
        <extensions>
          <ns3:TrackPointExtension>
            <ns3:hr>140</ns3:hr>
            <ns3:cad>0</ns3:cad>
          </ns3:TrackPointExtension>
        </extensions>
      </trkpt>
      <trkpt lat="29.17953335680067539215087890625" lon="82.94887038879096508026123046875">
        <ele>4017.39990234375</ele>
        <time>2026-08-09T05:45:09.000Z</time>
        <extensions>
          <ns3:TrackPointExtension>
            <ns3:hr>140</ns3:hr>
            <ns3:cad>0</ns3:cad>
          </ns3:TrackPointExtension>
        </extensions>
      </trkpt>
      <trkpt lat="29.17954064905643463134765625" lon="82.9488766752183437347412109375">
        <ele>4018.39990234375</ele>
        <time>2026-08-09T05:45:13.000Z</time>
        <extensions>
          <ns3:TrackPointExtension>
            <ns3:hr>138</ns3:hr>
            <ns3:cad>0</ns3:cad>
          </ns3:TrackPointExtension>
        </extensions>
      </trkpt>
      <trkpt lat="29.17954559437930583953857421875" lon="82.94887726195156574249267578125">
        <ele>4018.800048828125</ele>
        <time>2026-08-09T05:45:14.000Z</time>
        <extensions>
          <ns3:TrackPointExtension>
            <ns3:hr>138</ns3:hr>
            <ns3:cad>0</ns3:cad>
          </ns3:TrackPointExtension>
        </extensions>
      </trkpt>
      <trkpt lat="29.179561771452426910400390625" lon="82.94888346455991268157958984375">
        <ele>4018.800048828125</ele>
        <time>2026-08-09T05:45:20.000Z</time>
        <extensions>
          <ns3:TrackPointExtension>
            <ns3:hr>136</ns3:hr>
            <ns3:cad>0</ns3:cad>
          </ns3:TrackPointExtension>
        </extensions>
      </trkpt>
      <trkpt lat="29.17958381585776805877685546875" lon="82.9488971270620822906494140625">
        <ele>4018.60009765625</ele>
        <time>2026-08-09T05:45:26.000Z</time>
        <extensions>
          <ns3:TrackPointExtension>
            <ns3:hr>137</ns3:hr>
            <ns3:cad>0</ns3:cad>
          </ns3:TrackPointExtension>
        </extensions>
      </trkpt>
      <trkpt lat="29.179589264094829559326171875" lon="82.9489029943943023681640625">
        <ele>4019.800048828125</ele>
        <time>2026-08-09T05:45:32.000Z</time>
        <extensions>
          <ns3:TrackPointExtension>
            <ns3:hr>137</ns3:hr>
            <ns3:cad>0</ns3:cad>
          </ns3:TrackPointExtension>
        </extensions>
      </trkpt>
      <trkpt lat="29.179614074528217315673828125" lon="82.948911376297473907470703125">
        <ele>4020.800048828125</ele>
        <time>2026-08-09T05:45:38.000Z</time>
        <extensions>
          <ns3:TrackPointExtension>
            <ns3:hr>136</ns3:hr>
            <ns3:cad>0</ns3:cad>
          </ns3:TrackPointExtension>
        </extensions>
      </trkpt>
      <trkpt lat="29.17962069623172283172607421875" lon="82.9489189200103282928466796875">
        <ele>4021</ele>
        <time>2026-08-09T05:45:40.000Z</time>
        <extensions>
          <ns3:TrackPointExtension>
            <ns3:hr>136</ns3:hr>
            <ns3:cad>0</ns3:cad>
          </ns3:TrackPointExtension>
        </extensions>
      </trkpt>
      <trkpt lat="29.179636873304843902587890625" lon="82.9489222727715969085693359375">
        <ele>4021.39990234375</ele>
        <time>2026-08-09T05:45:47.000Z</time>
        <extensions>
          <ns3:TrackPointExtension>
            <ns3:hr>135</ns3:hr>
            <ns3:cad>0</ns3:cad>
          </ns3:TrackPointExtension>
        </extensions>
      </trkpt>
      <trkpt lat="29.17964969761669635772705078125" lon="82.94892973266541957855224609375">
        <ele>4022</ele>
        <time>2026-08-09T05:45:52.000Z</time>
        <extensions>
          <ns3:TrackPointExtension>
            <ns3:hr>136</ns3:hr>
            <ns3:cad>0</ns3:cad>
          </ns3:TrackPointExtension>
        </extensions>
      </trkpt>
      <trkpt lat="29.179649613797664642333984375" lon="82.9489299841225147247314453125">
        <ele>4022.199951171875</ele>
        <time>2026-08-09T05:45:53.000Z</time>
        <extensions>
          <ns3:TrackPointExtension>
            <ns3:hr>136</ns3:hr>
            <ns3:cad>0</ns3:cad>
          </ns3:TrackPointExtension>
        </extensions>
      </trkpt>
      <trkpt lat="29.17967970483005046844482421875" lon="82.9489467479288578033447265625">
        <ele>4022.60009765625</ele>
        <time>2026-08-09T05:45:59.000Z</time>
        <extensions>
          <ns3:TrackPointExtension>
            <ns3:hr>136</ns3:hr>
            <ns3:cad>0</ns3:cad>
          </ns3:TrackPointExtension>
        </extensions>
      </trkpt>
      <trkpt lat="29.1796819679439067840576171875" lon="82.94894683174788951873779296875">
        <ele>4023.199951171875</ele>
        <time>2026-08-09T05:46:01.000Z</time>
        <extensions>
          <ns3:TrackPointExtension>
            <ns3:hr>136</ns3:hr>
            <ns3:cad>0</ns3:cad>
          </ns3:TrackPointExtension>
        </extensions>
      </trkpt>
      <trkpt lat="29.17968892492353916168212890625" lon="82.9489514417946338653564453125">
        <ele>4024</ele>
        <time>2026-08-09T05:46:05.000Z</time>
        <extensions>
          <ns3:TrackPointExtension>
            <ns3:hr>136</ns3:hr>
            <ns3:cad>0</ns3:cad>
          </ns3:TrackPointExtension>
        </extensions>
      </trkpt>
      <trkpt lat="29.1796926967799663543701171875" lon="82.948961667716503143310546875">
        <ele>4024.199951171875</ele>
        <time>2026-08-09T05:46:11.000Z</time>
        <extensions>
          <ns3:TrackPointExtension>
            <ns3:hr>138</ns3:hr>
            <ns3:cad>0</ns3:cad>
          </ns3:TrackPointExtension>
        </extensions>
      </trkpt>
      <trkpt lat="29.179700575768947601318359375" lon="82.94901221059262752532958984375">
        <ele>4025.199951171875</ele>
        <time>2026-08-09T05:46:18.000Z</time>
        <extensions>
          <ns3:TrackPointExtension>
            <ns3:hr>138</ns3:hr>
            <ns3:cad>0</ns3:cad>
          </ns3:TrackPointExtension>
        </extensions>
      </trkpt>
      <trkpt lat="29.17969982139766216278076171875" lon="82.9490124620497226715087890625">
        <ele>4025.199951171875</ele>
        <time>2026-08-09T05:46:19.000Z</time>
        <extensions>
          <ns3:TrackPointExtension>
            <ns3:hr>137</ns3:hr>
            <ns3:cad>0</ns3:cad>
          </ns3:TrackPointExtension>
        </extensions>
      </trkpt>
      <trkpt lat="29.1796994023025035858154296875" lon="82.9490309022367000579833984375">
        <ele>4026.199951171875</ele>
        <time>2026-08-09T05:46:24.000Z</time>
        <extensions>
          <ns3:TrackPointExtension>
            <ns3:hr>137</ns3:hr>
            <ns3:cad>0</ns3:cad>
          </ns3:TrackPointExtension>
        </extensions>
      </trkpt>
      <trkpt lat="29.1797044314444065093994140625" lon="82.9490634240210056304931640625">
        <ele>4026.199951171875</ele>
        <time>2026-08-09T05:46:30.000Z</time>
        <extensions>
          <ns3:TrackPointExtension>
            <ns3:hr>138</ns3:hr>
            <ns3:cad>0</ns3:cad>
          </ns3:TrackPointExtension>
        </extensions>
      </trkpt>
      <trkpt lat="29.17971440590918064117431640625" lon="82.9490818642079830169677734375">
        <ele>4026.39990234375</ele>
        <time>2026-08-09T05:46:35.000Z</time>
        <extensions>
          <ns3:TrackPointExtension>
            <ns3:hr>138</ns3:hr>
            <ns3:cad>0</ns3:cad>
          </ns3:TrackPointExtension>
        </extensions>
      </trkpt>
      <trkpt lat="29.17972077615559101104736328125" lon="82.94910122640430927276611328125">
        <ele>4026.60009765625</ele>
        <time>2026-08-09T05:46:37.000Z</time>
        <extensions>
          <ns3:TrackPointExtension>
            <ns3:hr>138</ns3:hr>
            <ns3:cad>0</ns3:cad>
          </ns3:TrackPointExtension>
        </extensions>
      </trkpt>
      <trkpt lat="29.17972312308847904205322265625" lon="82.9491256177425384521484375">
        <ele>4027.199951171875</ele>
        <time>2026-08-09T05:46:43.000Z</time>
        <extensions>
          <ns3:TrackPointExtension>
            <ns3:hr>139</ns3:hr>
            <ns3:cad>0</ns3:cad>
          </ns3:TrackPointExtension>
        </extensions>
      </trkpt>
      <trkpt lat="29.17972362600266933441162109375" lon="82.9491269588470458984375">
        <ele>4027.39990234375</ele>
        <time>2026-08-09T05:46:44.000Z</time>
        <extensions>
          <ns3:TrackPointExtension>
            <ns3:hr>139</ns3:hr>
            <ns3:cad>0</ns3:cad>
          </ns3:TrackPointExtension>
        </extensions>
      </trkpt>
      <trkpt lat="29.17972614057362079620361328125" lon="82.94914548285305500030517578125">
        <ele>4027.800048828125</ele>
        <time>2026-08-09T05:46:49.000Z</time>
        <extensions>
          <ns3:TrackPointExtension>
            <ns3:hr>140</ns3:hr>
            <ns3:cad>0</ns3:cad>
          </ns3:TrackPointExtension>
        </extensions>
      </trkpt>
      <trkpt lat="29.17972966097295284271240234375" lon="82.9491780884563922882080078125">
        <ele>4027.60009765625</ele>
        <time>2026-08-09T05:46:54.000Z</time>
        <extensions>
          <ns3:TrackPointExtension>
            <ns3:hr>139</ns3:hr>
            <ns3:cad>0</ns3:cad>
          </ns3:TrackPointExtension>
        </extensions>
      </trkpt>
      <trkpt lat="29.17972664348781108856201171875" lon="82.9492142982780933380126953125">
        <ele>4028.199951171875</ele>
        <time>2026-08-09T05:47:01.000Z</time>
        <extensions>
          <ns3:TrackPointExtension>
            <ns3:hr>138</ns3:hr>
            <ns3:cad>0</ns3:cad>
          </ns3:TrackPointExtension>
        </extensions>
      </trkpt>
      <trkpt lat="29.17972748167812824249267578125" lon="82.94922142289578914642333984375">
        <ele>4028.199951171875</ele>
        <time>2026-08-09T05:47:07.000Z</time>
        <extensions>
          <ns3:TrackPointExtension>
            <ns3:hr>139</ns3:hr>
            <ns3:cad>0</ns3:cad>
          </ns3:TrackPointExtension>
        </extensions>
      </trkpt>
      <trkpt lat="29.1797265596687793731689453125" lon="82.9492501728236675262451171875">
        <ele>4028.60009765625</ele>
        <time>2026-08-09T05:47:11.000Z</time>
        <extensions>
          <ns3:TrackPointExtension>
            <ns3:hr>138</ns3:hr>
            <ns3:cad>0</ns3:cad>
          </ns3:TrackPointExtension>
        </extensions>
      </trkpt>
      <trkpt lat="29.1797282360494136810302734375" lon="82.949258387088775634765625">
        <ele>4028.800048828125</ele>
        <time>2026-08-09T05:47:14.000Z</time>
        <extensions>
          <ns3:TrackPointExtension>
            <ns3:hr>137</ns3:hr>
            <ns3:cad>0</ns3:cad>
          </ns3:TrackPointExtension>
        </extensions>
      </trkpt>
      <trkpt lat="29.17973670177161693572998046875" lon="82.94928194023668766021728515625">
        <ele>4029</ele>
        <time>2026-08-09T05:47:21.000Z</time>
        <extensions>
          <ns3:TrackPointExtension>
            <ns3:hr>137</ns3:hr>
            <ns3:cad>0</ns3:cad>
          </ns3:TrackPointExtension>
        </extensions>
      </trkpt>
      <trkpt lat="29.1797389648854732513427734375" lon="82.94929048977792263031005859375">
        <ele>4029.60009765625</ele>
        <time>2026-08-09T05:47:26.000Z</time>
        <extensions>
          <ns3:TrackPointExtension>
            <ns3:hr>137</ns3:hr>
            <ns3:cad>0</ns3:cad>
          </ns3:TrackPointExtension>
        </extensions>
      </trkpt>
      <trkpt lat="29.17974357493221759796142578125" lon="82.9493014700710773468017578125">
        <ele>4029.800048828125</ele>
        <time>2026-08-09T05:47:29.000Z</time>
        <extensions>
          <ns3:TrackPointExtension>
            <ns3:hr>139</ns3:hr>
            <ns3:cad>0</ns3:cad>
          </ns3:TrackPointExtension>
        </extensions>
      </trkpt>
      <trkpt lat="29.17975229211151599884033203125" lon="82.9493222571909427642822265625">
        <ele>4030.39990234375</ele>
        <time>2026-08-09T05:47:34.000Z</time>
        <extensions>
          <ns3:TrackPointExtension>
            <ns3:hr>138</ns3:hr>
            <ns3:cad>0</ns3:cad>
          </ns3:TrackPointExtension>
        </extensions>
      </trkpt>
      <trkpt lat="29.17975631542503833770751953125" lon="82.9493336565792560577392578125">
        <ele>4030.60009765625</ele>
        <time>2026-08-09T05:47:39.000Z</time>
        <extensions>
          <ns3:TrackPointExtension>
            <ns3:hr>138</ns3:hr>
            <ns3:cad>0</ns3:cad>
          </ns3:TrackPointExtension>
        </extensions>
      </trkpt>
      <trkpt lat="29.1797587461769580841064453125" lon="82.94933843426406383514404296875">
        <ele>4030.60009765625</ele>
        <time>2026-08-09T05:47:41.000Z</time>
        <extensions>
          <ns3:TrackPointExtension>
            <ns3:hr>138</ns3:hr>
            <ns3:cad>0</ns3:cad>
          </ns3:TrackPointExtension>
        </extensions>
      </trkpt>
      <trkpt lat="29.179764278233051300048828125" lon="82.94936056248843669891357421875">
        <ele>4031.800048828125</ele>
        <time>2026-08-09T05:47:46.000Z</time>
        <extensions>
          <ns3:TrackPointExtension>
            <ns3:hr>137</ns3:hr>
            <ns3:cad>0</ns3:cad>
          </ns3:TrackPointExtension>
        </extensions>
      </trkpt>
      <trkpt lat="29.17976268567144870758056640625" lon="82.94936634600162506103515625">
        <ele>4032</ele>
        <time>2026-08-09T05:47:47.000Z</time>
        <extensions>
          <ns3:TrackPointExtension>
            <ns3:hr>137</ns3:hr>
            <ns3:cad>0</ns3:cad>
          </ns3:TrackPointExtension>
        </extensions>
      </trkpt>
      <trkpt lat="29.17978079058229923248291015625" lon="82.94939526356756687164306640625">
        <ele>4032.39990234375</ele>
        <time>2026-08-09T05:47:53.000Z</time>
        <extensions>
          <ns3:TrackPointExtension>
            <ns3:hr>139</ns3:hr>
            <ns3:cad>0</ns3:cad>
          </ns3:TrackPointExtension>
        </extensions>
      </trkpt>
      <trkpt lat="29.17978799901902675628662109375" lon="82.94941906817257404327392578125">
        <ele>4033</ele>
        <time>2026-08-09T05:47:56.000Z</time>
        <extensions>
          <ns3:TrackPointExtension>
            <ns3:hr>139</ns3:hr>
            <ns3:cad>0</ns3:cad>
          </ns3:TrackPointExtension>
        </extensions>
      </trkpt>
      <trkpt lat="29.17978950776159763336181640625" lon="82.94941890053451061248779296875">
        <ele>4033.800048828125</ele>
        <time>2026-08-09T05:47:59.000Z</time>
        <extensions>
          <ns3:TrackPointExtension>
            <ns3:hr>139</ns3:hr>
            <ns3:cad>0</ns3:cad>
          </ns3:TrackPointExtension>
        </extensions>
      </trkpt>
      <trkpt lat="29.17979269288480281829833984375" lon="82.9494298808276653289794921875">
        <ele>4034</ele>
        <time>2026-08-09T05:48:00.000Z</time>
        <extensions>
          <ns3:TrackPointExtension>
            <ns3:hr>139</ns3:hr>
            <ns3:cad>0</ns3:cad>
          </ns3:TrackPointExtension>
        </extensions>
      </trkpt>
      <trkpt lat="29.17979688383638858795166015625" lon="82.94944270513951778411865234375">
        <ele>4034.39990234375</ele>
        <time>2026-08-09T05:48:05.000Z</time>
        <extensions>
          <ns3:TrackPointExtension>
            <ns3:hr>139</ns3:hr>
            <ns3:cad>0</ns3:cad>
          </ns3:TrackPointExtension>
        </extensions>
      </trkpt>
      <trkpt lat="29.17980350553989410400390625" lon="82.94946826994419097900390625">
        <ele>4034.60009765625</ele>
        <time>2026-08-09T05:48:11.000Z</time>
        <extensions>
          <ns3:TrackPointExtension>
            <ns3:hr>138</ns3:hr>
            <ns3:cad>0</ns3:cad>
          </ns3:TrackPointExtension>
        </extensions>
      </trkpt>
      <trkpt lat="29.17980727739632129669189453125" lon="82.949472628533840179443359375">
        <ele>4035.199951171875</ele>
        <time>2026-08-09T05:48:15.000Z</time>
        <extensions>
          <ns3:TrackPointExtension>
            <ns3:hr>137</ns3:hr>
            <ns3:cad>0</ns3:cad>
          </ns3:TrackPointExtension>
        </extensions>
      </trkpt>
      <trkpt lat="29.17981515638530254364013671875" lon="82.94948914088308811187744140625">
        <ele>4035.39990234375</ele>
        <time>2026-08-09T05:48:17.000Z</time>
        <extensions>
          <ns3:TrackPointExtension>
            <ns3:hr>138</ns3:hr>
            <ns3:cad>0</ns3:cad>
          </ns3:TrackPointExtension>
        </extensions>
      </trkpt>
      <trkpt lat="29.17983041144907474517822265625" lon="82.94952099211513996124267578125">
        <ele>4036.199951171875</ele>
        <time>2026-08-09T05:48:24.000Z</time>
        <extensions>
          <ns3:TrackPointExtension>
            <ns3:hr>138</ns3:hr>
            <ns3:cad>0</ns3:cad>
          </ns3:TrackPointExtension>
        </extensions>
      </trkpt>
      <trkpt lat="29.17983326129615306854248046875" lon="82.9495244286954402923583984375">
        <ele>4036.39990234375</ele>
        <time>2026-08-09T05:48:25.000Z</time>
        <extensions>
          <ns3:TrackPointExtension>
            <ns3:hr>138</ns3:hr>
            <ns3:cad>0</ns3:cad>
          </ns3:TrackPointExtension>
        </extensions>
      </trkpt>
      <trkpt lat="29.17984382249414920806884765625" lon="82.9495440423488616943359375">
        <ele>4036.60009765625</ele>
        <time>2026-08-09T05:48:29.000Z</time>
        <extensions>
          <ns3:TrackPointExtension>
            <ns3:hr>138</ns3:hr>
            <ns3:cad>0</ns3:cad>
          </ns3:TrackPointExtension>
        </extensions>
      </trkpt>
      <trkpt lat="29.17986041866242885589599609375" lon="82.9495730437338352203369140625">
        <ele>4036.800048828125</ele>
        <time>2026-08-09T05:48:35.000Z</time>
        <extensions>
          <ns3:TrackPointExtension>
            <ns3:hr>138</ns3:hr>
            <ns3:cad>0</ns3:cad>
          </ns3:TrackPointExtension>
        </extensions>
      </trkpt>
      <trkpt lat="29.1798814572393894195556640625" lon="82.94959927909076213836669921875">
        <ele>4036.800048828125</ele>
        <time>2026-08-09T05:48:40.000Z</time>
        <extensions>
          <ns3:TrackPointExtension>
            <ns3:hr>137</ns3:hr>
            <ns3:cad>0</ns3:cad>
          </ns3:TrackPointExtension>
        </extensions>
      </trkpt>
      <trkpt lat="29.1798878274857997894287109375" lon="82.94960145838558673858642578125">
        <ele>4037.39990234375</ele>
        <time>2026-08-09T05:48:43.000Z</time>
        <extensions>
          <ns3:TrackPointExtension>
            <ns3:hr>137</ns3:hr>
            <ns3:cad>0</ns3:cad>
          </ns3:TrackPointExtension>
        </extensions>
      </trkpt>
      <trkpt lat="29.1798982210457324981689453125" lon="82.9496159590780735015869140625">
        <ele>4038</ele>
        <time>2026-08-09T05:48:46.000Z</time>
        <extensions>
          <ns3:TrackPointExtension>
            <ns3:hr>140</ns3:hr>
            <ns3:cad>0</ns3:cad>
          </ns3:TrackPointExtension>
        </extensions>
      </trkpt>
      <trkpt lat="29.17989981360733509063720703125" lon="82.949622161686420440673828125">
        <ele>4038.60009765625</ele>
        <time>2026-08-09T05:48:48.000Z</time>
        <extensions>
          <ns3:TrackPointExtension>
            <ns3:hr>140</ns3:hr>
            <ns3:cad>0</ns3:cad>
          </ns3:TrackPointExtension>
        </extensions>
      </trkpt>
      <trkpt lat="29.17990274727344512939453125" lon="82.94963465072214603424072265625">
        <ele>4039</ele>
        <time>2026-08-09T05:48:51.000Z</time>
        <extensions>
          <ns3:TrackPointExtension>
            <ns3:hr>141</ns3:hr>
            <ns3:cad>0</ns3:cad>
          </ns3:TrackPointExtension>
        </extensions>
      </trkpt>
      <trkpt lat="29.179917834699153900146484375" lon="82.9496484808623790740966796875">
        <ele>4039.199951171875</ele>
        <time>2026-08-09T05:48:56.000Z</time>
        <extensions>
          <ns3:TrackPointExtension>
            <ns3:hr>140</ns3:hr>
            <ns3:cad>0</ns3:cad>
          </ns3:TrackPointExtension>
        </extensions>
      </trkpt>
      <trkpt lat="29.17994205839931964874267578125" lon="82.949685864150524139404296875">
        <ele>4039.39990234375</ele>
        <time>2026-08-09T05:49:03.000Z</time>
        <extensions>
          <ns3:TrackPointExtension>
            <ns3:hr>138</ns3:hr>
            <ns3:cad>0</ns3:cad>
          </ns3:TrackPointExtension>
        </extensions>
      </trkpt>
      <trkpt lat="29.17994708754122257232666015625" lon="82.94969315640628337860107421875">
        <ele>4039.60009765625</ele>
        <time>2026-08-09T05:49:05.000Z</time>
        <extensions>
          <ns3:TrackPointExtension>
            <ns3:hr>138</ns3:hr>
            <ns3:cad>0</ns3:cad>
          </ns3:TrackPointExtension>
        </extensions>
      </trkpt>
      <trkpt lat="29.1799535416066646575927734375" lon="82.94970740564167499542236328125">
        <ele>4039.60009765625</ele>
        <time>2026-08-09T05:49:09.000Z</time>
        <extensions>
          <ns3:TrackPointExtension>
            <ns3:hr>139</ns3:hr>
            <ns3:cad>0</ns3:cad>
          </ns3:TrackPointExtension>
        </extensions>
      </trkpt>
      <trkpt lat="29.17996108531951904296875" lon="82.94972148723900318145751953125">
        <ele>4039.800048828125</ele>
        <time>2026-08-09T05:49:15.000Z</time>
        <extensions>
          <ns3:TrackPointExtension>
            <ns3:hr>139</ns3:hr>
            <ns3:cad>0</ns3:cad>
          </ns3:TrackPointExtension>
        </extensions>
      </trkpt>
      <trkpt lat="29.1799723170697689056396484375" lon="82.9497457109391689300537109375">
        <ele>4040.60009765625</ele>
        <time>2026-08-09T05:49:22.000Z</time>
        <extensions>
          <ns3:TrackPointExtension>
            <ns3:hr>138</ns3:hr>
            <ns3:cad>0</ns3:cad>
          </ns3:TrackPointExtension>
        </extensions>
      </trkpt>
      <trkpt lat="29.17998480610549449920654296875" lon="82.94977345503866672515869140625">
        <ele>4041.60009765625</ele>
        <time>2026-08-09T05:49:29.000Z</time>
        <extensions>
          <ns3:TrackPointExtension>
            <ns3:hr>137</ns3:hr>
            <ns3:cad>0</ns3:cad>
          </ns3:TrackPointExtension>
        </extensions>
      </trkpt>
      <trkpt lat="29.17998430319130420684814453125" lon="82.94977362267673015594482421875">
        <ele>4041.60009765625</ele>
        <time>2026-08-09T05:49:30.000Z</time>
        <extensions>
          <ns3:TrackPointExtension>
            <ns3:hr>137</ns3:hr>
            <ns3:cad>0</ns3:cad>
          </ns3:TrackPointExtension>
        </extensions>
      </trkpt>
      <trkpt lat="29.17998480610549449920654296875" lon="82.94977345503866672515869140625">
        <ele>4042</ele>
        <time>2026-08-09T05:49:34.000Z</time>
        <extensions>
          <ns3:TrackPointExtension>
            <ns3:hr>136</ns3:hr>
            <ns3:cad>0</ns3:cad>
          </ns3:TrackPointExtension>
        </extensions>
      </trkpt>
      <trkpt lat="29.179987572133541107177734375" lon="82.94980480335652828216552734375">
        <ele>4042</ele>
        <time>2026-08-09T05:49:38.000Z</time>
        <extensions>
          <ns3:TrackPointExtension>
            <ns3:hr>135</ns3:hr>
            <ns3:cad>0</ns3:cad>
          </ns3:TrackPointExtension>
        </extensions>
      </trkpt>
      <trkpt lat="29.1799880750477313995361328125" lon="82.94980513863265514373779296875">
        <ele>4042.800048828125</ele>
        <time>2026-08-09T05:49:41.000Z</time>
        <extensions>
          <ns3:TrackPointExtension>
            <ns3:hr>136</ns3:hr>
            <ns3:cad>0</ns3:cad>
          </ns3:TrackPointExtension>
        </extensions>
      </trkpt>
      <trkpt lat="29.17999821715056896209716796875" lon="82.949826680123805999755859375">
        <ele>4043</ele>
        <time>2026-08-09T05:49:45.000Z</time>
        <extensions>
          <ns3:TrackPointExtension>
            <ns3:hr>137</ns3:hr>
            <ns3:cad>0</ns3:cad>
          </ns3:TrackPointExtension>
        </extensions>
      </trkpt>
      <trkpt lat="29.18001062236726284027099609375" lon="82.94984201900660991668701171875">
        <ele>4043.60009765625</ele>
        <time>2026-08-09T05:49:52.000Z</time>
        <extensions>
          <ns3:TrackPointExtension>
            <ns3:hr>136</ns3:hr>
            <ns3:cad>0</ns3:cad>
          </ns3:TrackPointExtension>
        </extensions>
      </trkpt>
      <trkpt lat="29.18001062236726284027099609375" lon="82.94984201900660991668701171875">
        <ele>4044</ele>
        <time>2026-08-09T05:49:53.000Z</time>
        <extensions>
          <ns3:TrackPointExtension>
            <ns3:hr>136</ns3:hr>
            <ns3:cad>0</ns3:cad>
          </ns3:TrackPointExtension>
        </extensions>
      </trkpt>
      <trkpt lat="29.180015064775943756103515625" lon="82.94984956271946430206298828125">
        <ele>4045.199951171875</ele>
        <time>2026-08-09T05:49:56.000Z</time>
        <extensions>
          <ns3:TrackPointExtension>
            <ns3:hr>136</ns3:hr>
            <ns3:cad>0</ns3:cad>
          </ns3:TrackPointExtension>
        </extensions>
      </trkpt>
      <trkpt lat="29.18001062236726284027099609375" lon="82.94984201900660991668701171875">
        <ele>4044.800048828125</ele>
        <time>2026-08-09T05:49:58.000Z</time>
        <extensions>
          <ns3:TrackPointExtension>
            <ns3:hr>137</ns3:hr>
            <ns3:cad>0</ns3:cad>
          </ns3:TrackPointExtension>
        </extensions>
      </trkpt>
      <trkpt lat="29.180019088089466094970703125" lon="82.94986012391746044158935546875">
        <ele>4044</ele>
        <time>2026-08-09T05:50:01.000Z</time>
        <extensions>
          <ns3:TrackPointExtension>
            <ns3:hr>137</ns3:hr>
            <ns3:cad>0</ns3:cad>
          </ns3:TrackPointExtension>
        </extensions>
      </trkpt>
      <trkpt lat="29.180024452507495880126953125" lon="82.94987328350543975830078125">
        <ele>4044.800048828125</ele>
        <time>2026-08-09T05:50:04.000Z</time>
        <extensions>
          <ns3:TrackPointExtension>
            <ns3:hr>138</ns3:hr>
            <ns3:cad>0</ns3:cad>
          </ns3:TrackPointExtension>
        </extensions>
      </trkpt>
      <trkpt lat="29.18002420105040073394775390625" lon="82.9498737864196300506591796875">
        <ele>4045.199951171875</ele>
        <time>2026-08-09T05:50:06.000Z</time>
        <extensions>
          <ns3:TrackPointExtension>
            <ns3:hr>138</ns3:hr>
            <ns3:cad>0</ns3:cad>
          </ns3:TrackPointExtension>
        </extensions>
      </trkpt>
      <trkpt lat="29.1800294816493988037109375" lon="82.9498878680169582366943359375">
        <ele>4045.60009765625</ele>
        <time>2026-08-09T05:50:12.000Z</time>
        <extensions>
          <ns3:TrackPointExtension>
            <ns3:hr>137</ns3:hr>
            <ns3:cad>0</ns3:cad>
          </ns3:TrackPointExtension>
        </extensions>
      </trkpt>
      <trkpt lat="29.180033169686794281005859375" lon="82.949898429214954376220703125">
        <ele>4046.199951171875</ele>
        <time>2026-08-09T05:50:15.000Z</time>
        <extensions>
          <ns3:TrackPointExtension>
            <ns3:hr>135</ns3:hr>
            <ns3:cad>0</ns3:cad>
          </ns3:TrackPointExtension>
        </extensions>
      </trkpt>
      <trkpt lat="29.18003819882869720458984375" lon="82.94991192407906055450439453125">
        <ele>4047.39990234375</ele>
        <time>2026-08-09T05:50:19.000Z</time>
        <extensions>
          <ns3:TrackPointExtension>
            <ns3:hr>133</ns3:hr>
            <ns3:cad>0</ns3:cad>
          </ns3:TrackPointExtension>
        </extensions>
      </trkpt>
      <trkpt lat="29.18003979139029979705810546875" lon="82.949919216334819793701171875">
        <ele>4047.60009765625</ele>
        <time>2026-08-09T05:50:20.000Z</time>
        <extensions>
          <ns3:TrackPointExtension>
            <ns3:hr>134</ns3:hr>
            <ns3:cad>0</ns3:cad>
          </ns3:TrackPointExtension>
        </extensions>
      </trkpt>
      <trkpt lat="29.18005160987377166748046875" lon="82.94995048083364963531494140625">
        <ele>4047.800048828125</ele>
        <time>2026-08-09T05:50:26.000Z</time>
        <extensions>
          <ns3:TrackPointExtension>
            <ns3:hr>136</ns3:hr>
            <ns3:cad>0</ns3:cad>
          </ns3:TrackPointExtension>
        </extensions>
      </trkpt>
      <trkpt lat="29.18005303479731082916259765625" lon="82.94995886273682117462158203125">
        <ele>4048.60009765625</ele>
        <time>2026-08-09T05:50:31.000Z</time>
        <extensions>
          <ns3:TrackPointExtension>
            <ns3:hr>138</ns3:hr>
            <ns3:cad>0</ns3:cad>
          </ns3:TrackPointExtension>
        </extensions>
      </trkpt>
      <trkpt lat="29.1800544597208499908447265625" lon="82.94998727738857269287109375">
        <ele>4049.60009765625</ele>
        <time>2026-08-09T05:50:37.000Z</time>
        <extensions>
          <ns3:TrackPointExtension>
            <ns3:hr>138</ns3:hr>
            <ns3:cad>0</ns3:cad>
          </ns3:TrackPointExtension>
        </extensions>
      </trkpt>
      <trkpt lat="29.180054627358913421630859375" lon="82.94998719356954097747802734375">
        <ele>4049.60009765625</ele>
        <time>2026-08-09T05:50:38.000Z</time>
        <extensions>
          <ns3:TrackPointExtension>
            <ns3:hr>138</ns3:hr>
            <ns3:cad>0</ns3:cad>
          </ns3:TrackPointExtension>
        </extensions>
      </trkpt>
      <trkpt lat="29.1800604946911334991455078125" lon="82.9500038735568523406982421875">
        <ele>4050.199951171875</ele>
        <time>2026-08-09T05:50:42.000Z</time>
        <extensions>
          <ns3:TrackPointExtension>
            <ns3:hr>139</ns3:hr>
            <ns3:cad>0</ns3:cad>
          </ns3:TrackPointExtension>
        </extensions>
      </trkpt>
      <trkpt lat="29.180062673985958099365234375" lon="82.95002340339124202728271484375">
        <ele>4050</ele>
        <time>2026-08-09T05:50:47.000Z</time>
        <extensions>
          <ns3:TrackPointExtension>
            <ns3:hr>140</ns3:hr>
            <ns3:cad>0</ns3:cad>
          </ns3:TrackPointExtension>
        </extensions>
      </trkpt>
      <trkpt lat="29.18006376363337039947509765625" lon="82.95003614388406276702880859375">
        <ele>4050.800048828125</ele>
        <time>2026-08-09T05:50:51.000Z</time>
        <extensions>
          <ns3:TrackPointExtension>
            <ns3:hr>138</ns3:hr>
            <ns3:cad>0</ns3:cad>
          </ns3:TrackPointExtension>
        </extensions>
      </trkpt>
      <trkpt lat="29.1800665296614170074462890625" lon="82.950043939054012298583984375">
        <ele>4050.800048828125</ele>
        <time>2026-08-09T05:50:52.000Z</time>
        <extensions>
          <ns3:TrackPointExtension>
            <ns3:hr>137</ns3:hr>
            <ns3:cad>0</ns3:cad>
          </ns3:TrackPointExtension>
        </extensions>
      </trkpt>
      <trkpt lat="29.180094189941883087158203125" lon="82.95005793683230876922607421875">
        <ele>4050.800048828125</ele>
        <time>2026-08-09T05:50:57.000Z</time>
        <extensions>
          <ns3:TrackPointExtension>
            <ns3:hr>138</ns3:hr>
            <ns3:cad>0</ns3:cad>
          </ns3:TrackPointExtension>
        </extensions>
      </trkpt>
      <trkpt lat="29.1801349259912967681884765625" lon="82.95006011612713336944580078125">
        <ele>4051.199951171875</ele>
        <time>2026-08-09T05:51:04.000Z</time>
        <extensions>
          <ns3:TrackPointExtension>
            <ns3:hr>137</ns3:hr>
            <ns3:cad>0</ns3:cad>
          </ns3:TrackPointExtension>
        </extensions>
      </trkpt>
      <trkpt lat="29.18017809279263019561767578125" lon="82.950048632919788360595703125">
        <ele>4051.60009765625</ele>
        <time>2026-08-09T05:51:10.000Z</time>
        <extensions>
          <ns3:TrackPointExtension>
            <ns3:hr>138</ns3:hr>
            <ns3:cad>0</ns3:cad>
          </ns3:TrackPointExtension>
        </extensions>
      </trkpt>
      <trkpt lat="29.18019083328545093536376953125" lon="82.95004569925367832183837890625">
        <ele>4051.800048828125</ele>
        <time>2026-08-09T05:51:12.000Z</time>
        <extensions>
          <ns3:TrackPointExtension>
            <ns3:hr>139</ns3:hr>
            <ns3:cad>0</ns3:cad>
          </ns3:TrackPointExtension>
        </extensions>
      </trkpt>
      <trkpt lat="29.180206172168254852294921875" lon="82.95003212057054042816162109375">
        <ele>4051.800048828125</ele>
        <time>2026-08-09T05:51:15.000Z</time>
        <extensions>
          <ns3:TrackPointExtension>
            <ns3:hr>142</ns3:hr>
            <ns3:cad>73</ns3:cad>
          </ns3:TrackPointExtension>
        </extensions>
      </trkpt>
      <trkpt lat="29.18021765537559986114501953125" lon="82.9500322043895721435546875">
        <ele>4051.60009765625</ele>
        <time>2026-08-09T05:51:17.000Z</time>
        <extensions>
          <ns3:TrackPointExtension>
            <ns3:hr>141</ns3:hr>
            <ns3:cad>71</ns3:cad>
          </ns3:TrackPointExtension>
        </extensions>
      </trkpt>
      <trkpt lat="29.1802247799932956695556640625" lon="82.950029186904430389404296875">
        <ele>4051.39990234375</ele>
        <time>2026-08-09T05:51:18.000Z</time>
        <extensions>
          <ns3:TrackPointExtension>
            <ns3:hr>138</ns3:hr>
            <ns3:cad>71</ns3:cad>
          </ns3:TrackPointExtension>
        </extensions>
      </trkpt>
      <trkpt lat="29.1802331618964672088623046875" lon="82.950025834143161773681640625">
        <ele>4051.39990234375</ele>
        <time>2026-08-09T05:51:19.000Z</time>
        <extensions>
          <ns3:TrackPointExtension>
            <ns3:hr>135</ns3:hr>
            <ns3:cad>71</ns3:cad>
          </ns3:TrackPointExtension>
        </extensions>
      </trkpt>
      <trkpt lat="29.18023726902902126312255859375" lon="82.95002105645835399627685546875">
        <ele>4051.39990234375</ele>
        <time>2026-08-09T05:51:20.000Z</time>
        <extensions>
          <ns3:TrackPointExtension>
            <ns3:hr>135</ns3:hr>
            <ns3:cad>71</ns3:cad>
          </ns3:TrackPointExtension>
        </extensions>
      </trkpt>
      <trkpt lat="29.18026492930948734283447265625" lon="82.9500032030045986175537109375">
        <ele>4051.39990234375</ele>
        <time>2026-08-09T05:51:25.000Z</time>
        <extensions>
          <ns3:TrackPointExtension>
            <ns3:hr>135</ns3:hr>
            <ns3:cad>62</ns3:cad>
          </ns3:TrackPointExtension>
        </extensions>
      </trkpt>
      <trkpt lat="29.18028906919062137603759765625" lon="82.9500085674226284027099609375">
        <ele>4051.39990234375</ele>
        <time>2026-08-09T05:51:28.000Z</time>
        <extensions>
          <ns3:TrackPointExtension>
            <ns3:hr>135</ns3:hr>
            <ns3:cad>62</ns3:cad>
          </ns3:TrackPointExtension>
        </extensions>
      </trkpt>
      <trkpt lat="29.18029895983636379241943359375" lon="82.95001284219324588775634765625">
        <ele>4051.199951171875</ele>
        <time>2026-08-09T05:51:31.000Z</time>
        <extensions>
          <ns3:TrackPointExtension>
            <ns3:hr>135</ns3:hr>
            <ns3:cad>61</ns3:cad>
          </ns3:TrackPointExtension>
        </extensions>
      </trkpt>
      <trkpt lat="29.18029971420764923095703125" lon="82.95001275837421417236328125">
        <ele>4050.800048828125</ele>
        <time>2026-08-09T05:51:35.000Z</time>
        <extensions>
          <ns3:TrackPointExtension>
            <ns3:hr>134</ns3:hr>
            <ns3:cad>0</ns3:cad>
          </ns3:TrackPointExtension>
        </extensions>
      </trkpt>
      <trkpt lat="29.18031270615756511688232421875" lon="82.95001518912613391876220703125">
        <ele>4050.800048828125</ele>
        <time>2026-08-09T05:51:37.000Z</time>
        <extensions>
          <ns3:TrackPointExtension>
            <ns3:hr>134</ns3:hr>
            <ns3:cad>0</ns3:cad>
          </ns3:TrackPointExtension>
        </extensions>
      </trkpt>
      <trkpt lat="29.18032645247876644134521484375" lon="82.95001351274549961090087890625">
        <ele>4050.60009765625</ele>
        <time>2026-08-09T05:51:38.000Z</time>
        <extensions>
          <ns3:TrackPointExtension>
            <ns3:hr>134</ns3:hr>
            <ns3:cad>0</ns3:cad>
          </ns3:TrackPointExtension>
        </extensions>
      </trkpt>
      <trkpt lat="29.180353693664073944091796875" lon="82.9499897919595241546630859375">
        <ele>4049.39990234375</ele>
        <time>2026-08-09T05:51:42.000Z</time>
        <extensions>
          <ns3:TrackPointExtension>
            <ns3:hr>133</ns3:hr>
            <ns3:cad>0</ns3:cad>
          </ns3:TrackPointExtension>
        </extensions>
      </trkpt>
      <trkpt lat="29.18038194067776203155517578125" lon="82.94996908865869045257568359375">
        <ele>4048.199951171875</ele>
        <time>2026-08-09T05:51:46.000Z</time>
        <extensions>
          <ns3:TrackPointExtension>
            <ns3:hr>133</ns3:hr>
            <ns3:cad>0</ns3:cad>
          </ns3:TrackPointExtension>
        </extensions>
      </trkpt>
      <trkpt lat="29.180408678948879241943359375" lon="82.94996104203164577484130859375">
        <ele>4048.39990234375</ele>
        <time>2026-08-09T05:51:49.000Z</time>
        <extensions>
          <ns3:TrackPointExtension>
            <ns3:hr>133</ns3:hr>
            <ns3:cad>50</ns3:cad>
          </ns3:TrackPointExtension>
        </extensions>
      </trkpt>
      <trkpt lat="29.1804132051765918731689453125" lon="82.94995182193815708160400390625">
        <ele>4048.60009765625</ele>
        <time>2026-08-09T05:51:50.000Z</time>
        <extensions>
          <ns3:TrackPointExtension>
            <ns3:hr>133</ns3:hr>
            <ns3:cad>71</ns3:cad>
          </ns3:TrackPointExtension>
        </extensions>
      </trkpt>
      <trkpt lat="29.18045100755989551544189453125" lon="82.9499260894954204559326171875">
        <ele>4047.800048828125</ele>
        <time>2026-08-09T05:51:55.000Z</time>
        <extensions>
          <ns3:TrackPointExtension>
            <ns3:hr>132</ns3:hr>
            <ns3:cad>0</ns3:cad>
          </ns3:TrackPointExtension>
        </extensions>
      </trkpt>
      <trkpt lat="29.18047782965004444122314453125" lon="82.949917204678058624267578125">
        <ele>4047</ele>
        <time>2026-08-09T05:51:58.000Z</time>
        <extensions>
          <ns3:TrackPointExtension>
            <ns3:hr>132</ns3:hr>
            <ns3:cad>44</ns3:cad>
          </ns3:TrackPointExtension>
        </extensions>
      </trkpt>
      <trkpt lat="29.180495180189609527587890625" lon="82.949898429214954376220703125">
        <ele>4046.39990234375</ele>
        <time>2026-08-09T05:52:01.000Z</time>
        <extensions>
          <ns3:TrackPointExtension>
            <ns3:hr>131</ns3:hr>
            <ns3:cad>44</ns3:cad>
          </ns3:TrackPointExtension>
        </extensions>
      </trkpt>
      <trkpt lat="29.18051026761531829833984375" lon="82.949891388416290283203125">
        <ele>4046.39990234375</ele>
        <time>2026-08-09T05:52:03.000Z</time>
        <extensions>
          <ns3:TrackPointExtension>
            <ns3:hr>131</ns3:hr>
            <ns3:cad>0</ns3:cad>
          </ns3:TrackPointExtension>
        </extensions>
      </trkpt>
      <trkpt lat="29.18057187460362911224365234375" lon="82.9498462937772274017333984375">
        <ele>4046</ele>
        <time>2026-08-09T05:52:10.000Z</time>
        <extensions>
          <ns3:TrackPointExtension>
            <ns3:hr>130</ns3:hr>
            <ns3:cad>44</ns3:cad>
          </ns3:TrackPointExtension>
        </extensions>
      </trkpt>
      <trkpt lat="29.18057807721197605133056640625" lon="82.9498385824263095855712890625">
        <ele>4046</ele>
        <time>2026-08-09T05:52:11.000Z</time>
        <extensions>
          <ns3:TrackPointExtension>
            <ns3:hr>130</ns3:hr>
            <ns3:cad>44</ns3:cad>
          </ns3:TrackPointExtension>
        </extensions>
      </trkpt>
      <trkpt lat="29.1806200705468654632568359375" lon="82.94980882667005062103271484375">
        <ele>4045.39990234375</ele>
        <time>2026-08-09T05:52:16.000Z</time>
        <extensions>
          <ns3:TrackPointExtension>
            <ns3:hr>130</ns3:hr>
            <ns3:cad>45</ns3:cad>
          </ns3:TrackPointExtension>
        </extensions>
      </trkpt>
      <trkpt lat="29.1806599684059619903564453125" lon="82.94979005120694637298583984375">
        <ele>4044.800048828125</ele>
        <time>2026-08-09T05:52:20.000Z</time>
        <extensions>
          <ns3:TrackPointExtension>
            <ns3:hr>131</ns3:hr>
            <ns3:cad>47</ns3:cad>
          </ns3:TrackPointExtension>
        </extensions>
      </trkpt>
      <trkpt lat="29.18067581020295619964599609375" lon="82.94977513141930103302001953125">
        <ele>4044.39990234375</ele>
        <time>2026-08-09T05:52:22.000Z</time>
        <extensions>
          <ns3:TrackPointExtension>
            <ns3:hr>129</ns3:hr>
            <ns3:cad>51</ns3:cad>
          </ns3:TrackPointExtension>
        </extensions>
      </trkpt>
      <trkpt lat="29.18069860897958278656005859375" lon="82.9497644864022731781005859375">
        <ele>4044.199951171875</ele>
        <time>2026-08-09T05:52:24.000Z</time>
        <extensions>
          <ns3:TrackPointExtension>
            <ns3:hr>126</ns3:hr>
            <ns3:cad>48</ns3:cad>
          </ns3:TrackPointExtension>
        </extensions>
      </trkpt>
      <trkpt lat="29.1807323880493640899658203125" lon="82.94974931515753269195556640625">
        <ele>4043.800048828125</ele>
        <time>2026-08-09T05:52:28.000Z</time>
        <extensions>
          <ns3:TrackPointExtension>
            <ns3:hr>125</ns3:hr>
            <ns3:cad>44</ns3:cad>
          </ns3:TrackPointExtension>
        </extensions>
      </trkpt>
      <trkpt lat="29.18073733337223529815673828125" lon="82.94975132681429386138916015625">
        <ele>4043.60009765625</ele>
        <time>2026-08-09T05:52:29.000Z</time>
        <extensions>
          <ns3:TrackPointExtension>
            <ns3:hr>125</ns3:hr>
            <ns3:cad>44</ns3:cad>
          </ns3:TrackPointExtension>
        </extensions>
      </trkpt>
      <trkpt lat="29.1807350702583789825439453125" lon="82.9497584514319896697998046875">
        <ele>4043.60009765625</ele>
        <time>2026-08-09T05:52:33.000Z</time>
        <extensions>
          <ns3:TrackPointExtension>
            <ns3:hr>123</ns3:hr>
            <ns3:cad>0</ns3:cad>
          </ns3:TrackPointExtension>
        </extensions>
      </trkpt>
      <trkpt lat="29.18073314242064952850341796875" lon="82.949762642383575439453125">
        <ele>4043.800048828125</ele>
        <time>2026-08-09T05:52:35.000Z</time>
        <extensions>
          <ns3:TrackPointExtension>
            <ns3:hr>119</ns3:hr>
            <ns3:cad>0</ns3:cad>
          </ns3:TrackPointExtension>
        </extensions>
      </trkpt>
      <trkpt lat="29.180730544030666351318359375" lon="82.94976004399359226226806640625">
        <ele>4043.39990234375</ele>
        <time>2026-08-09T05:52:40.000Z</time>
        <extensions>
          <ns3:TrackPointExtension>
            <ns3:hr>120</ns3:hr>
            <ns3:cad>0</ns3:cad>
          </ns3:TrackPointExtension>
        </extensions>
      </trkpt>
      <trkpt lat="29.180730544030666351318359375" lon="82.94976004399359226226806640625">
        <ele>4043.39990234375</ele>
        <time>2026-08-09T05:52:42.000Z</time>
        <extensions>
          <ns3:TrackPointExtension>
            <ns3:hr>123</ns3:hr>
            <ns3:cad>0</ns3:cad>
          </ns3:TrackPointExtension>
        </extensions>
      </trkpt>
      <trkpt lat="29.1807375848293304443359375" lon="82.94973850250244140625">
        <ele>4044.199951171875</ele>
        <time>2026-08-09T05:52:49.000Z</time>
        <extensions>
          <ns3:TrackPointExtension>
            <ns3:hr>123</ns3:hr>
            <ns3:cad>0</ns3:cad>
          </ns3:TrackPointExtension>
        </extensions>
      </trkpt>
      <trkpt lat="29.18075242079794406890869140625" lon="82.94971863739192485809326171875">
        <ele>4042.800048828125</ele>
        <time>2026-08-09T05:52:55.000Z</time>
        <extensions>
          <ns3:TrackPointExtension>
            <ns3:hr>123</ns3:hr>
            <ns3:cad>0</ns3:cad>
          </ns3:TrackPointExtension>
        </extensions>
      </trkpt>
      <trkpt lat="29.18078460730612277984619140625" lon="82.94972651638090610504150390625">
        <ele>4042.60009765625</ele>
        <time>2026-08-09T05:52:59.000Z</time>
        <extensions>
          <ns3:TrackPointExtension>
            <ns3:hr>121</ns3:hr>
            <ns3:cad>0</ns3:cad>
          </ns3:TrackPointExtension>
        </extensions>
      </trkpt>
      <trkpt lat="29.18078745715320110321044921875" lon="82.94972970150411128997802734375">
        <ele>4042.199951171875</ele>
        <time>2026-08-09T05:53:00.000Z</time>
        <extensions>
          <ns3:TrackPointExtension>
            <ns3:hr>120</ns3:hr>
            <ns3:cad>0</ns3:cad>
          </ns3:TrackPointExtension>
        </extensions>
      </trkpt>
      <trkpt lat="29.180794246494770050048828125" lon="82.949728108942508697509765625">
        <ele>4041.199951171875</ele>
        <time>2026-08-09T05:53:03.000Z</time>
        <extensions>
          <ns3:TrackPointExtension>
            <ns3:hr>118</ns3:hr>
            <ns3:cad>0</ns3:cad>
          </ns3:TrackPointExtension>
        </extensions>
      </trkpt>
      <trkpt lat="29.18079433031380176544189453125" lon="82.94972768984735012054443359375">
        <ele>4041.199951171875</ele>
        <time>2026-08-09T05:53:06.000Z</time>
        <extensions>
          <ns3:TrackPointExtension>
            <ns3:hr>116</ns3:hr>
            <ns3:cad>0</ns3:cad>
          </ns3:TrackPointExtension>
        </extensions>
      </trkpt>
      <trkpt lat="29.18079433031380176544189453125" lon="82.94972768984735012054443359375">
        <ele>4041.199951171875</ele>
        <time>2026-08-09T05:53:11.000Z</time>
        <extensions>
          <ns3:TrackPointExtension>
            <ns3:hr>119</ns3:hr>
            <ns3:cad>0</ns3:cad>
          </ns3:TrackPointExtension>
        </extensions>
      </trkpt>
      <trkpt lat="29.18079458177089691162109375" lon="82.94971746392548084259033203125">
        <ele>4042.60009765625</ele>
        <time>2026-08-09T05:53:15.000Z</time>
        <extensions>
          <ns3:TrackPointExtension>
            <ns3:hr>119</ns3:hr>
            <ns3:cad>0</ns3:cad>
          </ns3:TrackPointExtension>
        </extensions>
      </trkpt>
      <trkpt lat="29.18079433031380176544189453125" lon="82.94972768984735012054443359375">
        <ele>4043</ele>
        <time>2026-08-09T05:53:16.000Z</time>
        <extensions>
          <ns3:TrackPointExtension>
            <ns3:hr>120</ns3:hr>
            <ns3:cad>0</ns3:cad>
          </ns3:TrackPointExtension>
        </extensions>
      </trkpt>
      <trkpt lat="29.18079433031380176544189453125" lon="82.94972768984735012054443359375">
        <ele>4043.60009765625</ele>
        <time>2026-08-09T05:53:19.000Z</time>
        <extensions>
          <ns3:TrackPointExtension>
            <ns3:hr>120</ns3:hr>
            <ns3:cad>0</ns3:cad>
          </ns3:TrackPointExtension>
        </extensions>
      </trkpt>
      <trkpt lat="29.18079433031380176544189453125" lon="82.94972768984735012054443359375">
        <ele>4044.199951171875</ele>
        <time>2026-08-09T05:53:26.000Z</time>
        <extensions>
          <ns3:TrackPointExtension>
            <ns3:hr>117</ns3:hr>
            <ns3:cad>0</ns3:cad>
          </ns3:TrackPointExtension>
        </extensions>
      </trkpt>
      <trkpt lat="29.18079433031380176544189453125" lon="82.94972768984735012054443359375">
        <ele>4044</ele>
        <time>2026-08-09T05:53:28.000Z</time>
        <extensions>
          <ns3:TrackPointExtension>
            <ns3:hr>114</ns3:hr>
            <ns3:cad>0</ns3:cad>
          </ns3:TrackPointExtension>
        </extensions>
      </trkpt>
      <trkpt lat="29.18079433031380176544189453125" lon="82.94972768984735012054443359375">
        <ele>4043.39990234375</ele>
        <time>2026-08-09T05:53:33.000Z</time>
        <extensions>
          <ns3:TrackPointExtension>
            <ns3:hr>113</ns3:hr>
            <ns3:cad>0</ns3:cad>
          </ns3:TrackPointExtension>
        </extensions>
      </trkpt>
      <trkpt lat="29.18079433031380176544189453125" lon="82.94972768984735012054443359375">
        <ele>4042.60009765625</ele>
        <time>2026-08-09T05:53:40.000Z</time>
        <extensions>
          <ns3:TrackPointExtension>
            <ns3:hr>114</ns3:hr>
            <ns3:cad>0</ns3:cad>
          </ns3:TrackPointExtension>
        </extensions>
      </trkpt>
      <trkpt lat="29.180768094956874847412109375" lon="82.94970338232815265655517578125">
        <ele>4043.199951171875</ele>
        <time>2026-08-09T05:53:44.000Z</time>
        <extensions>
          <ns3:TrackPointExtension>
            <ns3:hr>114</ns3:hr>
            <ns3:cad>0</ns3:cad>
          </ns3:TrackPointExtension>
        </extensions>
      </trkpt>
      <trkpt lat="29.18076373636722564697265625" lon="82.94969382695853710174560546875">
        <ele>4043.60009765625</ele>
        <time>2026-08-09T05:53:45.000Z</time>
        <extensions>
          <ns3:TrackPointExtension>
            <ns3:hr>114</ns3:hr>
            <ns3:cad>0</ns3:cad>
          </ns3:TrackPointExtension>
        </extensions>
      </trkpt>
      <trkpt lat="29.1807682625949382781982421875" lon="82.94969332404434680938720703125">
        <ele>4042.60009765625</ele>
        <time>2026-08-09T05:53:49.000Z</time>
        <extensions>
          <ns3:TrackPointExtension>
            <ns3:hr>114</ns3:hr>
            <ns3:cad>0</ns3:cad>
          </ns3:TrackPointExtension>
        </extensions>
      </trkpt>
      <trkpt lat="29.18076901696622371673583984375" lon="82.94969399459660053253173828125">
        <ele>4042.199951171875</ele>
        <time>2026-08-09T05:53:50.000Z</time>
        <extensions>
          <ns3:TrackPointExtension>
            <ns3:hr>115</ns3:hr>
            <ns3:cad>0</ns3:cad>
          </ns3:TrackPointExtension>
        </extensions>
      </trkpt>
      <trkpt lat="29.18076901696622371673583984375" lon="82.94969399459660053253173828125">
        <ele>4041.39990234375</ele>
        <time>2026-08-09T05:53:52.000Z</time>
        <extensions>
          <ns3:TrackPointExtension>
            <ns3:hr>115</ns3:hr>
            <ns3:cad>0</ns3:cad>
          </ns3:TrackPointExtension>
        </extensions>
      </trkpt>
      <trkpt lat="29.18076767586171627044677734375" lon="82.9497084952890872955322265625">
        <ele>4042.199951171875</ele>
        <time>2026-08-09T05:54:02.000Z</time>
        <extensions>
          <ns3:TrackPointExtension>
            <ns3:hr>115</ns3:hr>
            <ns3:cad>0</ns3:cad>
          </ns3:TrackPointExtension>
        </extensions>
      </trkpt>
      <trkpt lat="29.18076130561530590057373046875" lon="82.9497141949832439422607421875">
        <ele>4042.60009765625</ele>
        <time>2026-08-09T05:54:03.000Z</time>
        <extensions>
          <ns3:TrackPointExtension>
            <ns3:hr>116</ns3:hr>
            <ns3:cad>0</ns3:cad>
          </ns3:TrackPointExtension>
        </extensions>
      </trkpt>
      <trkpt lat="29.18075392954051494598388671875" lon="82.94970891438424587249755859375">
        <ele>4043.39990234375</ele>
        <time>2026-08-09T05:54:07.000Z</time>
        <extensions>
          <ns3:TrackPointExtension>
            <ns3:hr>115</ns3:hr>
            <ns3:cad>0</ns3:cad>
          </ns3:TrackPointExtension>
        </extensions>
      </trkpt>
      <trkpt lat="29.18075392954051494598388671875" lon="82.94970891438424587249755859375">
        <ele>4042</ele>
        <time>2026-08-09T05:54:14.000Z</time>
        <extensions>
          <ns3:TrackPointExtension>
            <ns3:hr>112</ns3:hr>
            <ns3:cad>0</ns3:cad>
          </ns3:TrackPointExtension>
        </extensions>
      </trkpt>
      <trkpt lat="29.18075392954051494598388671875" lon="82.94970891438424587249755859375">
        <ele>4042.39990234375</ele>
        <time>2026-08-09T05:54:18.000Z</time>
        <extensions>
          <ns3:TrackPointExtension>
            <ns3:hr>111</ns3:hr>
            <ns3:cad>0</ns3:cad>
          </ns3:TrackPointExtension>
        </extensions>
      </trkpt>
      <trkpt lat="29.18076775968074798583984375" lon="82.9496934078633785247802734375">
        <ele>4043.199951171875</ele>
        <time>2026-08-09T05:54:24.000Z</time>
        <extensions>
          <ns3:TrackPointExtension>
            <ns3:hr>111</ns3:hr>
            <ns3:cad>0</ns3:cad>
          </ns3:TrackPointExtension>
        </extensions>
      </trkpt>
      <trkpt lat="29.18078091926872730255126953125" lon="82.949693240225315093994140625">
        <ele>4041.800048828125</ele>
        <time>2026-08-09T05:54:30.000Z</time>
        <extensions>
          <ns3:TrackPointExtension>
            <ns3:hr>110</ns3:hr>
            <ns3:cad>0</ns3:cad>
          </ns3:TrackPointExtension>
        </extensions>
      </trkpt>
      <trkpt lat="29.18078091926872730255126953125" lon="82.949693240225315093994140625">
        <ele>4041.60009765625</ele>
        <time>2026-08-09T05:54:32.000Z</time>
        <extensions>
          <ns3:TrackPointExtension>
            <ns3:hr>109</ns3:hr>
            <ns3:cad>0</ns3:cad>
          </ns3:TrackPointExtension>
        </extensions>
      </trkpt>
      <trkpt lat="29.1807732917368412017822265625" lon="82.94969969429075717926025390625">
        <ele>4042.60009765625</ele>
        <time>2026-08-09T05:54:39.000Z</time>
        <extensions>
          <ns3:TrackPointExtension>
            <ns3:hr>110</ns3:hr>
            <ns3:cad>0</ns3:cad>
          </ns3:TrackPointExtension>
        </extensions>
      </trkpt>
      <trkpt lat="29.18076817877590656280517578125" lon="82.94970019720494747161865234375">
        <ele>4042.800048828125</ele>
        <time>2026-08-09T05:54:40.000Z</time>
        <extensions>
          <ns3:TrackPointExtension>
            <ns3:hr>110</ns3:hr>
            <ns3:cad>0</ns3:cad>
          </ns3:TrackPointExtension>
        </extensions>
      </trkpt>
      <trkpt lat="29.18076641857624053955078125" lon="82.9497038014233112335205078125">
        <ele>4043.60009765625</ele>
        <time>2026-08-09T05:54:46.000Z</time>
        <extensions>
          <ns3:TrackPointExtension>
            <ns3:hr>107</ns3:hr>
            <ns3:cad>0</ns3:cad>
          </ns3:TrackPointExtension>
        </extensions>
      </trkpt>
      <trkpt lat="29.18076641857624053955078125" lon="82.9497038014233112335205078125">
        <ele>4043.60009765625</ele>
        <time>2026-08-09T05:54:47.000Z</time>
        <extensions>
          <ns3:TrackPointExtension>
            <ns3:hr>106</ns3:hr>
            <ns3:cad>0</ns3:cad>
          </ns3:TrackPointExtension>
        </extensions>
      </trkpt>
      <trkpt lat="29.1807669214904308319091796875" lon="82.9497054778039455413818359375">
        <ele>4044</ele>
        <time>2026-08-09T05:54:56.000Z</time>
        <extensions>
          <ns3:TrackPointExtension>
            <ns3:hr>106</ns3:hr>
            <ns3:cad>0</ns3:cad>
          </ns3:TrackPointExtension>
        </extensions>
      </trkpt>
      <trkpt lat="29.18076641857624053955078125" lon="82.9497038014233112335205078125">
        <ele>4044.39990234375</ele>
        <time>2026-08-09T05:55:01.000Z</time>
        <extensions>
          <ns3:TrackPointExtension>
            <ns3:hr>110</ns3:hr>
            <ns3:cad>0</ns3:cad>
          </ns3:TrackPointExtension>
        </extensions>
      </trkpt>
      <trkpt lat="29.18076641857624053955078125" lon="82.9497038014233112335205078125">
        <ele>4043.39990234375</ele>
        <time>2026-08-09T05:55:05.000Z</time>
        <extensions>
          <ns3:TrackPointExtension>
            <ns3:hr>112</ns3:hr>
            <ns3:cad>0</ns3:cad>
          </ns3:TrackPointExtension>
        </extensions>
      </trkpt>
      <trkpt lat="29.18076641857624053955078125" lon="82.9497038014233112335205078125">
        <ele>4042.60009765625</ele>
        <time>2026-08-09T05:55:06.000Z</time>
        <extensions>
          <ns3:TrackPointExtension>
            <ns3:hr>113</ns3:hr>
            <ns3:cad>0</ns3:cad>
          </ns3:TrackPointExtension>
        </extensions>
      </trkpt>
      <trkpt lat="29.18076641857624053955078125" lon="82.9497038014233112335205078125">
        <ele>4043.199951171875</ele>
        <time>2026-08-09T05:55:16.000Z</time>
        <extensions>
          <ns3:TrackPointExtension>
            <ns3:hr>114</ns3:hr>
            <ns3:cad>0</ns3:cad>
          </ns3:TrackPointExtension>
        </extensions>
      </trkpt>
      <trkpt lat="29.18076641857624053955078125" lon="82.9497038014233112335205078125">
        <ele>4042.199951171875</ele>
        <time>2026-08-09T05:55:25.000Z</time>
        <extensions>
          <ns3:TrackPointExtension>
            <ns3:hr>112</ns3:hr>
            <ns3:cad>0</ns3:cad>
          </ns3:TrackPointExtension>
        </extensions>
      </trkpt>
      <trkpt lat="29.18076641857624053955078125" lon="82.9497038014233112335205078125">
        <ele>4043.199951171875</ele>
        <time>2026-08-09T05:55:39.000Z</time>
        <extensions>
          <ns3:TrackPointExtension>
            <ns3:hr>115</ns3:hr>
            <ns3:cad>0</ns3:cad>
          </ns3:TrackPointExtension>
        </extensions>
      </trkpt>
      <trkpt lat="29.18076641857624053955078125" lon="82.9497038014233112335205078125">
        <ele>4043.39990234375</ele>
        <time>2026-08-09T05:55:53.000Z</time>
        <extensions>
          <ns3:TrackPointExtension>
            <ns3:hr>112</ns3:hr>
            <ns3:cad>0</ns3:cad>
          </ns3:TrackPointExtension>
        </extensions>
      </trkpt>
      <trkpt lat="29.18076641857624053955078125" lon="82.9497038014233112335205078125">
        <ele>4043.60009765625</ele>
        <time>2026-08-09T05:55:54.000Z</time>
        <extensions>
          <ns3:TrackPointExtension>
            <ns3:hr>113</ns3:hr>
            <ns3:cad>0</ns3:cad>
          </ns3:TrackPointExtension>
        </extensions>
      </trkpt>
      <trkpt lat="29.18076641857624053955078125" lon="82.9497038014233112335205078125">
        <ele>4043.60009765625</ele>
        <time>2026-08-09T05:55:56.000Z</time>
        <extensions>
          <ns3:TrackPointExtension>
            <ns3:hr>116</ns3:hr>
            <ns3:cad>0</ns3:cad>
          </ns3:TrackPointExtension>
        </extensions>
      </trkpt>
      <trkpt lat="29.18076641857624053955078125" lon="82.9497038014233112335205078125">
        <ele>4043.800048828125</ele>
        <time>2026-08-09T05:55:57.000Z</time>
        <extensions>
          <ns3:TrackPointExtension>
            <ns3:hr>116</ns3:hr>
            <ns3:cad>0</ns3:cad>
          </ns3:TrackPointExtension>
        </extensions>
      </trkpt>
      <trkpt lat="29.18076641857624053955078125" lon="82.9497038014233112335205078125">
        <ele>4044</ele>
        <time>2026-08-09T05:56:06.000Z</time>
        <extensions>
          <ns3:TrackPointExtension>
            <ns3:hr>113</ns3:hr>
            <ns3:cad>0</ns3:cad>
          </ns3:TrackPointExtension>
        </extensions>
      </trkpt>
      <trkpt lat="29.18076641857624053955078125" lon="82.9497038014233112335205078125">
        <ele>4044.199951171875</ele>
        <time>2026-08-09T05:56:11.000Z</time>
        <extensions>
          <ns3:TrackPointExtension>
            <ns3:hr>111</ns3:hr>
            <ns3:cad>0</ns3:cad>
          </ns3:TrackPointExtension>
        </extensions>
      </trkpt>
      <trkpt lat="29.18075962923467159271240234375" lon="82.94970430433750152587890625">
        <ele>4043.800048828125</ele>
        <time>2026-08-09T05:56:21.000Z</time>
        <extensions>
          <ns3:TrackPointExtension>
            <ns3:hr>113</ns3:hr>
            <ns3:cad>0</ns3:cad>
          </ns3:TrackPointExtension>
        </extensions>
      </trkpt>
      <trkpt lat="29.18078427202999591827392578125" lon="82.94971411116421222686767578125">
        <ele>4043.39990234375</ele>
        <time>2026-08-09T05:56:26.000Z</time>
        <extensions>
          <ns3:TrackPointExtension>
            <ns3:hr>116</ns3:hr>
            <ns3:cad>0</ns3:cad>
          </ns3:TrackPointExtension>
        </extensions>
      </trkpt>
      <trkpt lat="29.18079298920929431915283203125" lon="82.94972701929509639739990234375">
        <ele>4043.60009765625</ele>
        <time>2026-08-09T05:56:28.000Z</time>
        <extensions>
          <ns3:TrackPointExtension>
            <ns3:hr>117</ns3:hr>
            <ns3:cad>0</ns3:cad>
          </ns3:TrackPointExtension>
        </extensions>
      </trkpt>
      <trkpt lat="29.18079634197056293487548828125" lon="82.9497289471328258514404296875">
        <ele>4044.199951171875</ele>
        <time>2026-08-09T05:56:33.000Z</time>
        <extensions>
          <ns3:TrackPointExtension>
            <ns3:hr>118</ns3:hr>
            <ns3:cad>0</ns3:cad>
          </ns3:TrackPointExtension>
        </extensions>
      </trkpt>
      <trkpt lat="29.18081930838525295257568359375" lon="82.94974009506404399871826171875">
        <ele>4043.800048828125</ele>
        <time>2026-08-09T05:56:40.000Z</time>
        <extensions>
          <ns3:TrackPointExtension>
            <ns3:hr>119</ns3:hr>
            <ns3:cad>0</ns3:cad>
          </ns3:TrackPointExtension>
        </extensions>
      </trkpt>
      <trkpt lat="29.1808413527905941009521484375" lon="82.9497317969799041748046875">
        <ele>4043.39990234375</ele>
        <time>2026-08-09T05:56:46.000Z</time>
        <extensions>
          <ns3:TrackPointExtension>
            <ns3:hr>116</ns3:hr>
            <ns3:cad>0</ns3:cad>
          </ns3:TrackPointExtension>
        </extensions>
      </trkpt>
      <trkpt lat="29.18084244243800640106201171875" lon="82.9497359879314899444580078125">
        <ele>4043.199951171875</ele>
        <time>2026-08-09T05:56:47.000Z</time>
        <extensions>
          <ns3:TrackPointExtension>
            <ns3:hr>116</ns3:hr>
            <ns3:cad>53</ns3:cad>
          </ns3:TrackPointExtension>
        </extensions>
      </trkpt>
      <trkpt lat="29.180840514600276947021484375" lon="82.94974386692047119140625">
        <ele>4043</ele>
        <time>2026-08-09T05:56:52.000Z</time>
        <extensions>
          <ns3:TrackPointExtension>
            <ns3:hr>112</ns3:hr>
            <ns3:cad>0</ns3:cad>
          </ns3:TrackPointExtension>
        </extensions>
      </trkpt>
      <trkpt lat="29.180840514600276947021484375" lon="82.94974386692047119140625">
        <ele>4042.60009765625</ele>
        <time>2026-08-09T05:56:56.000Z</time>
        <extensions>
          <ns3:TrackPointExtension>
            <ns3:hr>110</ns3:hr>
            <ns3:cad>0</ns3:cad>
          </ns3:TrackPointExtension>
        </extensions>
      </trkpt>
      <trkpt lat="29.180840514600276947021484375" lon="82.94974386692047119140625">
        <ele>4043.199951171875</ele>
        <time>2026-08-09T05:57:10.000Z</time>
        <extensions>
          <ns3:TrackPointExtension>
            <ns3:hr>108</ns3:hr>
            <ns3:cad>0</ns3:cad>
          </ns3:TrackPointExtension>
        </extensions>
      </trkpt>
      <trkpt lat="29.180840514600276947021484375" lon="82.94974386692047119140625">
        <ele>4043.60009765625</ele>
        <time>2026-08-09T05:57:16.000Z</time>
        <extensions>
          <ns3:TrackPointExtension>
            <ns3:hr>110</ns3:hr>
            <ns3:cad>0</ns3:cad>
          </ns3:TrackPointExtension>
        </extensions>
      </trkpt>
      <trkpt lat="29.180840514600276947021484375" lon="82.94974386692047119140625">
        <ele>4044.800048828125</ele>
        <time>2026-08-09T05:57:19.000Z</time>
        <extensions>
          <ns3:TrackPointExtension>
            <ns3:hr>110</ns3:hr>
            <ns3:cad>0</ns3:cad>
          </ns3:TrackPointExtension>
        </extensions>
      </trkpt>
      <trkpt lat="29.1808126866817474365234375" lon="82.9497312940657138824462890625">
        <ele>4045.800048828125</ele>
        <time>2026-08-09T05:57:22.000Z</time>
        <extensions>
          <ns3:TrackPointExtension>
            <ns3:hr>111</ns3:hr>
            <ns3:cad>0</ns3:cad>
          </ns3:TrackPointExtension>
        </extensions>
      </trkpt>
      <trkpt lat="29.18080690316855907440185546875" lon="82.9497316293418407440185546875">
        <ele>4046</ele>
        <time>2026-08-09T05:57:23.000Z</time>
        <extensions>
          <ns3:TrackPointExtension>
            <ns3:hr>112</ns3:hr>
            <ns3:cad>0</ns3:cad>
          </ns3:TrackPointExtension>
        </extensions>
      </trkpt>
      <trkpt lat="29.180781506001949310302734375" lon="82.949729450047016143798828125">
        <ele>4047.60009765625</ele>
        <time>2026-08-09T05:57:27.000Z</time>
        <extensions>
          <ns3:TrackPointExtension>
            <ns3:hr>113</ns3:hr>
            <ns3:cad>0</ns3:cad>
          </ns3:TrackPointExtension>
        </extensions>
      </trkpt>
      <trkpt lat="29.1807778179645538330078125" lon="82.9497344791889190673828125">
        <ele>4047.60009765625</ele>
        <time>2026-08-09T05:57:28.000Z</time>
        <extensions>
          <ns3:TrackPointExtension>
            <ns3:hr>113</ns3:hr>
            <ns3:cad>0</ns3:cad>
          </ns3:TrackPointExtension>
        </extensions>
      </trkpt>
      <trkpt lat="29.1807665862143039703369140625" lon="82.94976272620260715484619140625">
        <ele>4048.800048828125</ele>
        <time>2026-08-09T05:57:32.000Z</time>
        <extensions>
          <ns3:TrackPointExtension>
            <ns3:hr>113</ns3:hr>
            <ns3:cad>60</ns3:cad>
          </ns3:TrackPointExtension>
        </extensions>
      </trkpt>
      <trkpt lat="29.18076013214886188507080078125" lon="82.949767671525478363037109375">
        <ele>4049</ele>
        <time>2026-08-09T05:57:33.000Z</time>
        <extensions>
          <ns3:TrackPointExtension>
            <ns3:hr>113</ns3:hr>
            <ns3:cad>43</ns3:cad>
          </ns3:TrackPointExtension>
        </extensions>
      </trkpt>
      <trkpt lat="29.1807347349822521209716796875" lon="82.94977605342864990234375">
        <ele>4048.800048828125</ele>
        <time>2026-08-09T05:57:37.000Z</time>
        <extensions>
          <ns3:TrackPointExtension>
            <ns3:hr>110</ns3:hr>
            <ns3:cad>0</ns3:cad>
          </ns3:TrackPointExtension>
        </extensions>
      </trkpt>
      <trkpt lat="29.1807300411164760589599609375" lon="82.9497849382460117340087890625">
        <ele>4048.199951171875</ele>
        <time>2026-08-09T05:57:39.000Z</time>
        <extensions>
          <ns3:TrackPointExtension>
            <ns3:hr>110</ns3:hr>
            <ns3:cad>40</ns3:cad>
          </ns3:TrackPointExtension>
        </extensions>
      </trkpt>
      <trkpt lat="29.180726520717144012451171875" lon="82.94978611171245574951171875">
        <ele>4047.800048828125</ele>
        <time>2026-08-09T05:57:43.000Z</time>
        <extensions>
          <ns3:TrackPointExtension>
            <ns3:hr>112</ns3:hr>
            <ns3:cad>0</ns3:cad>
          </ns3:TrackPointExtension>
        </extensions>
      </trkpt>
      <trkpt lat="29.18072593398392200469970703125" lon="82.94978653080761432647705078125">
        <ele>4047.60009765625</ele>
        <time>2026-08-09T05:57:44.000Z</time>
        <extensions>
          <ns3:TrackPointExtension>
            <ns3:hr>112</ns3:hr>
            <ns3:cad>0</ns3:cad>
          </ns3:TrackPointExtension>
        </extensions>
      </trkpt>
      <trkpt lat="29.180725179612636566162109375" lon="82.94978703372180461883544921875">
        <ele>4047.199951171875</ele>
        <time>2026-08-09T05:57:47.000Z</time>
        <extensions>
          <ns3:TrackPointExtension>
            <ns3:hr>115</ns3:hr>
            <ns3:cad>0</ns3:cad>
          </ns3:TrackPointExtension>
        </extensions>
      </trkpt>
      <trkpt lat="29.180725179612636566162109375" lon="82.94978703372180461883544921875">
        <ele>4047.39990234375</ele>
        <time>2026-08-09T05:57:50.000Z</time>
        <extensions>
          <ns3:TrackPointExtension>
            <ns3:hr>114</ns3:hr>
            <ns3:cad>0</ns3:cad>
          </ns3:TrackPointExtension>
        </extensions>
      </trkpt>
      <trkpt lat="29.180725179612636566162109375" lon="82.94978703372180461883544921875">
        <ele>4048.199951171875</ele>
        <time>2026-08-09T05:57:54.000Z</time>
        <extensions>
          <ns3:TrackPointExtension>
            <ns3:hr>117</ns3:hr>
            <ns3:cad>0</ns3:cad>
          </ns3:TrackPointExtension>
        </extensions>
      </trkpt>
      <trkpt lat="29.180725179612636566162109375" lon="82.94978703372180461883544921875">
        <ele>4047.60009765625</ele>
        <time>2026-08-09T05:57:56.000Z</time>
        <extensions>
          <ns3:TrackPointExtension>
            <ns3:hr>120</ns3:hr>
            <ns3:cad>0</ns3:cad>
          </ns3:TrackPointExtension>
        </extensions>
      </trkpt>
      <trkpt lat="29.180725179612636566162109375" lon="82.94978703372180461883544921875">
        <ele>4046.60009765625</ele>
        <time>2026-08-09T05:58:01.000Z</time>
        <extensions>
          <ns3:TrackPointExtension>
            <ns3:hr>120</ns3:hr>
            <ns3:cad>0</ns3:cad>
          </ns3:TrackPointExtension>
        </extensions>
      </trkpt>
      <trkpt lat="29.180725179612636566162109375" lon="82.94978703372180461883544921875">
        <ele>4046.60009765625</ele>
        <time>2026-08-09T05:58:02.000Z</time>
        <extensions>
          <ns3:TrackPointExtension>
            <ns3:hr>120</ns3:hr>
            <ns3:cad>0</ns3:cad>
          </ns3:TrackPointExtension>
        </extensions>
      </trkpt>
      <trkpt lat="29.180725179612636566162109375" lon="82.94978703372180461883544921875">
        <ele>4047</ele>
        <time>2026-08-09T05:58:22.000Z</time>
        <extensions>
          <ns3:TrackPointExtension>
            <ns3:hr>118</ns3:hr>
            <ns3:cad>0</ns3:cad>
          </ns3:TrackPointExtension>
        </extensions>
      </trkpt>
      <trkpt lat="29.180725179612636566162109375" lon="82.94978703372180461883544921875">
        <ele>4047.800048828125</ele>
        <time>2026-08-09T05:58:26.000Z</time>
        <extensions>
          <ns3:TrackPointExtension>
            <ns3:hr>116</ns3:hr>
            <ns3:cad>0</ns3:cad>
          </ns3:TrackPointExtension>
        </extensions>
      </trkpt>
      <trkpt lat="29.18072492815554141998291015625" lon="82.94977135956287384033203125">
        <ele>4047.39990234375</ele>
        <time>2026-08-09T05:58:30.000Z</time>
        <extensions>
          <ns3:TrackPointExtension>
            <ns3:hr>119</ns3:hr>
            <ns3:cad>44</ns3:cad>
          </ns3:TrackPointExtension>
        </extensions>
      </trkpt>
      <trkpt lat="29.18072543106973171234130859375" lon="82.949773035943508148193359375">
        <ele>4046.800048828125</ele>
        <time>2026-08-09T05:58:32.000Z</time>
        <extensions>
          <ns3:TrackPointExtension>
            <ns3:hr>119</ns3:hr>
            <ns3:cad>0</ns3:cad>
          </ns3:TrackPointExtension>
        </extensions>
      </trkpt>
      <trkpt lat="29.1807256825268268585205078125" lon="82.94977060519158840179443359375">
        <ele>4046.39990234375</ele>
        <time>2026-08-09T05:58:37.000Z</time>
        <extensions>
          <ns3:TrackPointExtension>
            <ns3:hr>119</ns3:hr>
            <ns3:cad>0</ns3:cad>
          </ns3:TrackPointExtension>
        </extensions>
      </trkpt>
      <trkpt lat="29.1807300411164760589599609375" lon="82.94977605342864990234375">
        <ele>4046</ele>
        <time>2026-08-09T05:58:42.000Z</time>
        <extensions>
          <ns3:TrackPointExtension>
            <ns3:hr>117</ns3:hr>
            <ns3:cad>0</ns3:cad>
          </ns3:TrackPointExtension>
        </extensions>
      </trkpt>
      <trkpt lat="29.1807256825268268585205078125" lon="82.94977060519158840179443359375">
        <ele>4046</ele>
        <time>2026-08-09T05:58:50.000Z</time>
        <extensions>
          <ns3:TrackPointExtension>
            <ns3:hr>119</ns3:hr>
            <ns3:cad>0</ns3:cad>
          </ns3:TrackPointExtension>
        </extensions>
      </trkpt>
      <trkpt lat="29.1807256825268268585205078125" lon="82.94977060519158840179443359375">
        <ele>4045.800048828125</ele>
        <time>2026-08-09T05:58:56.000Z</time>
        <extensions>
          <ns3:TrackPointExtension>
            <ns3:hr>116</ns3:hr>
            <ns3:cad>0</ns3:cad>
          </ns3:TrackPointExtension>
        </extensions>
      </trkpt>
      <trkpt lat="29.1807256825268268585205078125" lon="82.94977060519158840179443359375">
        <ele>4045.60009765625</ele>
        <time>2026-08-09T05:58:57.000Z</time>
        <extensions>
          <ns3:TrackPointExtension>
            <ns3:hr>115</ns3:hr>
            <ns3:cad>0</ns3:cad>
          </ns3:TrackPointExtension>
        </extensions>
      </trkpt>
      <trkpt lat="29.1807256825268268585205078125" lon="82.94977060519158840179443359375">
        <ele>4045.39990234375</ele>
        <time>2026-08-09T05:58:59.000Z</time>
        <extensions>
          <ns3:TrackPointExtension>
            <ns3:hr>115</ns3:hr>
            <ns3:cad>0</ns3:cad>
          </ns3:TrackPointExtension>
        </extensions>
      </trkpt>
      <trkpt lat="29.1807256825268268585205078125" lon="82.94977060519158840179443359375">
        <ele>4045.39990234375</ele>
        <time>2026-08-09T05:59:05.000Z</time>
        <extensions>
          <ns3:TrackPointExtension>
            <ns3:hr>116</ns3:hr>
            <ns3:cad>0</ns3:cad>
          </ns3:TrackPointExtension>
        </extensions>
      </trkpt>
      <trkpt lat="29.1807256825268268585205078125" lon="82.94977060519158840179443359375">
        <ele>4045.800048828125</ele>
        <time>2026-08-09T05:59:16.000Z</time>
        <extensions>
          <ns3:TrackPointExtension>
            <ns3:hr>114</ns3:hr>
            <ns3:cad>0</ns3:cad>
          </ns3:TrackPointExtension>
        </extensions>
      </trkpt>
      <trkpt lat="29.18073012493550777435302734375" lon="82.9497735388576984405517578125">
        <ele>4045.39990234375</ele>
        <time>2026-08-09T05:59:23.000Z</time>
        <extensions>
          <ns3:TrackPointExtension>
            <ns3:hr>114</ns3:hr>
            <ns3:cad>0</ns3:cad>
          </ns3:TrackPointExtension>
        </extensions>
      </trkpt>
      <trkpt lat="29.1807256825268268585205078125" lon="82.94977060519158840179443359375">
        <ele>4045.800048828125</ele>
        <time>2026-08-09T05:59:28.000Z</time>
        <extensions>
          <ns3:TrackPointExtension>
            <ns3:hr>112</ns3:hr>
            <ns3:cad>0</ns3:cad>
          </ns3:TrackPointExtension>
        </extensions>
      </trkpt>
      <trkpt lat="29.1807256825268268585205078125" lon="82.94977060519158840179443359375">
        <ele>4045.199951171875</ele>
        <time>2026-08-09T05:59:37.000Z</time>
        <extensions>
          <ns3:TrackPointExtension>
            <ns3:hr>109</ns3:hr>
            <ns3:cad>0</ns3:cad>
          </ns3:TrackPointExtension>
        </extensions>
      </trkpt>
      <trkpt lat="29.1807256825268268585205078125" lon="82.94977060519158840179443359375">
        <ele>4045.39990234375</ele>
        <time>2026-08-09T05:59:39.000Z</time>
        <extensions>
          <ns3:TrackPointExtension>
            <ns3:hr>104</ns3:hr>
            <ns3:cad>0</ns3:cad>
          </ns3:TrackPointExtension>
        </extensions>
      </trkpt>
      <trkpt lat="29.1807256825268268585205078125" lon="82.94977060519158840179443359375">
        <ele>4045.39990234375</ele>
        <time>2026-08-09T05:59:41.000Z</time>
        <extensions>
          <ns3:TrackPointExtension>
            <ns3:hr>101</ns3:hr>
            <ns3:cad>0</ns3:cad>
          </ns3:TrackPointExtension>
        </extensions>
      </trkpt>
      <trkpt lat="29.1807256825268268585205078125" lon="82.94977060519158840179443359375">
        <ele>4044.800048828125</ele>
        <time>2026-08-09T05:59:52.000Z</time>
        <extensions>
          <ns3:TrackPointExtension>
            <ns3:hr>100</ns3:hr>
            <ns3:cad>0</ns3:cad>
          </ns3:TrackPointExtension>
        </extensions>
      </trkpt>
      <trkpt lat="29.1807256825268268585205078125" lon="82.94977060519158840179443359375">
        <ele>4044.60009765625</ele>
        <time>2026-08-09T05:59:59.000Z</time>
        <extensions>
          <ns3:TrackPointExtension>
            <ns3:hr>100</ns3:hr>
            <ns3:cad>0</ns3:cad>
          </ns3:TrackPointExtension>
        </extensions>
      </trkpt>
      <trkpt lat="29.1807310469448566436767578125" lon="82.94978049583733081817626953125">
        <ele>4045</ele>
        <time>2026-08-09T06:00:04.000Z</time>
        <extensions>
          <ns3:TrackPointExtension>
            <ns3:hr>103</ns3:hr>
            <ns3:cad>0</ns3:cad>
          </ns3:TrackPointExtension>
        </extensions>
      </trkpt>
      <trkpt lat="29.1807300411164760589599609375" lon="82.94977228157222270965576171875">
        <ele>4044.800048828125</ele>
        <time>2026-08-09T06:00:06.000Z</time>
        <extensions>
          <ns3:TrackPointExtension>
            <ns3:hr>106</ns3:hr>
            <ns3:cad>66</ns3:cad>
          </ns3:TrackPointExtension>
        </extensions>
      </trkpt>
      <trkpt lat="29.1807256825268268585205078125" lon="82.94977060519158840179443359375">
        <ele>4044.39990234375</ele>
        <time>2026-08-09T06:00:09.000Z</time>
        <extensions>
          <ns3:TrackPointExtension>
            <ns3:hr>106</ns3:hr>
            <ns3:cad>0</ns3:cad>
          </ns3:TrackPointExtension>
        </extensions>
      </trkpt>
      <trkpt lat="29.1807256825268268585205078125" lon="82.94977060519158840179443359375">
        <ele>4044.39990234375</ele>
        <time>2026-08-09T06:00:10.000Z</time>
        <extensions>
          <ns3:TrackPointExtension>
            <ns3:hr>106</ns3:hr>
            <ns3:cad>0</ns3:cad>
          </ns3:TrackPointExtension>
        </extensions>
      </trkpt>
      <trkpt lat="29.1807256825268268585205078125" lon="82.94977060519158840179443359375">
        <ele>4044</ele>
        <time>2026-08-09T06:00:19.000Z</time>
        <extensions>
          <ns3:TrackPointExtension>
            <ns3:hr>106</ns3:hr>
            <ns3:cad>0</ns3:cad>
          </ns3:TrackPointExtension>
        </extensions>
      </trkpt>
      <trkpt lat="29.18072727508842945098876953125" lon="82.949767671525478363037109375">
        <ele>4044.800048828125</ele>
        <time>2026-08-09T06:00:37.000Z</time>
        <extensions>
          <ns3:TrackPointExtension>
            <ns3:hr>106</ns3:hr>
            <ns3:cad>0</ns3:cad>
          </ns3:TrackPointExtension>
        </extensions>
      </trkpt>
      <trkpt lat="29.1807384230196475982666015625" lon="82.94972768984735012054443359375">
        <ele>4043.199951171875</ele>
        <time>2026-08-09T06:00:43.000Z</time>
        <extensions>
          <ns3:TrackPointExtension>
            <ns3:hr>105</ns3:hr>
            <ns3:cad>0</ns3:cad>
          </ns3:TrackPointExtension>
        </extensions>
      </trkpt>
      <trkpt lat="29.18074035085737705230712890625" lon="82.9497333057224750518798828125">
        <ele>4043.800048828125</ele>
        <time>2026-08-09T06:00:48.000Z</time>
        <extensions>
          <ns3:TrackPointExtension>
            <ns3:hr>104</ns3:hr>
            <ns3:cad>0</ns3:cad>
          </ns3:TrackPointExtension>
        </extensions>
      </trkpt>
      <trkpt lat="29.18073984794318675994873046875" lon="82.949733473360538482666015625">
        <ele>4044.39990234375</ele>
        <time>2026-08-09T06:00:51.000Z</time>
        <extensions>
          <ns3:TrackPointExtension>
            <ns3:hr>105</ns3:hr>
            <ns3:cad>0</ns3:cad>
          </ns3:TrackPointExtension>
        </extensions>
      </trkpt>
      <trkpt lat="29.1807290352880954742431640625" lon="82.94972534291446208953857421875">
        <ele>4045</ele>
        <time>2026-08-09T06:00:53.000Z</time>
        <extensions>
          <ns3:TrackPointExtension>
            <ns3:hr>106</ns3:hr>
            <ns3:cad>0</ns3:cad>
          </ns3:TrackPointExtension>
        </extensions>
      </trkpt>
      <trkpt lat="29.1807400994002819061279296875" lon="82.94973313808441162109375">
        <ele>4045.199951171875</ele>
        <time>2026-08-09T06:00:55.000Z</time>
        <extensions>
          <ns3:TrackPointExtension>
            <ns3:hr>112</ns3:hr>
            <ns3:cad>0</ns3:cad>
          </ns3:TrackPointExtension>
        </extensions>
      </trkpt>
      <trkpt lat="29.1807400994002819061279296875" lon="82.94973313808441162109375">
        <ele>4045.199951171875</ele>
        <time>2026-08-09T06:00:56.000Z</time>
        <extensions>
          <ns3:TrackPointExtension>
            <ns3:hr>112</ns3:hr>
            <ns3:cad>0</ns3:cad>
          </ns3:TrackPointExtension>
        </extensions>
      </trkpt>
      <trkpt lat="29.1807400994002819061279296875" lon="82.94973313808441162109375">
        <ele>4044.60009765625</ele>
        <time>2026-08-09T06:00:59.000Z</time>
        <extensions>
          <ns3:TrackPointExtension>
            <ns3:hr>113</ns3:hr>
            <ns3:cad>0</ns3:cad>
          </ns3:TrackPointExtension>
        </extensions>
      </trkpt>
      <trkpt lat="29.18073062784969806671142578125" lon="82.94975903816521167755126953125">
        <ele>4045</ele>
        <time>2026-08-09T06:01:04.000Z</time>
        <extensions>
          <ns3:TrackPointExtension>
            <ns3:hr>112</ns3:hr>
            <ns3:cad>0</ns3:cad>
          </ns3:TrackPointExtension>
        </extensions>
      </trkpt>
      <trkpt lat="29.18072677217423915863037109375" lon="82.949773706495761871337890625">
        <ele>4045.199951171875</ele>
        <time>2026-08-09T06:01:09.000Z</time>
        <extensions>
          <ns3:TrackPointExtension>
            <ns3:hr>113</ns3:hr>
            <ns3:cad>0</ns3:cad>
          </ns3:TrackPointExtension>
        </extensions>
      </trkpt>
      <trkpt lat="29.180727191269397735595703125" lon="82.94977345503866672515869140625">
        <ele>4045.199951171875</ele>
        <time>2026-08-09T06:01:20.000Z</time>
        <extensions>
          <ns3:TrackPointExtension>
            <ns3:hr>111</ns3:hr>
            <ns3:cad>0</ns3:cad>
          </ns3:TrackPointExtension>
        </extensions>
      </trkpt>
      <trkpt lat="29.180727191269397735595703125" lon="82.94977345503866672515869140625">
        <ele>4045.60009765625</ele>
        <time>2026-08-09T06:01:23.000Z</time>
        <extensions>
          <ns3:TrackPointExtension>
            <ns3:hr>109</ns3:hr>
            <ns3:cad>0</ns3:cad>
          </ns3:TrackPointExtension>
        </extensions>
      </trkpt>
      <trkpt lat="29.180727191269397735595703125" lon="82.94977345503866672515869140625">
        <ele>4045.39990234375</ele>
        <time>2026-08-09T06:01:30.000Z</time>
        <extensions>
          <ns3:TrackPointExtension>
            <ns3:hr>106</ns3:hr>
            <ns3:cad>0</ns3:cad>
          </ns3:TrackPointExtension>
        </extensions>
      </trkpt>
      <trkpt lat="29.180727191269397735595703125" lon="82.94977345503866672515869140625">
        <ele>4045.39990234375</ele>
        <time>2026-08-09T06:01:31.000Z</time>
        <extensions>
          <ns3:TrackPointExtension>
            <ns3:hr>106</ns3:hr>
            <ns3:cad>0</ns3:cad>
          </ns3:TrackPointExtension>
        </extensions>
      </trkpt>
      <trkpt lat="29.180727191269397735595703125" lon="82.94977345503866672515869140625">
        <ele>4046.60009765625</ele>
        <time>2026-08-09T06:01:42.000Z</time>
        <extensions>
          <ns3:TrackPointExtension>
            <ns3:hr>104</ns3:hr>
            <ns3:cad>0</ns3:cad>
          </ns3:TrackPointExtension>
        </extensions>
      </trkpt>
      <trkpt lat="29.180727191269397735595703125" lon="82.94977345503866672515869140625">
        <ele>4046.800048828125</ele>
        <time>2026-08-09T06:01:43.000Z</time>
        <extensions>
          <ns3:TrackPointExtension>
            <ns3:hr>104</ns3:hr>
            <ns3:cad>0</ns3:cad>
          </ns3:TrackPointExtension>
        </extensions>
      </trkpt>
      <trkpt lat="29.18073448352515697479248046875" lon="82.94976859353482723236083984375">
        <ele>4045.39990234375</ele>
        <time>2026-08-09T06:01:47.000Z</time>
        <extensions>
          <ns3:TrackPointExtension>
            <ns3:hr>103</ns3:hr>
            <ns3:cad>0</ns3:cad>
          </ns3:TrackPointExtension>
        </extensions>
      </trkpt>
      <trkpt lat="29.18073817156255245208740234375" lon="82.949774377048015594482421875">
        <ele>4044.60009765625</ele>
        <time>2026-08-09T06:01:49.000Z</time>
        <extensions>
          <ns3:TrackPointExtension>
            <ns3:hr>103</ns3:hr>
            <ns3:cad>0</ns3:cad>
          </ns3:TrackPointExtension>
        </extensions>
      </trkpt>
      <trkpt lat="29.1807380877435207366943359375" lon="82.94976976700127124786376953125">
        <ele>4045.60009765625</ele>
        <time>2026-08-09T06:01:59.000Z</time>
        <extensions>
          <ns3:TrackPointExtension>
            <ns3:hr>103</ns3:hr>
            <ns3:cad>42</ns3:cad>
          </ns3:TrackPointExtension>
        </extensions>
      </trkpt>
      <trkpt lat="29.18074035085737705230712890625" lon="82.94975937344133853912353515625">
        <ele>4045.60009765625</ele>
        <time>2026-08-09T06:02:03.000Z</time>
        <extensions>
          <ns3:TrackPointExtension>
            <ns3:hr>106</ns3:hr>
            <ns3:cad>0</ns3:cad>
          </ns3:TrackPointExtension>
        </extensions>
      </trkpt>
      <trkpt lat="29.1807402670383453369140625" lon="82.94975937344133853912353515625">
        <ele>4045.60009765625</ele>
        <time>2026-08-09T06:02:07.000Z</time>
        <extensions>
          <ns3:TrackPointExtension>
            <ns3:hr>109</ns3:hr>
            <ns3:cad>0</ns3:cad>
          </ns3:TrackPointExtension>
        </extensions>
      </trkpt>
      <trkpt lat="29.1807402670383453369140625" lon="82.94975937344133853912353515625">
        <ele>4045.60009765625</ele>
        <time>2026-08-09T06:02:13.000Z</time>
        <extensions>
          <ns3:TrackPointExtension>
            <ns3:hr>111</ns3:hr>
            <ns3:cad>0</ns3:cad>
          </ns3:TrackPointExtension>
        </extensions>
      </trkpt>
      <trkpt lat="29.1807402670383453369140625" lon="82.94975937344133853912353515625">
        <ele>4045</ele>
        <time>2026-08-09T06:02:26.000Z</time>
        <extensions>
          <ns3:TrackPointExtension>
            <ns3:hr>114</ns3:hr>
            <ns3:cad>0</ns3:cad>
          </ns3:TrackPointExtension>
        </extensions>
      </trkpt>
      <trkpt lat="29.1807273589074611663818359375" lon="82.9497648216784000396728515625">
        <ele>4046</ele>
        <time>2026-08-09T06:02:33.000Z</time>
        <extensions>
          <ns3:TrackPointExtension>
            <ns3:hr>113</ns3:hr>
            <ns3:cad>0</ns3:cad>
          </ns3:TrackPointExtension>
        </extensions>
      </trkpt>
      <trkpt lat="29.1807273589074611663818359375" lon="82.9497648216784000396728515625">
        <ele>4045.39990234375</ele>
        <time>2026-08-09T06:02:38.000Z</time>
        <extensions>
          <ns3:TrackPointExtension>
            <ns3:hr>110</ns3:hr>
            <ns3:cad>0</ns3:cad>
          </ns3:TrackPointExtension>
        </extensions>
      </trkpt>
      <trkpt lat="29.1807273589074611663818359375" lon="82.9497648216784000396728515625">
        <ele>4045</ele>
        <time>2026-08-09T06:02:42.000Z</time>
        <extensions>
          <ns3:TrackPointExtension>
            <ns3:hr>109</ns3:hr>
            <ns3:cad>0</ns3:cad>
          </ns3:TrackPointExtension>
        </extensions>
      </trkpt>
      <trkpt lat="29.1807273589074611663818359375" lon="82.9497648216784000396728515625">
        <ele>4045.199951171875</ele>
        <time>2026-08-09T06:02:49.000Z</time>
        <extensions>
          <ns3:TrackPointExtension>
            <ns3:hr>108</ns3:hr>
            <ns3:cad>0</ns3:cad>
          </ns3:TrackPointExtension>
        </extensions>
      </trkpt>
      <trkpt lat="29.18072643689811229705810546875" lon="82.94977194629609584808349609375">
        <ele>4045.39990234375</ele>
        <time>2026-08-09T06:02:56.000Z</time>
        <extensions>
          <ns3:TrackPointExtension>
            <ns3:hr>108</ns3:hr>
            <ns3:cad>0</ns3:cad>
          </ns3:TrackPointExtension>
        </extensions>
      </trkpt>
      <trkpt lat="29.1807283647358417510986328125" lon="82.9497748799622058868408203125">
        <ele>4045.60009765625</ele>
        <time>2026-08-09T06:03:00.000Z</time>
        <extensions>
          <ns3:TrackPointExtension>
            <ns3:hr>107</ns3:hr>
            <ns3:cad>0</ns3:cad>
          </ns3:TrackPointExtension>
        </extensions>
      </trkpt>
      <trkpt lat="29.1807273589074611663818359375" lon="82.9497648216784000396728515625">
        <ele>4046</ele>
        <time>2026-08-09T06:03:07.000Z</time>
        <extensions>
          <ns3:TrackPointExtension>
            <ns3:hr>108</ns3:hr>
            <ns3:cad>0</ns3:cad>
          </ns3:TrackPointExtension>
        </extensions>
      </trkpt>
      <trkpt lat="29.1807273589074611663818359375" lon="82.9497648216784000396728515625">
        <ele>4046.39990234375</ele>
        <time>2026-08-09T06:03:13.000Z</time>
        <extensions>
          <ns3:TrackPointExtension>
            <ns3:hr>108</ns3:hr>
            <ns3:cad>0</ns3:cad>
          </ns3:TrackPointExtension>
        </extensions>
      </trkpt>
      <trkpt lat="29.1807273589074611663818359375" lon="82.9497648216784000396728515625">
        <ele>4046.60009765625</ele>
        <time>2026-08-09T06:03:17.000Z</time>
        <extensions>
          <ns3:TrackPointExtension>
            <ns3:hr>106</ns3:hr>
            <ns3:cad>0</ns3:cad>
          </ns3:TrackPointExtension>
        </extensions>
      </trkpt>
      <trkpt lat="29.1807273589074611663818359375" lon="82.9497648216784000396728515625">
        <ele>4046</ele>
        <time>2026-08-09T06:03:29.000Z</time>
        <extensions>
          <ns3:TrackPointExtension>
            <ns3:hr>105</ns3:hr>
            <ns3:cad>0</ns3:cad>
          </ns3:TrackPointExtension>
        </extensions>
      </trkpt>
      <trkpt lat="29.1807273589074611663818359375" lon="82.9497648216784000396728515625">
        <ele>4045.800048828125</ele>
        <time>2026-08-09T06:03:33.000Z</time>
        <extensions>
          <ns3:TrackPointExtension>
            <ns3:hr>101</ns3:hr>
            <ns3:cad>0</ns3:cad>
          </ns3:TrackPointExtension>
        </extensions>
      </trkpt>
      <trkpt lat="29.1807273589074611663818359375" lon="82.9497648216784000396728515625">
        <ele>4045.800048828125</ele>
        <time>2026-08-09T06:03:34.000Z</time>
        <extensions>
          <ns3:TrackPointExtension>
            <ns3:hr>96</ns3:hr>
            <ns3:cad>0</ns3:cad>
          </ns3:TrackPointExtension>
        </extensions>
      </trkpt>
      <trkpt lat="29.1807273589074611663818359375" lon="82.9497648216784000396728515625">
        <ele>4045.800048828125</ele>
        <time>2026-08-09T06:03:35.000Z</time>
        <extensions>
          <ns3:TrackPointExtension>
            <ns3:hr>93</ns3:hr>
            <ns3:cad>0</ns3:cad>
          </ns3:TrackPointExtension>
        </extensions>
      </trkpt>
      <trkpt lat="29.1807273589074611663818359375" lon="82.9497648216784000396728515625">
        <ele>4046.60009765625</ele>
        <time>2026-08-09T06:03:44.000Z</time>
        <extensions>
          <ns3:TrackPointExtension>
            <ns3:hr>94</ns3:hr>
            <ns3:cad>0</ns3:cad>
          </ns3:TrackPointExtension>
        </extensions>
      </trkpt>
      <trkpt lat="29.1807273589074611663818359375" lon="82.9497648216784000396728515625">
        <ele>4046.60009765625</ele>
        <time>2026-08-09T06:03:52.000Z</time>
        <extensions>
          <ns3:TrackPointExtension>
            <ns3:hr>94</ns3:hr>
            <ns3:cad>0</ns3:cad>
          </ns3:TrackPointExtension>
        </extensions>
      </trkpt>
      <trkpt lat="29.1807273589074611663818359375" lon="82.9497648216784000396728515625">
        <ele>4046.39990234375</ele>
        <time>2026-08-09T06:03:58.000Z</time>
        <extensions>
          <ns3:TrackPointExtension>
            <ns3:hr>97</ns3:hr>
            <ns3:cad>0</ns3:cad>
          </ns3:TrackPointExtension>
        </extensions>
      </trkpt>
      <trkpt lat="29.1807273589074611663818359375" lon="82.9497648216784000396728515625">
        <ele>4046</ele>
        <time>2026-08-09T06:04:01.000Z</time>
        <extensions>
          <ns3:TrackPointExtension>
            <ns3:hr>98</ns3:hr>
            <ns3:cad>0</ns3:cad>
          </ns3:TrackPointExtension>
        </extensions>
      </trkpt>
      <trkpt lat="29.1807273589074611663818359375" lon="82.9497648216784000396728515625">
        <ele>4045.800048828125</ele>
        <time>2026-08-09T06:04:06.000Z</time>
        <extensions>
          <ns3:TrackPointExtension>
            <ns3:hr>101</ns3:hr>
            <ns3:cad>0</ns3:cad>
          </ns3:TrackPointExtension>
        </extensions>
      </trkpt>
      <trkpt lat="29.1807273589074611663818359375" lon="82.9497648216784000396728515625">
        <ele>4047</ele>
        <time>2026-08-09T06:04:13.000Z</time>
        <extensions>
          <ns3:TrackPointExtension>
            <ns3:hr>102</ns3:hr>
            <ns3:cad>0</ns3:cad>
          </ns3:TrackPointExtension>
        </extensions>
      </trkpt>
      <trkpt lat="29.1807273589074611663818359375" lon="82.9497648216784000396728515625">
        <ele>4046.800048828125</ele>
        <time>2026-08-09T06:04:18.000Z</time>
        <extensions>
          <ns3:TrackPointExtension>
            <ns3:hr>106</ns3:hr>
            <ns3:cad>46</ns3:cad>
          </ns3:TrackPointExtension>
        </extensions>
      </trkpt>
      <trkpt lat="29.180731214582920074462890625" lon="82.94977211393415927886962890625">
        <ele>4046.800048828125</ele>
        <time>2026-08-09T06:04:20.000Z</time>
        <extensions>
          <ns3:TrackPointExtension>
            <ns3:hr>108</ns3:hr>
            <ns3:cad>46</ns3:cad>
          </ns3:TrackPointExtension>
        </extensions>
      </trkpt>
      <trkpt lat="29.18073020875453948974609375" lon="82.9497705213725566864013671875">
        <ele>4046.60009765625</ele>
        <time>2026-08-09T06:04:25.000Z</time>
        <extensions>
          <ns3:TrackPointExtension>
            <ns3:hr>111</ns3:hr>
            <ns3:cad>46</ns3:cad>
          </ns3:TrackPointExtension>
        </extensions>
      </trkpt>
      <trkpt lat="29.18073029257357120513916015625" lon="82.94976859353482723236083984375">
        <ele>4046.60009765625</ele>
        <time>2026-08-09T06:04:26.000Z</time>
        <extensions>
          <ns3:TrackPointExtension>
            <ns3:hr>110</ns3:hr>
            <ns3:cad>0</ns3:cad>
          </ns3:TrackPointExtension>
        </extensions>
      </trkpt>
      <trkpt lat="29.18073096312582492828369140625" lon="82.94977077282965183258056640625">
        <ele>4046.800048828125</ele>
        <time>2026-08-09T06:04:28.000Z</time>
        <extensions>
          <ns3:TrackPointExtension>
            <ns3:hr>107</ns3:hr>
            <ns3:cad>0</ns3:cad>
          </ns3:TrackPointExtension>
        </extensions>
      </trkpt>
      <trkpt lat="29.18072509579360485076904296875" lon="82.949764989316463470458984375">
        <ele>4046.800048828125</ele>
        <time>2026-08-09T06:04:31.000Z</time>
        <extensions>
          <ns3:TrackPointExtension>
            <ns3:hr>105</ns3:hr>
            <ns3:cad>0</ns3:cad>
          </ns3:TrackPointExtension>
        </extensions>
      </trkpt>
      <trkpt lat="29.1807273589074611663818359375" lon="82.9497648216784000396728515625">
        <ele>4046.199951171875</ele>
        <time>2026-08-09T06:04:36.000Z</time>
        <extensions>
          <ns3:TrackPointExtension>
            <ns3:hr>104</ns3:hr>
            <ns3:cad>0</ns3:cad>
          </ns3:TrackPointExtension>
        </extensions>
      </trkpt>
      <trkpt lat="29.18071520514786243438720703125" lon="82.9497778974473476409912109375">
        <ele>4046</ele>
        <time>2026-08-09T06:04:42.000Z</time>
        <extensions>
          <ns3:TrackPointExtension>
            <ns3:hr>105</ns3:hr>
            <ns3:cad>0</ns3:cad>
          </ns3:TrackPointExtension>
        </extensions>
      </trkpt>
      <trkpt lat="29.180716462433338165283203125" lon="82.949773706495761871337890625">
        <ele>4046</ele>
        <time>2026-08-09T06:04:48.000Z</time>
        <extensions>
          <ns3:TrackPointExtension>
            <ns3:hr>108</ns3:hr>
            <ns3:cad>0</ns3:cad>
          </ns3:TrackPointExtension>
        </extensions>
      </trkpt>
      <trkpt lat="29.180716462433338165283203125" lon="82.949773706495761871337890625">
        <ele>4045.60009765625</ele>
        <time>2026-08-09T06:04:51.000Z</time>
        <extensions>
          <ns3:TrackPointExtension>
            <ns3:hr>111</ns3:hr>
            <ns3:cad>0</ns3:cad>
          </ns3:TrackPointExtension>
        </extensions>
      </trkpt>
      <trkpt lat="29.180716462433338165283203125" lon="82.949773706495761871337890625">
        <ele>4045.39990234375</ele>
        <time>2026-08-09T06:04:52.000Z</time>
        <extensions>
          <ns3:TrackPointExtension>
            <ns3:hr>111</ns3:hr>
            <ns3:cad>0</ns3:cad>
          </ns3:TrackPointExtension>
        </extensions>
      </trkpt>
      <trkpt lat="29.1807236708700656890869140625" lon="82.94977496378123760223388671875">
        <ele>4045.39990234375</ele>
        <time>2026-08-09T06:04:59.000Z</time>
        <extensions>
          <ns3:TrackPointExtension>
            <ns3:hr>109</ns3:hr>
            <ns3:cad>0</ns3:cad>
          </ns3:TrackPointExtension>
        </extensions>
      </trkpt>
      <trkpt lat="29.1807260178029537200927734375" lon="82.94977672398090362548828125">
        <ele>4045.199951171875</ele>
        <time>2026-08-09T06:05:03.000Z</time>
        <extensions>
          <ns3:TrackPointExtension>
            <ns3:hr>105</ns3:hr>
            <ns3:cad>0</ns3:cad>
          </ns3:TrackPointExtension>
        </extensions>
      </trkpt>
      <trkpt lat="29.180716462433338165283203125" lon="82.949773706495761871337890625">
        <ele>4045.60009765625</ele>
        <time>2026-08-09T06:05:06.000Z</time>
        <extensions>
          <ns3:TrackPointExtension>
            <ns3:hr>106</ns3:hr>
            <ns3:cad>0</ns3:cad>
          </ns3:TrackPointExtension>
        </extensions>
      </trkpt>
      <trkpt lat="29.1807287000119686126708984375" lon="82.94976976700127124786376953125">
        <ele>4044.800048828125</ele>
        <time>2026-08-09T06:05:20.000Z</time>
        <extensions>
          <ns3:TrackPointExtension>
            <ns3:hr>109</ns3:hr>
            <ns3:cad>0</ns3:cad>
          </ns3:TrackPointExtension>
        </extensions>
      </trkpt>
      <trkpt lat="29.1807287000119686126708984375" lon="82.94976976700127124786376953125">
        <ele>4045</ele>
        <time>2026-08-09T06:05:21.000Z</time>
        <extensions>
          <ns3:TrackPointExtension>
            <ns3:hr>109</ns3:hr>
            <ns3:cad>0</ns3:cad>
          </ns3:TrackPointExtension>
        </extensions>
      </trkpt>
      <trkpt lat="29.1807287000119686126708984375" lon="82.94976976700127124786376953125">
        <ele>4045.39990234375</ele>
        <time>2026-08-09T06:05:24.000Z</time>
        <extensions>
          <ns3:TrackPointExtension>
            <ns3:hr>105</ns3:hr>
            <ns3:cad>0</ns3:cad>
          </ns3:TrackPointExtension>
        </extensions>
      </trkpt>
      <trkpt lat="29.1807307116687297821044921875" lon="82.94976691715419292449951171875">
        <ele>4045.60009765625</ele>
        <time>2026-08-09T06:05:26.000Z</time>
        <extensions>
          <ns3:TrackPointExtension>
            <ns3:hr>103</ns3:hr>
            <ns3:cad>0</ns3:cad>
          </ns3:TrackPointExtension>
        </extensions>
      </trkpt>
      <trkpt lat="29.1807287000119686126708984375" lon="82.94976976700127124786376953125">
        <ele>4046.199951171875</ele>
        <time>2026-08-09T06:05:35.000Z</time>
        <extensions>
          <ns3:TrackPointExtension>
            <ns3:hr>104</ns3:hr>
            <ns3:cad>0</ns3:cad>
          </ns3:TrackPointExtension>
        </extensions>
      </trkpt>
      <trkpt lat="29.1807287000119686126708984375" lon="82.94976976700127124786376953125">
        <ele>4046</ele>
        <time>2026-08-09T06:05:43.000Z</time>
        <extensions>
          <ns3:TrackPointExtension>
            <ns3:hr>102</ns3:hr>
            <ns3:cad>0</ns3:cad>
          </ns3:TrackPointExtension>
        </extensions>
      </trkpt>
      <trkpt lat="29.18073649518191814422607421875" lon="82.9497607983648777008056640625">
        <ele>4046</ele>
        <time>2026-08-09T06:05:49.000Z</time>
        <extensions>
          <ns3:TrackPointExtension>
            <ns3:hr>105</ns3:hr>
            <ns3:cad>66</ns3:cad>
          </ns3:TrackPointExtension>
        </extensions>
      </trkpt>
      <trkpt lat="29.1807270236313343048095703125" lon="82.94976909644901752471923828125">
        <ele>4046</ele>
        <time>2026-08-09T06:05:51.000Z</time>
        <extensions>
          <ns3:TrackPointExtension>
            <ns3:hr>104</ns3:hr>
            <ns3:cad>66</ns3:cad>
          </ns3:TrackPointExtension>
        </extensions>
      </trkpt>
      <trkpt lat="29.18072576634585857391357421875" lon="82.9497715272009372711181640625">
        <ele>4045.60009765625</ele>
        <time>2026-08-09T06:05:55.000Z</time>
        <extensions>
          <ns3:TrackPointExtension>
            <ns3:hr>104</ns3:hr>
            <ns3:cad>66</ns3:cad>
          </ns3:TrackPointExtension>
        </extensions>
      </trkpt>
      <trkpt lat="29.1807307116687297821044921875" lon="82.9497668333351612091064453125">
        <ele>4045.199951171875</ele>
        <time>2026-08-09T06:06:03.000Z</time>
        <extensions>
          <ns3:TrackPointExtension>
            <ns3:hr>104</ns3:hr>
            <ns3:cad>0</ns3:cad>
          </ns3:TrackPointExtension>
        </extensions>
      </trkpt>
      <trkpt lat="29.18072056956589221954345703125" lon="82.94977429322898387908935546875">
        <ele>4044.800048828125</ele>
        <time>2026-08-09T06:06:09.000Z</time>
        <extensions>
          <ns3:TrackPointExtension>
            <ns3:hr>106</ns3:hr>
            <ns3:cad>0</ns3:cad>
          </ns3:TrackPointExtension>
        </extensions>
      </trkpt>
      <trkpt lat="29.1806732118129730224609375" lon="82.9498000256717205047607421875">
        <ele>4045.60009765625</ele>
        <time>2026-08-09T06:06:14.000Z</time>
        <extensions>
          <ns3:TrackPointExtension>
            <ns3:hr>105</ns3:hr>
            <ns3:cad>0</ns3:cad>
          </ns3:TrackPointExtension>
        </extensions>
      </trkpt>
      <trkpt lat="29.18063557706773281097412109375" lon="82.94981695711612701416015625">
        <ele>4046.60009765625</ele>
        <time>2026-08-09T06:06:18.000Z</time>
        <extensions>
          <ns3:TrackPointExtension>
            <ns3:hr>104</ns3:hr>
            <ns3:cad>0</ns3:cad>
          </ns3:TrackPointExtension>
        </extensions>
      </trkpt>
      <trkpt lat="29.18062333948910236358642578125" lon="82.94981905259191989898681640625">
        <ele>4047</ele>
        <time>2026-08-09T06:06:19.000Z</time>
        <extensions>
          <ns3:TrackPointExtension>
            <ns3:hr>104</ns3:hr>
            <ns3:cad>43</ns3:cad>
          </ns3:TrackPointExtension>
        </extensions>
      </trkpt>
      <trkpt lat="29.18060037307441234588623046875" lon="82.949834056198596954345703125">
        <ele>4047.60009765625</ele>
        <time>2026-08-09T06:06:23.000Z</time>
        <extensions>
          <ns3:TrackPointExtension>
            <ns3:hr>107</ns3:hr>
            <ns3:cad>43</ns3:cad>
          </ns3:TrackPointExtension>
        </extensions>
      </trkpt>
      <trkpt lat="29.1805875487625598907470703125" lon="82.94984109699726104736328125">
        <ele>4047.800048828125</ele>
        <time>2026-08-09T06:06:25.000Z</time>
        <extensions>
          <ns3:TrackPointExtension>
            <ns3:hr>108</ns3:hr>
            <ns3:cad>0</ns3:cad>
          </ns3:TrackPointExtension>
        </extensions>
      </trkpt>
      <trkpt lat="29.18055008165538311004638671875" lon="82.9498704336583614349365234375">
        <ele>4048.800048828125</ele>
        <time>2026-08-09T06:06:30.000Z</time>
        <extensions>
          <ns3:TrackPointExtension>
            <ns3:hr>110</ns3:hr>
            <ns3:cad>0</ns3:cad>
          </ns3:TrackPointExtension>
        </extensions>
      </trkpt>
      <trkpt lat="29.18054220266640186309814453125" lon="82.94987864792346954345703125">
        <ele>4048.800048828125</ele>
        <time>2026-08-09T06:06:31.000Z</time>
        <extensions>
          <ns3:TrackPointExtension>
            <ns3:hr>110</ns3:hr>
            <ns3:cad>0</ns3:cad>
          </ns3:TrackPointExtension>
        </extensions>
      </trkpt>
      <trkpt lat="29.18050356209278106689453125" lon="82.94991410337388515472412109375">
        <ele>4049.199951171875</ele>
        <time>2026-08-09T06:06:36.000Z</time>
        <extensions>
          <ns3:TrackPointExtension>
            <ns3:hr>112</ns3:hr>
            <ns3:cad>0</ns3:cad>
          </ns3:TrackPointExtension>
        </extensions>
      </trkpt>
      <trkpt lat="29.18047808110713958740234375" lon="82.94992483220994472503662109375">
        <ele>4049.39990234375</ele>
        <time>2026-08-09T06:06:39.000Z</time>
        <extensions>
          <ns3:TrackPointExtension>
            <ns3:hr>113</ns3:hr>
            <ns3:cad>0</ns3:cad>
          </ns3:TrackPointExtension>
        </extensions>
      </trkpt>
      <trkpt lat="29.18045620433986186981201171875" lon="82.9499317891895771026611328125">
        <ele>4049.800048828125</ele>
        <time>2026-08-09T06:06:42.000Z</time>
        <extensions>
          <ns3:TrackPointExtension>
            <ns3:hr>115</ns3:hr>
            <ns3:cad>0</ns3:cad>
          </ns3:TrackPointExtension>
        </extensions>
      </trkpt>
      <trkpt lat="29.180395603179931640625" lon="82.94997386634349822998046875">
        <ele>4049.800048828125</ele>
        <time>2026-08-09T06:06:50.000Z</time>
        <extensions>
          <ns3:TrackPointExtension>
            <ns3:hr>115</ns3:hr>
            <ns3:cad>0</ns3:cad>
          </ns3:TrackPointExtension>
        </extensions>
      </trkpt>
      <trkpt lat="29.1803726367652416229248046875" lon="82.94999607838690280914306640625">
        <ele>4050.60009765625</ele>
        <time>2026-08-09T06:06:55.000Z</time>
        <extensions>
          <ns3:TrackPointExtension>
            <ns3:hr>114</ns3:hr>
            <ns3:cad>0</ns3:cad>
          </ns3:TrackPointExtension>
        </extensions>
      </trkpt>
      <trkpt lat="29.1803652606904506683349609375" lon="82.94999943114817142486572265625">
        <ele>4050.800048828125</ele>
        <time>2026-08-09T06:06:56.000Z</time>
        <extensions>
          <ns3:TrackPointExtension>
            <ns3:hr>115</ns3:hr>
            <ns3:cad>0</ns3:cad>
          </ns3:TrackPointExtension>
        </extensions>
      </trkpt>
      <trkpt lat="29.18034824542701244354248046875" lon="82.9500015266239643096923828125">
        <ele>4051</ele>
        <time>2026-08-09T06:06:59.000Z</time>
        <extensions>
          <ns3:TrackPointExtension>
            <ns3:hr>115</ns3:hr>
            <ns3:cad>0</ns3:cad>
          </ns3:TrackPointExtension>
        </extensions>
      </trkpt>
      <trkpt lat="29.18034137226641178131103515625" lon="82.9500067234039306640625">
        <ele>4051</ele>
        <time>2026-08-09T06:07:00.000Z</time>
        <extensions>
          <ns3:TrackPointExtension>
            <ns3:hr>116</ns3:hr>
            <ns3:cad>0</ns3:cad>
          </ns3:TrackPointExtension>
        </extensions>
      </trkpt>
      <trkpt lat="29.1803250275552272796630859375" lon="82.95001502148807048797607421875">
        <ele>4051</ele>
        <time>2026-08-09T06:07:03.000Z</time>
        <extensions>
          <ns3:TrackPointExtension>
            <ns3:hr>117</ns3:hr>
            <ns3:cad>0</ns3:cad>
          </ns3:TrackPointExtension>
        </extensions>
      </trkpt>
      <trkpt lat="29.18032142333686351776123046875" lon="82.950019799172878265380859375">
        <ele>4050.800048828125</ele>
        <time>2026-08-09T06:07:05.000Z</time>
        <extensions>
          <ns3:TrackPointExtension>
            <ns3:hr>119</ns3:hr>
            <ns3:cad>0</ns3:cad>
          </ns3:TrackPointExtension>
        </extensions>
      </trkpt>
      <trkpt lat="29.18028940446674823760986328125" lon="82.95003379695117473602294921875">
        <ele>4051.800048828125</ele>
        <time>2026-08-09T06:07:10.000Z</time>
        <extensions>
          <ns3:TrackPointExtension>
            <ns3:hr>119</ns3:hr>
            <ns3:cad>0</ns3:cad>
          </ns3:TrackPointExtension>
        </extensions>
      </trkpt>
      <trkpt lat="29.18027934618294239044189453125" lon="82.9500357247889041900634765625">
        <ele>4051.800048828125</ele>
        <time>2026-08-09T06:07:12.000Z</time>
        <extensions>
          <ns3:TrackPointExtension>
            <ns3:hr>119</ns3:hr>
            <ns3:cad>0</ns3:cad>
          </ns3:TrackPointExtension>
        </extensions>
      </trkpt>
      <trkpt lat="29.180268533527851104736328125" lon="82.9500340484082698822021484375">
        <ele>4052</ele>
        <time>2026-08-09T06:07:13.000Z</time>
        <extensions>
          <ns3:TrackPointExtension>
            <ns3:hr>119</ns3:hr>
            <ns3:cad>0</ns3:cad>
          </ns3:TrackPointExtension>
        </extensions>
      </trkpt>
      <trkpt lat="29.18026006780564785003662109375" lon="82.95003916136920452117919921875">
        <ele>4052.199951171875</ele>
        <time>2026-08-09T06:07:17.000Z</time>
        <extensions>
          <ns3:TrackPointExtension>
            <ns3:hr>123</ns3:hr>
            <ns3:cad>0</ns3:cad>
          </ns3:TrackPointExtension>
        </extensions>
      </trkpt>
      <trkpt lat="29.18026006780564785003662109375" lon="82.95003916136920452117919921875">
        <ele>4052</ele>
        <time>2026-08-09T06:07:18.000Z</time>
        <extensions>
          <ns3:TrackPointExtension>
            <ns3:hr>123</ns3:hr>
            <ns3:cad>0</ns3:cad>
          </ns3:TrackPointExtension>
        </extensions>
      </trkpt>
      <trkpt lat="29.18026006780564785003662109375" lon="82.95003916136920452117919921875">
        <ele>4052</ele>
        <time>2026-08-09T06:07:21.000Z</time>
        <extensions>
          <ns3:TrackPointExtension>
            <ns3:hr>126</ns3:hr>
            <ns3:cad>0</ns3:cad>
          </ns3:TrackPointExtension>
        </extensions>
      </trkpt>
      <trkpt lat="29.18026006780564785003662109375" lon="82.95003916136920452117919921875">
        <ele>4052</ele>
        <time>2026-08-09T06:07:27.000Z</time>
        <extensions>
          <ns3:TrackPointExtension>
            <ns3:hr>129</ns3:hr>
            <ns3:cad>0</ns3:cad>
          </ns3:TrackPointExtension>
        </extensions>
      </trkpt>
      <trkpt lat="29.18025084771215915679931640625" lon="82.95003765262663364410400390625">
        <ele>4052.199951171875</ele>
        <time>2026-08-09T06:07:29.000Z</time>
        <extensions>
          <ns3:TrackPointExtension>
            <ns3:hr>130</ns3:hr>
            <ns3:cad>0</ns3:cad>
          </ns3:TrackPointExtension>
        </extensions>
      </trkpt>
      <trkpt lat="29.18026006780564785003662109375" lon="82.95003916136920452117919921875">
        <ele>4051.800048828125</ele>
        <time>2026-08-09T06:07:33.000Z</time>
        <extensions>
          <ns3:TrackPointExtension>
            <ns3:hr>133</ns3:hr>
            <ns3:cad>0</ns3:cad>
          </ns3:TrackPointExtension>
        </extensions>
      </trkpt>
      <trkpt lat="29.18024933896958827972412109375" lon="82.95003564096987247467041015625">
        <ele>4052</ele>
        <time>2026-08-09T06:07:37.000Z</time>
        <extensions>
          <ns3:TrackPointExtension>
            <ns3:hr>131</ns3:hr>
            <ns3:cad>0</ns3:cad>
          </ns3:TrackPointExtension>
        </extensions>
      </trkpt>
      <trkpt lat="29.18022067286074161529541015625" lon="82.95003555715084075927734375">
        <ele>4050.800048828125</ele>
        <time>2026-08-09T06:07:42.000Z</time>
        <extensions>
          <ns3:TrackPointExtension>
            <ns3:hr>128</ns3:hr>
            <ns3:cad>0</ns3:cad>
          </ns3:TrackPointExtension>
        </extensions>
      </trkpt>
      <trkpt lat="29.18020709417760372161865234375" lon="82.9500410892069339752197265625">
        <ele>4050.60009765625</ele>
        <time>2026-08-09T06:07:44.000Z</time>
        <extensions>
          <ns3:TrackPointExtension>
            <ns3:hr>127</ns3:hr>
            <ns3:cad>43</ns3:cad>
          </ns3:TrackPointExtension>
        </extensions>
      </trkpt>
      <trkpt lat="29.18015311472117900848388671875" lon="82.95006246306002140045166015625">
        <ele>4050.39990234375</ele>
        <time>2026-08-09T06:07:50.000Z</time>
        <extensions>
          <ns3:TrackPointExtension>
            <ns3:hr>126</ns3:hr>
            <ns3:cad>50</ns3:cad>
          </ns3:TrackPointExtension>
        </extensions>
      </trkpt>
      <trkpt lat="29.18010248802602291107177734375" lon="82.9500742815434932708740234375">
        <ele>4050</ele>
        <time>2026-08-09T06:07:55.000Z</time>
        <extensions>
          <ns3:TrackPointExtension>
            <ns3:hr>129</ns3:hr>
            <ns3:cad>50</ns3:cad>
          </ns3:TrackPointExtension>
        </extensions>
      </trkpt>
      <trkpt lat="29.18009184300899505615234375" lon="82.9500739462673664093017578125">
        <ele>4050</ele>
        <time>2026-08-09T06:07:56.000Z</time>
        <extensions>
          <ns3:TrackPointExtension>
            <ns3:hr>129</ns3:hr>
            <ns3:cad>50</ns3:cad>
          </ns3:TrackPointExtension>
        </extensions>
      </trkpt>
      <trkpt lat="29.180044233798980712890625" lon="82.95004687272012233734130859375">
        <ele>4049.800048828125</ele>
        <time>2026-08-09T06:08:03.000Z</time>
        <extensions>
          <ns3:TrackPointExtension>
            <ns3:hr>129</ns3:hr>
            <ns3:cad>0</ns3:cad>
          </ns3:TrackPointExtension>
        </extensions>
      </trkpt>
      <trkpt lat="29.1800467483699321746826171875" lon="82.95004871673882007598876953125">
        <ele>4049.60009765625</ele>
        <time>2026-08-09T06:08:04.000Z</time>
        <extensions>
          <ns3:TrackPointExtension>
            <ns3:hr>129</ns3:hr>
            <ns3:cad>0</ns3:cad>
          </ns3:TrackPointExtension>
        </extensions>
      </trkpt>
      <trkpt lat="29.18004716746509075164794921875" lon="82.950048632919788360595703125">
        <ele>4049.60009765625</ele>
        <time>2026-08-09T06:08:10.000Z</time>
        <extensions>
          <ns3:TrackPointExtension>
            <ns3:hr>126</ns3:hr>
            <ns3:cad>0</ns3:cad>
          </ns3:TrackPointExtension>
        </extensions>
      </trkpt>
      <trkpt lat="29.180051945149898529052734375" lon="82.9500508122146129608154296875">
        <ele>4049.60009765625</ele>
        <time>2026-08-09T06:08:11.000Z</time>
        <extensions>
          <ns3:TrackPointExtension>
            <ns3:hr>123</ns3:hr>
            <ns3:cad>0</ns3:cad>
          </ns3:TrackPointExtension>
        </extensions>
      </trkpt>
      <trkpt lat="29.18005303479731082916259765625" lon="82.9500521533191204071044921875">
        <ele>4049.60009765625</ele>
        <time>2026-08-09T06:08:12.000Z</time>
        <extensions>
          <ns3:TrackPointExtension>
            <ns3:hr>119</ns3:hr>
            <ns3:cad>0</ns3:cad>
          </ns3:TrackPointExtension>
        </extensions>
      </trkpt>
      <trkpt lat="29.18004683218896389007568359375" lon="82.95004871673882007598876953125">
        <ele>4049.39990234375</ele>
        <time>2026-08-09T06:08:14.000Z</time>
        <extensions>
          <ns3:TrackPointExtension>
            <ns3:hr>116</ns3:hr>
            <ns3:cad>0</ns3:cad>
          </ns3:TrackPointExtension>
        </extensions>
      </trkpt>
      <trkpt lat="29.18004683218896389007568359375" lon="82.95004871673882007598876953125">
        <ele>4049.199951171875</ele>
        <time>2026-08-09T06:08:17.000Z</time>
        <extensions>
          <ns3:TrackPointExtension>
            <ns3:hr>112</ns3:hr>
            <ns3:cad>0</ns3:cad>
          </ns3:TrackPointExtension>
        </extensions>
      </trkpt>
      <trkpt lat="29.18004683218896389007568359375" lon="82.95004871673882007598876953125">
        <ele>4049</ele>
        <time>2026-08-09T06:08:21.000Z</time>
        <extensions>
          <ns3:TrackPointExtension>
            <ns3:hr>110</ns3:hr>
            <ns3:cad>0</ns3:cad>
          </ns3:TrackPointExtension>
        </extensions>
      </trkpt>
      <trkpt lat="29.1800507716834545135498046875" lon="82.9500682465732097625732421875">
        <ele>4050.60009765625</ele>
        <time>2026-08-09T06:08:33.000Z</time>
        <extensions>
          <ns3:TrackPointExtension>
            <ns3:hr>112</ns3:hr>
            <ns3:cad>0</ns3:cad>
          </ns3:TrackPointExtension>
        </extensions>
      </trkpt>
      <trkpt lat="29.1800507716834545135498046875" lon="82.9500682465732097625732421875">
        <ele>4050.800048828125</ele>
        <time>2026-08-09T06:08:34.000Z</time>
        <extensions>
          <ns3:TrackPointExtension>
            <ns3:hr>113</ns3:hr>
            <ns3:cad>0</ns3:cad>
          </ns3:TrackPointExtension>
        </extensions>
      </trkpt>
      <trkpt lat="29.18004649691283702850341796875" lon="82.95006078667938709259033203125">
        <ele>4051.800048828125</ele>
        <time>2026-08-09T06:08:37.000Z</time>
        <extensions>
          <ns3:TrackPointExtension>
            <ns3:hr>114</ns3:hr>
            <ns3:cad>0</ns3:cad>
          </ns3:TrackPointExtension>
        </extensions>
      </trkpt>
      <trkpt lat="29.1800509393215179443359375" lon="82.95004251413047313690185546875">
        <ele>4051.60009765625</ele>
        <time>2026-08-09T06:08:39.000Z</time>
        <extensions>
          <ns3:TrackPointExtension>
            <ns3:hr>113</ns3:hr>
            <ns3:cad>0</ns3:cad>
          </ns3:TrackPointExtension>
        </extensions>
      </trkpt>
      <trkpt lat="29.1800504364073276519775390625" lon="82.94999373145401477813720703125">
        <ele>4051</ele>
        <time>2026-08-09T06:08:44.000Z</time>
        <extensions>
          <ns3:TrackPointExtension>
            <ns3:hr>114</ns3:hr>
            <ns3:cad>0</ns3:cad>
          </ns3:TrackPointExtension>
        </extensions>
      </trkpt>
      <trkpt lat="29.18005001731216907501220703125" lon="82.94998333789408206939697265625">
        <ele>4050.60009765625</ele>
        <time>2026-08-09T06:08:45.000Z</time>
        <extensions>
          <ns3:TrackPointExtension>
            <ns3:hr>113</ns3:hr>
            <ns3:cad>0</ns3:cad>
          </ns3:TrackPointExtension>
        </extensions>
      </trkpt>
      <trkpt lat="29.1800454072654247283935546875" lon="82.949945032596588134765625">
        <ele>4049.39990234375</ele>
        <time>2026-08-09T06:08:48.000Z</time>
        <extensions>
          <ns3:TrackPointExtension>
            <ns3:hr>113</ns3:hr>
            <ns3:cad>0</ns3:cad>
          </ns3:TrackPointExtension>
        </extensions>
      </trkpt>
      <trkpt lat="29.1800393722951412200927734375" lon="82.94992416165769100189208984375">
        <ele>4048.39990234375</ele>
        <time>2026-08-09T06:08:50.000Z</time>
        <extensions>
          <ns3:TrackPointExtension>
            <ns3:hr>113</ns3:hr>
            <ns3:cad>0</ns3:cad>
          </ns3:TrackPointExtension>
        </extensions>
      </trkpt>
      <trkpt lat="29.18003509752452373504638671875" lon="82.949912510812282562255859375">
        <ele>4047.800048828125</ele>
        <time>2026-08-09T06:08:51.000Z</time>
        <extensions>
          <ns3:TrackPointExtension>
            <ns3:hr>112</ns3:hr>
            <ns3:cad>0</ns3:cad>
          </ns3:TrackPointExtension>
        </extensions>
      </trkpt>
      <trkpt lat="29.18003157712519168853759765625" lon="82.94990303926169872283935546875">
        <ele>4047.39990234375</ele>
        <time>2026-08-09T06:08:52.000Z</time>
        <extensions>
          <ns3:TrackPointExtension>
            <ns3:hr>112</ns3:hr>
            <ns3:cad>0</ns3:cad>
          </ns3:TrackPointExtension>
        </extensions>
      </trkpt>
      <trkpt lat="29.18002084828913211822509765625" lon="82.9498664103448390960693359375">
        <ele>4046</ele>
        <time>2026-08-09T06:08:55.000Z</time>
        <extensions>
          <ns3:TrackPointExtension>
            <ns3:hr>113</ns3:hr>
            <ns3:cad>0</ns3:cad>
          </ns3:TrackPointExtension>
        </extensions>
      </trkpt>
      <trkpt lat="29.18001146055757999420166015625" lon="82.9498523287475109100341796875">
        <ele>4045.199951171875</ele>
        <time>2026-08-09T06:08:57.000Z</time>
        <extensions>
          <ns3:TrackPointExtension>
            <ns3:hr>113</ns3:hr>
            <ns3:cad>0</ns3:cad>
          </ns3:TrackPointExtension>
        </extensions>
      </trkpt>
      <trkpt lat="29.18000559322535991668701171875" lon="82.94983246363699436187744140625">
        <ele>4044.800048828125</ele>
        <time>2026-08-09T06:08:58.000Z</time>
        <extensions>
          <ns3:TrackPointExtension>
            <ns3:hr>112</ns3:hr>
            <ns3:cad>0</ns3:cad>
          </ns3:TrackPointExtension>
        </extensions>
      </trkpt>
      <trkpt lat="29.179995618760585784912109375" lon="82.9498161189258098602294921875">
        <ele>4043.60009765625</ele>
        <time>2026-08-09T06:09:00.000Z</time>
        <extensions>
          <ns3:TrackPointExtension>
            <ns3:hr>111</ns3:hr>
            <ns3:cad>0</ns3:cad>
          </ns3:TrackPointExtension>
        </extensions>
      </trkpt>
      <trkpt lat="29.1799914278090000152587890625" lon="82.94980614446103572845458984375">
        <ele>4042.800048828125</ele>
        <time>2026-08-09T06:09:01.000Z</time>
        <extensions>
          <ns3:TrackPointExtension>
            <ns3:hr>111</ns3:hr>
            <ns3:cad>0</ns3:cad>
          </ns3:TrackPointExtension>
        </extensions>
      </trkpt>
      <trkpt lat="29.17998715303838253021240234375" lon="82.949789464473724365234375">
        <ele>4042.199951171875</ele>
        <time>2026-08-09T06:09:02.000Z</time>
        <extensions>
          <ns3:TrackPointExtension>
            <ns3:hr>111</ns3:hr>
            <ns3:cad>0</ns3:cad>
          </ns3:TrackPointExtension>
        </extensions>
      </trkpt>
      <trkpt lat="29.17998254299163818359375" lon="82.94976138509809970855712890625">
        <ele>4040.800048828125</ele>
        <time>2026-08-09T06:09:05.000Z</time>
        <extensions>
          <ns3:TrackPointExtension>
            <ns3:hr>113</ns3:hr>
            <ns3:cad>0</ns3:cad>
          </ns3:TrackPointExtension>
        </extensions>
      </trkpt>
      <trkpt lat="29.179969131946563720703125" lon="82.9497416876256465911865234375">
        <ele>4040.199951171875</ele>
        <time>2026-08-09T06:09:07.000Z</time>
        <extensions>
          <ns3:TrackPointExtension>
            <ns3:hr>113</ns3:hr>
            <ns3:cad>0</ns3:cad>
          </ns3:TrackPointExtension>
        </extensions>
      </trkpt>
      <trkpt lat="29.1799565590918064117431640625" lon="82.94971930794417858123779296875">
        <ele>4039.60009765625</ele>
        <time>2026-08-09T06:09:09.000Z</time>
        <extensions>
          <ns3:TrackPointExtension>
            <ns3:hr>114</ns3:hr>
            <ns3:cad>44</ns3:cad>
          </ns3:TrackPointExtension>
        </extensions>
      </trkpt>
      <trkpt lat="29.17994029819965362548828125" lon="82.94969198293983936309814453125">
        <ele>4039</ele>
        <time>2026-08-09T06:09:12.000Z</time>
        <extensions>
          <ns3:TrackPointExtension>
            <ns3:hr>116</ns3:hr>
            <ns3:cad>0</ns3:cad>
          </ns3:TrackPointExtension>
        </extensions>
      </trkpt>
      <trkpt lat="29.17993870563805103302001953125" lon="82.949683852493762969970703125">
        <ele>4038.39990234375</ele>
        <time>2026-08-09T06:09:13.000Z</time>
        <extensions>
          <ns3:TrackPointExtension>
            <ns3:hr>117</ns3:hr>
            <ns3:cad>0</ns3:cad>
          </ns3:TrackPointExtension>
        </extensions>
      </trkpt>
      <trkpt lat="29.17992546223104000091552734375" lon="82.94966650195419788360595703125">
        <ele>4037.60009765625</ele>
        <time>2026-08-09T06:09:15.000Z</time>
        <extensions>
          <ns3:TrackPointExtension>
            <ns3:hr>118</ns3:hr>
            <ns3:cad>0</ns3:cad>
          </ns3:TrackPointExtension>
        </extensions>
      </trkpt>
      <trkpt lat="29.179919175803661346435546875" lon="82.94965267181396484375">
        <ele>4037.199951171875</ele>
        <time>2026-08-09T06:09:16.000Z</time>
        <extensions>
          <ns3:TrackPointExtension>
            <ns3:hr>118</ns3:hr>
            <ns3:cad>0</ns3:cad>
          </ns3:TrackPointExtension>
        </extensions>
      </trkpt>
      <trkpt lat="29.1799119673669338226318359375" lon="82.94964370317757129669189453125">
        <ele>4036.800048828125</ele>
        <time>2026-08-09T06:09:17.000Z</time>
        <extensions>
          <ns3:TrackPointExtension>
            <ns3:hr>118</ns3:hr>
            <ns3:cad>0</ns3:cad>
          </ns3:TrackPointExtension>
        </extensions>
      </trkpt>
      <trkpt lat="29.17990048415958881378173828125" lon="82.94962593354284763336181640625">
        <ele>4036.199951171875</ele>
        <time>2026-08-09T06:09:19.000Z</time>
        <extensions>
          <ns3:TrackPointExtension>
            <ns3:hr>118</ns3:hr>
            <ns3:cad>53</ns3:cad>
          </ns3:TrackPointExtension>
        </extensions>
      </trkpt>
      <trkpt lat="29.1798831336200237274169921875" lon="82.94959726743400096893310546875">
        <ele>4035.199951171875</ele>
        <time>2026-08-09T06:09:23.000Z</time>
        <extensions>
          <ns3:TrackPointExtension>
            <ns3:hr>118</ns3:hr>
            <ns3:cad>0</ns3:cad>
          </ns3:TrackPointExtension>
        </extensions>
      </trkpt>
      <trkpt lat="29.179872572422027587890625" lon="82.9495864547789096832275390625">
        <ele>4035</ele>
        <time>2026-08-09T06:09:24.000Z</time>
        <extensions>
          <ns3:TrackPointExtension>
            <ns3:hr>118</ns3:hr>
            <ns3:cad>0</ns3:cad>
          </ns3:TrackPointExtension>
        </extensions>
      </trkpt>
      <trkpt lat="29.179859161376953125" lon="82.94955653138458728790283203125">
        <ele>4034</ele>
        <time>2026-08-09T06:09:27.000Z</time>
        <extensions>
          <ns3:TrackPointExtension>
            <ns3:hr>118</ns3:hr>
            <ns3:cad>0</ns3:cad>
          </ns3:TrackPointExtension>
        </extensions>
      </trkpt>
      <trkpt lat="29.17985438369214534759521484375" lon="82.9495445452630519866943359375">
        <ele>4034</ele>
        <time>2026-08-09T06:09:28.000Z</time>
        <extensions>
          <ns3:TrackPointExtension>
            <ns3:hr>118</ns3:hr>
            <ns3:cad>0</ns3:cad>
          </ns3:TrackPointExtension>
        </extensions>
      </trkpt>
      <trkpt lat="29.17982320301234722137451171875" lon="82.94948645867407321929931640625">
        <ele>4032.800048828125</ele>
        <time>2026-08-09T06:09:34.000Z</time>
        <extensions>
          <ns3:TrackPointExtension>
            <ns3:hr>117</ns3:hr>
            <ns3:cad>51</ns3:cad>
          </ns3:TrackPointExtension>
        </extensions>
      </trkpt>
      <trkpt lat="29.1798187606036663055419921875" lon="82.9494848661124706268310546875">
        <ele>4031.800048828125</ele>
        <time>2026-08-09T06:09:38.000Z</time>
        <extensions>
          <ns3:TrackPointExtension>
            <ns3:hr>116</ns3:hr>
            <ns3:cad>0</ns3:cad>
          </ns3:TrackPointExtension>
        </extensions>
      </trkpt>
      <trkpt lat="29.17982035316526889801025390625" lon="82.94948645867407321929931640625">
        <ele>4031.60009765625</ele>
        <time>2026-08-09T06:09:41.000Z</time>
        <extensions>
          <ns3:TrackPointExtension>
            <ns3:hr>114</ns3:hr>
            <ns3:cad>0</ns3:cad>
          </ns3:TrackPointExtension>
        </extensions>
      </trkpt>
      <trkpt lat="29.17982035316526889801025390625" lon="82.94948645867407321929931640625">
        <ele>4032.800048828125</ele>
        <time>2026-08-09T06:09:49.000Z</time>
        <extensions>
          <ns3:TrackPointExtension>
            <ns3:hr>113</ns3:hr>
            <ns3:cad>0</ns3:cad>
          </ns3:TrackPointExtension>
        </extensions>
      </trkpt>
      <trkpt lat="29.17982035316526889801025390625" lon="82.94948645867407321929931640625">
        <ele>4032.60009765625</ele>
        <time>2026-08-09T06:09:52.000Z</time>
        <extensions>
          <ns3:TrackPointExtension>
            <ns3:hr>114</ns3:hr>
            <ns3:cad>0</ns3:cad>
          </ns3:TrackPointExtension>
        </extensions>
      </trkpt>
      <trkpt lat="29.17980107478797435760498046875" lon="82.94947388581931591033935546875">
        <ele>4033</ele>
        <time>2026-08-09T06:10:03.000Z</time>
        <extensions>
          <ns3:TrackPointExtension>
            <ns3:hr>114</ns3:hr>
            <ns3:cad>0</ns3:cad>
          </ns3:TrackPointExtension>
        </extensions>
      </trkpt>
      <trkpt lat="29.1797946207225322723388671875" lon="82.949436418712139129638671875">
        <ele>4031.60009765625</ele>
        <time>2026-08-09T06:10:08.000Z</time>
        <extensions>
          <ns3:TrackPointExtension>
            <ns3:hr>114</ns3:hr>
            <ns3:cad>0</ns3:cad>
          </ns3:TrackPointExtension>
        </extensions>
      </trkpt>
      <trkpt lat="29.1797859035432338714599609375" lon="82.9494064114987850189208984375">
        <ele>4030.39990234375</ele>
        <time>2026-08-09T06:10:12.000Z</time>
        <extensions>
          <ns3:TrackPointExtension>
            <ns3:hr>115</ns3:hr>
            <ns3:cad>0</ns3:cad>
          </ns3:TrackPointExtension>
        </extensions>
      </trkpt>
      <trkpt lat="29.17978263460099697113037109375" lon="82.9494027234613895416259765625">
        <ele>4030</ele>
        <time>2026-08-09T06:10:13.000Z</time>
        <extensions>
          <ns3:TrackPointExtension>
            <ns3:hr>115</ns3:hr>
            <ns3:cad>0</ns3:cad>
          </ns3:TrackPointExtension>
        </extensions>
      </trkpt>
      <trkpt lat="29.1797634400427341461181640625" lon="82.94937280006706714630126953125">
        <ele>4029.39990234375</ele>
        <time>2026-08-09T06:10:17.000Z</time>
        <extensions>
          <ns3:TrackPointExtension>
            <ns3:hr>117</ns3:hr>
            <ns3:cad>0</ns3:cad>
          </ns3:TrackPointExtension>
        </extensions>
      </trkpt>
      <trkpt lat="29.179759919643402099609375" lon="82.94936056248843669891357421875">
        <ele>4029.199951171875</ele>
        <time>2026-08-09T06:10:19.000Z</time>
        <extensions>
          <ns3:TrackPointExtension>
            <ns3:hr>116</ns3:hr>
            <ns3:cad>0</ns3:cad>
          </ns3:TrackPointExtension>
        </extensions>
      </trkpt>
      <trkpt lat="29.17975530959665775299072265625" lon="82.9493222571909427642822265625">
        <ele>4029.800048828125</ele>
        <time>2026-08-09T06:10:24.000Z</time>
        <extensions>
          <ns3:TrackPointExtension>
            <ns3:hr>116</ns3:hr>
            <ns3:cad>0</ns3:cad>
          </ns3:TrackPointExtension>
        </extensions>
      </trkpt>
      <trkpt lat="29.17975480668246746063232421875" lon="82.9493205808103084564208984375">
        <ele>4028.199951171875</ele>
        <time>2026-08-09T06:10:30.000Z</time>
        <extensions>
          <ns3:TrackPointExtension>
            <ns3:hr>115</ns3:hr>
            <ns3:cad>0</ns3:cad>
          </ns3:TrackPointExtension>
        </extensions>
      </trkpt>
      <trkpt lat="29.17975480668246746063232421875" lon="82.9493205808103084564208984375">
        <ele>4027.60009765625</ele>
        <time>2026-08-09T06:10:35.000Z</time>
        <extensions>
          <ns3:TrackPointExtension>
            <ns3:hr>112</ns3:hr>
            <ns3:cad>0</ns3:cad>
          </ns3:TrackPointExtension>
        </extensions>
      </trkpt>
      <trkpt lat="29.17975480668246746063232421875" lon="82.9493205808103084564208984375">
        <ele>4027.800048828125</ele>
        <time>2026-08-09T06:10:36.000Z</time>
        <extensions>
          <ns3:TrackPointExtension>
            <ns3:hr>112</ns3:hr>
            <ns3:cad>0</ns3:cad>
          </ns3:TrackPointExtension>
        </extensions>
      </trkpt>
      <trkpt lat="29.1797463409602642059326171875" lon="82.94931010343134403228759765625">
        <ele>4027.39990234375</ele>
        <time>2026-08-09T06:10:51.000Z</time>
        <extensions>
          <ns3:TrackPointExtension>
            <ns3:hr>110</ns3:hr>
            <ns3:cad>0</ns3:cad>
          </ns3:TrackPointExtension>
        </extensions>
      </trkpt>
      <trkpt lat="29.17974852025508880615234375" lon="82.949300296604633331298828125">
        <ele>4027.199951171875</ele>
        <time>2026-08-09T06:10:52.000Z</time>
        <extensions>
          <ns3:TrackPointExtension>
            <ns3:hr>111</ns3:hr>
            <ns3:cad>0</ns3:cad>
          </ns3:TrackPointExtension>
        </extensions>
      </trkpt>
      <trkpt lat="29.17972429655492305755615234375" lon="82.94926710426807403564453125">
        <ele>4026.39990234375</ele>
        <time>2026-08-09T06:10:56.000Z</time>
        <extensions>
          <ns3:TrackPointExtension>
            <ns3:hr>109</ns3:hr>
            <ns3:cad>0</ns3:cad>
          </ns3:TrackPointExtension>
        </extensions>
      </trkpt>
      <trkpt lat="29.179724045097827911376953125" lon="82.9492421261966228485107421875">
        <ele>4026</ele>
        <time>2026-08-09T06:10:58.000Z</time>
        <extensions>
          <ns3:TrackPointExtension>
            <ns3:hr>109</ns3:hr>
            <ns3:cad>0</ns3:cad>
          </ns3:TrackPointExtension>
        </extensions>
      </trkpt>
      <trkpt lat="29.17971901595592498779296875" lon="82.949227206408977508544921875">
        <ele>4025.60009765625</ele>
        <time>2026-08-09T06:11:01.000Z</time>
        <extensions>
          <ns3:TrackPointExtension>
            <ns3:hr>108</ns3:hr>
            <ns3:cad>0</ns3:cad>
          </ns3:TrackPointExtension>
        </extensions>
      </trkpt>
      <trkpt lat="29.17972840368747711181640625" lon="82.949206419289112091064453125">
        <ele>4024.800048828125</ele>
        <time>2026-08-09T06:11:04.000Z</time>
        <extensions>
          <ns3:TrackPointExtension>
            <ns3:hr>108</ns3:hr>
            <ns3:cad>0</ns3:cad>
          </ns3:TrackPointExtension>
        </extensions>
      </trkpt>
      <trkpt lat="29.17973686940968036651611328125" lon="82.9491888172924518585205078125">
        <ele>4024</ele>
        <time>2026-08-09T06:11:07.000Z</time>
        <extensions>
          <ns3:TrackPointExtension>
            <ns3:hr>106</ns3:hr>
            <ns3:cad>0</ns3:cad>
          </ns3:TrackPointExtension>
        </extensions>
      </trkpt>
      <trkpt lat="29.1797315888106822967529296875" lon="82.94915989972651004791259765625">
        <ele>4023.60009765625</ele>
        <time>2026-08-09T06:11:09.000Z</time>
        <extensions>
          <ns3:TrackPointExtension>
            <ns3:hr>106</ns3:hr>
            <ns3:cad>0</ns3:cad>
          </ns3:TrackPointExtension>
        </extensions>
      </trkpt>
      <trkpt lat="29.179727733135223388671875" lon="82.94914933852851390838623046875">
        <ele>4023.39990234375</ele>
        <time>2026-08-09T06:11:11.000Z</time>
        <extensions>
          <ns3:TrackPointExtension>
            <ns3:hr>105</ns3:hr>
            <ns3:cad>0</ns3:cad>
          </ns3:TrackPointExtension>
        </extensions>
      </trkpt>
      <trkpt lat="29.1797188483178615570068359375" lon="82.949111200869083404541015625">
        <ele>4022.60009765625</ele>
        <time>2026-08-09T06:11:16.000Z</time>
        <extensions>
          <ns3:TrackPointExtension>
            <ns3:hr>106</ns3:hr>
            <ns3:cad>58</ns3:cad>
          </ns3:TrackPointExtension>
        </extensions>
      </trkpt>
      <trkpt lat="29.17971742339432239532470703125" lon="82.94910441152751445770263671875">
        <ele>4022.60009765625</ele>
        <time>2026-08-09T06:11:17.000Z</time>
        <extensions>
          <ns3:TrackPointExtension>
            <ns3:hr>106</ns3:hr>
            <ns3:cad>58</ns3:cad>
          </ns3:TrackPointExtension>
        </extensions>
      </trkpt>
      <trkpt lat="29.1797101311385631561279296875" lon="82.94906803406774997711181640625">
        <ele>4021.199951171875</ele>
        <time>2026-08-09T06:11:21.000Z</time>
        <extensions>
          <ns3:TrackPointExtension>
            <ns3:hr>107</ns3:hr>
            <ns3:cad>0</ns3:cad>
          </ns3:TrackPointExtension>
        </extensions>
      </trkpt>
      <trkpt lat="29.179701916873455047607421875" lon="82.94904741458594799041748046875">
        <ele>4020.800048828125</ele>
        <time>2026-08-09T06:11:23.000Z</time>
        <extensions>
          <ns3:TrackPointExtension>
            <ns3:hr>107</ns3:hr>
            <ns3:cad>0</ns3:cad>
          </ns3:TrackPointExtension>
        </extensions>
      </trkpt>
      <trkpt lat="29.1797030903398990631103515625" lon="82.949028052389621734619140625">
        <ele>4020</ele>
        <time>2026-08-09T06:11:25.000Z</time>
        <extensions>
          <ns3:TrackPointExtension>
            <ns3:hr>109</ns3:hr>
            <ns3:cad>0</ns3:cad>
          </ns3:TrackPointExtension>
        </extensions>
      </trkpt>
      <trkpt lat="29.17971423827111721038818359375" lon="82.94901438988745212554931640625">
        <ele>4019.60009765625</ele>
        <time>2026-08-09T06:11:27.000Z</time>
        <extensions>
          <ns3:TrackPointExtension>
            <ns3:hr>110</ns3:hr>
            <ns3:cad>0</ns3:cad>
          </ns3:TrackPointExtension>
        </extensions>
      </trkpt>
      <trkpt lat="29.1797124780714511871337890625" lon="82.94900634326040744781494140625">
        <ele>4019.39990234375</ele>
        <time>2026-08-09T06:11:28.000Z</time>
        <extensions>
          <ns3:TrackPointExtension>
            <ns3:hr>110</ns3:hr>
            <ns3:cad>0</ns3:cad>
          </ns3:TrackPointExtension>
        </extensions>
      </trkpt>
      <trkpt lat="29.1797124780714511871337890625" lon="82.94899326749145984649658203125">
        <ele>4019</ele>
        <time>2026-08-09T06:11:30.000Z</time>
        <extensions>
          <ns3:TrackPointExtension>
            <ns3:hr>110</ns3:hr>
            <ns3:cad>55</ns3:cad>
          </ns3:TrackPointExtension>
        </extensions>
      </trkpt>
      <trkpt lat="29.1797057725489139556884765625" lon="82.94899276457726955413818359375">
        <ele>4019</ele>
        <time>2026-08-09T06:11:31.000Z</time>
        <extensions>
          <ns3:TrackPointExtension>
            <ns3:hr>111</ns3:hr>
            <ns3:cad>55</ns3:cad>
          </ns3:TrackPointExtension>
        </extensions>
      </trkpt>
      <trkpt lat="29.1796968877315521240234375" lon="82.9489732347428798675537109375">
        <ele>4019.199951171875</ele>
        <time>2026-08-09T06:11:35.000Z</time>
        <extensions>
          <ns3:TrackPointExtension>
            <ns3:hr>110</ns3:hr>
            <ns3:cad>0</ns3:cad>
          </ns3:TrackPointExtension>
        </extensions>
      </trkpt>
      <trkpt lat="29.1796732507646083831787109375" lon="82.948954291641712188720703125">
        <ele>4019.39990234375</ele>
        <time>2026-08-09T06:11:39.000Z</time>
        <extensions>
          <ns3:TrackPointExtension>
            <ns3:hr>110</ns3:hr>
            <ns3:cad>0</ns3:cad>
          </ns3:TrackPointExtension>
        </extensions>
      </trkpt>
      <trkpt lat="29.17964232154190540313720703125" lon="82.94892872683703899383544921875">
        <ele>4017.60009765625</ele>
        <time>2026-08-09T06:11:43.000Z</time>
        <extensions>
          <ns3:TrackPointExtension>
            <ns3:hr>111</ns3:hr>
            <ns3:cad>0</ns3:cad>
          </ns3:TrackPointExtension>
        </extensions>
      </trkpt>
      <trkpt lat="29.179629497230052947998046875" lon="82.9489202611148357391357421875">
        <ele>4016.199951171875</ele>
        <time>2026-08-09T06:11:45.000Z</time>
        <extensions>
          <ns3:TrackPointExtension>
            <ns3:hr>111</ns3:hr>
            <ns3:cad>0</ns3:cad>
          </ns3:TrackPointExtension>
        </extensions>
      </trkpt>
      <trkpt lat="29.17960393242537975311279296875" lon="82.9489081911742687225341796875">
        <ele>4015.199951171875</ele>
        <time>2026-08-09T06:11:48.000Z</time>
        <extensions>
          <ns3:TrackPointExtension>
            <ns3:hr>109</ns3:hr>
            <ns3:cad>0</ns3:cad>
          </ns3:TrackPointExtension>
        </extensions>
      </trkpt>
      <trkpt lat="29.1795756854116916656494140625" lon="82.94889905489981174468994140625">
        <ele>4014.39990234375</ele>
        <time>2026-08-09T06:11:51.000Z</time>
        <extensions>
          <ns3:TrackPointExtension>
            <ns3:hr>112</ns3:hr>
            <ns3:cad>0</ns3:cad>
          </ns3:TrackPointExtension>
        </extensions>
      </trkpt>
      <trkpt lat="29.17956638149917125701904296875" lon="82.948895953595638275146484375">
        <ele>4014</ele>
        <time>2026-08-09T06:11:52.000Z</time>
        <extensions>
          <ns3:TrackPointExtension>
            <ns3:hr>112</ns3:hr>
            <ns3:cad>0</ns3:cad>
          </ns3:TrackPointExtension>
        </extensions>
      </trkpt>
      <trkpt lat="29.17955079115927219390869140625" lon="82.9488897509872913360595703125">
        <ele>4013</ele>
        <time>2026-08-09T06:11:54.000Z</time>
        <extensions>
          <ns3:TrackPointExtension>
            <ns3:hr>114</ns3:hr>
            <ns3:cad>0</ns3:cad>
          </ns3:TrackPointExtension>
        </extensions>
      </trkpt>
      <trkpt lat="29.1795438341796398162841796875" lon="82.9488842189311981201171875">
        <ele>4012.60009765625</ele>
        <time>2026-08-09T06:11:55.000Z</time>
        <extensions>
          <ns3:TrackPointExtension>
            <ns3:hr>114</ns3:hr>
            <ns3:cad>0</ns3:cad>
          </ns3:TrackPointExtension>
        </extensions>
      </trkpt>
      <trkpt lat="29.17951575480401515960693359375" lon="82.94887206517159938812255859375">
        <ele>4011.60009765625</ele>
        <time>2026-08-09T06:11:59.000Z</time>
        <extensions>
          <ns3:TrackPointExtension>
            <ns3:hr>115</ns3:hr>
            <ns3:cad>0</ns3:cad>
          </ns3:TrackPointExtension>
        </extensions>
      </trkpt>
      <trkpt lat="29.17948910035192966461181640625" lon="82.9488555528223514556884765625">
        <ele>4011</ele>
        <time>2026-08-09T06:12:02.000Z</time>
        <extensions>
          <ns3:TrackPointExtension>
            <ns3:hr>115</ns3:hr>
            <ns3:cad>0</ns3:cad>
          </ns3:TrackPointExtension>
        </extensions>
      </trkpt>
      <trkpt lat="29.17948029935359954833984375" lon="82.9488404653966426849365234375">
        <ele>4010.800048828125</ele>
        <time>2026-08-09T06:12:03.000Z</time>
        <extensions>
          <ns3:TrackPointExtension>
            <ns3:hr>116</ns3:hr>
            <ns3:cad>0</ns3:cad>
          </ns3:TrackPointExtension>
        </extensions>
      </trkpt>
      <trkpt lat="29.17947292327880859375" lon="82.948839962482452392578125">
        <ele>4010.39990234375</ele>
        <time>2026-08-09T06:12:04.000Z</time>
        <extensions>
          <ns3:TrackPointExtension>
            <ns3:hr>115</ns3:hr>
            <ns3:cad>0</ns3:cad>
          </ns3:TrackPointExtension>
        </extensions>
      </trkpt>
      <trkpt lat="29.179464541375637054443359375" lon="82.94883836992084980010986328125">
        <ele>4010</ele>
        <time>2026-08-09T06:12:05.000Z</time>
        <extensions>
          <ns3:TrackPointExtension>
            <ns3:hr>115</ns3:hr>
            <ns3:cad>0</ns3:cad>
          </ns3:TrackPointExtension>
        </extensions>
      </trkpt>
      <trkpt lat="29.17945683002471923828125" lon="82.94882596470415592193603515625">
        <ele>4009.800048828125</ele>
        <time>2026-08-09T06:12:06.000Z</time>
        <extensions>
          <ns3:TrackPointExtension>
            <ns3:hr>115</ns3:hr>
            <ns3:cad>0</ns3:cad>
          </ns3:TrackPointExtension>
        </extensions>
      </trkpt>
      <trkpt lat="29.17944333516061305999755859375" lon="82.94883183203637599945068359375">
        <ele>4009.199951171875</ele>
        <time>2026-08-09T06:12:08.000Z</time>
        <extensions>
          <ns3:TrackPointExtension>
            <ns3:hr>116</ns3:hr>
            <ns3:cad>0</ns3:cad>
          </ns3:TrackPointExtension>
        </extensions>
      </trkpt>
      <trkpt lat="29.1794217936694622039794921875" lon="82.94882361777126789093017578125">
        <ele>4008.800048828125</ele>
        <time>2026-08-09T06:12:10.000Z</time>
        <extensions>
          <ns3:TrackPointExtension>
            <ns3:hr>115</ns3:hr>
            <ns3:cad>0</ns3:cad>
          </ns3:TrackPointExtension>
        </extensions>
      </trkpt>
      <trkpt lat="29.17940947227180004119873046875" lon="82.94881406240165233612060546875">
        <ele>4008.199951171875</ele>
        <time>2026-08-09T06:12:12.000Z</time>
        <extensions>
          <ns3:TrackPointExtension>
            <ns3:hr>116</ns3:hr>
            <ns3:cad>0</ns3:cad>
          </ns3:TrackPointExtension>
        </extensions>
      </trkpt>
      <trkpt lat="29.17937594465911388397216796875" lon="82.94880752451717853546142578125">
        <ele>4007.39990234375</ele>
        <time>2026-08-09T06:12:16.000Z</time>
        <extensions>
          <ns3:TrackPointExtension>
            <ns3:hr>116</ns3:hr>
            <ns3:cad>0</ns3:cad>
          </ns3:TrackPointExtension>
        </extensions>
      </trkpt>
      <trkpt lat="29.1793688200414180755615234375" lon="82.94879637658596038818359375">
        <ele>4007.39990234375</ele>
        <time>2026-08-09T06:12:17.000Z</time>
        <extensions>
          <ns3:TrackPointExtension>
            <ns3:hr>116</ns3:hr>
            <ns3:cad>0</ns3:cad>
          </ns3:TrackPointExtension>
        </extensions>
      </trkpt>
      <trkpt lat="29.17935700155794620513916015625" lon="82.94878371991217136383056640625">
        <ele>4007.199951171875</ele>
        <time>2026-08-09T06:12:19.000Z</time>
        <extensions>
          <ns3:TrackPointExtension>
            <ns3:hr>115</ns3:hr>
            <ns3:cad>0</ns3:cad>
          </ns3:TrackPointExtension>
        </extensions>
      </trkpt>
      <trkpt lat="29.17934174649417400360107421875" lon="82.9487688839435577392578125">
        <ele>4006.60009765625</ele>
        <time>2026-08-09T06:12:21.000Z</time>
        <extensions>
          <ns3:TrackPointExtension>
            <ns3:hr>115</ns3:hr>
            <ns3:cad>0</ns3:cad>
          </ns3:TrackPointExtension>
        </extensions>
      </trkpt>
      <trkpt lat="29.179336130619049072265625" lon="82.9487663693726062774658203125">
        <ele>4006</ele>
        <time>2026-08-09T06:12:22.000Z</time>
        <extensions>
          <ns3:TrackPointExtension>
            <ns3:hr>115</ns3:hr>
            <ns3:cad>0</ns3:cad>
          </ns3:TrackPointExtension>
        </extensions>
      </trkpt>
      <trkpt lat="29.1793262399733066558837890625" lon="82.948759496212005615234375">
        <ele>4004.60009765625</ele>
        <time>2026-08-09T06:12:25.000Z</time>
        <extensions>
          <ns3:TrackPointExtension>
            <ns3:hr>115</ns3:hr>
            <ns3:cad>0</ns3:cad>
          </ns3:TrackPointExtension>
        </extensions>
      </trkpt>
      <trkpt lat="29.17932548560202121734619140625" lon="82.94876628555357456207275390625">
        <ele>4004.39990234375</ele>
        <time>2026-08-09T06:12:26.000Z</time>
        <extensions>
          <ns3:TrackPointExtension>
            <ns3:hr>114</ns3:hr>
            <ns3:cad>50</ns3:cad>
          </ns3:TrackPointExtension>
        </extensions>
      </trkpt>
      <trkpt lat="29.1793289221823215484619140625" lon="82.94876963831484317779541015625">
        <ele>4004.800048828125</ele>
        <time>2026-08-09T06:12:32.000Z</time>
        <extensions>
          <ns3:TrackPointExtension>
            <ns3:hr>112</ns3:hr>
            <ns3:cad>0</ns3:cad>
          </ns3:TrackPointExtension>
        </extensions>
      </trkpt>
      <trkpt lat="29.179325066506862640380859375" lon="82.94876259751617908477783203125">
        <ele>4005</ele>
        <time>2026-08-09T06:12:37.000Z</time>
        <extensions>
          <ns3:TrackPointExtension>
            <ns3:hr>113</ns3:hr>
            <ns3:cad>40</ns3:cad>
          </ns3:TrackPointExtension>
        </extensions>
      </trkpt>
      <trkpt lat="29.17931878007948398590087890625" lon="82.94876159168779850006103515625">
        <ele>4004.60009765625</ele>
        <time>2026-08-09T06:12:42.000Z</time>
        <extensions>
          <ns3:TrackPointExtension>
            <ns3:hr>113</ns3:hr>
            <ns3:cad>45</ns3:cad>
          </ns3:TrackPointExtension>
        </extensions>
      </trkpt>
      <trkpt lat="29.17932012118399143218994140625" lon="82.94876209460198879241943359375">
        <ele>4004.39990234375</ele>
        <time>2026-08-09T06:12:46.000Z</time>
        <extensions>
          <ns3:TrackPointExtension>
            <ns3:hr>113</ns3:hr>
            <ns3:cad>56</ns3:cad>
          </ns3:TrackPointExtension>
        </extensions>
      </trkpt>
      <trkpt lat="29.179331101477146148681640625" lon="82.94876226224005222320556640625">
        <ele>4005.199951171875</ele>
        <time>2026-08-09T06:12:51.000Z</time>
        <extensions>
          <ns3:TrackPointExtension>
            <ns3:hr>114</ns3:hr>
            <ns3:cad>0</ns3:cad>
          </ns3:TrackPointExtension>
        </extensions>
      </trkpt>
      <trkpt lat="29.1793279163539409637451171875" lon="82.9487613402307033538818359375">
        <ele>4005.199951171875</ele>
        <time>2026-08-09T06:12:56.000Z</time>
        <extensions>
          <ns3:TrackPointExtension>
            <ns3:hr>114</ns3:hr>
            <ns3:cad>0</ns3:cad>
          </ns3:TrackPointExtension>
        </extensions>
      </trkpt>
      <trkpt lat="29.17932808399200439453125" lon="82.9487620107829570770263671875">
        <ele>4005.39990234375</ele>
        <time>2026-08-09T06:13:01.000Z</time>
        <extensions>
          <ns3:TrackPointExtension>
            <ns3:hr>112</ns3:hr>
            <ns3:cad>0</ns3:cad>
          </ns3:TrackPointExtension>
        </extensions>
      </trkpt>
      <trkpt lat="29.17932808399200439453125" lon="82.9487620107829570770263671875">
        <ele>4004.39990234375</ele>
        <time>2026-08-09T06:13:07.000Z</time>
        <extensions>
          <ns3:TrackPointExtension>
            <ns3:hr>109</ns3:hr>
            <ns3:cad>0</ns3:cad>
          </ns3:TrackPointExtension>
        </extensions>
      </trkpt>
      <trkpt lat="29.17932808399200439453125" lon="82.9487620107829570770263671875">
        <ele>4004.60009765625</ele>
        <time>2026-08-09T06:13:10.000Z</time>
        <extensions>
          <ns3:TrackPointExtension>
            <ns3:hr>108</ns3:hr>
            <ns3:cad>0</ns3:cad>
          </ns3:TrackPointExtension>
        </extensions>
      </trkpt>
      <trkpt lat="29.1792893595993518829345703125" lon="82.948747090995311737060546875">
        <ele>4003.60009765625</ele>
        <time>2026-08-09T06:13:16.000Z</time>
        <extensions>
          <ns3:TrackPointExtension>
            <ns3:hr>108</ns3:hr>
            <ns3:cad>0</ns3:cad>
          </ns3:TrackPointExtension>
        </extensions>
      </trkpt>
      <trkpt lat="29.17926295660436153411865234375" lon="82.9487274773418903350830078125">
        <ele>4002.39990234375</ele>
        <time>2026-08-09T06:13:21.000Z</time>
        <extensions>
          <ns3:TrackPointExtension>
            <ns3:hr>107</ns3:hr>
            <ns3:cad>49</ns3:cad>
          </ns3:TrackPointExtension>
        </extensions>
      </trkpt>
      <trkpt lat="29.17925088666379451751708984375" lon="82.9487137310206890106201171875">
        <ele>4001.60009765625</ele>
        <time>2026-08-09T06:13:24.000Z</time>
        <extensions>
          <ns3:TrackPointExtension>
            <ns3:hr>107</ns3:hr>
            <ns3:cad>48</ns3:cad>
          </ns3:TrackPointExtension>
        </extensions>
      </trkpt>
      <trkpt lat="29.1792310215532779693603515625" lon="82.9486989788711071014404296875">
        <ele>4002</ele>
        <time>2026-08-09T06:13:28.000Z</time>
        <extensions>
          <ns3:TrackPointExtension>
            <ns3:hr>104</ns3:hr>
            <ns3:cad>48</ns3:cad>
          </ns3:TrackPointExtension>
        </extensions>
      </trkpt>
      <trkpt lat="29.17921819724142551422119140625" lon="82.94868372380733489990234375">
        <ele>4002</ele>
        <time>2026-08-09T06:13:32.000Z</time>
        <extensions>
          <ns3:TrackPointExtension>
            <ns3:hr>103</ns3:hr>
            <ns3:cad>0</ns3:cad>
          </ns3:TrackPointExtension>
        </extensions>
      </trkpt>
      <trkpt lat="29.1792233102023601531982421875" lon="82.94868850149214267730712890625">
        <ele>4001</ele>
        <time>2026-08-09T06:13:35.000Z</time>
        <extensions>
          <ns3:TrackPointExtension>
            <ns3:hr>105</ns3:hr>
            <ns3:cad>0</ns3:cad>
          </ns3:TrackPointExtension>
        </extensions>
      </trkpt>
      <trkpt lat="29.17922222055494785308837890625" lon="82.94868850149214267730712890625">
        <ele>4000.60009765625</ele>
        <time>2026-08-09T06:13:39.000Z</time>
        <extensions>
          <ns3:TrackPointExtension>
            <ns3:hr>106</ns3:hr>
            <ns3:cad>0</ns3:cad>
          </ns3:TrackPointExtension>
        </extensions>
      </trkpt>
      <trkpt lat="29.17919204570353031158447265625" lon="82.948665954172611236572265625">
        <ele>3999.60009765625</ele>
        <time>2026-08-09T06:13:44.000Z</time>
        <extensions>
          <ns3:TrackPointExtension>
            <ns3:hr>104</ns3:hr>
            <ns3:cad>53</ns3:cad>
          </ns3:TrackPointExtension>
        </extensions>
      </trkpt>
      <trkpt lat="29.17916958220303058624267578125" lon="82.948643825948238372802734375">
        <ele>3998.60009765625</ele>
        <time>2026-08-09T06:13:47.000Z</time>
        <extensions>
          <ns3:TrackPointExtension>
            <ns3:hr>105</ns3:hr>
            <ns3:cad>53</ns3:cad>
          </ns3:TrackPointExtension>
        </extensions>
      </trkpt>
      <trkpt lat="29.179141335189342498779296875" lon="82.94860401190817356109619140625">
        <ele>3998</ele>
        <time>2026-08-09T06:13:52.000Z</time>
        <extensions>
          <ns3:TrackPointExtension>
            <ns3:hr>104</ns3:hr>
            <ns3:cad>50</ns3:cad>
          </ns3:TrackPointExtension>
        </extensions>
      </trkpt>
      <trkpt lat="29.179097749292850494384765625" lon="82.94857182539999485015869140625">
        <ele>3997</ele>
        <time>2026-08-09T06:13:59.000Z</time>
        <extensions>
          <ns3:TrackPointExtension>
            <ns3:hr>105</ns3:hr>
            <ns3:cad>0</ns3:cad>
          </ns3:TrackPointExtension>
        </extensions>
      </trkpt>
      <trkpt lat="29.179085679352283477783203125" lon="82.9485497809946537017822265625">
        <ele>3995.800048828125</ele>
        <time>2026-08-09T06:14:02.000Z</time>
        <extensions>
          <ns3:TrackPointExtension>
            <ns3:hr>107</ns3:hr>
            <ns3:cad>0</ns3:cad>
          </ns3:TrackPointExtension>
        </extensions>
      </trkpt>
      <trkpt lat="29.17907402850687503814697265625" lon="82.9485420696437358856201171875">
        <ele>3995.39990234375</ele>
        <time>2026-08-09T06:14:04.000Z</time>
        <extensions>
          <ns3:TrackPointExtension>
            <ns3:hr>106</ns3:hr>
            <ns3:cad>0</ns3:cad>
          </ns3:TrackPointExtension>
        </extensions>
      </trkpt>
      <trkpt lat="29.1790613718330860137939453125" lon="82.94851549901068210601806640625">
        <ele>3994.60009765625</ele>
        <time>2026-08-09T06:14:08.000Z</time>
        <extensions>
          <ns3:TrackPointExtension>
            <ns3:hr>105</ns3:hr>
            <ns3:cad>0</ns3:cad>
          </ns3:TrackPointExtension>
        </extensions>
      </trkpt>
      <trkpt lat="29.17905139736831188201904296875" lon="82.94850611127912998199462890625">
        <ele>3994</ele>
        <time>2026-08-09T06:14:09.000Z</time>
        <extensions>
          <ns3:TrackPointExtension>
            <ns3:hr>104</ns3:hr>
            <ns3:cad>0</ns3:cad>
          </ns3:TrackPointExtension>
        </extensions>
      </trkpt>
      <trkpt lat="29.17904167436063289642333984375" lon="82.94850175268948078155517578125">
        <ele>3993.199951171875</ele>
        <time>2026-08-09T06:14:11.000Z</time>
        <extensions>
          <ns3:TrackPointExtension>
            <ns3:hr>104</ns3:hr>
            <ns3:cad>0</ns3:cad>
          </ns3:TrackPointExtension>
        </extensions>
      </trkpt>
      <trkpt lat="29.17902088724076747894287109375" lon="82.94848314486443996429443359375">
        <ele>3992.800048828125</ele>
        <time>2026-08-09T06:14:14.000Z</time>
        <extensions>
          <ns3:TrackPointExtension>
            <ns3:hr>105</ns3:hr>
            <ns3:cad>50</ns3:cad>
          </ns3:TrackPointExtension>
        </extensions>
      </trkpt>
      <trkpt lat="29.179001189768314361572265625" lon="82.9484622739255428314208984375">
        <ele>3993.199951171875</ele>
        <time>2026-08-09T06:14:17.000Z</time>
        <extensions>
          <ns3:TrackPointExtension>
            <ns3:hr>105</ns3:hr>
            <ns3:cad>50</ns3:cad>
          </ns3:TrackPointExtension>
        </extensions>
      </trkpt>
      <trkpt lat="29.178993143141269683837890625" lon="82.94844458810985088348388671875">
        <ele>3993.199951171875</ele>
        <time>2026-08-09T06:14:19.000Z</time>
        <extensions>
          <ns3:TrackPointExtension>
            <ns3:hr>104</ns3:hr>
            <ns3:cad>0</ns3:cad>
          </ns3:TrackPointExtension>
        </extensions>
      </trkpt>
      <trkpt lat="29.17897009290754795074462890625" lon="82.94842715375125408172607421875">
        <ele>3992</ele>
        <time>2026-08-09T06:14:22.000Z</time>
        <extensions>
          <ns3:TrackPointExtension>
            <ns3:hr>104</ns3:hr>
            <ns3:cad>0</ns3:cad>
          </ns3:TrackPointExtension>
        </extensions>
      </trkpt>
      <trkpt lat="29.1789644770324230194091796875" lon="82.94842128641903400421142578125">
        <ele>3990.60009765625</ele>
        <time>2026-08-09T06:14:23.000Z</time>
        <extensions>
          <ns3:TrackPointExtension>
            <ns3:hr>104</ns3:hr>
            <ns3:cad>0</ns3:cad>
          </ns3:TrackPointExtension>
        </extensions>
      </trkpt>
      <trkpt lat="29.17895215563476085662841796875" lon="82.94841282069683074951171875">
        <ele>3989.800048828125</ele>
        <time>2026-08-09T06:14:25.000Z</time>
        <extensions>
          <ns3:TrackPointExtension>
            <ns3:hr>104</ns3:hr>
            <ns3:cad>0</ns3:cad>
          </ns3:TrackPointExtension>
        </extensions>
      </trkpt>
      <trkpt lat="29.178946875035762786865234375" lon="82.948410809040069580078125">
        <ele>3989.199951171875</ele>
        <time>2026-08-09T06:14:26.000Z</time>
        <extensions>
          <ns3:TrackPointExtension>
            <ns3:hr>104</ns3:hr>
            <ns3:cad>0</ns3:cad>
          </ns3:TrackPointExtension>
        </extensions>
      </trkpt>
      <trkpt lat="29.17893740348517894744873046875" lon="82.94841147959232330322265625">
        <ele>3988.800048828125</ele>
        <time>2026-08-09T06:14:27.000Z</time>
        <extensions>
          <ns3:TrackPointExtension>
            <ns3:hr>104</ns3:hr>
            <ns3:cad>0</ns3:cad>
          </ns3:TrackPointExtension>
        </extensions>
      </trkpt>
      <trkpt lat="29.17889901436865329742431640625" lon="82.94840619899332523345947265625">
        <ele>3988</ele>
        <time>2026-08-09T06:14:31.000Z</time>
        <extensions>
          <ns3:TrackPointExtension>
            <ns3:hr>107</ns3:hr>
            <ns3:cad>53</ns3:cad>
          </ns3:TrackPointExtension>
        </extensions>
      </trkpt>
      <trkpt lat="29.1788622178137302398681640625" lon="82.94840100221335887908935546875">
        <ele>3986.800048828125</ele>
        <time>2026-08-09T06:14:35.000Z</time>
        <extensions>
          <ns3:TrackPointExtension>
            <ns3:hr>105</ns3:hr>
            <ns3:cad>53</ns3:cad>
          </ns3:TrackPointExtension>
        </extensions>
      </trkpt>
      <trkpt lat="29.17883883230388164520263671875" lon="82.94840066693723201751708984375">
        <ele>3986.39990234375</ele>
        <time>2026-08-09T06:14:38.000Z</time>
        <extensions>
          <ns3:TrackPointExtension>
            <ns3:hr>104</ns3:hr>
            <ns3:cad>0</ns3:cad>
          </ns3:TrackPointExtension>
        </extensions>
      </trkpt>
      <trkpt lat="29.17880631051957607269287109375" lon="82.9483895190060138702392578125">
        <ele>3985.60009765625</ele>
        <time>2026-08-09T06:14:42.000Z</time>
        <extensions>
          <ns3:TrackPointExtension>
            <ns3:hr>103</ns3:hr>
            <ns3:cad>55</ns3:cad>
          </ns3:TrackPointExtension>
        </extensions>
      </trkpt>
      <trkpt lat="29.17881083674728870391845703125" lon="82.94837954454123973846435546875">
        <ele>3985.199951171875</ele>
        <time>2026-08-09T06:14:43.000Z</time>
        <extensions>
          <ns3:TrackPointExtension>
            <ns3:hr>103</ns3:hr>
            <ns3:cad>52</ns3:cad>
          </ns3:TrackPointExtension>
        </extensions>
      </trkpt>
      <trkpt lat="29.17882408015429973602294921875" lon="82.94835875742137432098388671875">
        <ele>3984.39990234375</ele>
        <time>2026-08-09T06:14:45.000Z</time>
        <extensions>
          <ns3:TrackPointExtension>
            <ns3:hr>103</ns3:hr>
            <ns3:cad>52</ns3:cad>
          </ns3:TrackPointExtension>
        </extensions>
      </trkpt>
      <trkpt lat="29.178838916122913360595703125" lon="82.94834936968982219696044921875">
        <ele>3983.60009765625</ele>
        <time>2026-08-09T06:14:47.000Z</time>
        <extensions>
          <ns3:TrackPointExtension>
            <ns3:hr>102</ns3:hr>
            <ns3:cad>52</ns3:cad>
          </ns3:TrackPointExtension>
        </extensions>
      </trkpt>
      <trkpt lat="29.17885425500571727752685546875" lon="82.94833880849182605743408203125">
        <ele>3983.199951171875</ele>
        <time>2026-08-09T06:14:49.000Z</time>
        <extensions>
          <ns3:TrackPointExtension>
            <ns3:hr>100</ns3:hr>
            <ns3:cad>52</ns3:cad>
          </ns3:TrackPointExtension>
        </extensions>
      </trkpt>
      <trkpt lat="29.17886632494628429412841796875" lon="82.948332019150257110595703125">
        <ele>3983</ele>
        <time>2026-08-09T06:14:51.000Z</time>
        <extensions>
          <ns3:TrackPointExtension>
            <ns3:hr>99</ns3:hr>
            <ns3:cad>52</ns3:cad>
          </ns3:TrackPointExtension>
        </extensions>
      </trkpt>
      <trkpt lat="29.17888342402875423431396484375" lon="82.9483154229819774627685546875">
        <ele>3982.39990234375</ele>
        <time>2026-08-09T06:14:54.000Z</time>
        <extensions>
          <ns3:TrackPointExtension>
            <ns3:hr>100</ns3:hr>
            <ns3:cad>52</ns3:cad>
          </ns3:TrackPointExtension>
        </extensions>
      </trkpt>
      <trkpt lat="29.17889465577900409698486328125" lon="82.94830377213656902313232421875">
        <ele>3982.199951171875</ele>
        <time>2026-08-09T06:14:56.000Z</time>
        <extensions>
          <ns3:TrackPointExtension>
            <ns3:hr>101</ns3:hr>
            <ns3:cad>0</ns3:cad>
          </ns3:TrackPointExtension>
        </extensions>
      </trkpt>
      <trkpt lat="29.17890806682407855987548828125" lon="82.948288433253765106201171875">
        <ele>3981.60009765625</ele>
        <time>2026-08-09T06:14:58.000Z</time>
        <extensions>
          <ns3:TrackPointExtension>
            <ns3:hr>102</ns3:hr>
            <ns3:cad>0</ns3:cad>
          </ns3:TrackPointExtension>
        </extensions>
      </trkpt>
      <trkpt lat="29.17892315424978733062744140625" lon="82.948273681104183197021484375">
        <ele>3980.800048828125</ele>
        <time>2026-08-09T06:15:00.000Z</time>
        <extensions>
          <ns3:TrackPointExtension>
            <ns3:hr>103</ns3:hr>
            <ns3:cad>0</ns3:cad>
          </ns3:TrackPointExtension>
        </extensions>
      </trkpt>
      <trkpt lat="29.178944528102874755859375" lon="82.9482530616223812103271484375">
        <ele>3979.800048828125</ele>
        <time>2026-08-09T06:15:03.000Z</time>
        <extensions>
          <ns3:TrackPointExtension>
            <ns3:hr>103</ns3:hr>
            <ns3:cad>0</ns3:cad>
          </ns3:TrackPointExtension>
        </extensions>
      </trkpt>
      <trkpt lat="29.17897210456430912017822265625" lon="82.94822582043707370758056640625">
        <ele>3978.60009765625</ele>
        <time>2026-08-09T06:15:08.000Z</time>
        <extensions>
          <ns3:TrackPointExtension>
            <ns3:hr>101</ns3:hr>
            <ns3:cad>0</ns3:cad>
          </ns3:TrackPointExtension>
        </extensions>
      </trkpt>
      <trkpt lat="29.17898870073258876800537109375" lon="82.94819866307079792022705078125">
        <ele>3977.60009765625</ele>
        <time>2026-08-09T06:15:11.000Z</time>
        <extensions>
          <ns3:TrackPointExtension>
            <ns3:hr>100</ns3:hr>
            <ns3:cad>0</ns3:cad>
          </ns3:TrackPointExtension>
        </extensions>
      </trkpt>
      <trkpt lat="29.17899507097899913787841796875" lon="82.94818483293056488037109375">
        <ele>3976.60009765625</ele>
        <time>2026-08-09T06:15:13.000Z</time>
        <extensions>
          <ns3:TrackPointExtension>
            <ns3:hr>100</ns3:hr>
            <ns3:cad>0</ns3:cad>
          </ns3:TrackPointExtension>
        </extensions>
      </trkpt>
      <trkpt lat="29.1790047101676464080810546875" lon="82.9481752775609493255615234375">
        <ele>3976.199951171875</ele>
        <time>2026-08-09T06:15:14.000Z</time>
        <extensions>
          <ns3:TrackPointExtension>
            <ns3:hr>100</ns3:hr>
            <ns3:cad>18</ns3:cad>
          </ns3:TrackPointExtension>
        </extensions>
      </trkpt>
      <trkpt lat="29.179003871977329254150390625" lon="82.94816630892455577850341796875">
        <ele>3976</ele>
        <time>2026-08-09T06:15:15.000Z</time>
        <extensions>
          <ns3:TrackPointExtension>
            <ns3:hr>100</ns3:hr>
            <ns3:cad>18</ns3:cad>
          </ns3:TrackPointExtension>
        </extensions>
      </trkpt>
      <trkpt lat="29.17901837266981601715087890625" lon="82.9481611959636211395263671875">
        <ele>3975.39990234375</ele>
        <time>2026-08-09T06:15:17.000Z</time>
        <extensions>
          <ns3:TrackPointExtension>
            <ns3:hr>98</ns3:hr>
            <ns3:cad>18</ns3:cad>
          </ns3:TrackPointExtension>
        </extensions>
      </trkpt>
      <trkpt lat="29.17903480120003223419189453125" lon="82.948152311146259307861328125">
        <ele>3974.800048828125</ele>
        <time>2026-08-09T06:15:19.000Z</time>
        <extensions>
          <ns3:TrackPointExtension>
            <ns3:hr>98</ns3:hr>
            <ns3:cad>0</ns3:cad>
          </ns3:TrackPointExtension>
        </extensions>
      </trkpt>
      <trkpt lat="29.1790397465229034423828125" lon="82.94814535416662693023681640625">
        <ele>3974.39990234375</ele>
        <time>2026-08-09T06:15:21.000Z</time>
        <extensions>
          <ns3:TrackPointExtension>
            <ns3:hr>98</ns3:hr>
            <ns3:cad>0</ns3:cad>
          </ns3:TrackPointExtension>
        </extensions>
      </trkpt>
      <trkpt lat="29.179035387933254241943359375" lon="82.94813429005444049835205078125">
        <ele>3974.60009765625</ele>
        <time>2026-08-09T06:15:24.000Z</time>
        <extensions>
          <ns3:TrackPointExtension>
            <ns3:hr>98</ns3:hr>
            <ns3:cad>0</ns3:cad>
          </ns3:TrackPointExtension>
        </extensions>
      </trkpt>
      <trkpt lat="29.1790117509663105010986328125" lon="82.948106713593006134033203125">
        <ele>3974.60009765625</ele>
        <time>2026-08-09T06:15:28.000Z</time>
        <extensions>
          <ns3:TrackPointExtension>
            <ns3:hr>99</ns3:hr>
            <ns3:cad>0</ns3:cad>
          </ns3:TrackPointExtension>
        </extensions>
      </trkpt>
      <trkpt lat="29.1789943166077136993408203125" lon="82.94810595922172069549560546875">
        <ele>3974.199951171875</ele>
        <time>2026-08-09T06:15:30.000Z</time>
        <extensions>
          <ns3:TrackPointExtension>
            <ns3:hr>103</ns3:hr>
            <ns3:cad>0</ns3:cad>
          </ns3:TrackPointExtension>
        </extensions>
      </trkpt>
      <trkpt lat="29.17898769490420818328857421875" lon="82.94810528866946697235107421875">
        <ele>3973.800048828125</ele>
        <time>2026-08-09T06:15:31.000Z</time>
        <extensions>
          <ns3:TrackPointExtension>
            <ns3:hr>106</ns3:hr>
            <ns3:cad>0</ns3:cad>
          </ns3:TrackPointExtension>
        </extensions>
      </trkpt>
      <trkpt lat="29.1789792291820049285888671875" lon="82.94810277409851551055908203125">
        <ele>3973.39990234375</ele>
        <time>2026-08-09T06:15:32.000Z</time>
        <extensions>
          <ns3:TrackPointExtension>
            <ns3:hr>110</ns3:hr>
            <ns3:cad>62</ns3:cad>
          </ns3:TrackPointExtension>
        </extensions>
      </trkpt>
      <trkpt lat="29.17896958999335765838623046875" lon="82.94810570776462554931640625">
        <ele>3972.39990234375</ele>
        <time>2026-08-09T06:15:34.000Z</time>
        <extensions>
          <ns3:TrackPointExtension>
            <ns3:hr>112</ns3:hr>
            <ns3:cad>62</ns3:cad>
          </ns3:TrackPointExtension>
        </extensions>
      </trkpt>
      <trkpt lat="29.178962968289852142333984375" lon="82.94810780324041843414306640625">
        <ele>3971.800048828125</ele>
        <time>2026-08-09T06:15:35.000Z</time>
        <extensions>
          <ns3:TrackPointExtension>
            <ns3:hr>113</ns3:hr>
            <ns3:cad>62</ns3:cad>
          </ns3:TrackPointExtension>
        </extensions>
      </trkpt>
      <trkpt lat="29.17893723584711551666259765625" lon="82.94810310937464237213134765625">
        <ele>3970.39990234375</ele>
        <time>2026-08-09T06:15:38.000Z</time>
        <extensions>
          <ns3:TrackPointExtension>
            <ns3:hr>114</ns3:hr>
            <ns3:cad>62</ns3:cad>
          </ns3:TrackPointExtension>
        </extensions>
      </trkpt>
      <trkpt lat="29.1789205558598041534423828125" lon="82.9480988346040248870849609375">
        <ele>3969.800048828125</ele>
        <time>2026-08-09T06:15:40.000Z</time>
        <extensions>
          <ns3:TrackPointExtension>
            <ns3:hr>114</ns3:hr>
            <ns3:cad>0</ns3:cad>
          </ns3:TrackPointExtension>
        </extensions>
      </trkpt>
      <trkpt lat="29.17890362441539764404296875" lon="82.948100678622722625732421875">
        <ele>3969.199951171875</ele>
        <time>2026-08-09T06:15:42.000Z</time>
        <extensions>
          <ns3:TrackPointExtension>
            <ns3:hr>115</ns3:hr>
            <ns3:cad>0</ns3:cad>
          </ns3:TrackPointExtension>
        </extensions>
      </trkpt>
      <trkpt lat="29.17888225056231021881103515625" lon="82.9480968229472637176513671875">
        <ele>3968.199951171875</ele>
        <time>2026-08-09T06:15:45.000Z</time>
        <extensions>
          <ns3:TrackPointExtension>
            <ns3:hr>115</ns3:hr>
            <ns3:cad>0</ns3:cad>
          </ns3:TrackPointExtension>
        </extensions>
      </trkpt>
      <trkpt lat="29.17887152172625064849853515625" lon="82.9480954818427562713623046875">
        <ele>3968</ele>
        <time>2026-08-09T06:15:46.000Z</time>
        <extensions>
          <ns3:TrackPointExtension>
            <ns3:hr>116</ns3:hr>
            <ns3:cad>0</ns3:cad>
          </ns3:TrackPointExtension>
        </extensions>
      </trkpt>
      <trkpt lat="29.17883145622909069061279296875" lon="82.94810327701270580291748046875">
        <ele>3967</ele>
        <time>2026-08-09T06:15:50.000Z</time>
        <extensions>
          <ns3:TrackPointExtension>
            <ns3:hr>115</ns3:hr>
            <ns3:cad>0</ns3:cad>
          </ns3:TrackPointExtension>
        </extensions>
      </trkpt>
      <trkpt lat="29.17882357724010944366455078125" lon="82.94810512103140354156494140625">
        <ele>3966.60009765625</ele>
        <time>2026-08-09T06:15:51.000Z</time>
        <extensions>
          <ns3:TrackPointExtension>
            <ns3:hr>115</ns3:hr>
            <ns3:cad>0</ns3:cad>
          </ns3:TrackPointExtension>
        </extensions>
      </trkpt>
      <trkpt lat="29.178810082376003265380859375" lon="82.9481041990220546722412109375">
        <ele>3965.800048828125</ele>
        <time>2026-08-09T06:15:53.000Z</time>
        <extensions>
          <ns3:TrackPointExtension>
            <ns3:hr>114</ns3:hr>
            <ns3:cad>0</ns3:cad>
          </ns3:TrackPointExtension>
        </extensions>
      </trkpt>
      <trkpt lat="29.1787576116621494293212890625" lon="82.94810034334659576416015625">
        <ele>3964.800048828125</ele>
        <time>2026-08-09T06:15:58.000Z</time>
        <extensions>
          <ns3:TrackPointExtension>
            <ns3:hr>115</ns3:hr>
            <ns3:cad>0</ns3:cad>
          </ns3:TrackPointExtension>
        </extensions>
      </trkpt>
      <trkpt lat="29.17874411679804325103759765625" lon="82.94809942133724689483642578125">
        <ele>3964.60009765625</ele>
        <time>2026-08-09T06:15:59.000Z</time>
        <extensions>
          <ns3:TrackPointExtension>
            <ns3:hr>115</ns3:hr>
            <ns3:cad>0</ns3:cad>
          </ns3:TrackPointExtension>
        </extensions>
      </trkpt>
      <trkpt lat="29.17871830053627490997314453125" lon="82.948104701936244964599609375">
        <ele>3963.800048828125</ele>
        <time>2026-08-09T06:16:02.000Z</time>
        <extensions>
          <ns3:TrackPointExtension>
            <ns3:hr>114</ns3:hr>
            <ns3:cad>55</ns3:cad>
          </ns3:TrackPointExtension>
        </extensions>
      </trkpt>
      <trkpt lat="29.17871042154729366302490234375" lon="82.94810227118432521820068359375">
        <ele>3963.39990234375</ele>
        <time>2026-08-09T06:16:03.000Z</time>
        <extensions>
          <ns3:TrackPointExtension>
            <ns3:hr>114</ns3:hr>
            <ns3:cad>55</ns3:cad>
          </ns3:TrackPointExtension>
        </extensions>
      </trkpt>
      <trkpt lat="29.17870187200605869293212890625" lon="82.94810310937464237213134765625">
        <ele>3963.199951171875</ele>
        <time>2026-08-09T06:16:04.000Z</time>
        <extensions>
          <ns3:TrackPointExtension>
            <ns3:hr>114</ns3:hr>
            <ns3:cad>55</ns3:cad>
          </ns3:TrackPointExtension>
        </extensions>
      </trkpt>
      <trkpt lat="29.17867806740105152130126953125" lon="82.94809405691921710968017578125">
        <ele>3962.199951171875</ele>
        <time>2026-08-09T06:16:06.000Z</time>
        <extensions>
          <ns3:TrackPointExtension>
            <ns3:hr>114</ns3:hr>
            <ns3:cad>54</ns3:cad>
          </ns3:TrackPointExtension>
        </extensions>
      </trkpt>
      <trkpt lat="29.1786489821970462799072265625" lon="82.94808559119701385498046875">
        <ele>3961.39990234375</ele>
        <time>2026-08-09T06:16:09.000Z</time>
        <extensions>
          <ns3:TrackPointExtension>
            <ns3:hr>112</ns3:hr>
            <ns3:cad>54</ns3:cad>
          </ns3:TrackPointExtension>
        </extensions>
      </trkpt>
      <trkpt lat="29.1786406002938747406005859375" lon="82.94808634556829929351806640625">
        <ele>3961.199951171875</ele>
        <time>2026-08-09T06:16:10.000Z</time>
        <extensions>
          <ns3:TrackPointExtension>
            <ns3:hr>112</ns3:hr>
            <ns3:cad>0</ns3:cad>
          </ns3:TrackPointExtension>
        </extensions>
      </trkpt>
      <trkpt lat="29.17860464192926883697509765625" lon="82.94809053651988506317138671875">
        <ele>3960</ele>
        <time>2026-08-09T06:16:14.000Z</time>
        <extensions>
          <ns3:TrackPointExtension>
            <ns3:hr>111</ns3:hr>
            <ns3:cad>0</ns3:cad>
          </ns3:TrackPointExtension>
        </extensions>
      </trkpt>
      <trkpt lat="29.17859374545514583587646484375" lon="82.9480907879769802093505859375">
        <ele>3959.60009765625</ele>
        <time>2026-08-09T06:16:15.000Z</time>
        <extensions>
          <ns3:TrackPointExtension>
            <ns3:hr>111</ns3:hr>
            <ns3:cad>0</ns3:cad>
          </ns3:TrackPointExtension>
        </extensions>
      </trkpt>
      <trkpt lat="29.178582765161991119384765625" lon="82.94808349572122097015380859375">
        <ele>3958.60009765625</ele>
        <time>2026-08-09T06:16:17.000Z</time>
        <extensions>
          <ns3:TrackPointExtension>
            <ns3:hr>109</ns3:hr>
            <ns3:cad>0</ns3:cad>
          </ns3:TrackPointExtension>
        </extensions>
      </trkpt>
      <trkpt lat="29.178567342460155487060546875" lon="82.94807980768382549285888671875">
        <ele>3958.199951171875</ele>
        <time>2026-08-09T06:16:19.000Z</time>
        <extensions>
          <ns3:TrackPointExtension>
            <ns3:hr>108</ns3:hr>
            <ns3:cad>0</ns3:cad>
          </ns3:TrackPointExtension>
        </extensions>
      </trkpt>
      <trkpt lat="29.1785547696053981781005859375" lon="82.94806891120970249176025390625">
        <ele>3957.39990234375</ele>
        <time>2026-08-09T06:16:22.000Z</time>
        <extensions>
          <ns3:TrackPointExtension>
            <ns3:hr>107</ns3:hr>
            <ns3:cad>0</ns3:cad>
          </ns3:TrackPointExtension>
        </extensions>
      </trkpt>
      <trkpt lat="29.178546555340290069580078125" lon="82.94807243160903453826904296875">
        <ele>3957</ele>
        <time>2026-08-09T06:16:23.000Z</time>
        <extensions>
          <ns3:TrackPointExtension>
            <ns3:hr>106</ns3:hr>
            <ns3:cad>0</ns3:cad>
          </ns3:TrackPointExtension>
        </extensions>
      </trkpt>
      <trkpt lat="29.17853306047618389129638671875" lon="82.94806958176195621490478515625">
        <ele>3956.60009765625</ele>
        <time>2026-08-09T06:16:24.000Z</time>
        <extensions>
          <ns3:TrackPointExtension>
            <ns3:hr>105</ns3:hr>
            <ns3:cad>0</ns3:cad>
          </ns3:TrackPointExtension>
        </extensions>
      </trkpt>
      <trkpt lat="29.17853616178035736083984375" lon="82.9480525664985179901123046875">
        <ele>3956.60009765625</ele>
        <time>2026-08-09T06:16:26.000Z</time>
        <extensions>
          <ns3:TrackPointExtension>
            <ns3:hr>104</ns3:hr>
            <ns3:cad>0</ns3:cad>
          </ns3:TrackPointExtension>
        </extensions>
      </trkpt>
      <trkpt lat="29.17854630388319492340087890625" lon="82.9480418376624584197998046875">
        <ele>3956.800048828125</ele>
        <time>2026-08-09T06:16:28.000Z</time>
        <extensions>
          <ns3:TrackPointExtension>
            <ns3:hr>103</ns3:hr>
            <ns3:cad>0</ns3:cad>
          </ns3:TrackPointExtension>
        </extensions>
      </trkpt>
      <trkpt lat="29.1785634867846965789794921875" lon="82.9480347968637943267822265625">
        <ele>3956.60009765625</ele>
        <time>2026-08-09T06:16:31.000Z</time>
        <extensions>
          <ns3:TrackPointExtension>
            <ns3:hr>103</ns3:hr>
            <ns3:cad>0</ns3:cad>
          </ns3:TrackPointExtension>
        </extensions>
      </trkpt>
      <trkpt lat="29.1785695217549800872802734375" lon="82.948028258979320526123046875">
        <ele>3956.60009765625</ele>
        <time>2026-08-09T06:16:32.000Z</time>
        <extensions>
          <ns3:TrackPointExtension>
            <ns3:hr>104</ns3:hr>
            <ns3:cad>0</ns3:cad>
          </ns3:TrackPointExtension>
        </extensions>
      </trkpt>
      <trkpt lat="29.17857706546783447265625" lon="82.94802524149417877197265625">
        <ele>3956.199951171875</ele>
        <time>2026-08-09T06:16:33.000Z</time>
        <extensions>
          <ns3:TrackPointExtension>
            <ns3:hr>104</ns3:hr>
            <ns3:cad>0</ns3:cad>
          </ns3:TrackPointExtension>
        </extensions>
      </trkpt>
      <trkpt lat="29.17859919369220733642578125" lon="82.9480116628110408782958984375">
        <ele>3955.199951171875</ele>
        <time>2026-08-09T06:16:36.000Z</time>
        <extensions>
          <ns3:TrackPointExtension>
            <ns3:hr>106</ns3:hr>
            <ns3:cad>54</ns3:cad>
          </ns3:TrackPointExtension>
        </extensions>
      </trkpt>
      <trkpt lat="29.17861235328018665313720703125" lon="82.9479975812137126922607421875">
        <ele>3954</ele>
        <time>2026-08-09T06:16:38.000Z</time>
        <extensions>
          <ns3:TrackPointExtension>
            <ns3:hr>107</ns3:hr>
            <ns3:cad>54</ns3:cad>
          </ns3:TrackPointExtension>
        </extensions>
      </trkpt>
      <trkpt lat="29.1786164604127407073974609375" lon="82.94799414463341236114501953125">
        <ele>3953.60009765625</ele>
        <time>2026-08-09T06:16:39.000Z</time>
        <extensions>
          <ns3:TrackPointExtension>
            <ns3:hr>107</ns3:hr>
            <ns3:cad>0</ns3:cad>
          </ns3:TrackPointExtension>
        </extensions>
      </trkpt>
      <trkpt lat="29.17861788533627986907958984375" lon="82.947988025844097137451171875">
        <ele>3953</ele>
        <time>2026-08-09T06:16:40.000Z</time>
        <extensions>
          <ns3:TrackPointExtension>
            <ns3:hr>108</ns3:hr>
            <ns3:cad>0</ns3:cad>
          </ns3:TrackPointExtension>
        </extensions>
      </trkpt>
      <trkpt lat="29.1786385886371135711669921875" lon="82.947967238724231719970703125">
        <ele>3952</ele>
        <time>2026-08-09T06:16:43.000Z</time>
        <extensions>
          <ns3:TrackPointExtension>
            <ns3:hr>108</ns3:hr>
            <ns3:cad>0</ns3:cad>
          </ns3:TrackPointExtension>
        </extensions>
      </trkpt>
      <trkpt lat="29.17864152230322360992431640625" lon="82.94795952737331390380859375">
        <ele>3951.800048828125</ele>
        <time>2026-08-09T06:16:44.000Z</time>
        <extensions>
          <ns3:TrackPointExtension>
            <ns3:hr>109</ns3:hr>
            <ns3:cad>0</ns3:cad>
          </ns3:TrackPointExtension>
        </extensions>
      </trkpt>
      <trkpt lat="29.1786687634885311126708984375" lon="82.94793404638767242431640625">
        <ele>3950.800048828125</ele>
        <time>2026-08-09T06:16:48.000Z</time>
        <extensions>
          <ns3:TrackPointExtension>
            <ns3:hr>111</ns3:hr>
            <ns3:cad>0</ns3:cad>
          </ns3:TrackPointExtension>
        </extensions>
      </trkpt>
      <trkpt lat="29.17868846096098423004150390625" lon="82.9479177854955196380615234375">
        <ele>3949.800048828125</ele>
        <time>2026-08-09T06:16:51.000Z</time>
        <extensions>
          <ns3:TrackPointExtension>
            <ns3:hr>113</ns3:hr>
            <ns3:cad>0</ns3:cad>
          </ns3:TrackPointExtension>
        </extensions>
      </trkpt>
      <trkpt lat="29.17868443764746189117431640625" lon="82.947914935648441314697265625">
        <ele>3949.39990234375</ele>
        <time>2026-08-09T06:16:52.000Z</time>
        <extensions>
          <ns3:TrackPointExtension>
            <ns3:hr>114</ns3:hr>
            <ns3:cad>0</ns3:cad>
          </ns3:TrackPointExtension>
        </extensions>
      </trkpt>
      <trkpt lat="29.1786784864962100982666015625" lon="82.9479100741446018218994140625">
        <ele>3949</ele>
        <time>2026-08-09T06:16:53.000Z</time>
        <extensions>
          <ns3:TrackPointExtension>
            <ns3:hr>114</ns3:hr>
            <ns3:cad>0</ns3:cad>
          </ns3:TrackPointExtension>
        </extensions>
      </trkpt>
      <trkpt lat="29.17867186479270458221435546875" lon="82.94790362007915973663330078125">
        <ele>3948.39990234375</ele>
        <time>2026-08-09T06:16:55.000Z</time>
        <extensions>
          <ns3:TrackPointExtension>
            <ns3:hr>116</ns3:hr>
            <ns3:cad>0</ns3:cad>
          </ns3:TrackPointExtension>
        </extensions>
      </trkpt>
      <trkpt lat="29.1786496527493000030517578125" lon="82.9479078948497772216796875">
        <ele>3947.60009765625</ele>
        <time>2026-08-09T06:16:58.000Z</time>
        <extensions>
          <ns3:TrackPointExtension>
            <ns3:hr>117</ns3:hr>
            <ns3:cad>0</ns3:cad>
          </ns3:TrackPointExtension>
        </extensions>
      </trkpt>
      <trkpt lat="29.1786406002938747406005859375" lon="82.94790320098400115966796875">
        <ele>3947.39990234375</ele>
        <time>2026-08-09T06:16:59.000Z</time>
        <extensions>
          <ns3:TrackPointExtension>
            <ns3:hr>117</ns3:hr>
            <ns3:cad>0</ns3:cad>
          </ns3:TrackPointExtension>
        </extensions>
      </trkpt>
      <trkpt lat="29.1786030493676662445068359375" lon="82.94790781103074550628662109375">
        <ele>3946.60009765625</ele>
        <time>2026-08-09T06:17:03.000Z</time>
        <extensions>
          <ns3:TrackPointExtension>
            <ns3:hr>120</ns3:hr>
            <ns3:cad>0</ns3:cad>
          </ns3:TrackPointExtension>
        </extensions>
      </trkpt>
      <trkpt lat="29.17859475128352642059326171875" lon="82.94790185987949371337890625">
        <ele>3946.39990234375</ele>
        <time>2026-08-09T06:17:04.000Z</time>
        <extensions>
          <ns3:TrackPointExtension>
            <ns3:hr>121</ns3:hr>
            <ns3:cad>0</ns3:cad>
          </ns3:TrackPointExtension>
        </extensions>
      </trkpt>
      <trkpt lat="29.1785923205316066741943359375" lon="82.9478966630995273590087890625">
        <ele>3946</ele>
        <time>2026-08-09T06:17:08.000Z</time>
        <extensions>
          <ns3:TrackPointExtension>
            <ns3:hr>121</ns3:hr>
            <ns3:cad>0</ns3:cad>
          </ns3:TrackPointExtension>
        </extensions>
      </trkpt>
      <trkpt lat="29.1785923205316066741943359375" lon="82.9478966630995273590087890625">
        <ele>3945.39990234375</ele>
        <time>2026-08-09T06:17:13.000Z</time>
        <extensions>
          <ns3:TrackPointExtension>
            <ns3:hr>118</ns3:hr>
            <ns3:cad>0</ns3:cad>
          </ns3:TrackPointExtension>
        </extensions>
      </trkpt>
      <trkpt lat="29.1785923205316066741943359375" lon="82.9478966630995273590087890625">
        <ele>3945.39990234375</ele>
        <time>2026-08-09T06:17:14.000Z</time>
        <extensions>
          <ns3:TrackPointExtension>
            <ns3:hr>117</ns3:hr>
            <ns3:cad>0</ns3:cad>
          </ns3:TrackPointExtension>
        </extensions>
      </trkpt>
      <trkpt lat="29.1785923205316066741943359375" lon="82.9478966630995273590087890625">
        <ele>3945.39990234375</ele>
        <time>2026-08-09T06:17:17.000Z</time>
        <extensions>
          <ns3:TrackPointExtension>
            <ns3:hr>114</ns3:hr>
            <ns3:cad>0</ns3:cad>
          </ns3:TrackPointExtension>
        </extensions>
      </trkpt>
      <trkpt lat="29.17858469299972057342529296875" lon="82.947894148528575897216796875">
        <ele>3945.39990234375</ele>
        <time>2026-08-09T06:17:19.000Z</time>
        <extensions>
          <ns3:TrackPointExtension>
            <ns3:hr>114</ns3:hr>
            <ns3:cad>0</ns3:cad>
          </ns3:TrackPointExtension>
        </extensions>
      </trkpt>
      <trkpt lat="29.17855267412960529327392578125" lon="82.94788367114961147308349609375">
        <ele>3944.60009765625</ele>
        <time>2026-08-09T06:17:24.000Z</time>
        <extensions>
          <ns3:TrackPointExtension>
            <ns3:hr>115</ns3:hr>
            <ns3:cad>0</ns3:cad>
          </ns3:TrackPointExtension>
        </extensions>
      </trkpt>
      <trkpt lat="29.17854496277868747711181640625" lon="82.9478822462260723114013671875">
        <ele>3944</ele>
        <time>2026-08-09T06:17:26.000Z</time>
        <extensions>
          <ns3:TrackPointExtension>
            <ns3:hr>116</ns3:hr>
            <ns3:cad>0</ns3:cad>
          </ns3:TrackPointExtension>
        </extensions>
      </trkpt>
      <trkpt lat="29.178542532026767730712890625" lon="82.94788501225411891937255859375">
        <ele>3943.199951171875</ele>
        <time>2026-08-09T06:17:29.000Z</time>
        <extensions>
          <ns3:TrackPointExtension>
            <ns3:hr>117</ns3:hr>
            <ns3:cad>0</ns3:cad>
          </ns3:TrackPointExtension>
        </extensions>
      </trkpt>
      <trkpt lat="29.17853976599872112274169921875" lon="82.9478825815021991729736328125">
        <ele>3942.800048828125</ele>
        <time>2026-08-09T06:17:30.000Z</time>
        <extensions>
          <ns3:TrackPointExtension>
            <ns3:hr>117</ns3:hr>
            <ns3:cad>0</ns3:cad>
          </ns3:TrackPointExtension>
        </extensions>
      </trkpt>
      <trkpt lat="29.17851361446082592010498046875" lon="82.9478849284350872039794921875">
        <ele>3941.39990234375</ele>
        <time>2026-08-09T06:17:33.000Z</time>
        <extensions>
          <ns3:TrackPointExtension>
            <ns3:hr>117</ns3:hr>
            <ns3:cad>62</ns3:cad>
          </ns3:TrackPointExtension>
        </extensions>
      </trkpt>
      <trkpt lat="29.17850791476666927337646484375" lon="82.94788367114961147308349609375">
        <ele>3941</ele>
        <time>2026-08-09T06:17:34.000Z</time>
        <extensions>
          <ns3:TrackPointExtension>
            <ns3:hr>118</ns3:hr>
            <ns3:cad>62</ns3:cad>
          </ns3:TrackPointExtension>
        </extensions>
      </trkpt>
      <trkpt lat="29.17849550954997539520263671875" lon="82.9478825815021991729736328125">
        <ele>3940</ele>
        <time>2026-08-09T06:17:36.000Z</time>
        <extensions>
          <ns3:TrackPointExtension>
            <ns3:hr>117</ns3:hr>
            <ns3:cad>0</ns3:cad>
          </ns3:TrackPointExtension>
        </extensions>
      </trkpt>
      <trkpt lat="29.1784615628421306610107421875" lon="82.94786573387682437896728515625">
        <ele>3939</ele>
        <time>2026-08-09T06:17:42.000Z</time>
        <extensions>
          <ns3:TrackPointExtension>
            <ns3:hr>116</ns3:hr>
            <ns3:cad>0</ns3:cad>
          </ns3:TrackPointExtension>
        </extensions>
      </trkpt>
      <trkpt lat="29.1784572042524814605712890625" lon="82.94786640442907810211181640625">
        <ele>3938.800048828125</ele>
        <time>2026-08-09T06:17:43.000Z</time>
        <extensions>
          <ns3:TrackPointExtension>
            <ns3:hr>116</ns3:hr>
            <ns3:cad>0</ns3:cad>
          </ns3:TrackPointExtension>
        </extensions>
      </trkpt>
      <trkpt lat="29.1784116066992282867431640625" lon="82.947874367237091064453125">
        <ele>3937.800048828125</ele>
        <time>2026-08-09T06:17:47.000Z</time>
        <extensions>
          <ns3:TrackPointExtension>
            <ns3:hr>115</ns3:hr>
            <ns3:cad>0</ns3:cad>
          </ns3:TrackPointExtension>
        </extensions>
      </trkpt>
      <trkpt lat="29.17840716429054737091064453125" lon="82.9478758759796619415283203125">
        <ele>3937.800048828125</ele>
        <time>2026-08-09T06:17:48.000Z</time>
        <extensions>
          <ns3:TrackPointExtension>
            <ns3:hr>116</ns3:hr>
            <ns3:cad>0</ns3:cad>
          </ns3:TrackPointExtension>
        </extensions>
      </trkpt>
      <trkpt lat="29.17835913598537445068359375" lon="82.94787503778934478759765625">
        <ele>3937</ele>
        <time>2026-08-09T06:17:53.000Z</time>
        <extensions>
          <ns3:TrackPointExtension>
            <ns3:hr>114</ns3:hr>
            <ns3:cad>0</ns3:cad>
          </ns3:TrackPointExtension>
        </extensions>
      </trkpt>
      <trkpt lat="29.178350083529949188232421875" lon="82.9478731937706470489501953125">
        <ele>3936.800048828125</ele>
        <time>2026-08-09T06:17:54.000Z</time>
        <extensions>
          <ns3:TrackPointExtension>
            <ns3:hr>114</ns3:hr>
            <ns3:cad>0</ns3:cad>
          </ns3:TrackPointExtension>
        </extensions>
      </trkpt>
      <trkpt lat="29.178316555917263031005859375" lon="82.9478550888597965240478515625">
        <ele>3936.60009765625</ele>
        <time>2026-08-09T06:17:59.000Z</time>
        <extensions>
          <ns3:TrackPointExtension>
            <ns3:hr>114</ns3:hr>
            <ns3:cad>0</ns3:cad>
          </ns3:TrackPointExtension>
        </extensions>
      </trkpt>
      <trkpt lat="29.178301803767681121826171875" lon="82.94783304445445537567138671875">
        <ele>3935.60009765625</ele>
        <time>2026-08-09T06:18:03.000Z</time>
        <extensions>
          <ns3:TrackPointExtension>
            <ns3:hr>113</ns3:hr>
            <ns3:cad>0</ns3:cad>
          </ns3:TrackPointExtension>
        </extensions>
      </trkpt>
      <trkpt lat="29.17828042991459369659423828125" lon="82.94783639721572399139404296875">
        <ele>3934.199951171875</ele>
        <time>2026-08-09T06:18:06.000Z</time>
        <extensions>
          <ns3:TrackPointExtension>
            <ns3:hr>114</ns3:hr>
            <ns3:cad>0</ns3:cad>
          </ns3:TrackPointExtension>
        </extensions>
      </trkpt>
      <trkpt lat="29.17826852761209011077880859375" lon="82.9478272609412670135498046875">
        <ele>3934</ele>
        <time>2026-08-09T06:18:07.000Z</time>
        <extensions>
          <ns3:TrackPointExtension>
            <ns3:hr>114</ns3:hr>
            <ns3:cad>0</ns3:cad>
          </ns3:TrackPointExtension>
        </extensions>
      </trkpt>
      <trkpt lat="29.1782583855092525482177734375" lon="82.9478188790380954742431640625">
        <ele>3933</ele>
        <time>2026-08-09T06:18:11.000Z</time>
        <extensions>
          <ns3:TrackPointExtension>
            <ns3:hr>114</ns3:hr>
            <ns3:cad>0</ns3:cad>
          </ns3:TrackPointExtension>
        </extensions>
      </trkpt>
      <trkpt lat="29.17823634110391139984130859375" lon="82.947802282869815826416015625">
        <ele>3932.800048828125</ele>
        <time>2026-08-09T06:18:16.000Z</time>
        <extensions>
          <ns3:TrackPointExtension>
            <ns3:hr>115</ns3:hr>
            <ns3:cad>0</ns3:cad>
          </ns3:TrackPointExtension>
        </extensions>
      </trkpt>
      <trkpt lat="29.17821404524147510528564453125" lon="82.9477776400744915008544921875">
        <ele>3932.39990234375</ele>
        <time>2026-08-09T06:18:20.000Z</time>
        <extensions>
          <ns3:TrackPointExtension>
            <ns3:hr>114</ns3:hr>
            <ns3:cad>0</ns3:cad>
          </ns3:TrackPointExtension>
        </extensions>
      </trkpt>
      <trkpt lat="29.17819074355065822601318359375" lon="82.947772778570652008056640625">
        <ele>3932</ele>
        <time>2026-08-09T06:18:24.000Z</time>
        <extensions>
          <ns3:TrackPointExtension>
            <ns3:hr>115</ns3:hr>
            <ns3:cad>0</ns3:cad>
          </ns3:TrackPointExtension>
        </extensions>
      </trkpt>
      <trkpt lat="29.17817314155399799346923828125" lon="82.9477669112384319305419921875">
        <ele>3931</ele>
        <time>2026-08-09T06:18:27.000Z</time>
        <extensions>
          <ns3:TrackPointExtension>
            <ns3:hr>115</ns3:hr>
            <ns3:cad>0</ns3:cad>
          </ns3:TrackPointExtension>
        </extensions>
      </trkpt>
      <trkpt lat="29.17814950458705425262451171875" lon="82.947751991450786590576171875">
        <ele>3930.199951171875</ele>
        <time>2026-08-09T06:18:30.000Z</time>
        <extensions>
          <ns3:TrackPointExtension>
            <ns3:hr>114</ns3:hr>
            <ns3:cad>0</ns3:cad>
          </ns3:TrackPointExtension>
        </extensions>
      </trkpt>
      <trkpt lat="29.17812955565750598907470703125" lon="82.9477367363870143890380859375">
        <ele>3930</ele>
        <time>2026-08-09T06:18:33.000Z</time>
        <extensions>
          <ns3:TrackPointExtension>
            <ns3:hr>113</ns3:hr>
            <ns3:cad>0</ns3:cad>
          </ns3:TrackPointExtension>
        </extensions>
      </trkpt>
      <trkpt lat="29.178116060793399810791015625" lon="82.94772609136998653411865234375">
        <ele>3930</ele>
        <time>2026-08-09T06:18:34.000Z</time>
        <extensions>
          <ns3:TrackPointExtension>
            <ns3:hr>112</ns3:hr>
            <ns3:cad>0</ns3:cad>
          </ns3:TrackPointExtension>
        </extensions>
      </trkpt>
      <trkpt lat="29.17809217236936092376708984375" lon="82.94769424013793468475341796875">
        <ele>3930.60009765625</ele>
        <time>2026-08-09T06:18:39.000Z</time>
        <extensions>
          <ns3:TrackPointExtension>
            <ns3:hr>112</ns3:hr>
            <ns3:cad>0</ns3:cad>
          </ns3:TrackPointExtension>
        </extensions>
      </trkpt>
      <trkpt lat="29.178091920912265777587890625" lon="82.94768284074962139129638671875">
        <ele>3930.60009765625</ele>
        <time>2026-08-09T06:18:43.000Z</time>
        <extensions>
          <ns3:TrackPointExtension>
            <ns3:hr>110</ns3:hr>
            <ns3:cad>0</ns3:cad>
          </ns3:TrackPointExtension>
        </extensions>
      </trkpt>
      <trkpt lat="29.17808563448488712310791015625" lon="82.947669513523578643798828125">
        <ele>3930.39990234375</ele>
        <time>2026-08-09T06:18:45.000Z</time>
        <extensions>
          <ns3:TrackPointExtension>
            <ns3:hr>107</ns3:hr>
            <ns3:cad>0</ns3:cad>
          </ns3:TrackPointExtension>
        </extensions>
      </trkpt>
      <trkpt lat="29.17808161117136478424072265625" lon="82.94763824902474880218505859375">
        <ele>3928.800048828125</ele>
        <time>2026-08-09T06:18:49.000Z</time>
        <extensions>
          <ns3:TrackPointExtension>
            <ns3:hr>105</ns3:hr>
            <ns3:cad>62</ns3:cad>
          </ns3:TrackPointExtension>
        </extensions>
      </trkpt>
      <trkpt lat="29.17807641439139842987060546875" lon="82.94762827455997467041015625">
        <ele>3928.39990234375</ele>
        <time>2026-08-09T06:18:50.000Z</time>
        <extensions>
          <ns3:TrackPointExtension>
            <ns3:hr>105</ns3:hr>
            <ns3:cad>62</ns3:cad>
          </ns3:TrackPointExtension>
        </extensions>
      </trkpt>
      <trkpt lat="29.1780391149222850799560546875" lon="82.94758778996765613555908203125">
        <ele>3927.800048828125</ele>
        <time>2026-08-09T06:18:56.000Z</time>
        <extensions>
          <ns3:TrackPointExtension>
            <ns3:hr>104</ns3:hr>
            <ns3:cad>62</ns3:cad>
          </ns3:TrackPointExtension>
        </extensions>
      </trkpt>
      <trkpt lat="29.17798630893230438232421875" lon="82.94753917492926120758056640625">
        <ele>3928</ele>
        <time>2026-08-09T06:19:02.000Z</time>
        <extensions>
          <ns3:TrackPointExtension>
            <ns3:hr>105</ns3:hr>
            <ns3:cad>0</ns3:cad>
          </ns3:TrackPointExtension>
        </extensions>
      </trkpt>
      <trkpt lat="29.17795739136636257171630859375" lon="82.94748209416866302490234375">
        <ele>3928.39990234375</ele>
        <time>2026-08-09T06:19:07.000Z</time>
        <extensions>
          <ns3:TrackPointExtension>
            <ns3:hr>106</ns3:hr>
            <ns3:cad>0</ns3:cad>
          </ns3:TrackPointExtension>
        </extensions>
      </trkpt>
      <trkpt lat="29.1779308207333087921142578125" lon="82.947416715323925018310546875">
        <ele>3928.39990234375</ele>
        <time>2026-08-09T06:19:13.000Z</time>
        <extensions>
          <ns3:TrackPointExtension>
            <ns3:hr>107</ns3:hr>
            <ns3:cad>0</ns3:cad>
          </ns3:TrackPointExtension>
        </extensions>
      </trkpt>
      <trkpt lat="29.17791187763214111328125" lon="82.94738561846315860748291015625">
        <ele>3927.60009765625</ele>
        <time>2026-08-09T06:19:16.000Z</time>
        <extensions>
          <ns3:TrackPointExtension>
            <ns3:hr>108</ns3:hr>
            <ns3:cad>0</ns3:cad>
          </ns3:TrackPointExtension>
        </extensions>
      </trkpt>
      <trkpt lat="29.17790047824382781982421875" lon="82.94734773226082324981689453125">
        <ele>3926.60009765625</ele>
        <time>2026-08-09T06:19:19.000Z</time>
        <extensions>
          <ns3:TrackPointExtension>
            <ns3:hr>108</ns3:hr>
            <ns3:cad>0</ns3:cad>
          </ns3:TrackPointExtension>
        </extensions>
      </trkpt>
      <trkpt lat="29.17789511382579803466796875" lon="82.947340942919254302978515625">
        <ele>3926.199951171875</ele>
        <time>2026-08-09T06:19:20.000Z</time>
        <extensions>
          <ns3:TrackPointExtension>
            <ns3:hr>109</ns3:hr>
            <ns3:cad>0</ns3:cad>
          </ns3:TrackPointExtension>
        </extensions>
      </trkpt>
      <trkpt lat="29.17784708552062511444091796875" lon="82.94727682135999202728271484375">
        <ele>3925.39990234375</ele>
        <time>2026-08-09T06:19:27.000Z</time>
        <extensions>
          <ns3:TrackPointExtension>
            <ns3:hr>109</ns3:hr>
            <ns3:cad>0</ns3:cad>
          </ns3:TrackPointExtension>
        </extensions>
      </trkpt>
      <trkpt lat="29.1778389550745487213134765625" lon="82.94727229513227939605712890625">
        <ele>3925.199951171875</ele>
        <time>2026-08-09T06:19:28.000Z</time>
        <extensions>
          <ns3:TrackPointExtension>
            <ns3:hr>109</ns3:hr>
            <ns3:cad>0</ns3:cad>
          </ns3:TrackPointExtension>
        </extensions>
      </trkpt>
      <trkpt lat="29.177792854607105255126953125" lon="82.9472400248050689697265625">
        <ele>3925.39990234375</ele>
        <time>2026-08-09T06:19:33.000Z</time>
        <extensions>
          <ns3:TrackPointExtension>
            <ns3:hr>108</ns3:hr>
            <ns3:cad>0</ns3:cad>
          </ns3:TrackPointExtension>
        </extensions>
      </trkpt>
      <trkpt lat="29.17776167392730712890625" lon="82.94721378944814205169677734375">
        <ele>3926.199951171875</ele>
        <time>2026-08-09T06:19:38.000Z</time>
        <extensions>
          <ns3:TrackPointExtension>
            <ns3:hr>109</ns3:hr>
            <ns3:cad>54</ns3:cad>
          </ns3:TrackPointExtension>
        </extensions>
      </trkpt>
      <trkpt lat="29.177735857665538787841796875" lon="82.9471945948898792266845703125">
        <ele>3924.199951171875</ele>
        <time>2026-08-09T06:19:42.000Z</time>
        <extensions>
          <ns3:TrackPointExtension>
            <ns3:hr>109</ns3:hr>
            <ns3:cad>54</ns3:cad>
          </ns3:TrackPointExtension>
        </extensions>
      </trkpt>
      <trkpt lat="29.17772370390594005584716796875" lon="82.9471888951957225799560546875">
        <ele>3923.199951171875</ele>
        <time>2026-08-09T06:19:44.000Z</time>
        <extensions>
          <ns3:TrackPointExtension>
            <ns3:hr>109</ns3:hr>
            <ns3:cad>0</ns3:cad>
          </ns3:TrackPointExtension>
        </extensions>
      </trkpt>
      <trkpt lat="29.17769939638674259185791015625" lon="82.94716752134263515472412109375">
        <ele>3922.199951171875</ele>
        <time>2026-08-09T06:19:47.000Z</time>
        <extensions>
          <ns3:TrackPointExtension>
            <ns3:hr>110</ns3:hr>
            <ns3:cad>58</ns3:cad>
          </ns3:TrackPointExtension>
        </extensions>
      </trkpt>
      <trkpt lat="29.17768129147589206695556640625" lon="82.94715226627886295318603515625">
        <ele>3922</ele>
        <time>2026-08-09T06:19:49.000Z</time>
        <extensions>
          <ns3:TrackPointExtension>
            <ns3:hr>112</ns3:hr>
            <ns3:cad>58</ns3:cad>
          </ns3:TrackPointExtension>
        </extensions>
      </trkpt>
      <trkpt lat="29.17763250879943370819091796875" lon="82.94709862209856510162353515625">
        <ele>3922.199951171875</ele>
        <time>2026-08-09T06:19:55.000Z</time>
        <extensions>
          <ns3:TrackPointExtension>
            <ns3:hr>115</ns3:hr>
            <ns3:cad>53</ns3:cad>
          </ns3:TrackPointExtension>
        </extensions>
      </trkpt>
      <trkpt lat="29.17758909054100513458251953125" lon="82.94704464264214038848876953125">
        <ele>3921.60009765625</ele>
        <time>2026-08-09T06:20:01.000Z</time>
        <extensions>
          <ns3:TrackPointExtension>
            <ns3:hr>114</ns3:hr>
            <ns3:cad>0</ns3:cad>
          </ns3:TrackPointExtension>
        </extensions>
      </trkpt>
      <trkpt lat="29.17757869698107242584228515625" lon="82.947015054523944854736328125">
        <ele>3921</ele>
        <time>2026-08-09T06:20:05.000Z</time>
        <extensions>
          <ns3:TrackPointExtension>
            <ns3:hr>114</ns3:hr>
            <ns3:cad>0</ns3:cad>
          </ns3:TrackPointExtension>
        </extensions>
      </trkpt>
      <trkpt lat="29.17756344191730022430419921875" lon="82.94695914722979068756103515625">
        <ele>3920.199951171875</ele>
        <time>2026-08-09T06:20:09.000Z</time>
        <extensions>
          <ns3:TrackPointExtension>
            <ns3:hr>115</ns3:hr>
            <ns3:cad>0</ns3:cad>
          </ns3:TrackPointExtension>
        </extensions>
      </trkpt>
      <trkpt lat="29.177563525736331939697265625" lon="82.9468941874802112579345703125">
        <ele>3921</ele>
        <time>2026-08-09T06:20:15.000Z</time>
        <extensions>
          <ns3:TrackPointExtension>
            <ns3:hr>114</ns3:hr>
            <ns3:cad>0</ns3:cad>
          </ns3:TrackPointExtension>
        </extensions>
      </trkpt>
      <trkpt lat="29.1775646992027759552001953125" lon="82.946844734251499176025390625">
        <ele>3920</ele>
        <time>2026-08-09T06:20:19.000Z</time>
        <extensions>
          <ns3:TrackPointExtension>
            <ns3:hr>115</ns3:hr>
            <ns3:cad>43</ns3:cad>
          </ns3:TrackPointExtension>
        </extensions>
      </trkpt>
      <trkpt lat="29.1775672137737274169921875" lon="82.94681145809590816497802734375">
        <ele>3918.800048828125</ele>
        <time>2026-08-09T06:20:22.000Z</time>
        <extensions>
          <ns3:TrackPointExtension>
            <ns3:hr>114</ns3:hr>
            <ns3:cad>0</ns3:cad>
          </ns3:TrackPointExtension>
        </extensions>
      </trkpt>
      <trkpt lat="29.17755422182381153106689453125" lon="82.9467902518808841705322265625">
        <ele>3918.800048828125</ele>
        <time>2026-08-09T06:20:25.000Z</time>
        <extensions>
          <ns3:TrackPointExtension>
            <ns3:hr>114</ns3:hr>
            <ns3:cad>0</ns3:cad>
          </ns3:TrackPointExtension>
        </extensions>
      </trkpt>
      <trkpt lat="29.17755170725286006927490234375" lon="82.94677390716969966888427734375">
        <ele>3919.39990234375</ele>
        <time>2026-08-09T06:20:27.000Z</time>
        <extensions>
          <ns3:TrackPointExtension>
            <ns3:hr>114</ns3:hr>
            <ns3:cad>50</ns3:cad>
          </ns3:TrackPointExtension>
        </extensions>
      </trkpt>
      <trkpt lat="29.17755053378641605377197265625" lon="82.9467652738094329833984375">
        <ele>3920</ele>
        <time>2026-08-09T06:20:28.000Z</time>
        <extensions>
          <ns3:TrackPointExtension>
            <ns3:hr>114</ns3:hr>
            <ns3:cad>50</ns3:cad>
          </ns3:TrackPointExtension>
        </extensions>
      </trkpt>
      <trkpt lat="29.1775576584041118621826171875" lon="82.94672411866486072540283203125">
        <ele>3918.39990234375</ele>
        <time>2026-08-09T06:20:32.000Z</time>
        <extensions>
          <ns3:TrackPointExtension>
            <ns3:hr>114</ns3:hr>
            <ns3:cad>0</ns3:cad>
          </ns3:TrackPointExtension>
        </extensions>
      </trkpt>
      <trkpt lat="29.1775556467473506927490234375" lon="82.94671741314232349395751953125">
        <ele>3917.39990234375</ele>
        <time>2026-08-09T06:20:33.000Z</time>
        <extensions>
          <ns3:TrackPointExtension>
            <ns3:hr>114</ns3:hr>
            <ns3:cad>0</ns3:cad>
          </ns3:TrackPointExtension>
        </extensions>
      </trkpt>
      <trkpt lat="29.17754868976771831512451171875" lon="82.9467047564685344696044921875">
        <ele>3917</ele>
        <time>2026-08-09T06:20:37.000Z</time>
        <extensions>
          <ns3:TrackPointExtension>
            <ns3:hr>113</ns3:hr>
            <ns3:cad>0</ns3:cad>
          </ns3:TrackPointExtension>
        </extensions>
      </trkpt>
      <trkpt lat="29.17751935310661792755126953125" lon="82.9467357695102691650390625">
        <ele>3917.60009765625</ele>
        <time>2026-08-09T06:20:42.000Z</time>
        <extensions>
          <ns3:TrackPointExtension>
            <ns3:hr>114</ns3:hr>
            <ns3:cad>0</ns3:cad>
          </ns3:TrackPointExtension>
        </extensions>
      </trkpt>
      <trkpt lat="29.1774936206638813018798828125" lon="82.94673979282379150390625">
        <ele>3916.199951171875</ele>
        <time>2026-08-09T06:20:45.000Z</time>
        <extensions>
          <ns3:TrackPointExtension>
            <ns3:hr>114</ns3:hr>
            <ns3:cad>62</ns3:cad>
          </ns3:TrackPointExtension>
        </extensions>
      </trkpt>
      <trkpt lat="29.1774733364582061767578125" lon="82.94675529934465885162353515625">
        <ele>3915</ele>
        <time>2026-08-09T06:20:48.000Z</time>
        <extensions>
          <ns3:TrackPointExtension>
            <ns3:hr>114</ns3:hr>
            <ns3:cad>62</ns3:cad>
          </ns3:TrackPointExtension>
        </extensions>
      </trkpt>
      <trkpt lat="29.1774621047079563140869140625" lon="82.9467547126114368438720703125">
        <ele>3915</ele>
        <time>2026-08-09T06:20:49.000Z</time>
        <extensions>
          <ns3:TrackPointExtension>
            <ns3:hr>114</ns3:hr>
            <ns3:cad>62</ns3:cad>
          </ns3:TrackPointExtension>
        </extensions>
      </trkpt>
      <trkpt lat="29.17743377387523651123046875" lon="82.94676133431494235992431640625">
        <ele>3914</ele>
        <time>2026-08-09T06:20:52.000Z</time>
        <extensions>
          <ns3:TrackPointExtension>
            <ns3:hr>112</ns3:hr>
            <ns3:cad>0</ns3:cad>
          </ns3:TrackPointExtension>
        </extensions>
      </trkpt>
      <trkpt lat="29.17739027179777622222900390625" lon="82.94677843339741230010986328125">
        <ele>3913</ele>
        <time>2026-08-09T06:20:57.000Z</time>
        <extensions>
          <ns3:TrackPointExtension>
            <ns3:hr>111</ns3:hr>
            <ns3:cad>0</ns3:cad>
          </ns3:TrackPointExtension>
        </extensions>
      </trkpt>
      <trkpt lat="29.17737744748592376708984375" lon="82.94677591882646083831787109375">
        <ele>3913</ele>
        <time>2026-08-09T06:20:58.000Z</time>
        <extensions>
          <ns3:TrackPointExtension>
            <ns3:hr>111</ns3:hr>
            <ns3:cad>0</ns3:cad>
          </ns3:TrackPointExtension>
        </extensions>
      </trkpt>
      <trkpt lat="29.1773618571460247039794921875" lon="82.94677457772195339202880859375">
        <ele>3912.800048828125</ele>
        <time>2026-08-09T06:21:01.000Z</time>
        <extensions>
          <ns3:TrackPointExtension>
            <ns3:hr>110</ns3:hr>
            <ns3:cad>0</ns3:cad>
          </ns3:TrackPointExtension>
        </extensions>
      </trkpt>
      <trkpt lat="29.1773310117423534393310546875" lon="82.9467714764177799224853515625">
        <ele>3911.199951171875</ele>
        <time>2026-08-09T06:21:05.000Z</time>
        <extensions>
          <ns3:TrackPointExtension>
            <ns3:hr>109</ns3:hr>
            <ns3:cad>0</ns3:cad>
          </ns3:TrackPointExtension>
        </extensions>
      </trkpt>
      <trkpt lat="29.177323468029499053955078125" lon="82.9467580653727054595947265625">
        <ele>3909.800048828125</ele>
        <time>2026-08-09T06:21:07.000Z</time>
        <extensions>
          <ns3:TrackPointExtension>
            <ns3:hr>107</ns3:hr>
            <ns3:cad>0</ns3:cad>
          </ns3:TrackPointExtension>
        </extensions>
      </trkpt>
      <trkpt lat="29.17732179164886474609375" lon="82.9467617534101009368896484375">
        <ele>3908.39990234375</ele>
        <time>2026-08-09T06:21:09.000Z</time>
        <extensions>
          <ns3:TrackPointExtension>
            <ns3:hr>107</ns3:hr>
            <ns3:cad>0</ns3:cad>
          </ns3:TrackPointExtension>
        </extensions>
      </trkpt>
      <trkpt lat="29.17730863206088542938232421875" lon="82.946761585772037506103515625">
        <ele>3908</ele>
        <time>2026-08-09T06:21:10.000Z</time>
        <extensions>
          <ns3:TrackPointExtension>
            <ns3:hr>107</ns3:hr>
            <ns3:cad>0</ns3:cad>
          </ns3:TrackPointExtension>
        </extensions>
      </trkpt>
      <trkpt lat="29.17727359570562839508056640625" lon="82.946758568286895751953125">
        <ele>3907</ele>
        <time>2026-08-09T06:21:15.000Z</time>
        <extensions>
          <ns3:TrackPointExtension>
            <ns3:hr>107</ns3:hr>
            <ns3:cad>0</ns3:cad>
          </ns3:TrackPointExtension>
        </extensions>
      </trkpt>
      <trkpt lat="29.17726211249828338623046875" lon="82.94675395824015140533447265625">
        <ele>3906</ele>
        <time>2026-08-09T06:21:19.000Z</time>
        <extensions>
          <ns3:TrackPointExtension>
            <ns3:hr>106</ns3:hr>
            <ns3:cad>0</ns3:cad>
          </ns3:TrackPointExtension>
        </extensions>
      </trkpt>
      <trkpt lat="29.17723688296973705291748046875" lon="82.94675094075500965118408203125">
        <ele>3904.800048828125</ele>
        <time>2026-08-09T06:21:23.000Z</time>
        <extensions>
          <ns3:TrackPointExtension>
            <ns3:hr>106</ns3:hr>
            <ns3:cad>0</ns3:cad>
          </ns3:TrackPointExtension>
        </extensions>
      </trkpt>
      <trkpt lat="29.177233278751373291015625" lon="82.94674792326986789703369140625">
        <ele>3904.199951171875</ele>
        <time>2026-08-09T06:21:24.000Z</time>
        <extensions>
          <ns3:TrackPointExtension>
            <ns3:hr>105</ns3:hr>
            <ns3:cad>0</ns3:cad>
          </ns3:TrackPointExtension>
        </extensions>
      </trkpt>
      <trkpt lat="29.17723051272332668304443359375" lon="82.94674582779407501220703125">
        <ele>3903.60009765625</ele>
        <time>2026-08-09T06:21:25.000Z</time>
        <extensions>
          <ns3:TrackPointExtension>
            <ns3:hr>104</ns3:hr>
            <ns3:cad>0</ns3:cad>
          </ns3:TrackPointExtension>
        </extensions>
      </trkpt>
      <trkpt lat="29.177224226295948028564453125" lon="82.9467386193573474884033203125">
        <ele>3902</ele>
        <time>2026-08-09T06:21:27.000Z</time>
        <extensions>
          <ns3:TrackPointExtension>
            <ns3:hr>101</ns3:hr>
            <ns3:cad>0</ns3:cad>
          </ns3:TrackPointExtension>
        </extensions>
      </trkpt>
      <trkpt lat="29.1772116534411907196044921875" lon="82.9467258788645267486572265625">
        <ele>3901.39990234375</ele>
        <time>2026-08-09T06:21:30.000Z</time>
        <extensions>
          <ns3:TrackPointExtension>
            <ns3:hr>98</ns3:hr>
            <ns3:cad>0</ns3:cad>
          </ns3:TrackPointExtension>
        </extensions>
      </trkpt>
      <trkpt lat="29.17721022851765155792236328125" lon="82.94672663323581218719482421875">
        <ele>3901.800048828125</ele>
        <time>2026-08-09T06:21:31.000Z</time>
        <extensions>
          <ns3:TrackPointExtension>
            <ns3:hr>98</ns3:hr>
            <ns3:cad>0</ns3:cad>
          </ns3:TrackPointExtension>
        </extensions>
      </trkpt>
      <trkpt lat="29.17718474753201007843017578125" lon="82.94673367403447628021240234375">
        <ele>3901</ele>
        <time>2026-08-09T06:21:37.000Z</time>
        <extensions>
          <ns3:TrackPointExtension>
            <ns3:hr>99</ns3:hr>
            <ns3:cad>0</ns3:cad>
          </ns3:TrackPointExtension>
        </extensions>
      </trkpt>
      <trkpt lat="29.17718055658042430877685546875" lon="82.94673300348222255706787109375">
        <ele>3900.800048828125</ele>
        <time>2026-08-09T06:21:44.000Z</time>
        <extensions>
          <ns3:TrackPointExtension>
            <ns3:hr>102</ns3:hr>
            <ns3:cad>0</ns3:cad>
          </ns3:TrackPointExtension>
        </extensions>
      </trkpt>
      <trkpt lat="29.17718055658042430877685546875" lon="82.94673300348222255706787109375">
        <ele>3901.39990234375</ele>
        <time>2026-08-09T06:21:47.000Z</time>
        <extensions>
          <ns3:TrackPointExtension>
            <ns3:hr>105</ns3:hr>
            <ns3:cad>0</ns3:cad>
          </ns3:TrackPointExtension>
        </extensions>
      </trkpt>
      <trkpt lat="29.17718055658042430877685546875" lon="82.94673300348222255706787109375">
        <ele>3901.39990234375</ele>
        <time>2026-08-09T06:21:48.000Z</time>
        <extensions>
          <ns3:TrackPointExtension>
            <ns3:hr>106</ns3:hr>
            <ns3:cad>0</ns3:cad>
          </ns3:TrackPointExtension>
        </extensions>
      </trkpt>
      <trkpt lat="29.17716312222182750701904296875" lon="82.946730069816112518310546875">
        <ele>3902</ele>
        <time>2026-08-09T06:21:52.000Z</time>
        <extensions>
          <ns3:TrackPointExtension>
            <ns3:hr>108</ns3:hr>
            <ns3:cad>0</ns3:cad>
          </ns3:TrackPointExtension>
        </extensions>
      </trkpt>
      <trkpt lat="29.1771526448428630828857421875" lon="82.94673107564449310302734375">
        <ele>3902.199951171875</ele>
        <time>2026-08-09T06:21:53.000Z</time>
        <extensions>
          <ns3:TrackPointExtension>
            <ns3:hr>108</ns3:hr>
            <ns3:cad>0</ns3:cad>
          </ns3:TrackPointExtension>
        </extensions>
      </trkpt>
      <trkpt lat="29.17711232788860797882080078125" lon="82.94673216529190540313720703125">
        <ele>3901.199951171875</ele>
        <time>2026-08-09T06:21:58.000Z</time>
        <extensions>
          <ns3:TrackPointExtension>
            <ns3:hr>109</ns3:hr>
            <ns3:cad>0</ns3:cad>
          </ns3:TrackPointExtension>
        </extensions>
      </trkpt>
      <trkpt lat="29.17710411362349987030029296875" lon="82.9467242024838924407958984375">
        <ele>3900.60009765625</ele>
        <time>2026-08-09T06:21:59.000Z</time>
        <extensions>
          <ns3:TrackPointExtension>
            <ns3:hr>109</ns3:hr>
            <ns3:cad>0</ns3:cad>
          </ns3:TrackPointExtension>
        </extensions>
      </trkpt>
      <trkpt lat="29.17711450718343257904052734375" lon="82.9466940276324748992919921875">
        <ele>3899.60009765625</ele>
        <time>2026-08-09T06:22:03.000Z</time>
        <extensions>
          <ns3:TrackPointExtension>
            <ns3:hr>107</ns3:hr>
            <ns3:cad>56</ns3:cad>
          </ns3:TrackPointExtension>
        </extensions>
      </trkpt>
      <trkpt lat="29.17712439782917499542236328125" lon="82.94666896574199199676513671875">
        <ele>3899.39990234375</ele>
        <time>2026-08-09T06:22:06.000Z</time>
        <extensions>
          <ns3:TrackPointExtension>
            <ns3:hr>109</ns3:hr>
            <ns3:cad>0</ns3:cad>
          </ns3:TrackPointExtension>
        </extensions>
      </trkpt>
      <trkpt lat="29.17713277973234653472900390625" lon="82.94666611589491367340087890625">
        <ele>3899</ele>
        <time>2026-08-09T06:22:09.000Z</time>
        <extensions>
          <ns3:TrackPointExtension>
            <ns3:hr>110</ns3:hr>
            <ns3:cad>0</ns3:cad>
          </ns3:TrackPointExtension>
        </extensions>
      </trkpt>
      <trkpt lat="29.177141748368740081787109375" lon="82.94666058383882045745849609375">
        <ele>3898</ele>
        <time>2026-08-09T06:22:10.000Z</time>
        <extensions>
          <ns3:TrackPointExtension>
            <ns3:hr>111</ns3:hr>
            <ns3:cad>0</ns3:cad>
          </ns3:TrackPointExtension>
        </extensions>
      </trkpt>
      <trkpt lat="29.17714434675872325897216796875" lon="82.946649603545665740966796875">
        <ele>3896.800048828125</ele>
        <time>2026-08-09T06:22:11.000Z</time>
        <extensions>
          <ns3:TrackPointExtension>
            <ns3:hr>112</ns3:hr>
            <ns3:cad>0</ns3:cad>
          </ns3:TrackPointExtension>
        </extensions>
      </trkpt>
      <trkpt lat="29.17715214192867279052734375" lon="82.94663744978606700897216796875">
        <ele>3896.199951171875</ele>
        <time>2026-08-09T06:22:13.000Z</time>
        <extensions>
          <ns3:TrackPointExtension>
            <ns3:hr>113</ns3:hr>
            <ns3:cad>0</ns3:cad>
          </ns3:TrackPointExtension>
        </extensions>
      </trkpt>
      <trkpt lat="29.177160523831844329833984375" lon="82.94662537984549999237060546875">
        <ele>3895.39990234375</ele>
        <time>2026-08-09T06:22:15.000Z</time>
        <extensions>
          <ns3:TrackPointExtension>
            <ns3:hr>114</ns3:hr>
            <ns3:cad>0</ns3:cad>
          </ns3:TrackPointExtension>
        </extensions>
      </trkpt>
      <trkpt lat="29.17717888019979000091552734375" lon="82.94660543091595172882080078125">
        <ele>3894.199951171875</ele>
        <time>2026-08-09T06:22:19.000Z</time>
        <extensions>
          <ns3:TrackPointExtension>
            <ns3:hr>113</ns3:hr>
            <ns3:cad>57</ns3:cad>
          </ns3:TrackPointExtension>
        </extensions>
      </trkpt>
      <trkpt lat="29.17718491517007350921630859375" lon="82.946599312126636505126953125">
        <ele>3894</ele>
        <time>2026-08-09T06:22:20.000Z</time>
        <extensions>
          <ns3:TrackPointExtension>
            <ns3:hr>113</ns3:hr>
            <ns3:cad>57</ns3:cad>
          </ns3:TrackPointExtension>
        </extensions>
      </trkpt>
      <trkpt lat="29.1771962307393550872802734375" lon="82.94658212922513484954833984375">
        <ele>3893.60009765625</ele>
        <time>2026-08-09T06:22:24.000Z</time>
        <extensions>
          <ns3:TrackPointExtension>
            <ns3:hr>113</ns3:hr>
            <ns3:cad>0</ns3:cad>
          </ns3:TrackPointExtension>
        </extensions>
      </trkpt>
      <trkpt lat="29.17720000259578227996826171875" lon="82.946565784513950347900390625">
        <ele>3893</ele>
        <time>2026-08-09T06:22:26.000Z</time>
        <extensions>
          <ns3:TrackPointExtension>
            <ns3:hr>112</ns3:hr>
            <ns3:cad>0</ns3:cad>
          </ns3:TrackPointExtension>
        </extensions>
      </trkpt>
      <trkpt lat="29.17721810750663280487060546875" lon="82.9465414769947528839111328125">
        <ele>3892.39990234375</ele>
        <time>2026-08-09T06:22:29.000Z</time>
        <extensions>
          <ns3:TrackPointExtension>
            <ns3:hr>113</ns3:hr>
            <ns3:cad>0</ns3:cad>
          </ns3:TrackPointExtension>
        </extensions>
      </trkpt>
      <trkpt lat="29.17722682468593120574951171875" lon="82.94653334654867649078369140625">
        <ele>3892</ele>
        <time>2026-08-09T06:22:30.000Z</time>
        <extensions>
          <ns3:TrackPointExtension>
            <ns3:hr>113</ns3:hr>
            <ns3:cad>0</ns3:cad>
          </ns3:TrackPointExtension>
        </extensions>
      </trkpt>
      <trkpt lat="29.17724023573100566864013671875" lon="82.9465069435536861419677734375">
        <ele>3891</ele>
        <time>2026-08-09T06:22:33.000Z</time>
        <extensions>
          <ns3:TrackPointExtension>
            <ns3:hr>116</ns3:hr>
            <ns3:cad>0</ns3:cad>
          </ns3:TrackPointExtension>
        </extensions>
      </trkpt>
      <trkpt lat="29.17724241502583026885986328125" lon="82.946495376527309417724609375">
        <ele>3890.60009765625</ele>
        <time>2026-08-09T06:22:34.000Z</time>
        <extensions>
          <ns3:TrackPointExtension>
            <ns3:hr>117</ns3:hr>
            <ns3:cad>0</ns3:cad>
          </ns3:TrackPointExtension>
        </extensions>
      </trkpt>
      <trkpt lat="29.177244007587432861328125" lon="82.9464864917099475860595703125">
        <ele>3890.39990234375</ele>
        <time>2026-08-09T06:22:35.000Z</time>
        <extensions>
          <ns3:TrackPointExtension>
            <ns3:hr>117</ns3:hr>
            <ns3:cad>0</ns3:cad>
          </ns3:TrackPointExtension>
        </extensions>
      </trkpt>
      <trkpt lat="29.17726940475404262542724609375" lon="82.94645086862146854400634765625">
        <ele>3889.800048828125</ele>
        <time>2026-08-09T06:22:39.000Z</time>
        <extensions>
          <ns3:TrackPointExtension>
            <ns3:hr>118</ns3:hr>
            <ns3:cad>0</ns3:cad>
          </ns3:TrackPointExtension>
        </extensions>
      </trkpt>
      <trkpt lat="29.17725943028926849365234375" lon="82.94643879868090152740478515625">
        <ele>3889.60009765625</ele>
        <time>2026-08-09T06:22:43.000Z</time>
        <extensions>
          <ns3:TrackPointExtension>
            <ns3:hr>116</ns3:hr>
            <ns3:cad>0</ns3:cad>
          </ns3:TrackPointExtension>
        </extensions>
      </trkpt>
      <trkpt lat="29.177223555743694305419921875" lon="82.94645455665886402130126953125">
        <ele>3888.199951171875</ele>
        <time>2026-08-09T06:22:48.000Z</time>
        <extensions>
          <ns3:TrackPointExtension>
            <ns3:hr>115</ns3:hr>
            <ns3:cad>0</ns3:cad>
          </ns3:TrackPointExtension>
        </extensions>
      </trkpt>
      <trkpt lat="29.1772166825830936431884765625" lon="82.94645589776337146759033203125">
        <ele>3887.800048828125</ele>
        <time>2026-08-09T06:22:49.000Z</time>
        <extensions>
          <ns3:TrackPointExtension>
            <ns3:hr>115</ns3:hr>
            <ns3:cad>0</ns3:cad>
          </ns3:TrackPointExtension>
        </extensions>
      </trkpt>
      <trkpt lat="29.1772002540528774261474609375" lon="82.946461848914623260498046875">
        <ele>3887</ele>
        <time>2026-08-09T06:22:51.000Z</time>
        <extensions>
          <ns3:TrackPointExtension>
            <ns3:hr>114</ns3:hr>
            <ns3:cad>0</ns3:cad>
          </ns3:TrackPointExtension>
        </extensions>
      </trkpt>
      <trkpt lat="29.17717502452433109283447265625" lon="82.9464662075042724609375">
        <ele>3885.60009765625</ele>
        <time>2026-08-09T06:22:54.000Z</time>
        <extensions>
          <ns3:TrackPointExtension>
            <ns3:hr>114</ns3:hr>
            <ns3:cad>0</ns3:cad>
          </ns3:TrackPointExtension>
        </extensions>
      </trkpt>
      <trkpt lat="29.1771502979099750518798828125" lon="82.94646645896136760711669921875">
        <ele>3884.39990234375</ele>
        <time>2026-08-09T06:22:57.000Z</time>
        <extensions>
          <ns3:TrackPointExtension>
            <ns3:hr>114</ns3:hr>
            <ns3:cad>0</ns3:cad>
          </ns3:TrackPointExtension>
        </extensions>
      </trkpt>
      <trkpt lat="29.1771201230585575103759765625" lon="82.9464734159409999847412109375">
        <ele>3883.800048828125</ele>
        <time>2026-08-09T06:23:00.000Z</time>
        <extensions>
          <ns3:TrackPointExtension>
            <ns3:hr>115</ns3:hr>
            <ns3:cad>62</ns3:cad>
          </ns3:TrackPointExtension>
        </extensions>
      </trkpt>
      <trkpt lat="29.17710076086223125457763671875" lon="82.94647090137004852294921875">
        <ele>3883.39990234375</ele>
        <time>2026-08-09T06:23:02.000Z</time>
        <extensions>
          <ns3:TrackPointExtension>
            <ns3:hr>115</ns3:hr>
            <ns3:cad>62</ns3:cad>
          </ns3:TrackPointExtension>
        </extensions>
      </trkpt>
      <trkpt lat="29.17708734981715679168701171875" lon="82.94646947644650936126708984375">
        <ele>3882.800048828125</ele>
        <time>2026-08-09T06:23:04.000Z</time>
        <extensions>
          <ns3:TrackPointExtension>
            <ns3:hr>116</ns3:hr>
            <ns3:cad>0</ns3:cad>
          </ns3:TrackPointExtension>
        </extensions>
      </trkpt>
      <trkpt lat="29.17707427404820919036865234375" lon="82.94646629132330417633056640625">
        <ele>3882.199951171875</ele>
        <time>2026-08-09T06:23:05.000Z</time>
        <extensions>
          <ns3:TrackPointExtension>
            <ns3:hr>114</ns3:hr>
            <ns3:cad>0</ns3:cad>
          </ns3:TrackPointExtension>
        </extensions>
      </trkpt>
      <trkpt lat="29.17704887688159942626953125" lon="82.94646511785686016082763671875">
        <ele>3880.800048828125</ele>
        <time>2026-08-09T06:23:08.000Z</time>
        <extensions>
          <ns3:TrackPointExtension>
            <ns3:hr>113</ns3:hr>
            <ns3:cad>0</ns3:cad>
          </ns3:TrackPointExtension>
        </extensions>
      </trkpt>
      <trkpt lat="29.177041836082935333251953125" lon="82.94646545313298702239990234375">
        <ele>3880.39990234375</ele>
        <time>2026-08-09T06:23:09.000Z</time>
        <extensions>
          <ns3:TrackPointExtension>
            <ns3:hr>113</ns3:hr>
            <ns3:cad>0</ns3:cad>
          </ns3:TrackPointExtension>
        </extensions>
      </trkpt>
      <trkpt lat="29.17702230624854564666748046875" lon="82.94645573012530803680419921875">
        <ele>3879.800048828125</ele>
        <time>2026-08-09T06:23:12.000Z</time>
        <extensions>
          <ns3:TrackPointExtension>
            <ns3:hr>113</ns3:hr>
            <ns3:cad>57</ns3:cad>
          </ns3:TrackPointExtension>
        </extensions>
      </trkpt>
      <trkpt lat="29.17700822465121746063232421875" lon="82.94645187444984912872314453125">
        <ele>3879.60009765625</ele>
        <time>2026-08-09T06:23:14.000Z</time>
        <extensions>
          <ns3:TrackPointExtension>
            <ns3:hr>114</ns3:hr>
            <ns3:cad>57</ns3:cad>
          </ns3:TrackPointExtension>
        </extensions>
      </trkpt>
      <trkpt lat="29.1769732721149921417236328125" lon="82.94644215144217014312744140625">
        <ele>3878.39990234375</ele>
        <time>2026-08-09T06:23:18.000Z</time>
        <extensions>
          <ns3:TrackPointExtension>
            <ns3:hr>114</ns3:hr>
            <ns3:cad>0</ns3:cad>
          </ns3:TrackPointExtension>
        </extensions>
      </trkpt>
      <trkpt lat="29.17695860378444194793701171875" lon="82.946430332958698272705078125">
        <ele>3877.60009765625</ele>
        <time>2026-08-09T06:23:20.000Z</time>
        <extensions>
          <ns3:TrackPointExtension>
            <ns3:hr>113</ns3:hr>
            <ns3:cad>0</ns3:cad>
          </ns3:TrackPointExtension>
        </extensions>
      </trkpt>
      <trkpt lat="29.17695491574704647064208984375" lon="82.94640962965786457061767578125">
        <ele>3877.39990234375</ele>
        <time>2026-08-09T06:23:21.000Z</time>
        <extensions>
          <ns3:TrackPointExtension>
            <ns3:hr>113</ns3:hr>
            <ns3:cad>0</ns3:cad>
          </ns3:TrackPointExtension>
        </extensions>
      </trkpt>
      <trkpt lat="29.1769762896001338958740234375" lon="82.9463989846408367156982421875">
        <ele>3877</ele>
        <time>2026-08-09T06:23:23.000Z</time>
        <extensions>
          <ns3:TrackPointExtension>
            <ns3:hr>112</ns3:hr>
            <ns3:cad>0</ns3:cad>
          </ns3:TrackPointExtension>
        </extensions>
      </trkpt>
      <trkpt lat="29.17698944918811321258544921875" lon="82.946399487555027008056640625">
        <ele>3877</ele>
        <time>2026-08-09T06:23:24.000Z</time>
        <extensions>
          <ns3:TrackPointExtension>
            <ns3:hr>110</ns3:hr>
            <ns3:cad>0</ns3:cad>
          </ns3:TrackPointExtension>
        </extensions>
      </trkpt>
      <trkpt lat="29.177009649574756622314453125" lon="82.9463929496705532073974609375">
        <ele>3876.39990234375</ele>
        <time>2026-08-09T06:23:28.000Z</time>
        <extensions>
          <ns3:TrackPointExtension>
            <ns3:hr>107</ns3:hr>
            <ns3:cad>0</ns3:cad>
          </ns3:TrackPointExtension>
        </extensions>
      </trkpt>
      <trkpt lat="29.17701928876340389251708984375" lon="82.94638783670961856842041015625">
        <ele>3876</ele>
        <time>2026-08-09T06:23:29.000Z</time>
        <extensions>
          <ns3:TrackPointExtension>
            <ns3:hr>107</ns3:hr>
            <ns3:cad>0</ns3:cad>
          </ns3:TrackPointExtension>
        </extensions>
      </trkpt>
      <trkpt lat="29.17704476974904537200927734375" lon="82.946362607181072235107421875">
        <ele>3874.60009765625</ele>
        <time>2026-08-09T06:23:33.000Z</time>
        <extensions>
          <ns3:TrackPointExtension>
            <ns3:hr>106</ns3:hr>
            <ns3:cad>0</ns3:cad>
          </ns3:TrackPointExtension>
        </extensions>
      </trkpt>
      <trkpt lat="29.17705147527158260345458984375" lon="82.94635984115302562713623046875">
        <ele>3874.39990234375</ele>
        <time>2026-08-09T06:23:34.000Z</time>
        <extensions>
          <ns3:TrackPointExtension>
            <ns3:hr>105</ns3:hr>
            <ns3:cad>0</ns3:cad>
          </ns3:TrackPointExtension>
        </extensions>
      </trkpt>
      <trkpt lat="29.1770631261169910430908203125" lon="82.94634810648858547210693359375">
        <ele>3873.60009765625</ele>
        <time>2026-08-09T06:23:36.000Z</time>
        <extensions>
          <ns3:TrackPointExtension>
            <ns3:hr>105</ns3:hr>
            <ns3:cad>0</ns3:cad>
          </ns3:TrackPointExtension>
        </extensions>
      </trkpt>
      <trkpt lat="29.177060611546039581298828125" lon="82.94633855111896991729736328125">
        <ele>3873.39990234375</ele>
        <time>2026-08-09T06:23:37.000Z</time>
        <extensions>
          <ns3:TrackPointExtension>
            <ns3:hr>105</ns3:hr>
            <ns3:cad>0</ns3:cad>
          </ns3:TrackPointExtension>
        </extensions>
      </trkpt>
      <trkpt lat="29.17706907726824283599853515625" lon="82.946328409016132354736328125">
        <ele>3873</ele>
        <time>2026-08-09T06:23:38.000Z</time>
        <extensions>
          <ns3:TrackPointExtension>
            <ns3:hr>106</ns3:hr>
            <ns3:cad>0</ns3:cad>
          </ns3:TrackPointExtension>
        </extensions>
      </trkpt>
      <trkpt lat="29.17706756852567195892333984375" lon="82.9463195241987705230712890625">
        <ele>3872.199951171875</ele>
        <time>2026-08-09T06:23:40.000Z</time>
        <extensions>
          <ns3:TrackPointExtension>
            <ns3:hr>107</ns3:hr>
            <ns3:cad>0</ns3:cad>
          </ns3:TrackPointExtension>
        </extensions>
      </trkpt>
      <trkpt lat="29.1770788840949535369873046875" lon="82.9463071189820766448974609375">
        <ele>3871.199951171875</ele>
        <time>2026-08-09T06:23:42.000Z</time>
        <extensions>
          <ns3:TrackPointExtension>
            <ns3:hr>107</ns3:hr>
            <ns3:cad>0</ns3:cad>
          </ns3:TrackPointExtension>
        </extensions>
      </trkpt>
      <trkpt lat="29.17708433233201503753662109375" lon="82.9463007487356662750244140625">
        <ele>3870.800048828125</ele>
        <time>2026-08-09T06:23:43.000Z</time>
        <extensions>
          <ns3:TrackPointExtension>
            <ns3:hr>108</ns3:hr>
            <ns3:cad>0</ns3:cad>
          </ns3:TrackPointExtension>
        </extensions>
      </trkpt>
      <trkpt lat="29.17710495181381702423095703125" lon="82.94628742150962352752685546875">
        <ele>3869.60009765625</ele>
        <time>2026-08-09T06:23:46.000Z</time>
        <extensions>
          <ns3:TrackPointExtension>
            <ns3:hr>107</ns3:hr>
            <ns3:cad>0</ns3:cad>
          </ns3:TrackPointExtension>
        </extensions>
      </trkpt>
      <trkpt lat="29.1771117411553859710693359375" lon="82.9462744295597076416015625">
        <ele>3869.60009765625</ele>
        <time>2026-08-09T06:23:47.000Z</time>
        <extensions>
          <ns3:TrackPointExtension>
            <ns3:hr>107</ns3:hr>
            <ns3:cad>0</ns3:cad>
          </ns3:TrackPointExtension>
        </extensions>
      </trkpt>
      <trkpt lat="29.1771298460662364959716796875" lon="82.94624383561313152313232421875">
        <ele>3868.800048828125</ele>
        <time>2026-08-09T06:23:51.000Z</time>
        <extensions>
          <ns3:TrackPointExtension>
            <ns3:hr>107</ns3:hr>
            <ns3:cad>0</ns3:cad>
          </ns3:TrackPointExtension>
        </extensions>
      </trkpt>
      <trkpt lat="29.17713663540780544281005859375" lon="82.94623612426221370697021484375">
        <ele>3868.60009765625</ele>
        <time>2026-08-09T06:23:52.000Z</time>
        <extensions>
          <ns3:TrackPointExtension>
            <ns3:hr>106</ns3:hr>
            <ns3:cad>0</ns3:cad>
          </ns3:TrackPointExtension>
        </extensions>
      </trkpt>
      <trkpt lat="29.1771630384027957916259765625" lon="82.94619086198508739471435546875">
        <ele>3867.39990234375</ele>
        <time>2026-08-09T06:23:57.000Z</time>
        <extensions>
          <ns3:TrackPointExtension>
            <ns3:hr>104</ns3:hr>
            <ns3:cad>0</ns3:cad>
          </ns3:TrackPointExtension>
        </extensions>
      </trkpt>
      <trkpt lat="29.1771707497537136077880859375" lon="82.94616487808525562286376953125">
        <ele>3866.800048828125</ele>
        <time>2026-08-09T06:23:59.000Z</time>
        <extensions>
          <ns3:TrackPointExtension>
            <ns3:hr>104</ns3:hr>
            <ns3:cad>0</ns3:cad>
          </ns3:TrackPointExtension>
        </extensions>
      </trkpt>
      <trkpt lat="29.1771747730672359466552734375" lon="82.94614057056605815887451171875">
        <ele>3866.39990234375</ele>
        <time>2026-08-09T06:24:01.000Z</time>
        <extensions>
          <ns3:TrackPointExtension>
            <ns3:hr>105</ns3:hr>
            <ns3:cad>0</ns3:cad>
          </ns3:TrackPointExtension>
        </extensions>
      </trkpt>
      <trkpt lat="29.1771818138659000396728515625" lon="82.946078963577747344970703125">
        <ele>3867</ele>
        <time>2026-08-09T06:24:07.000Z</time>
        <extensions>
          <ns3:TrackPointExtension>
            <ns3:hr>105</ns3:hr>
            <ns3:cad>55</ns3:cad>
          </ns3:TrackPointExtension>
        </extensions>
      </trkpt>
      <trkpt lat="29.17718566954135894775390625" lon="82.94605038128793239593505859375">
        <ele>3865.60009765625</ele>
        <time>2026-08-09T06:24:11.000Z</time>
        <extensions>
          <ns3:TrackPointExtension>
            <ns3:hr>108</ns3:hr>
            <ns3:cad>51</ns3:cad>
          </ns3:TrackPointExtension>
        </extensions>
      </trkpt>
      <trkpt lat="29.1771818138659000396728515625" lon="82.9460472799837589263916015625">
        <ele>3865.199951171875</ele>
        <time>2026-08-09T06:24:12.000Z</time>
        <extensions>
          <ns3:TrackPointExtension>
            <ns3:hr>108</ns3:hr>
            <ns3:cad>51</ns3:cad>
          </ns3:TrackPointExtension>
        </extensions>
      </trkpt>
      <trkpt lat="29.177183993160724639892578125" lon="82.9460325278341770172119140625">
        <ele>3864.60009765625</ele>
        <time>2026-08-09T06:24:13.000Z</time>
        <extensions>
          <ns3:TrackPointExtension>
            <ns3:hr>109</ns3:hr>
            <ns3:cad>0</ns3:cad>
          </ns3:TrackPointExtension>
        </extensions>
      </trkpt>
      <trkpt lat="29.17718223296105861663818359375" lon="82.94601886533200740814208984375">
        <ele>3864</ele>
        <time>2026-08-09T06:24:14.000Z</time>
        <extensions>
          <ns3:TrackPointExtension>
            <ns3:hr>109</ns3:hr>
            <ns3:cad>0</ns3:cad>
          </ns3:TrackPointExtension>
        </extensions>
      </trkpt>
      <trkpt lat="29.17718944139778614044189453125" lon="82.94600830413401126861572265625">
        <ele>3863.39990234375</ele>
        <time>2026-08-09T06:24:15.000Z</time>
        <extensions>
          <ns3:TrackPointExtension>
            <ns3:hr>109</ns3:hr>
            <ns3:cad>0</ns3:cad>
          </ns3:TrackPointExtension>
        </extensions>
      </trkpt>
      <trkpt lat="29.17719648219645023345947265625" lon="82.94599539600312709808349609375">
        <ele>3863</ele>
        <time>2026-08-09T06:24:17.000Z</time>
        <extensions>
          <ns3:TrackPointExtension>
            <ns3:hr>110</ns3:hr>
            <ns3:cad>0</ns3:cad>
          </ns3:TrackPointExtension>
        </extensions>
      </trkpt>
      <trkpt lat="29.17719564400613307952880859375" lon="82.94598869048058986663818359375">
        <ele>3862.800048828125</ele>
        <time>2026-08-09T06:24:18.000Z</time>
        <extensions>
          <ns3:TrackPointExtension>
            <ns3:hr>111</ns3:hr>
            <ns3:cad>0</ns3:cad>
          </ns3:TrackPointExtension>
        </extensions>
      </trkpt>
      <trkpt lat="29.17719262652099132537841796875" lon="82.945980392396450042724609375">
        <ele>3862.800048828125</ele>
        <time>2026-08-09T06:24:19.000Z</time>
        <extensions>
          <ns3:TrackPointExtension>
            <ns3:hr>112</ns3:hr>
            <ns3:cad>0</ns3:cad>
          </ns3:TrackPointExtension>
        </extensions>
      </trkpt>
      <trkpt lat="29.1771999187767505645751953125" lon="82.945927083492279052734375">
        <ele>3861.800048828125</ele>
        <time>2026-08-09T06:24:23.000Z</time>
        <extensions>
          <ns3:TrackPointExtension>
            <ns3:hr>113</ns3:hr>
            <ns3:cad>0</ns3:cad>
          </ns3:TrackPointExtension>
        </extensions>
      </trkpt>
      <trkpt lat="29.17719849385321140289306640625" lon="82.94589154422283172607421875">
        <ele>3860.60009765625</ele>
        <time>2026-08-09T06:24:26.000Z</time>
        <extensions>
          <ns3:TrackPointExtension>
            <ns3:hr>113</ns3:hr>
            <ns3:cad>0</ns3:cad>
          </ns3:TrackPointExtension>
        </extensions>
      </trkpt>
      <trkpt lat="29.177201427519321441650390625" lon="82.945865057408809661865234375">
        <ele>3859.60009765625</ele>
        <time>2026-08-09T06:24:28.000Z</time>
        <extensions>
          <ns3:TrackPointExtension>
            <ns3:hr>113</ns3:hr>
            <ns3:cad>0</ns3:cad>
          </ns3:TrackPointExtension>
        </extensions>
      </trkpt>
      <trkpt lat="29.1771997511386871337890625" lon="82.9458598606288433074951171875">
        <ele>3859</ele>
        <time>2026-08-09T06:24:29.000Z</time>
        <extensions>
          <ns3:TrackPointExtension>
            <ns3:hr>113</ns3:hr>
            <ns3:cad>0</ns3:cad>
          </ns3:TrackPointExtension>
        </extensions>
      </trkpt>
      <trkpt lat="29.17719631455838680267333984375" lon="82.945845611393451690673828125">
        <ele>3860</ele>
        <time>2026-08-09T06:24:34.000Z</time>
        <extensions>
          <ns3:TrackPointExtension>
            <ns3:hr>112</ns3:hr>
            <ns3:cad>0</ns3:cad>
          </ns3:TrackPointExtension>
        </extensions>
      </trkpt>
      <trkpt lat="29.17719631455838680267333984375" lon="82.945845611393451690673828125">
        <ele>3860.199951171875</ele>
        <time>2026-08-09T06:24:35.000Z</time>
        <extensions>
          <ns3:TrackPointExtension>
            <ns3:hr>113</ns3:hr>
            <ns3:cad>0</ns3:cad>
          </ns3:TrackPointExtension>
        </extensions>
      </trkpt>
      <trkpt lat="29.1771938838064670562744140625" lon="82.94584468938410282135009765625">
        <ele>3859.39990234375</ele>
        <time>2026-08-09T06:24:42.000Z</time>
        <extensions>
          <ns3:TrackPointExtension>
            <ns3:hr>116</ns3:hr>
            <ns3:cad>0</ns3:cad>
          </ns3:TrackPointExtension>
        </extensions>
      </trkpt>
      <trkpt lat="29.17719631455838680267333984375" lon="82.945845611393451690673828125">
        <ele>3859</ele>
        <time>2026-08-09T06:24:46.000Z</time>
        <extensions>
          <ns3:TrackPointExtension>
            <ns3:hr>116</ns3:hr>
            <ns3:cad>0</ns3:cad>
          </ns3:TrackPointExtension>
        </extensions>
      </trkpt>
      <trkpt lat="29.17719631455838680267333984375" lon="82.945845611393451690673828125">
        <ele>3858.199951171875</ele>
        <time>2026-08-09T06:24:51.000Z</time>
        <extensions>
          <ns3:TrackPointExtension>
            <ns3:hr>113</ns3:hr>
            <ns3:cad>0</ns3:cad>
          </ns3:TrackPointExtension>
        </extensions>
      </trkpt>
      <trkpt lat="29.17718759737908840179443359375" lon="82.9458504728972911834716796875">
        <ele>3860.199951171875</ele>
        <time>2026-08-09T06:24:57.000Z</time>
        <extensions>
          <ns3:TrackPointExtension>
            <ns3:hr>111</ns3:hr>
            <ns3:cad>0</ns3:cad>
          </ns3:TrackPointExtension>
        </extensions>
      </trkpt>
      <trkpt lat="29.17718508280813694000244140625" lon="82.94585742987692356109619140625">
        <ele>3860.800048828125</ele>
        <time>2026-08-09T06:24:58.000Z</time>
        <extensions>
          <ns3:TrackPointExtension>
            <ns3:hr>111</ns3:hr>
            <ns3:cad>0</ns3:cad>
          </ns3:TrackPointExtension>
        </extensions>
      </trkpt>
      <trkpt lat="29.177143089473247528076171875" lon="82.94589028693735599517822265625">
        <ele>3858.800048828125</ele>
        <time>2026-08-09T06:25:04.000Z</time>
        <extensions>
          <ns3:TrackPointExtension>
            <ns3:hr>111</ns3:hr>
            <ns3:cad>0</ns3:cad>
          </ns3:TrackPointExtension>
        </extensions>
      </trkpt>
      <trkpt lat="29.17714216746389865875244140625" lon="82.94588827528059482574462890625">
        <ele>3858.60009765625</ele>
        <time>2026-08-09T06:25:05.000Z</time>
        <extensions>
          <ns3:TrackPointExtension>
            <ns3:hr>110</ns3:hr>
            <ns3:cad>0</ns3:cad>
          </ns3:TrackPointExtension>
        </extensions>
      </trkpt>
      <trkpt lat="29.17711651884019374847412109375" lon="82.94589749537408351898193359375">
        <ele>3857.800048828125</ele>
        <time>2026-08-09T06:25:08.000Z</time>
        <extensions>
          <ns3:TrackPointExtension>
            <ns3:hr>107</ns3:hr>
            <ns3:cad>0</ns3:cad>
          </ns3:TrackPointExtension>
        </extensions>
      </trkpt>
      <trkpt lat="29.177108891308307647705078125" lon="82.94590570963919162750244140625">
        <ele>3857.39990234375</ele>
        <time>2026-08-09T06:25:09.000Z</time>
        <extensions>
          <ns3:TrackPointExtension>
            <ns3:hr>106</ns3:hr>
            <ns3:cad>0</ns3:cad>
          </ns3:TrackPointExtension>
        </extensions>
      </trkpt>
      <trkpt lat="29.17708575725555419921875" lon="82.9459124989807605743408203125">
        <ele>3856.39990234375</ele>
        <time>2026-08-09T06:25:12.000Z</time>
        <extensions>
          <ns3:TrackPointExtension>
            <ns3:hr>104</ns3:hr>
            <ns3:cad>0</ns3:cad>
          </ns3:TrackPointExtension>
        </extensions>
      </trkpt>
      <trkpt lat="29.17708282358944416046142578125" lon="82.945922724902629852294921875">
        <ele>3855.800048828125</ele>
        <time>2026-08-09T06:25:14.000Z</time>
        <extensions>
          <ns3:TrackPointExtension>
            <ns3:hr>104</ns3:hr>
            <ns3:cad>0</ns3:cad>
          </ns3:TrackPointExtension>
        </extensions>
      </trkpt>
      <trkpt lat="29.17707041837275028228759765625" lon="82.94594041071832180023193359375">
        <ele>3855.199951171875</ele>
        <time>2026-08-09T06:25:16.000Z</time>
        <extensions>
          <ns3:TrackPointExtension>
            <ns3:hr>104</ns3:hr>
            <ns3:cad>0</ns3:cad>
          </ns3:TrackPointExtension>
        </extensions>
      </trkpt>
      <trkpt lat="29.177058599889278411865234375" lon="82.94597025029361248016357421875">
        <ele>3854</ele>
        <time>2026-08-09T06:25:19.000Z</time>
        <extensions>
          <ns3:TrackPointExtension>
            <ns3:hr>105</ns3:hr>
            <ns3:cad>0</ns3:cad>
          </ns3:TrackPointExtension>
        </extensions>
      </trkpt>
      <trkpt lat="29.17704879306256771087646484375" lon="82.9459767043590545654296875">
        <ele>3853.60009765625</ele>
        <time>2026-08-09T06:25:20.000Z</time>
        <extensions>
          <ns3:TrackPointExtension>
            <ns3:hr>104</ns3:hr>
            <ns3:cad>0</ns3:cad>
          </ns3:TrackPointExtension>
        </extensions>
      </trkpt>
      <trkpt lat="29.1770332865417003631591796875" lon="82.94597678817808628082275390625">
        <ele>3853.199951171875</ele>
        <time>2026-08-09T06:25:21.000Z</time>
        <extensions>
          <ns3:TrackPointExtension>
            <ns3:hr>104</ns3:hr>
            <ns3:cad>0</ns3:cad>
          </ns3:TrackPointExtension>
        </extensions>
      </trkpt>
      <trkpt lat="29.17702280916273593902587890625" lon="82.9459941387176513671875">
        <ele>3853</ele>
        <time>2026-08-09T06:25:23.000Z</time>
        <extensions>
          <ns3:TrackPointExtension>
            <ns3:hr>105</ns3:hr>
            <ns3:cad>0</ns3:cad>
          </ns3:TrackPointExtension>
        </extensions>
      </trkpt>
      <trkpt lat="29.177013002336025238037109375" lon="82.94599891640245914459228515625">
        <ele>3853</ele>
        <time>2026-08-09T06:25:24.000Z</time>
        <extensions>
          <ns3:TrackPointExtension>
            <ns3:hr>105</ns3:hr>
            <ns3:cad>0</ns3:cad>
          </ns3:TrackPointExtension>
        </extensions>
      </trkpt>
      <trkpt lat="29.1769883595407009124755859375" lon="82.94604082591831684112548828125">
        <ele>3852.39990234375</ele>
        <time>2026-08-09T06:25:29.000Z</time>
        <extensions>
          <ns3:TrackPointExtension>
            <ns3:hr>105</ns3:hr>
            <ns3:cad>0</ns3:cad>
          </ns3:TrackPointExtension>
        </extensions>
      </trkpt>
      <trkpt lat="29.176984168589115142822265625" lon="82.94604853726923465728759765625">
        <ele>3852</ele>
        <time>2026-08-09T06:25:30.000Z</time>
        <extensions>
          <ns3:TrackPointExtension>
            <ns3:hr>105</ns3:hr>
            <ns3:cad>0</ns3:cad>
          </ns3:TrackPointExtension>
        </extensions>
      </trkpt>
      <trkpt lat="29.17698257602751255035400390625" lon="82.9460616968572139739990234375">
        <ele>3851.60009765625</ele>
        <time>2026-08-09T06:25:31.000Z</time>
        <extensions>
          <ns3:TrackPointExtension>
            <ns3:hr>106</ns3:hr>
            <ns3:cad>0</ns3:cad>
          </ns3:TrackPointExtension>
        </extensions>
      </trkpt>
      <trkpt lat="29.17696229182183742523193359375" lon="82.9460858367383480072021484375">
        <ele>3850.60009765625</ele>
        <time>2026-08-09T06:25:33.000Z</time>
        <extensions>
          <ns3:TrackPointExtension>
            <ns3:hr>105</ns3:hr>
            <ns3:cad>55</ns3:cad>
          </ns3:TrackPointExtension>
        </extensions>
      </trkpt>
      <trkpt lat="29.17695022188127040863037109375" lon="82.94609270989894866943359375">
        <ele>3850.199951171875</ele>
        <time>2026-08-09T06:25:34.000Z</time>
        <extensions>
          <ns3:TrackPointExtension>
            <ns3:hr>104</ns3:hr>
            <ns3:cad>55</ns3:cad>
          </ns3:TrackPointExtension>
        </extensions>
      </trkpt>
      <trkpt lat="29.1769342124462127685546875" lon="82.9460938833653926849365234375">
        <ele>3849.60009765625</ele>
        <time>2026-08-09T06:25:35.000Z</time>
        <extensions>
          <ns3:TrackPointExtension>
            <ns3:hr>101</ns3:hr>
            <ns3:cad>55</ns3:cad>
          </ns3:TrackPointExtension>
        </extensions>
      </trkpt>
      <trkpt lat="29.176927506923675537109375" lon="82.9460995830595493316650390625">
        <ele>3849.39990234375</ele>
        <time>2026-08-09T06:25:36.000Z</time>
        <extensions>
          <ns3:TrackPointExtension>
            <ns3:hr>101</ns3:hr>
            <ns3:cad>55</ns3:cad>
          </ns3:TrackPointExtension>
        </extensions>
      </trkpt>
      <trkpt lat="29.1769065521657466888427734375" lon="82.94610268436372280120849609375">
        <ele>3848.800048828125</ele>
        <time>2026-08-09T06:25:39.000Z</time>
        <extensions>
          <ns3:TrackPointExtension>
            <ns3:hr>101</ns3:hr>
            <ns3:cad>0</ns3:cad>
          </ns3:TrackPointExtension>
        </extensions>
      </trkpt>
      <trkpt lat="29.17689741589128971099853515625" lon="82.94611257500946521759033203125">
        <ele>3848.800048828125</ele>
        <time>2026-08-09T06:25:41.000Z</time>
        <extensions>
          <ns3:TrackPointExtension>
            <ns3:hr>102</ns3:hr>
            <ns3:cad>0</ns3:cad>
          </ns3:TrackPointExtension>
        </extensions>
      </trkpt>
      <trkpt lat="29.17688249610364437103271484375" lon="82.94611257500946521759033203125">
        <ele>3848.800048828125</ele>
        <time>2026-08-09T06:25:44.000Z</time>
        <extensions>
          <ns3:TrackPointExtension>
            <ns3:hr>103</ns3:hr>
            <ns3:cad>0</ns3:cad>
          </ns3:TrackPointExtension>
        </extensions>
      </trkpt>
      <trkpt lat="29.17686103843152523040771484375" lon="82.94611777178943157196044921875">
        <ele>3848</ele>
        <time>2026-08-09T06:25:46.000Z</time>
        <extensions>
          <ns3:TrackPointExtension>
            <ns3:hr>103</ns3:hr>
            <ns3:cad>0</ns3:cad>
          </ns3:TrackPointExtension>
        </extensions>
      </trkpt>
      <trkpt lat="29.176842682063579559326171875" lon="82.9461193643510341644287109375">
        <ele>3847</ele>
        <time>2026-08-09T06:25:48.000Z</time>
        <extensions>
          <ns3:TrackPointExtension>
            <ns3:hr>103</ns3:hr>
            <ns3:cad>0</ns3:cad>
          </ns3:TrackPointExtension>
        </extensions>
      </trkpt>
      <trkpt lat="29.17681912891566753387451171875" lon="82.9461388103663921356201171875">
        <ele>3845.800048828125</ele>
        <time>2026-08-09T06:25:51.000Z</time>
        <extensions>
          <ns3:TrackPointExtension>
            <ns3:hr>103</ns3:hr>
            <ns3:cad>0</ns3:cad>
          </ns3:TrackPointExtension>
        </extensions>
      </trkpt>
      <trkpt lat="29.17678426019847393035888671875" lon="82.94616420753300189971923828125">
        <ele>3844.800048828125</ele>
        <time>2026-08-09T06:25:55.000Z</time>
        <extensions>
          <ns3:TrackPointExtension>
            <ns3:hr>103</ns3:hr>
            <ns3:cad>0</ns3:cad>
          </ns3:TrackPointExtension>
        </extensions>
      </trkpt>
      <trkpt lat="29.17676766403019428253173828125" lon="82.9461810551583766937255859375">
        <ele>3844.60009765625</ele>
        <time>2026-08-09T06:25:57.000Z</time>
        <extensions>
          <ns3:TrackPointExtension>
            <ns3:hr>102</ns3:hr>
            <ns3:cad>0</ns3:cad>
          </ns3:TrackPointExtension>
        </extensions>
      </trkpt>
      <trkpt lat="29.1767305321991443634033203125" lon="82.946200333535671234130859375">
        <ele>3844</ele>
        <time>2026-08-09T06:26:01.000Z</time>
        <extensions>
          <ns3:TrackPointExtension>
            <ns3:hr>104</ns3:hr>
            <ns3:cad>55</ns3:cad>
          </ns3:TrackPointExtension>
        </extensions>
      </trkpt>
      <trkpt lat="29.17671251110732555389404296875" lon="82.94620661996304988861083984375">
        <ele>3843.39990234375</ele>
        <time>2026-08-09T06:26:03.000Z</time>
        <extensions>
          <ns3:TrackPointExtension>
            <ns3:hr>104</ns3:hr>
            <ns3:cad>55</ns3:cad>
          </ns3:TrackPointExtension>
        </extensions>
      </trkpt>
      <trkpt lat="29.1766980104148387908935546875" lon="82.94620879925787448883056640625">
        <ele>3843</ele>
        <time>2026-08-09T06:26:05.000Z</time>
        <extensions>
          <ns3:TrackPointExtension>
            <ns3:hr>108</ns3:hr>
            <ns3:cad>55</ns3:cad>
          </ns3:TrackPointExtension>
        </extensions>
      </trkpt>
      <trkpt lat="29.17667244561016559600830078125" lon="82.94620578177273273468017578125">
        <ele>3842.800048828125</ele>
        <time>2026-08-09T06:26:07.000Z</time>
        <extensions>
          <ns3:TrackPointExtension>
            <ns3:hr>110</ns3:hr>
            <ns3:cad>55</ns3:cad>
          </ns3:TrackPointExtension>
        </extensions>
      </trkpt>
      <trkpt lat="29.17660924606025218963623046875" lon="82.94618935324251651763916015625">
        <ele>3842.60009765625</ele>
        <time>2026-08-09T06:26:13.000Z</time>
        <extensions>
          <ns3:TrackPointExtension>
            <ns3:hr>109</ns3:hr>
            <ns3:cad>0</ns3:cad>
          </ns3:TrackPointExtension>
        </extensions>
      </trkpt>
      <trkpt lat="29.176582507789134979248046875" lon="82.9461780376732349395751953125">
        <ele>3842.39990234375</ele>
        <time>2026-08-09T06:26:15.000Z</time>
        <extensions>
          <ns3:TrackPointExtension>
            <ns3:hr>109</ns3:hr>
            <ns3:cad>0</ns3:cad>
          </ns3:TrackPointExtension>
        </extensions>
      </trkpt>
      <trkpt lat="29.17655006982386112213134765625" lon="82.94616320170462131500244140625">
        <ele>3842.60009765625</ele>
        <time>2026-08-09T06:26:19.000Z</time>
        <extensions>
          <ns3:TrackPointExtension>
            <ns3:hr>111</ns3:hr>
            <ns3:cad>0</ns3:cad>
          </ns3:TrackPointExtension>
        </extensions>
      </trkpt>
      <trkpt lat="29.1765400953590869903564453125" lon="82.9461683146655559539794921875">
        <ele>3842.800048828125</ele>
        <time>2026-08-09T06:26:20.000Z</time>
        <extensions>
          <ns3:TrackPointExtension>
            <ns3:hr>111</ns3:hr>
            <ns3:cad>0</ns3:cad>
          </ns3:TrackPointExtension>
        </extensions>
      </trkpt>
      <trkpt lat="29.17649609036743640899658203125" lon="82.94618264771997928619384765625">
        <ele>3842.800048828125</ele>
        <time>2026-08-09T06:26:25.000Z</time>
        <extensions>
          <ns3:TrackPointExtension>
            <ns3:hr>111</ns3:hr>
            <ns3:cad>0</ns3:cad>
          </ns3:TrackPointExtension>
        </extensions>
      </trkpt>
      <trkpt lat="29.1764505766332149505615234375" lon="82.9461931250989437103271484375">
        <ele>3842</ele>
        <time>2026-08-09T06:26:29.000Z</time>
        <extensions>
          <ns3:TrackPointExtension>
            <ns3:hr>112</ns3:hr>
            <ns3:cad>0</ns3:cad>
          </ns3:TrackPointExtension>
        </extensions>
      </trkpt>
      <trkpt lat="29.17643859051167964935302734375" lon="82.94619186781346797943115234375">
        <ele>3841.199951171875</ele>
        <time>2026-08-09T06:26:31.000Z</time>
        <extensions>
          <ns3:TrackPointExtension>
            <ns3:hr>111</ns3:hr>
            <ns3:cad>0</ns3:cad>
          </ns3:TrackPointExtension>
        </extensions>
      </trkpt>
      <trkpt lat="29.1764110140502452850341796875" lon="82.946194298565387725830078125">
        <ele>3841</ele>
        <time>2026-08-09T06:26:34.000Z</time>
        <extensions>
          <ns3:TrackPointExtension>
            <ns3:hr>111</ns3:hr>
            <ns3:cad>0</ns3:cad>
          </ns3:TrackPointExtension>
        </extensions>
      </trkpt>
      <trkpt lat="29.17636432684957981109619140625" lon="82.94616437517106533050537109375">
        <ele>3840.39990234375</ele>
        <time>2026-08-09T06:26:39.000Z</time>
        <extensions>
          <ns3:TrackPointExtension>
            <ns3:hr>112</ns3:hr>
            <ns3:cad>0</ns3:cad>
          </ns3:TrackPointExtension>
        </extensions>
      </trkpt>
      <trkpt lat="29.176358543336391448974609375" lon="82.94614928774535655975341796875">
        <ele>3840.60009765625</ele>
        <time>2026-08-09T06:26:40.000Z</time>
        <extensions>
          <ns3:TrackPointExtension>
            <ns3:hr>112</ns3:hr>
            <ns3:cad>0</ns3:cad>
          </ns3:TrackPointExtension>
        </extensions>
      </trkpt>
      <trkpt lat="29.17633063159883022308349609375" lon="82.94610385783016681671142578125">
        <ele>3840.39990234375</ele>
        <time>2026-08-09T06:26:45.000Z</time>
        <extensions>
          <ns3:TrackPointExtension>
            <ns3:hr>109</ns3:hr>
            <ns3:cad>0</ns3:cad>
          </ns3:TrackPointExtension>
        </extensions>
      </trkpt>
      <trkpt lat="29.17632057331502437591552734375" lon="82.94608868658542633056640625">
        <ele>3840.199951171875</ele>
        <time>2026-08-09T06:26:47.000Z</time>
        <extensions>
          <ns3:TrackPointExtension>
            <ns3:hr>108</ns3:hr>
            <ns3:cad>50</ns3:cad>
          </ns3:TrackPointExtension>
        </extensions>
      </trkpt>
      <trkpt lat="29.17631168849766254425048828125" lon="82.9460761137306690216064453125">
        <ele>3839.800048828125</ele>
        <time>2026-08-09T06:26:50.000Z</time>
        <extensions>
          <ns3:TrackPointExtension>
            <ns3:hr>107</ns3:hr>
            <ns3:cad>0</ns3:cad>
          </ns3:TrackPointExtension>
        </extensions>
      </trkpt>
      <trkpt lat="29.1762846149504184722900390625" lon="82.94606228359043598175048828125">
        <ele>3839</ele>
        <time>2026-08-09T06:26:53.000Z</time>
        <extensions>
          <ns3:TrackPointExtension>
            <ns3:hr>107</ns3:hr>
            <ns3:cad>0</ns3:cad>
          </ns3:TrackPointExtension>
        </extensions>
      </trkpt>
      <trkpt lat="29.17627698741853237152099609375" lon="82.9460600204765796661376953125">
        <ele>3838.39990234375</ele>
        <time>2026-08-09T06:26:54.000Z</time>
        <extensions>
          <ns3:TrackPointExtension>
            <ns3:hr>108</ns3:hr>
            <ns3:cad>0</ns3:cad>
          </ns3:TrackPointExtension>
        </extensions>
      </trkpt>
      <trkpt lat="29.17627346701920032501220703125" lon="82.94605624862015247344970703125">
        <ele>3837.800048828125</ele>
        <time>2026-08-09T06:26:55.000Z</time>
        <extensions>
          <ns3:TrackPointExtension>
            <ns3:hr>108</ns3:hr>
            <ns3:cad>0</ns3:cad>
          </ns3:TrackPointExtension>
        </extensions>
      </trkpt>
      <trkpt lat="29.17626927606761455535888671875" lon="82.94604577124118804931640625">
        <ele>3836.39990234375</ele>
        <time>2026-08-09T06:26:57.000Z</time>
        <extensions>
          <ns3:TrackPointExtension>
            <ns3:hr>110</ns3:hr>
            <ns3:cad>0</ns3:cad>
          </ns3:TrackPointExtension>
        </extensions>
      </trkpt>
      <trkpt lat="29.17627564631402492523193359375" lon="82.9460526444017887115478515625">
        <ele>3835.199951171875</ele>
        <time>2026-08-09T06:27:00.000Z</time>
        <extensions>
          <ns3:TrackPointExtension>
            <ns3:hr>113</ns3:hr>
            <ns3:cad>0</ns3:cad>
          </ns3:TrackPointExtension>
        </extensions>
      </trkpt>
      <trkpt lat="29.17627564631402492523193359375" lon="82.9460526444017887115478515625">
        <ele>3836.199951171875</ele>
        <time>2026-08-09T06:27:02.000Z</time>
        <extensions>
          <ns3:TrackPointExtension>
            <ns3:hr>113</ns3:hr>
            <ns3:cad>0</ns3:cad>
          </ns3:TrackPointExtension>
        </extensions>
      </trkpt>
      <trkpt lat="29.17627564631402492523193359375" lon="82.9460526444017887115478515625">
        <ele>3836.800048828125</ele>
        <time>2026-08-09T06:27:07.000Z</time>
        <extensions>
          <ns3:TrackPointExtension>
            <ns3:hr>110</ns3:hr>
            <ns3:cad>0</ns3:cad>
          </ns3:TrackPointExtension>
        </extensions>
      </trkpt>
      <trkpt lat="29.17627564631402492523193359375" lon="82.9460526444017887115478515625">
        <ele>3836.39990234375</ele>
        <time>2026-08-09T06:27:11.000Z</time>
        <extensions>
          <ns3:TrackPointExtension>
            <ns3:hr>110</ns3:hr>
            <ns3:cad>0</ns3:cad>
          </ns3:TrackPointExtension>
        </extensions>
      </trkpt>
      <trkpt lat="29.17626156471669673919677734375" lon="82.946060858666896820068359375">
        <ele>3837.199951171875</ele>
        <time>2026-08-09T06:27:14.000Z</time>
        <extensions>
          <ns3:TrackPointExtension>
            <ns3:hr>111</ns3:hr>
            <ns3:cad>0</ns3:cad>
          </ns3:TrackPointExtension>
        </extensions>
      </trkpt>
      <trkpt lat="29.1762376762926578521728515625" lon="82.94606680981814861297607421875">
        <ele>3837.800048828125</ele>
        <time>2026-08-09T06:27:16.000Z</time>
        <extensions>
          <ns3:TrackPointExtension>
            <ns3:hr>112</ns3:hr>
            <ns3:cad>51</ns3:cad>
          </ns3:TrackPointExtension>
        </extensions>
      </trkpt>
      <trkpt lat="29.1761927492916584014892578125" lon="82.94608198106288909912109375">
        <ele>3836.39990234375</ele>
        <time>2026-08-09T06:27:23.000Z</time>
        <extensions>
          <ns3:TrackPointExtension>
            <ns3:hr>115</ns3:hr>
            <ns3:cad>0</ns3:cad>
          </ns3:TrackPointExtension>
        </extensions>
      </trkpt>
      <trkpt lat="29.17618378065526485443115234375" lon="82.946085669100284576416015625">
        <ele>3836</ele>
        <time>2026-08-09T06:27:24.000Z</time>
        <extensions>
          <ns3:TrackPointExtension>
            <ns3:hr>116</ns3:hr>
            <ns3:cad>0</ns3:cad>
          </ns3:TrackPointExtension>
        </extensions>
      </trkpt>
      <trkpt lat="29.176146648824214935302734375" lon="82.94608600437641143798828125">
        <ele>3836.800048828125</ele>
        <time>2026-08-09T06:27:30.000Z</time>
        <extensions>
          <ns3:TrackPointExtension>
            <ns3:hr>117</ns3:hr>
            <ns3:cad>0</ns3:cad>
          </ns3:TrackPointExtension>
        </extensions>
      </trkpt>
      <trkpt lat="29.17614656500518321990966796875" lon="82.94608608819544315338134765625">
        <ele>3837.199951171875</ele>
        <time>2026-08-09T06:27:32.000Z</time>
        <extensions>
          <ns3:TrackPointExtension>
            <ns3:hr>116</ns3:hr>
            <ns3:cad>0</ns3:cad>
          </ns3:TrackPointExtension>
        </extensions>
      </trkpt>
      <trkpt lat="29.17614656500518321990966796875" lon="82.94608608819544315338134765625">
        <ele>3837.199951171875</ele>
        <time>2026-08-09T06:27:38.000Z</time>
        <extensions>
          <ns3:TrackPointExtension>
            <ns3:hr>113</ns3:hr>
            <ns3:cad>0</ns3:cad>
          </ns3:TrackPointExtension>
        </extensions>
      </trkpt>
      <trkpt lat="29.17614656500518321990966796875" lon="82.94608608819544315338134765625">
        <ele>3837</ele>
        <time>2026-08-09T06:27:40.000Z</time>
        <extensions>
          <ns3:TrackPointExtension>
            <ns3:hr>110</ns3:hr>
            <ns3:cad>0</ns3:cad>
          </ns3:TrackPointExtension>
        </extensions>
      </trkpt>
      <trkpt lat="29.17614656500518321990966796875" lon="82.94608608819544315338134765625">
        <ele>3837</ele>
        <time>2026-08-09T06:27:46.000Z</time>
        <extensions>
          <ns3:TrackPointExtension>
            <ns3:hr>110</ns3:hr>
            <ns3:cad>0</ns3:cad>
          </ns3:TrackPointExtension>
        </extensions>
      </trkpt>
      <trkpt lat="29.17614656500518321990966796875" lon="82.94608608819544315338134765625">
        <ele>3837.39990234375</ele>
        <time>2026-08-09T06:27:54.000Z</time>
        <extensions>
          <ns3:TrackPointExtension>
            <ns3:hr>111</ns3:hr>
            <ns3:cad>0</ns3:cad>
          </ns3:TrackPointExtension>
        </extensions>
      </trkpt>
      <trkpt lat="29.176135919988155364990234375" lon="82.94609245844185352325439453125">
        <ele>3837.60009765625</ele>
        <time>2026-08-09T06:27:59.000Z</time>
        <extensions>
          <ns3:TrackPointExtension>
            <ns3:hr>111</ns3:hr>
            <ns3:cad>0</ns3:cad>
          </ns3:TrackPointExtension>
        </extensions>
      </trkpt>
      <trkpt lat="29.17613415978848934173583984375" lon="82.9461260698735713958740234375">
        <ele>3836.199951171875</ele>
        <time>2026-08-09T06:28:04.000Z</time>
        <extensions>
          <ns3:TrackPointExtension>
            <ns3:hr>109</ns3:hr>
            <ns3:cad>0</ns3:cad>
          </ns3:TrackPointExtension>
        </extensions>
      </trkpt>
      <trkpt lat="29.176132567226886749267578125" lon="82.94613671489059925079345703125">
        <ele>3835.60009765625</ele>
        <time>2026-08-09T06:28:05.000Z</time>
        <extensions>
          <ns3:TrackPointExtension>
            <ns3:hr>109</ns3:hr>
            <ns3:cad>0</ns3:cad>
          </ns3:TrackPointExtension>
        </extensions>
      </trkpt>
      <trkpt lat="29.17612753808498382568359375" lon="82.94613889418542385101318359375">
        <ele>3835</ele>
        <time>2026-08-09T06:28:06.000Z</time>
        <extensions>
          <ns3:TrackPointExtension>
            <ns3:hr>108</ns3:hr>
            <ns3:cad>0</ns3:cad>
          </ns3:TrackPointExtension>
        </extensions>
      </trkpt>
      <trkpt lat="29.17609308846294879913330078125" lon="82.94615582562983036041259765625">
        <ele>3833.800048828125</ele>
        <time>2026-08-09T06:28:10.000Z</time>
        <extensions>
          <ns3:TrackPointExtension>
            <ns3:hr>106</ns3:hr>
            <ns3:cad>0</ns3:cad>
          </ns3:TrackPointExtension>
        </extensions>
      </trkpt>
      <trkpt lat="29.1760868020355701446533203125" lon="82.94615708291530609130859375">
        <ele>3833.39990234375</ele>
        <time>2026-08-09T06:28:11.000Z</time>
        <extensions>
          <ns3:TrackPointExtension>
            <ns3:hr>106</ns3:hr>
            <ns3:cad>0</ns3:cad>
          </ns3:TrackPointExtension>
        </extensions>
      </trkpt>
      <trkpt lat="29.17607665993273258209228515625" lon="82.946154735982418060302734375">
        <ele>3832.800048828125</ele>
        <time>2026-08-09T06:28:12.000Z</time>
        <extensions>
          <ns3:TrackPointExtension>
            <ns3:hr>106</ns3:hr>
            <ns3:cad>0</ns3:cad>
          </ns3:TrackPointExtension>
        </extensions>
      </trkpt>
      <trkpt lat="29.17604614980518817901611328125" lon="82.94615649618208408355712890625">
        <ele>3831.60009765625</ele>
        <time>2026-08-09T06:28:15.000Z</time>
        <extensions>
          <ns3:TrackPointExtension>
            <ns3:hr>106</ns3:hr>
            <ns3:cad>0</ns3:cad>
          </ns3:TrackPointExtension>
        </extensions>
      </trkpt>
      <trkpt lat="29.176037013530731201171875" lon="82.94616286642849445343017578125">
        <ele>3831.199951171875</ele>
        <time>2026-08-09T06:28:16.000Z</time>
        <extensions>
          <ns3:TrackPointExtension>
            <ns3:hr>106</ns3:hr>
            <ns3:cad>0</ns3:cad>
          </ns3:TrackPointExtension>
        </extensions>
      </trkpt>
      <trkpt lat="29.1760277934372425079345703125" lon="82.94617292471230030059814453125">
        <ele>3830.199951171875</ele>
        <time>2026-08-09T06:28:18.000Z</time>
        <extensions>
          <ns3:TrackPointExtension>
            <ns3:hr>106</ns3:hr>
            <ns3:cad>61</ns3:cad>
          </ns3:TrackPointExtension>
        </extensions>
      </trkpt>
      <trkpt lat="29.17600239627063274383544921875" lon="82.94617158360779285430908203125">
        <ele>3828.800048828125</ele>
        <time>2026-08-09T06:28:21.000Z</time>
        <extensions>
          <ns3:TrackPointExtension>
            <ns3:hr>106</ns3:hr>
            <ns3:cad>41</ns3:cad>
          </ns3:TrackPointExtension>
        </extensions>
      </trkpt>
      <trkpt lat="29.1759771667420864105224609375" lon="82.9461736790835857391357421875">
        <ele>3827.800048828125</ele>
        <time>2026-08-09T06:28:24.000Z</time>
        <extensions>
          <ns3:TrackPointExtension>
            <ns3:hr>106</ns3:hr>
            <ns3:cad>0</ns3:cad>
          </ns3:TrackPointExtension>
        </extensions>
      </trkpt>
      <trkpt lat="29.1759600676596164703369140625" lon="82.9461787082254886627197265625">
        <ele>3827.199951171875</ele>
        <time>2026-08-09T06:28:26.000Z</time>
        <extensions>
          <ns3:TrackPointExtension>
            <ns3:hr>107</ns3:hr>
            <ns3:cad>0</ns3:cad>
          </ns3:TrackPointExtension>
        </extensions>
      </trkpt>
      <trkpt lat="29.1759228520095348358154296875" lon="82.9462038539350032806396484375">
        <ele>3826.199951171875</ele>
        <time>2026-08-09T06:28:31.000Z</time>
        <extensions>
          <ns3:TrackPointExtension>
            <ns3:hr>107</ns3:hr>
            <ns3:cad>0</ns3:cad>
          </ns3:TrackPointExtension>
        </extensions>
      </trkpt>
      <trkpt lat="29.17591455392539501190185546875" lon="82.94621282257139682769775390625">
        <ele>3825.39990234375</ele>
        <time>2026-08-09T06:28:32.000Z</time>
        <extensions>
          <ns3:TrackPointExtension>
            <ns3:hr>106</ns3:hr>
            <ns3:cad>0</ns3:cad>
          </ns3:TrackPointExtension>
        </extensions>
      </trkpt>
      <trkpt lat="29.1759054176509380340576171875" lon="82.94622170738875865936279296875">
        <ele>3825</ele>
        <time>2026-08-09T06:28:33.000Z</time>
        <extensions>
          <ns3:TrackPointExtension>
            <ns3:hr>107</ns3:hr>
            <ns3:cad>57</ns3:cad>
          </ns3:TrackPointExtension>
        </extensions>
      </trkpt>
      <trkpt lat="29.17588873766362667083740234375" lon="82.94624031521379947662353515625">
        <ele>3823.800048828125</ele>
        <time>2026-08-09T06:28:36.000Z</time>
        <extensions>
          <ns3:TrackPointExtension>
            <ns3:hr>110</ns3:hr>
            <ns3:cad>57</ns3:cad>
          </ns3:TrackPointExtension>
        </extensions>
      </trkpt>
      <trkpt lat="29.1758557967841625213623046875" lon="82.946260012686252593994140625">
        <ele>3822.39990234375</ele>
        <time>2026-08-09T06:28:40.000Z</time>
        <extensions>
          <ns3:TrackPointExtension>
            <ns3:hr>110</ns3:hr>
            <ns3:cad>57</ns3:cad>
          </ns3:TrackPointExtension>
        </extensions>
      </trkpt>
      <trkpt lat="29.1758316569030284881591796875" lon="82.94627501629292964935302734375">
        <ele>3821.199951171875</ele>
        <time>2026-08-09T06:28:43.000Z</time>
        <extensions>
          <ns3:TrackPointExtension>
            <ns3:hr>111</ns3:hr>
            <ns3:cad>0</ns3:cad>
          </ns3:TrackPointExtension>
        </extensions>
      </trkpt>
      <trkpt lat="29.17580843903124332427978515625" lon="82.9462745971977710723876953125">
        <ele>3820.39990234375</ele>
        <time>2026-08-09T06:28:45.000Z</time>
        <extensions>
          <ns3:TrackPointExtension>
            <ns3:hr>114</ns3:hr>
            <ns3:cad>0</ns3:cad>
          </ns3:TrackPointExtension>
        </extensions>
      </trkpt>
      <trkpt lat="29.175793938338756561279296875" lon="82.94626847840845584869384765625">
        <ele>3820.199951171875</ele>
        <time>2026-08-09T06:28:46.000Z</time>
        <extensions>
          <ns3:TrackPointExtension>
            <ns3:hr>115</ns3:hr>
            <ns3:cad>0</ns3:cad>
          </ns3:TrackPointExtension>
        </extensions>
      </trkpt>
      <trkpt lat="29.17578195221722126007080078125" lon="82.94626772403717041015625">
        <ele>3819.800048828125</ele>
        <time>2026-08-09T06:28:47.000Z</time>
        <extensions>
          <ns3:TrackPointExtension>
            <ns3:hr>115</ns3:hr>
            <ns3:cad>0</ns3:cad>
          </ns3:TrackPointExtension>
        </extensions>
      </trkpt>
      <trkpt lat="29.1757226921617984771728515625" lon="82.946288175880908966064453125">
        <ele>3819</ele>
        <time>2026-08-09T06:28:53.000Z</time>
        <extensions>
          <ns3:TrackPointExtension>
            <ns3:hr>115</ns3:hr>
            <ns3:cad>54</ns3:cad>
          </ns3:TrackPointExtension>
        </extensions>
      </trkpt>
      <trkpt lat="29.1757106222212314605712890625" lon="82.946289516985416412353515625">
        <ele>3818.60009765625</ele>
        <time>2026-08-09T06:28:54.000Z</time>
        <extensions>
          <ns3:TrackPointExtension>
            <ns3:hr>115</ns3:hr>
            <ns3:cad>54</ns3:cad>
          </ns3:TrackPointExtension>
        </extensions>
      </trkpt>
      <trkpt lat="29.17569243349134922027587890625" lon="82.94629387557506561279296875">
        <ele>3817.800048828125</ele>
        <time>2026-08-09T06:28:56.000Z</time>
        <extensions>
          <ns3:TrackPointExtension>
            <ns3:hr>115</ns3:hr>
            <ns3:cad>54</ns3:cad>
          </ns3:TrackPointExtension>
        </extensions>
      </trkpt>
      <trkpt lat="29.175637699663639068603515625" lon="82.946297563612461090087890625">
        <ele>3817</ele>
        <time>2026-08-09T06:29:00.000Z</time>
        <extensions>
          <ns3:TrackPointExtension>
            <ns3:hr>115</ns3:hr>
            <ns3:cad>0</ns3:cad>
          </ns3:TrackPointExtension>
        </extensions>
      </trkpt>
      <trkpt lat="29.175620935857295989990234375" lon="82.946307621896266937255859375">
        <ele>3816.60009765625</ele>
        <time>2026-08-09T06:29:02.000Z</time>
        <extensions>
          <ns3:TrackPointExtension>
            <ns3:hr>115</ns3:hr>
            <ns3:cad>0</ns3:cad>
          </ns3:TrackPointExtension>
        </extensions>
      </trkpt>
      <trkpt lat="29.17561515234410762786865234375" lon="82.9463289119303226470947265625">
        <ele>3816</ele>
        <time>2026-08-09T06:29:04.000Z</time>
        <extensions>
          <ns3:TrackPointExtension>
            <ns3:hr>114</ns3:hr>
            <ns3:cad>0</ns3:cad>
          </ns3:TrackPointExtension>
        </extensions>
      </trkpt>
      <trkpt lat="29.17559989728033542633056640625" lon="82.94633922167122364044189453125">
        <ele>3815.199951171875</ele>
        <time>2026-08-09T06:29:06.000Z</time>
        <extensions>
          <ns3:TrackPointExtension>
            <ns3:hr>114</ns3:hr>
            <ns3:cad>0</ns3:cad>
          </ns3:TrackPointExtension>
        </extensions>
      </trkpt>
      <trkpt lat="29.1755607537925243377685546875" lon="82.9463548958301544189453125">
        <ele>3814</ele>
        <time>2026-08-09T06:29:09.000Z</time>
        <extensions>
          <ns3:TrackPointExtension>
            <ns3:hr>112</ns3:hr>
            <ns3:cad>0</ns3:cad>
          </ns3:TrackPointExtension>
        </extensions>
      </trkpt>
      <trkpt lat="29.175551198422908782958984375" lon="82.9463584162294864654541015625">
        <ele>3813.60009765625</ele>
        <time>2026-08-09T06:29:10.000Z</time>
        <extensions>
          <ns3:TrackPointExtension>
            <ns3:hr>112</ns3:hr>
            <ns3:cad>0</ns3:cad>
          </ns3:TrackPointExtension>
        </extensions>
      </trkpt>
      <trkpt lat="29.17548540048301219940185546875" lon="82.94638163410127162933349609375">
        <ele>3813.39990234375</ele>
        <time>2026-08-09T06:29:16.000Z</time>
        <extensions>
          <ns3:TrackPointExtension>
            <ns3:hr>112</ns3:hr>
            <ns3:cad>0</ns3:cad>
          </ns3:TrackPointExtension>
        </extensions>
      </trkpt>
      <trkpt lat="29.17547844350337982177734375" lon="82.94639714062213897705078125">
        <ele>3812.800048828125</ele>
        <time>2026-08-09T06:29:18.000Z</time>
        <extensions>
          <ns3:TrackPointExtension>
            <ns3:hr>112</ns3:hr>
            <ns3:cad>0</ns3:cad>
          </ns3:TrackPointExtension>
        </extensions>
      </trkpt>
      <trkpt lat="29.17546310462057590484619140625" lon="82.94641859829425811767578125">
        <ele>3811.800048828125</ele>
        <time>2026-08-09T06:29:21.000Z</time>
        <extensions>
          <ns3:TrackPointExtension>
            <ns3:hr>114</ns3:hr>
            <ns3:cad>0</ns3:cad>
          </ns3:TrackPointExtension>
        </extensions>
      </trkpt>
      <trkpt lat="29.17546645738184452056884765625" lon="82.9464123956859111785888671875">
        <ele>3811.60009765625</ele>
        <time>2026-08-09T06:29:22.000Z</time>
        <extensions>
          <ns3:TrackPointExtension>
            <ns3:hr>114</ns3:hr>
            <ns3:cad>0</ns3:cad>
          </ns3:TrackPointExtension>
        </extensions>
      </trkpt>
      <trkpt lat="29.17546561919152736663818359375" lon="82.946422286331653594970703125">
        <ele>3811.60009765625</ele>
        <time>2026-08-09T06:29:24.000Z</time>
        <extensions>
          <ns3:TrackPointExtension>
            <ns3:hr>114</ns3:hr>
            <ns3:cad>0</ns3:cad>
          </ns3:TrackPointExtension>
        </extensions>
      </trkpt>
      <trkpt lat="29.17546511627733707427978515625" lon="82.9464301653206348419189453125">
        <ele>3811.800048828125</ele>
        <time>2026-08-09T06:29:25.000Z</time>
        <extensions>
          <ns3:TrackPointExtension>
            <ns3:hr>115</ns3:hr>
            <ns3:cad>0</ns3:cad>
          </ns3:TrackPointExtension>
        </extensions>
      </trkpt>
      <trkpt lat="29.1754377074539661407470703125" lon="82.94644131325185298919677734375">
        <ele>3812</ele>
        <time>2026-08-09T06:29:31.000Z</time>
        <extensions>
          <ns3:TrackPointExtension>
            <ns3:hr>115</ns3:hr>
            <ns3:cad>0</ns3:cad>
          </ns3:TrackPointExtension>
        </extensions>
      </trkpt>
      <trkpt lat="29.17542773298919200897216796875" lon="82.94644047506153583526611328125">
        <ele>3812.199951171875</ele>
        <time>2026-08-09T06:29:33.000Z</time>
        <extensions>
          <ns3:TrackPointExtension>
            <ns3:hr>112</ns3:hr>
            <ns3:cad>0</ns3:cad>
          </ns3:TrackPointExtension>
        </extensions>
      </trkpt>
      <trkpt lat="29.1754038445651531219482421875" lon="82.94644952751696109771728515625">
        <ele>3811.60009765625</ele>
        <time>2026-08-09T06:29:37.000Z</time>
        <extensions>
          <ns3:TrackPointExtension>
            <ns3:hr>110</ns3:hr>
            <ns3:cad>0</ns3:cad>
          </ns3:TrackPointExtension>
        </extensions>
      </trkpt>
      <trkpt lat="29.175405688583850860595703125" lon="82.94645120389759540557861328125">
        <ele>3811.39990234375</ele>
        <time>2026-08-09T06:29:45.000Z</time>
        <extensions>
          <ns3:TrackPointExtension>
            <ns3:hr>119</ns3:hr>
            <ns3:cad>0</ns3:cad>
          </ns3:TrackPointExtension>
        </extensions>
      </trkpt>
      <trkpt lat="29.1754051856696605682373046875" lon="82.94645170681178569793701171875">
        <ele>3811.60009765625</ele>
        <time>2026-08-09T06:29:48.000Z</time>
        <extensions>
          <ns3:TrackPointExtension>
            <ns3:hr>121</ns3:hr>
            <ns3:cad>0</ns3:cad>
          </ns3:TrackPointExtension>
        </extensions>
      </trkpt>
      <trkpt lat="29.175350368022918701171875" lon="82.94645489193499088287353515625">
        <ele>3810.39990234375</ele>
        <time>2026-08-09T06:29:53.000Z</time>
        <extensions>
          <ns3:TrackPointExtension>
            <ns3:hr>120</ns3:hr>
            <ns3:cad>55</ns3:cad>
          </ns3:TrackPointExtension>
        </extensions>
      </trkpt>
      <trkpt lat="29.17533922009170055389404296875" lon="82.94645623303949832916259765625">
        <ele>3810.199951171875</ele>
        <time>2026-08-09T06:29:54.000Z</time>
        <extensions>
          <ns3:TrackPointExtension>
            <ns3:hr>120</ns3:hr>
            <ns3:cad>54</ns3:cad>
          </ns3:TrackPointExtension>
        </extensions>
      </trkpt>
      <trkpt lat="29.175309129059314727783203125" lon="82.94644676148891448974609375">
        <ele>3809.199951171875</ele>
        <time>2026-08-09T06:29:57.000Z</time>
        <extensions>
          <ns3:TrackPointExtension>
            <ns3:hr>121</ns3:hr>
            <ns3:cad>55</ns3:cad>
          </ns3:TrackPointExtension>
        </extensions>
      </trkpt>
      <trkpt lat="29.17528331279754638671875" lon="82.94644500128924846649169921875">
        <ele>3808.199951171875</ele>
        <time>2026-08-09T06:30:00.000Z</time>
        <extensions>
          <ns3:TrackPointExtension>
            <ns3:hr>124</ns3:hr>
            <ns3:cad>0</ns3:cad>
          </ns3:TrackPointExtension>
        </extensions>
      </trkpt>
      <trkpt lat="29.1752737574279308319091796875" lon="82.9464519582688808441162109375">
        <ele>3808</ele>
        <time>2026-08-09T06:30:01.000Z</time>
        <extensions>
          <ns3:TrackPointExtension>
            <ns3:hr>124</ns3:hr>
            <ns3:cad>0</ns3:cad>
          </ns3:TrackPointExtension>
        </extensions>
      </trkpt>
      <trkpt lat="29.1752553172409534454345703125" lon="82.9464600048959255218505859375">
        <ele>3807</ele>
        <time>2026-08-09T06:30:04.000Z</time>
        <extensions>
          <ns3:TrackPointExtension>
            <ns3:hr>123</ns3:hr>
            <ns3:cad>0</ns3:cad>
          </ns3:TrackPointExtension>
        </extensions>
      </trkpt>
      <trkpt lat="29.1752335242927074432373046875" lon="82.946467883884906768798828125">
        <ele>3806</ele>
        <time>2026-08-09T06:30:06.000Z</time>
        <extensions>
          <ns3:TrackPointExtension>
            <ns3:hr>123</ns3:hr>
            <ns3:cad>0</ns3:cad>
          </ns3:TrackPointExtension>
        </extensions>
      </trkpt>
      <trkpt lat="29.17521349154412746429443359375" lon="82.9464734159409999847412109375">
        <ele>3805</ele>
        <time>2026-08-09T06:30:08.000Z</time>
        <extensions>
          <ns3:TrackPointExtension>
            <ns3:hr>122</ns3:hr>
            <ns3:cad>0</ns3:cad>
          </ns3:TrackPointExtension>
        </extensions>
      </trkpt>
      <trkpt lat="29.1752068698406219482421875" lon="82.94647534377872943878173828125">
        <ele>3804.39990234375</ele>
        <time>2026-08-09T06:30:09.000Z</time>
        <extensions>
          <ns3:TrackPointExtension>
            <ns3:hr>122</ns3:hr>
            <ns3:cad>0</ns3:cad>
          </ns3:TrackPointExtension>
        </extensions>
      </trkpt>
      <trkpt lat="29.1751872561872005462646484375" lon="82.94648406095802783966064453125">
        <ele>3803.800048828125</ele>
        <time>2026-08-09T06:30:12.000Z</time>
        <extensions>
          <ns3:TrackPointExtension>
            <ns3:hr>121</ns3:hr>
            <ns3:cad>0</ns3:cad>
          </ns3:TrackPointExtension>
        </extensions>
      </trkpt>
      <trkpt lat="29.17514987289905548095703125" lon="82.94650333933532238006591796875">
        <ele>3802.60009765625</ele>
        <time>2026-08-09T06:30:16.000Z</time>
        <extensions>
          <ns3:TrackPointExtension>
            <ns3:hr>121</ns3:hr>
            <ns3:cad>0</ns3:cad>
          </ns3:TrackPointExtension>
        </extensions>
      </trkpt>
      <trkpt lat="29.17514157481491565704345703125" lon="82.9465089552104473114013671875">
        <ele>3802.39990234375</ele>
        <time>2026-08-09T06:30:17.000Z</time>
        <extensions>
          <ns3:TrackPointExtension>
            <ns3:hr>121</ns3:hr>
            <ns3:cad>0</ns3:cad>
          </ns3:TrackPointExtension>
        </extensions>
      </trkpt>
      <trkpt lat="29.1751165129244327545166015625" lon="82.94652597047388553619384765625">
        <ele>3802.39990234375</ele>
        <time>2026-08-09T06:30:21.000Z</time>
        <extensions>
          <ns3:TrackPointExtension>
            <ns3:hr>120</ns3:hr>
            <ns3:cad>0</ns3:cad>
          </ns3:TrackPointExtension>
        </extensions>
      </trkpt>
      <trkpt lat="29.17511098086833953857421875" lon="82.94653552584350109100341796875">
        <ele>3802.199951171875</ele>
        <time>2026-08-09T06:30:22.000Z</time>
        <extensions>
          <ns3:TrackPointExtension>
            <ns3:hr>120</ns3:hr>
            <ns3:cad>0</ns3:cad>
          </ns3:TrackPointExtension>
        </extensions>
      </trkpt>
      <trkpt lat="29.175100587308406829833984375" lon="82.946549020707607269287109375">
        <ele>3801.60009765625</ele>
        <time>2026-08-09T06:30:24.000Z</time>
        <extensions>
          <ns3:TrackPointExtension>
            <ns3:hr>120</ns3:hr>
            <ns3:cad>0</ns3:cad>
          </ns3:TrackPointExtension>
        </extensions>
      </trkpt>
      <trkpt lat="29.17507535777986049652099609375" lon="82.9465686343610286712646484375">
        <ele>3800.199951171875</ele>
        <time>2026-08-09T06:30:27.000Z</time>
        <extensions>
          <ns3:TrackPointExtension>
            <ns3:hr>119</ns3:hr>
            <ns3:cad>0</ns3:cad>
          </ns3:TrackPointExtension>
        </extensions>
      </trkpt>
      <trkpt lat="29.17506764642894268035888671875" lon="82.94656871818006038665771484375">
        <ele>3800</ele>
        <time>2026-08-09T06:30:28.000Z</time>
        <extensions>
          <ns3:TrackPointExtension>
            <ns3:hr>119</ns3:hr>
            <ns3:cad>0</ns3:cad>
          </ns3:TrackPointExtension>
        </extensions>
      </trkpt>
      <trkpt lat="29.175044931471347808837890625" lon="82.94658497907221317291259765625">
        <ele>3799.199951171875</ele>
        <time>2026-08-09T06:30:32.000Z</time>
        <extensions>
          <ns3:TrackPointExtension>
            <ns3:hr>118</ns3:hr>
            <ns3:cad>0</ns3:cad>
          </ns3:TrackPointExtension>
        </extensions>
      </trkpt>
      <trkpt lat="29.17502992786467075347900390625" lon="82.9465936124324798583984375">
        <ele>3798.800048828125</ele>
        <time>2026-08-09T06:30:34.000Z</time>
        <extensions>
          <ns3:TrackPointExtension>
            <ns3:hr>118</ns3:hr>
            <ns3:cad>58</ns3:cad>
          </ns3:TrackPointExtension>
        </extensions>
      </trkpt>
      <trkpt lat="29.17500142939388751983642578125" lon="82.94660308398306369781494140625">
        <ele>3798.199951171875</ele>
        <time>2026-08-09T06:30:37.000Z</time>
        <extensions>
          <ns3:TrackPointExtension>
            <ns3:hr>118</ns3:hr>
            <ns3:cad>58</ns3:cad>
          </ns3:TrackPointExtension>
        </extensions>
      </trkpt>
      <trkpt lat="29.17498231865465641021728515625" lon="82.9466177523136138916015625">
        <ele>3797.39990234375</ele>
        <time>2026-08-09T06:30:40.000Z</time>
        <extensions>
          <ns3:TrackPointExtension>
            <ns3:hr>118</ns3:hr>
            <ns3:cad>0</ns3:cad>
          </ns3:TrackPointExtension>
        </extensions>
      </trkpt>
      <trkpt lat="29.17497963644564151763916015625" lon="82.94662102125585079193115234375">
        <ele>3797</ele>
        <time>2026-08-09T06:30:41.000Z</time>
        <extensions>
          <ns3:TrackPointExtension>
            <ns3:hr>118</ns3:hr>
            <ns3:cad>0</ns3:cad>
          </ns3:TrackPointExtension>
        </extensions>
      </trkpt>
      <trkpt lat="29.1749441809952259063720703125" lon="82.94663451611995697021484375">
        <ele>3796.39990234375</ele>
        <time>2026-08-09T06:30:44.000Z</time>
        <extensions>
          <ns3:TrackPointExtension>
            <ns3:hr>118</ns3:hr>
            <ns3:cad>70</ns3:cad>
          </ns3:TrackPointExtension>
        </extensions>
      </trkpt>
      <trkpt lat="29.17493135668337345123291015625" lon="82.946634851396083831787109375">
        <ele>3795.800048828125</ele>
        <time>2026-08-09T06:30:46.000Z</time>
        <extensions>
          <ns3:TrackPointExtension>
            <ns3:hr>117</ns3:hr>
            <ns3:cad>70</ns3:cad>
          </ns3:TrackPointExtension>
        </extensions>
      </trkpt>
      <trkpt lat="29.17490369640290737152099609375" lon="82.94664767570793628692626953125">
        <ele>3794.800048828125</ele>
        <time>2026-08-09T06:30:49.000Z</time>
        <extensions>
          <ns3:TrackPointExtension>
            <ns3:hr>115</ns3:hr>
            <ns3:cad>70</ns3:cad>
          </ns3:TrackPointExtension>
        </extensions>
      </trkpt>
      <trkpt lat="29.1748912073671817779541015625" lon="82.94664985500276088714599609375">
        <ele>3794.199951171875</ele>
        <time>2026-08-09T06:30:50.000Z</time>
        <extensions>
          <ns3:TrackPointExtension>
            <ns3:hr>114</ns3:hr>
            <ns3:cad>0</ns3:cad>
          </ns3:TrackPointExtension>
        </extensions>
      </trkpt>
      <trkpt lat="29.17487762868404388427734375" lon="82.946654967963695526123046875">
        <ele>3793.60009765625</ele>
        <time>2026-08-09T06:30:52.000Z</time>
        <extensions>
          <ns3:TrackPointExtension>
            <ns3:hr>115</ns3:hr>
            <ns3:cad>0</ns3:cad>
          </ns3:TrackPointExtension>
        </extensions>
      </trkpt>
      <trkpt lat="29.17483739554882049560546875" lon="82.9466631822288036346435546875">
        <ele>3792.60009765625</ele>
        <time>2026-08-09T06:30:56.000Z</time>
        <extensions>
          <ns3:TrackPointExtension>
            <ns3:hr>114</ns3:hr>
            <ns3:cad>54</ns3:cad>
          </ns3:TrackPointExtension>
        </extensions>
      </trkpt>
      <trkpt lat="29.174832366406917572021484375" lon="82.94667474925518035888671875">
        <ele>3792.199951171875</ele>
        <time>2026-08-09T06:30:57.000Z</time>
        <extensions>
          <ns3:TrackPointExtension>
            <ns3:hr>114</ns3:hr>
            <ns3:cad>54</ns3:cad>
          </ns3:TrackPointExtension>
        </extensions>
      </trkpt>
      <trkpt lat="29.1748023591935634613037109375" lon="82.9467037506401538848876953125">
        <ele>3790.800048828125</ele>
        <time>2026-08-09T06:31:00.000Z</time>
        <extensions>
          <ns3:TrackPointExtension>
            <ns3:hr>113</ns3:hr>
            <ns3:cad>0</ns3:cad>
          </ns3:TrackPointExtension>
        </extensions>
      </trkpt>
      <trkpt lat="29.17479774914681911468505859375" lon="82.94670769013464450836181640625">
        <ele>3790.60009765625</ele>
        <time>2026-08-09T06:31:01.000Z</time>
        <extensions>
          <ns3:TrackPointExtension>
            <ns3:hr>113</ns3:hr>
            <ns3:cad>0</ns3:cad>
          </ns3:TrackPointExtension>
        </extensions>
      </trkpt>
      <trkpt lat="29.17475667782127857208251953125" lon="82.946726381778717041015625">
        <ele>3789.60009765625</ele>
        <time>2026-08-09T06:31:05.000Z</time>
        <extensions>
          <ns3:TrackPointExtension>
            <ns3:hr>114</ns3:hr>
            <ns3:cad>0</ns3:cad>
          </ns3:TrackPointExtension>
        </extensions>
      </trkpt>
      <trkpt lat="29.17474578134715557098388671875" lon="82.946732081472873687744140625">
        <ele>3789.39990234375</ele>
        <time>2026-08-09T06:31:06.000Z</time>
        <extensions>
          <ns3:TrackPointExtension>
            <ns3:hr>114</ns3:hr>
            <ns3:cad>0</ns3:cad>
          </ns3:TrackPointExtension>
        </extensions>
      </trkpt>
      <trkpt lat="29.17472482658922672271728515625" lon="82.9467451572418212890625">
        <ele>3788.60009765625</ele>
        <time>2026-08-09T06:31:08.000Z</time>
        <extensions>
          <ns3:TrackPointExtension>
            <ns3:hr>114</ns3:hr>
            <ns3:cad>0</ns3:cad>
          </ns3:TrackPointExtension>
        </extensions>
      </trkpt>
      <trkpt lat="29.174695909023284912109375" lon="82.946766950190067291259765625">
        <ele>3788.199951171875</ele>
        <time>2026-08-09T06:31:11.000Z</time>
        <extensions>
          <ns3:TrackPointExtension>
            <ns3:hr>115</ns3:hr>
            <ns3:cad>55</ns3:cad>
          </ns3:TrackPointExtension>
        </extensions>
      </trkpt>
      <trkpt lat="29.17465492151677608489990234375" lon="82.94678899459540843963623046875">
        <ele>3788.39990234375</ele>
        <time>2026-08-09T06:31:15.000Z</time>
        <extensions>
          <ns3:TrackPointExtension>
            <ns3:hr>115</ns3:hr>
            <ns3:cad>53</ns3:cad>
          </ns3:TrackPointExtension>
        </extensions>
      </trkpt>
      <trkpt lat="29.17462374083697795867919921875" lon="82.946796119213104248046875">
        <ele>3787.39990234375</ele>
        <time>2026-08-09T06:31:18.000Z</time>
        <extensions>
          <ns3:TrackPointExtension>
            <ns3:hr>117</ns3:hr>
            <ns3:cad>53</ns3:cad>
          </ns3:TrackPointExtension>
        </extensions>
      </trkpt>
      <trkpt lat="29.1745921410620212554931640625" lon="82.9468053393065929412841796875">
        <ele>3786.199951171875</ele>
        <time>2026-08-09T06:31:21.000Z</time>
        <extensions>
          <ns3:TrackPointExtension>
            <ns3:hr>120</ns3:hr>
            <ns3:cad>0</ns3:cad>
          </ns3:TrackPointExtension>
        </extensions>
      </trkpt>
      <trkpt lat="29.17458568699657917022705078125" lon="82.94681045226752758026123046875">
        <ele>3785.800048828125</ele>
        <time>2026-08-09T06:31:22.000Z</time>
        <extensions>
          <ns3:TrackPointExtension>
            <ns3:hr>120</ns3:hr>
            <ns3:cad>0</ns3:cad>
          </ns3:TrackPointExtension>
        </extensions>
      </trkpt>
      <trkpt lat="29.1745706833899021148681640625" lon="82.9468160681426525115966796875">
        <ele>3785</ele>
        <time>2026-08-09T06:31:24.000Z</time>
        <extensions>
          <ns3:TrackPointExtension>
            <ns3:hr>121</ns3:hr>
            <ns3:cad>0</ns3:cad>
          </ns3:TrackPointExtension>
        </extensions>
      </trkpt>
      <trkpt lat="29.17454511858522891998291015625" lon="82.9468278028070926666259765625">
        <ele>3784</ele>
        <time>2026-08-09T06:31:27.000Z</time>
        <extensions>
          <ns3:TrackPointExtension>
            <ns3:hr>121</ns3:hr>
            <ns3:cad>0</ns3:cad>
          </ns3:TrackPointExtension>
        </extensions>
      </trkpt>
      <trkpt lat="29.17453221045434474945068359375" lon="82.9468304850161075592041015625">
        <ele>3783.800048828125</ele>
        <time>2026-08-09T06:31:28.000Z</time>
        <extensions>
          <ns3:TrackPointExtension>
            <ns3:hr>120</ns3:hr>
            <ns3:cad>0</ns3:cad>
          </ns3:TrackPointExtension>
        </extensions>
      </trkpt>
      <trkpt lat="29.174493737518787384033203125" lon="82.94682889245450496673583984375">
        <ele>3782.39990234375</ele>
        <time>2026-08-09T06:31:32.000Z</time>
        <extensions>
          <ns3:TrackPointExtension>
            <ns3:hr>120</ns3:hr>
            <ns3:cad>0</ns3:cad>
          </ns3:TrackPointExtension>
        </extensions>
      </trkpt>
      <trkpt lat="29.1744798235595226287841796875" lon="82.94682897627353668212890625">
        <ele>3781.39990234375</ele>
        <time>2026-08-09T06:31:34.000Z</time>
        <extensions>
          <ns3:TrackPointExtension>
            <ns3:hr>118</ns3:hr>
            <ns3:cad>0</ns3:cad>
          </ns3:TrackPointExtension>
        </extensions>
      </trkpt>
      <trkpt lat="29.17446146719157695770263671875" lon="82.94683073647320270538330078125">
        <ele>3780.39990234375</ele>
        <time>2026-08-09T06:31:36.000Z</time>
        <extensions>
          <ns3:TrackPointExtension>
            <ns3:hr>115</ns3:hr>
            <ns3:cad>57</ns3:cad>
          </ns3:TrackPointExtension>
        </extensions>
      </trkpt>
      <trkpt lat="29.1744580306112766265869140625" lon="82.9468318261206150054931640625">
        <ele>3780.199951171875</ele>
        <time>2026-08-09T06:31:37.000Z</time>
        <extensions>
          <ns3:TrackPointExtension>
            <ns3:hr>115</ns3:hr>
            <ns3:cad>57</ns3:cad>
          </ns3:TrackPointExtension>
        </extensions>
      </trkpt>
      <trkpt lat="29.17444772087037563323974609375" lon="82.9468321613967418670654296875">
        <ele>3779.60009765625</ele>
        <time>2026-08-09T06:31:38.000Z</time>
        <extensions>
          <ns3:TrackPointExtension>
            <ns3:hr>115</ns3:hr>
            <ns3:cad>57</ns3:cad>
          </ns3:TrackPointExtension>
        </extensions>
      </trkpt>
      <trkpt lat="29.174414612352848052978515625" lon="82.946828640997409820556640625">
        <ele>3779</ele>
        <time>2026-08-09T06:31:41.000Z</time>
        <extensions>
          <ns3:TrackPointExtension>
            <ns3:hr>115</ns3:hr>
            <ns3:cad>57</ns3:cad>
          </ns3:TrackPointExtension>
        </extensions>
      </trkpt>
      <trkpt lat="29.17440597899258136749267578125" lon="82.94682763516902923583984375">
        <ele>3778.800048828125</ele>
        <time>2026-08-09T06:31:42.000Z</time>
        <extensions>
          <ns3:TrackPointExtension>
            <ns3:hr>116</ns3:hr>
            <ns3:cad>57</ns3:cad>
          </ns3:TrackPointExtension>
        </extensions>
      </trkpt>
      <trkpt lat="29.17437580414116382598876953125" lon="82.9468200914561748504638671875">
        <ele>3777.800048828125</ele>
        <time>2026-08-09T06:31:46.000Z</time>
        <extensions>
          <ns3:TrackPointExtension>
            <ns3:hr>116</ns3:hr>
            <ns3:cad>0</ns3:cad>
          </ns3:TrackPointExtension>
        </extensions>
      </trkpt>
      <trkpt lat="29.1743711940944194793701171875" lon="82.9468210972845554351806640625">
        <ele>3777.39990234375</ele>
        <time>2026-08-09T06:31:47.000Z</time>
        <extensions>
          <ns3:TrackPointExtension>
            <ns3:hr>116</ns3:hr>
            <ns3:cad>0</ns3:cad>
          </ns3:TrackPointExtension>
        </extensions>
      </trkpt>
      <trkpt lat="29.1743390075862407684326171875" lon="82.94683165848255157470703125">
        <ele>3776.60009765625</ele>
        <time>2026-08-09T06:31:50.000Z</time>
        <extensions>
          <ns3:TrackPointExtension>
            <ns3:hr>117</ns3:hr>
            <ns3:cad>0</ns3:cad>
          </ns3:TrackPointExtension>
        </extensions>
      </trkpt>
      <trkpt lat="29.174316041171550750732421875" lon="82.946832664310932159423828125">
        <ele>3776</ele>
        <time>2026-08-09T06:31:52.000Z</time>
        <extensions>
          <ns3:TrackPointExtension>
            <ns3:hr>117</ns3:hr>
            <ns3:cad>0</ns3:cad>
          </ns3:TrackPointExtension>
        </extensions>
      </trkpt>
      <trkpt lat="29.17429181747138500213623046875" lon="82.94683744199573993682861328125">
        <ele>3775.39990234375</ele>
        <time>2026-08-09T06:31:54.000Z</time>
        <extensions>
          <ns3:TrackPointExtension>
            <ns3:hr>116</ns3:hr>
            <ns3:cad>0</ns3:cad>
          </ns3:TrackPointExtension>
        </extensions>
      </trkpt>
      <trkpt lat="29.1742662526667118072509765625" lon="82.94683643616735935211181640625">
        <ele>3774</ele>
        <time>2026-08-09T06:31:57.000Z</time>
        <extensions>
          <ns3:TrackPointExtension>
            <ns3:hr>115</ns3:hr>
            <ns3:cad>0</ns3:cad>
          </ns3:TrackPointExtension>
        </extensions>
      </trkpt>
      <trkpt lat="29.17425401508808135986328125" lon="82.9468341730535030364990234375">
        <ele>3773.199951171875</ele>
        <time>2026-08-09T06:31:59.000Z</time>
        <extensions>
          <ns3:TrackPointExtension>
            <ns3:hr>116</ns3:hr>
            <ns3:cad>0</ns3:cad>
          </ns3:TrackPointExtension>
        </extensions>
      </trkpt>
      <trkpt lat="29.174249656498432159423828125" lon="82.94684012420475482940673828125">
        <ele>3773</ele>
        <time>2026-08-09T06:32:00.000Z</time>
        <extensions>
          <ns3:TrackPointExtension>
            <ns3:hr>116</ns3:hr>
            <ns3:cad>0</ns3:cad>
          </ns3:TrackPointExtension>
        </extensions>
      </trkpt>
      <trkpt lat="29.17423498816788196563720703125" lon="82.9468428902328014373779296875">
        <ele>3772.60009765625</ele>
        <time>2026-08-09T06:32:01.000Z</time>
        <extensions>
          <ns3:TrackPointExtension>
            <ns3:hr>116</ns3:hr>
            <ns3:cad>0</ns3:cad>
          </ns3:TrackPointExtension>
        </extensions>
      </trkpt>
      <trkpt lat="29.1742189787328243255615234375" lon="82.94684129767119884490966796875">
        <ele>3772</ele>
        <time>2026-08-09T06:32:04.000Z</time>
        <extensions>
          <ns3:TrackPointExtension>
            <ns3:hr>116</ns3:hr>
            <ns3:cad>0</ns3:cad>
          </ns3:TrackPointExtension>
        </extensions>
      </trkpt>
      <trkpt lat="29.1742015443742275238037109375" lon="82.94684397988021373748779296875">
        <ele>3771.60009765625</ele>
        <time>2026-08-09T06:32:06.000Z</time>
        <extensions>
          <ns3:TrackPointExtension>
            <ns3:hr>117</ns3:hr>
            <ns3:cad>55</ns3:cad>
          </ns3:TrackPointExtension>
        </extensions>
      </trkpt>
      <trkpt lat="29.174175895750522613525390625" lon="82.9468536190688610076904296875">
        <ele>3771.199951171875</ele>
        <time>2026-08-09T06:32:10.000Z</time>
        <extensions>
          <ns3:TrackPointExtension>
            <ns3:hr>117</ns3:hr>
            <ns3:cad>57</ns3:cad>
          </ns3:TrackPointExtension>
        </extensions>
      </trkpt>
      <trkpt lat="29.17415703646838665008544921875" lon="82.9468536190688610076904296875">
        <ele>3770.60009765625</ele>
        <time>2026-08-09T06:32:12.000Z</time>
        <extensions>
          <ns3:TrackPointExtension>
            <ns3:hr>117</ns3:hr>
            <ns3:cad>54</ns3:cad>
          </ns3:TrackPointExtension>
        </extensions>
      </trkpt>
      <trkpt lat="29.17413490824401378631591796875" lon="82.94685688801109790802001953125">
        <ele>3769.60009765625</ele>
        <time>2026-08-09T06:32:15.000Z</time>
        <extensions>
          <ns3:TrackPointExtension>
            <ns3:hr>117</ns3:hr>
            <ns3:cad>54</ns3:cad>
          </ns3:TrackPointExtension>
        </extensions>
      </trkpt>
      <trkpt lat="29.1741297952830791473388671875" lon="82.94685739092528820037841796875">
        <ele>3769.39990234375</ele>
        <time>2026-08-09T06:32:16.000Z</time>
        <extensions>
          <ns3:TrackPointExtension>
            <ns3:hr>117</ns3:hr>
            <ns3:cad>0</ns3:cad>
          </ns3:TrackPointExtension>
        </extensions>
      </trkpt>
      <trkpt lat="29.17410322465002536773681640625" lon="82.94684766791760921478271484375">
        <ele>3768.800048828125</ele>
        <time>2026-08-09T06:32:19.000Z</time>
        <extensions>
          <ns3:TrackPointExtension>
            <ns3:hr>116</ns3:hr>
            <ns3:cad>0</ns3:cad>
          </ns3:TrackPointExtension>
        </extensions>
      </trkpt>
      <trkpt lat="29.174095094203948974609375" lon="82.94684414751827716827392578125">
        <ele>3768.60009765625</ele>
        <time>2026-08-09T06:32:20.000Z</time>
        <extensions>
          <ns3:TrackPointExtension>
            <ns3:hr>115</ns3:hr>
            <ns3:cad>0</ns3:cad>
          </ns3:TrackPointExtension>
        </extensions>
      </trkpt>
      <trkpt lat="29.1740593872964382171630859375" lon="82.9468455724418163299560546875">
        <ele>3767.199951171875</ele>
        <time>2026-08-09T06:32:24.000Z</time>
        <extensions>
          <ns3:TrackPointExtension>
            <ns3:hr>115</ns3:hr>
            <ns3:cad>0</ns3:cad>
          </ns3:TrackPointExtension>
        </extensions>
      </trkpt>
      <trkpt lat="29.174049831926822662353515625" lon="82.946849428117275238037109375">
        <ele>3767</ele>
        <time>2026-08-09T06:32:25.000Z</time>
        <extensions>
          <ns3:TrackPointExtension>
            <ns3:hr>116</ns3:hr>
            <ns3:cad>0</ns3:cad>
          </ns3:TrackPointExtension>
        </extensions>
      </trkpt>
      <trkpt lat="29.1740258596837520599365234375" lon="82.94684180058538913726806640625">
        <ele>3766.199951171875</ele>
        <time>2026-08-09T06:32:28.000Z</time>
        <extensions>
          <ns3:TrackPointExtension>
            <ns3:hr>120</ns3:hr>
            <ns3:cad>0</ns3:cad>
          </ns3:TrackPointExtension>
        </extensions>
      </trkpt>
      <trkpt lat="29.174018986523151397705078125" lon="82.9468368552625179290771484375">
        <ele>3766</ele>
        <time>2026-08-09T06:32:29.000Z</time>
        <extensions>
          <ns3:TrackPointExtension>
            <ns3:hr>120</ns3:hr>
            <ns3:cad>0</ns3:cad>
          </ns3:TrackPointExtension>
        </extensions>
      </trkpt>
      <trkpt lat="29.17401052080094814300537109375" lon="82.94683911837637424468994140625">
        <ele>3765.800048828125</ele>
        <time>2026-08-09T06:32:30.000Z</time>
        <extensions>
          <ns3:TrackPointExtension>
            <ns3:hr>120</ns3:hr>
            <ns3:cad>0</ns3:cad>
          </ns3:TrackPointExtension>
        </extensions>
      </trkpt>
      <trkpt lat="29.17398805730044841766357421875" lon="82.946847416460514068603515625">
        <ele>3765</ele>
        <time>2026-08-09T06:32:33.000Z</time>
        <extensions>
          <ns3:TrackPointExtension>
            <ns3:hr>120</ns3:hr>
            <ns3:cad>0</ns3:cad>
          </ns3:TrackPointExtension>
        </extensions>
      </trkpt>
      <trkpt lat="29.17398118413984775543212890625" lon="82.946841381490230560302734375">
        <ele>3764.60009765625</ele>
        <time>2026-08-09T06:32:35.000Z</time>
        <extensions>
          <ns3:TrackPointExtension>
            <ns3:hr>120</ns3:hr>
            <ns3:cad>0</ns3:cad>
          </ns3:TrackPointExtension>
        </extensions>
      </trkpt>
      <trkpt lat="29.1739515960216522216796875" lon="82.94683626852929592132568359375">
        <ele>3763.800048828125</ele>
        <time>2026-08-09T06:32:39.000Z</time>
        <extensions>
          <ns3:TrackPointExtension>
            <ns3:hr>120</ns3:hr>
            <ns3:cad>0</ns3:cad>
          </ns3:TrackPointExtension>
        </extensions>
      </trkpt>
      <trkpt lat="29.1739403642714023590087890625" lon="82.946831993758678436279296875">
        <ele>3763.199951171875</ele>
        <time>2026-08-09T06:32:41.000Z</time>
        <extensions>
          <ns3:TrackPointExtension>
            <ns3:hr>119</ns3:hr>
            <ns3:cad>0</ns3:cad>
          </ns3:TrackPointExtension>
        </extensions>
      </trkpt>
      <trkpt lat="29.17391982860863208770751953125" lon="82.94683040119707584381103515625">
        <ele>3762.39990234375</ele>
        <time>2026-08-09T06:32:43.000Z</time>
        <extensions>
          <ns3:TrackPointExtension>
            <ns3:hr>118</ns3:hr>
            <ns3:cad>0</ns3:cad>
          </ns3:TrackPointExtension>
        </extensions>
      </trkpt>
      <trkpt lat="29.17390306480228900909423828125" lon="82.94682235457003116607666015625">
        <ele>3761.60009765625</ele>
        <time>2026-08-09T06:32:46.000Z</time>
        <extensions>
          <ns3:TrackPointExtension>
            <ns3:hr>117</ns3:hr>
            <ns3:cad>0</ns3:cad>
          </ns3:TrackPointExtension>
        </extensions>
      </trkpt>
      <trkpt lat="29.17389082722365856170654296875" lon="82.946820594370365142822265625">
        <ele>3761.39990234375</ele>
        <time>2026-08-09T06:32:47.000Z</time>
        <extensions>
          <ns3:TrackPointExtension>
            <ns3:hr>117</ns3:hr>
            <ns3:cad>0</ns3:cad>
          </ns3:TrackPointExtension>
        </extensions>
      </trkpt>
      <trkpt lat="29.17386517859995365142822265625" lon="82.94681682251393795013427734375">
        <ele>3760.199951171875</ele>
        <time>2026-08-09T06:32:50.000Z</time>
        <extensions>
          <ns3:TrackPointExtension>
            <ns3:hr>118</ns3:hr>
            <ns3:cad>0</ns3:cad>
          </ns3:TrackPointExtension>
        </extensions>
      </trkpt>
      <trkpt lat="29.1738317348062992095947265625" lon="82.94682025909423828125">
        <ele>3759.199951171875</ele>
        <time>2026-08-09T06:32:53.000Z</time>
        <extensions>
          <ns3:TrackPointExtension>
            <ns3:hr>118</ns3:hr>
            <ns3:cad>0</ns3:cad>
          </ns3:TrackPointExtension>
        </extensions>
      </trkpt>
      <trkpt lat="29.17382628656923770904541015625" lon="82.9468197561800479888916015625">
        <ele>3759</ele>
        <time>2026-08-09T06:32:54.000Z</time>
        <extensions>
          <ns3:TrackPointExtension>
            <ns3:hr>120</ns3:hr>
            <ns3:cad>0</ns3:cad>
          </ns3:TrackPointExtension>
        </extensions>
      </trkpt>
      <trkpt lat="29.17378270067274570465087890625" lon="82.9468140564858913421630859375">
        <ele>3757.800048828125</ele>
        <time>2026-08-09T06:32:58.000Z</time>
        <extensions>
          <ns3:TrackPointExtension>
            <ns3:hr>120</ns3:hr>
            <ns3:cad>64</ns3:cad>
          </ns3:TrackPointExtension>
        </extensions>
      </trkpt>
      <trkpt lat="29.17372453026473522186279296875" lon="82.9468137212097644805908203125">
        <ele>3756.39990234375</ele>
        <time>2026-08-09T06:33:04.000Z</time>
        <extensions>
          <ns3:TrackPointExtension>
            <ns3:hr>121</ns3:hr>
            <ns3:cad>0</ns3:cad>
          </ns3:TrackPointExtension>
        </extensions>
      </trkpt>
      <trkpt lat="29.17370039038360118865966796875" lon="82.94678815640509128570556640625">
        <ele>3755.39990234375</ele>
        <time>2026-08-09T06:33:07.000Z</time>
        <extensions>
          <ns3:TrackPointExtension>
            <ns3:hr>121</ns3:hr>
            <ns3:cad>0</ns3:cad>
          </ns3:TrackPointExtension>
        </extensions>
      </trkpt>
      <trkpt lat="29.17368932627141475677490234375" lon="82.94678446836769580841064453125">
        <ele>3754.60009765625</ele>
        <time>2026-08-09T06:33:09.000Z</time>
        <extensions>
          <ns3:TrackPointExtension>
            <ns3:hr>119</ns3:hr>
            <ns3:cad>0</ns3:cad>
          </ns3:TrackPointExtension>
        </extensions>
      </trkpt>
      <trkpt lat="29.17368044145405292510986328125" lon="82.9467761702835559844970703125">
        <ele>3754.39990234375</ele>
        <time>2026-08-09T06:33:10.000Z</time>
        <extensions>
          <ns3:TrackPointExtension>
            <ns3:hr>119</ns3:hr>
            <ns3:cad>0</ns3:cad>
          </ns3:TrackPointExtension>
        </extensions>
      </trkpt>
      <trkpt lat="29.1736860573291778564453125" lon="82.94676770456135272979736328125">
        <ele>3754</ele>
        <time>2026-08-09T06:33:13.000Z</time>
        <extensions>
          <ns3:TrackPointExtension>
            <ns3:hr>120</ns3:hr>
            <ns3:cad>0</ns3:cad>
          </ns3:TrackPointExtension>
        </extensions>
      </trkpt>
      <trkpt lat="29.1736860573291778564453125" lon="82.9467677883803844451904296875">
        <ele>3754.60009765625</ele>
        <time>2026-08-09T06:33:18.000Z</time>
        <extensions>
          <ns3:TrackPointExtension>
            <ns3:hr>117</ns3:hr>
            <ns3:cad>0</ns3:cad>
          </ns3:TrackPointExtension>
        </extensions>
      </trkpt>
      <trkpt lat="29.1736865602433681488037109375" lon="82.94676460325717926025390625">
        <ele>3754.800048828125</ele>
        <time>2026-08-09T06:33:30.000Z</time>
        <extensions>
          <ns3:TrackPointExtension>
            <ns3:hr>119</ns3:hr>
            <ns3:cad>0</ns3:cad>
          </ns3:TrackPointExtension>
        </extensions>
      </trkpt>
      <trkpt lat="29.1736860573291778564453125" lon="82.9467677883803844451904296875">
        <ele>3753.60009765625</ele>
        <time>2026-08-09T06:33:36.000Z</time>
        <extensions>
          <ns3:TrackPointExtension>
            <ns3:hr>119</ns3:hr>
            <ns3:cad>0</ns3:cad>
          </ns3:TrackPointExtension>
        </extensions>
      </trkpt>
      <trkpt lat="29.1736860573291778564453125" lon="82.9467677883803844451904296875">
        <ele>3753.39990234375</ele>
        <time>2026-08-09T06:33:52.000Z</time>
        <extensions>
          <ns3:TrackPointExtension>
            <ns3:hr>116</ns3:hr>
            <ns3:cad>0</ns3:cad>
          </ns3:TrackPointExtension>
        </extensions>
      </trkpt>
      <trkpt lat="29.1736860573291778564453125" lon="82.9467677883803844451904296875">
        <ele>3753.39990234375</ele>
        <time>2026-08-09T06:33:55.000Z</time>
        <extensions>
          <ns3:TrackPointExtension>
            <ns3:hr>113</ns3:hr>
            <ns3:cad>0</ns3:cad>
          </ns3:TrackPointExtension>
        </extensions>
      </trkpt>
      <trkpt lat="29.1736860573291778564453125" lon="82.9467677883803844451904296875">
        <ele>3753.39990234375</ele>
        <time>2026-08-09T06:34:00.000Z</time>
        <extensions>
          <ns3:TrackPointExtension>
            <ns3:hr>110</ns3:hr>
            <ns3:cad>0</ns3:cad>
          </ns3:TrackPointExtension>
        </extensions>
      </trkpt>
      <trkpt lat="29.1736860573291778564453125" lon="82.9467677883803844451904296875">
        <ele>3753.60009765625</ele>
        <time>2026-08-09T06:34:05.000Z</time>
        <extensions>
          <ns3:TrackPointExtension>
            <ns3:hr>107</ns3:hr>
            <ns3:cad>0</ns3:cad>
          </ns3:TrackPointExtension>
        </extensions>
      </trkpt>
      <trkpt lat="29.1736860573291778564453125" lon="82.9467677883803844451904296875">
        <ele>3753.60009765625</ele>
        <time>2026-08-09T06:34:10.000Z</time>
        <extensions>
          <ns3:TrackPointExtension>
            <ns3:hr>104</ns3:hr>
            <ns3:cad>0</ns3:cad>
          </ns3:TrackPointExtension>
        </extensions>
      </trkpt>
      <trkpt lat="29.17367205955088138580322265625" lon="82.9467778466641902923583984375">
        <ele>3753.60009765625</ele>
        <time>2026-08-09T06:34:12.000Z</time>
        <extensions>
          <ns3:TrackPointExtension>
            <ns3:hr>104</ns3:hr>
            <ns3:cad>0</ns3:cad>
          </ns3:TrackPointExtension>
        </extensions>
      </trkpt>
      <trkpt lat="29.1736379452049732208251953125" lon="82.94678480364382266998291015625">
        <ele>3753.199951171875</ele>
        <time>2026-08-09T06:34:16.000Z</time>
        <extensions>
          <ns3:TrackPointExtension>
            <ns3:hr>105</ns3:hr>
            <ns3:cad>0</ns3:cad>
          </ns3:TrackPointExtension>
        </extensions>
      </trkpt>
      <trkpt lat="29.17362235486507415771484375" lon="82.94678606092929840087890625">
        <ele>3753</ele>
        <time>2026-08-09T06:34:17.000Z</time>
        <extensions>
          <ns3:TrackPointExtension>
            <ns3:hr>105</ns3:hr>
            <ns3:cad>0</ns3:cad>
          </ns3:TrackPointExtension>
        </extensions>
      </trkpt>
      <trkpt lat="29.17359477840363979339599609375" lon="82.9467822052538394927978515625">
        <ele>3752.199951171875</ele>
        <time>2026-08-09T06:34:20.000Z</time>
        <extensions>
          <ns3:TrackPointExtension>
            <ns3:hr>105</ns3:hr>
            <ns3:cad>0</ns3:cad>
          </ns3:TrackPointExtension>
        </extensions>
      </trkpt>
      <trkpt lat="29.1735755838453769683837890625" lon="82.94677206315100193023681640625">
        <ele>3751.800048828125</ele>
        <time>2026-08-09T06:34:22.000Z</time>
        <extensions>
          <ns3:TrackPointExtension>
            <ns3:hr>105</ns3:hr>
            <ns3:cad>0</ns3:cad>
          </ns3:TrackPointExtension>
        </extensions>
      </trkpt>
      <trkpt lat="29.17357197962701320648193359375" lon="82.94676854275166988372802734375">
        <ele>3751.800048828125</ele>
        <time>2026-08-09T06:34:23.000Z</time>
        <extensions>
          <ns3:TrackPointExtension>
            <ns3:hr>108</ns3:hr>
            <ns3:cad>0</ns3:cad>
          </ns3:TrackPointExtension>
        </extensions>
      </trkpt>
      <trkpt lat="29.1735561378300189971923828125" lon="82.94676854275166988372802734375">
        <ele>3751.199951171875</ele>
        <time>2026-08-09T06:34:25.000Z</time>
        <extensions>
          <ns3:TrackPointExtension>
            <ns3:hr>110</ns3:hr>
            <ns3:cad>50</ns3:cad>
          </ns3:TrackPointExtension>
        </extensions>
      </trkpt>
      <trkpt lat="29.1735363565385341644287109375" lon="82.9467698000371456146240234375">
        <ele>3750.60009765625</ele>
        <time>2026-08-09T06:34:27.000Z</time>
        <extensions>
          <ns3:TrackPointExtension>
            <ns3:hr>110</ns3:hr>
            <ns3:cad>50</ns3:cad>
          </ns3:TrackPointExtension>
        </extensions>
      </trkpt>
      <trkpt lat="29.1735172457993030548095703125" lon="82.94675898738205432891845703125">
        <ele>3750</ele>
        <time>2026-08-09T06:34:29.000Z</time>
        <extensions>
          <ns3:TrackPointExtension>
            <ns3:hr>108</ns3:hr>
            <ns3:cad>0</ns3:cad>
          </ns3:TrackPointExtension>
        </extensions>
      </trkpt>
      <trkpt lat="29.17346812784671783447265625" lon="82.9467453248798847198486328125">
        <ele>3749</ele>
        <time>2026-08-09T06:34:33.000Z</time>
        <extensions>
          <ns3:TrackPointExtension>
            <ns3:hr>106</ns3:hr>
            <ns3:cad>53</ns3:cad>
          </ns3:TrackPointExtension>
        </extensions>
      </trkpt>
      <trkpt lat="29.17339746840298175811767578125" lon="82.94670785777270793914794921875">
        <ele>3747.800048828125</ele>
        <time>2026-08-09T06:34:39.000Z</time>
        <extensions>
          <ns3:TrackPointExtension>
            <ns3:hr>105</ns3:hr>
            <ns3:cad>58</ns3:cad>
          </ns3:TrackPointExtension>
        </extensions>
      </trkpt>
      <trkpt lat="29.17338556610047817230224609375" lon="82.94670199044048786163330078125">
        <ele>3747.60009765625</ele>
        <time>2026-08-09T06:34:40.000Z</time>
        <extensions>
          <ns3:TrackPointExtension>
            <ns3:hr>106</ns3:hr>
            <ns3:cad>55</ns3:cad>
          </ns3:TrackPointExtension>
        </extensions>
      </trkpt>
      <trkpt lat="29.17332035489380359649658203125" lon="82.94665387831628322601318359375">
        <ele>3746.800048828125</ele>
        <time>2026-08-09T06:34:46.000Z</time>
        <extensions>
          <ns3:TrackPointExtension>
            <ns3:hr>106</ns3:hr>
            <ns3:cad>54</ns3:cad>
          </ns3:TrackPointExtension>
        </extensions>
      </trkpt>
      <trkpt lat="29.17330929078161716461181640625" lon="82.94664792716503143310546875">
        <ele>3746.60009765625</ele>
        <time>2026-08-09T06:34:47.000Z</time>
        <extensions>
          <ns3:TrackPointExtension>
            <ns3:hr>106</ns3:hr>
            <ns3:cad>54</ns3:cad>
          </ns3:TrackPointExtension>
        </extensions>
      </trkpt>
      <trkpt lat="29.1732889227569103240966796875" lon="82.94662688858807086944580078125">
        <ele>3745.800048828125</ele>
        <time>2026-08-09T06:34:50.000Z</time>
        <extensions>
          <ns3:TrackPointExtension>
            <ns3:hr>105</ns3:hr>
            <ns3:cad>53</ns3:cad>
          </ns3:TrackPointExtension>
        </extensions>
      </trkpt>
      <trkpt lat="29.1732812114059925079345703125" lon="82.94662437401711940765380859375">
        <ele>3745.60009765625</ele>
        <time>2026-08-09T06:34:53.000Z</time>
        <extensions>
          <ns3:TrackPointExtension>
            <ns3:hr>105</ns3:hr>
            <ns3:cad>53</ns3:cad>
          </ns3:TrackPointExtension>
        </extensions>
      </trkpt>
      <trkpt lat="29.17328163050115108489990234375" lon="82.94662320055067539215087890625">
        <ele>3746.39990234375</ele>
        <time>2026-08-09T06:34:59.000Z</time>
        <extensions>
          <ns3:TrackPointExtension>
            <ns3:hr>105</ns3:hr>
            <ns3:cad>0</ns3:cad>
          </ns3:TrackPointExtension>
        </extensions>
      </trkpt>
      <trkpt lat="29.17328397743403911590576171875" lon="82.9466216079890727996826171875">
        <ele>3745.800048828125</ele>
        <time>2026-08-09T06:35:03.000Z</time>
        <extensions>
          <ns3:TrackPointExtension>
            <ns3:hr>102</ns3:hr>
            <ns3:cad>0</ns3:cad>
          </ns3:TrackPointExtension>
        </extensions>
      </trkpt>
      <trkpt lat="29.17328397743403911590576171875" lon="82.9466216079890727996826171875">
        <ele>3745.39990234375</ele>
        <time>2026-08-09T06:35:05.000Z</time>
        <extensions>
          <ns3:TrackPointExtension>
            <ns3:hr>99</ns3:hr>
            <ns3:cad>0</ns3:cad>
          </ns3:TrackPointExtension>
        </extensions>
      </trkpt>
      <trkpt lat="29.17328397743403911590576171875" lon="82.9466216079890727996826171875">
        <ele>3745.199951171875</ele>
        <time>2026-08-09T06:35:08.000Z</time>
        <extensions>
          <ns3:TrackPointExtension>
            <ns3:hr>98</ns3:hr>
            <ns3:cad>0</ns3:cad>
          </ns3:TrackPointExtension>
        </extensions>
      </trkpt>
      <trkpt lat="29.17328397743403911590576171875" lon="82.9466216079890727996826171875">
        <ele>3745.60009765625</ele>
        <time>2026-08-09T06:35:16.000Z</time>
        <extensions>
          <ns3:TrackPointExtension>
            <ns3:hr>98</ns3:hr>
            <ns3:cad>0</ns3:cad>
          </ns3:TrackPointExtension>
        </extensions>
      </trkpt>
      <trkpt lat="29.17328397743403911590576171875" lon="82.9466216079890727996826171875">
        <ele>3745.199951171875</ele>
        <time>2026-08-09T06:35:20.000Z</time>
        <extensions>
          <ns3:TrackPointExtension>
            <ns3:hr>101</ns3:hr>
            <ns3:cad>0</ns3:cad>
          </ns3:TrackPointExtension>
        </extensions>
      </trkpt>
      <trkpt lat="29.17328397743403911590576171875" lon="82.9466216079890727996826171875">
        <ele>3745</ele>
        <time>2026-08-09T06:35:24.000Z</time>
        <extensions>
          <ns3:TrackPointExtension>
            <ns3:hr>104</ns3:hr>
            <ns3:cad>0</ns3:cad>
          </ns3:TrackPointExtension>
        </extensions>
      </trkpt>
      <trkpt lat="29.17328598909080028533935546875" lon="82.946609370410442352294921875">
        <ele>3745.199951171875</ele>
        <time>2026-08-09T06:35:25.000Z</time>
        <extensions>
          <ns3:TrackPointExtension>
            <ns3:hr>104</ns3:hr>
            <ns3:cad>0</ns3:cad>
          </ns3:TrackPointExtension>
        </extensions>
      </trkpt>
      <trkpt lat="29.17333443649113178253173828125" lon="82.9465998150408267974853515625">
        <ele>3745.39990234375</ele>
        <time>2026-08-09T06:35:29.000Z</time>
        <extensions>
          <ns3:TrackPointExtension>
            <ns3:hr>104</ns3:hr>
            <ns3:cad>0</ns3:cad>
          </ns3:TrackPointExtension>
        </extensions>
      </trkpt>
      <trkpt lat="29.17335438542068004608154296875" lon="82.94661079533398151397705078125">
        <ele>3744.60009765625</ele>
        <time>2026-08-09T06:35:31.000Z</time>
        <extensions>
          <ns3:TrackPointExtension>
            <ns3:hr>101</ns3:hr>
            <ns3:cad>0</ns3:cad>
          </ns3:TrackPointExtension>
        </extensions>
      </trkpt>
      <trkpt lat="29.17337517254054546356201171875" lon="82.94660693965852260589599609375">
        <ele>3743.800048828125</ele>
        <time>2026-08-09T06:35:33.000Z</time>
        <extensions>
          <ns3:TrackPointExtension>
            <ns3:hr>97</ns3:hr>
            <ns3:cad>0</ns3:cad>
          </ns3:TrackPointExtension>
        </extensions>
      </trkpt>
      <trkpt lat="29.17338766157627105712890625" lon="82.94660501182079315185546875">
        <ele>3743.39990234375</ele>
        <time>2026-08-09T06:35:34.000Z</time>
        <extensions>
          <ns3:TrackPointExtension>
            <ns3:hr>96</ns3:hr>
            <ns3:cad>0</ns3:cad>
          </ns3:TrackPointExtension>
        </extensions>
      </trkpt>
      <trkpt lat="29.17340283282101154327392578125" lon="82.9466018266975879669189453125">
        <ele>3743.199951171875</ele>
        <time>2026-08-09T06:35:35.000Z</time>
        <extensions>
          <ns3:TrackPointExtension>
            <ns3:hr>96</ns3:hr>
            <ns3:cad>58</ns3:cad>
          </ns3:TrackPointExtension>
        </extensions>
      </trkpt>
      <trkpt lat="29.17342127300798892974853515625" lon="82.94659964740276336669921875">
        <ele>3742.60009765625</ele>
        <time>2026-08-09T06:35:37.000Z</time>
        <extensions>
          <ns3:TrackPointExtension>
            <ns3:hr>93</ns3:hr>
            <ns3:cad>58</ns3:cad>
          </ns3:TrackPointExtension>
        </extensions>
      </trkpt>
      <trkpt lat="29.17342999018728733062744140625" lon="82.9465981386601924896240234375">
        <ele>3742.39990234375</ele>
        <time>2026-08-09T06:35:38.000Z</time>
        <extensions>
          <ns3:TrackPointExtension>
            <ns3:hr>94</ns3:hr>
            <ns3:cad>58</ns3:cad>
          </ns3:TrackPointExtension>
        </extensions>
      </trkpt>
      <trkpt lat="29.17345530353486537933349609375" lon="82.94658028520643711090087890625">
        <ele>3741.39990234375</ele>
        <time>2026-08-09T06:35:41.000Z</time>
        <extensions>
          <ns3:TrackPointExtension>
            <ns3:hr>94</ns3:hr>
            <ns3:cad>57</ns3:cad>
          </ns3:TrackPointExtension>
        </extensions>
      </trkpt>
      <trkpt lat="29.1734607517719268798828125" lon="82.94657550752162933349609375">
        <ele>3741.199951171875</ele>
        <time>2026-08-09T06:35:42.000Z</time>
        <extensions>
          <ns3:TrackPointExtension>
            <ns3:hr>94</ns3:hr>
            <ns3:cad>57</ns3:cad>
          </ns3:TrackPointExtension>
        </extensions>
      </trkpt>
      <trkpt lat="29.17349419556558132171630859375" lon="82.94657148420810699462890625">
        <ele>3739.60009765625</ele>
        <time>2026-08-09T06:35:45.000Z</time>
        <extensions>
          <ns3:TrackPointExtension>
            <ns3:hr>94</ns3:hr>
            <ns3:cad>57</ns3:cad>
          </ns3:TrackPointExtension>
        </extensions>
      </trkpt>
      <trkpt lat="29.1735102050006389617919921875" lon="82.94655664823949337005615234375">
        <ele>3738.800048828125</ele>
        <time>2026-08-09T06:35:47.000Z</time>
        <extensions>
          <ns3:TrackPointExtension>
            <ns3:hr>95</ns3:hr>
            <ns3:cad>57</ns3:cad>
          </ns3:TrackPointExtension>
        </extensions>
      </trkpt>
      <trkpt lat="29.1735205985605716705322265625" lon="82.94654776342213153839111328125">
        <ele>3738.39990234375</ele>
        <time>2026-08-09T06:35:48.000Z</time>
        <extensions>
          <ns3:TrackPointExtension>
            <ns3:hr>96</ns3:hr>
            <ns3:cad>62</ns3:cad>
          </ns3:TrackPointExtension>
        </extensions>
      </trkpt>
      <trkpt lat="29.1735613346099853515625" lon="82.94652932323515415191650390625">
        <ele>3737.199951171875</ele>
        <time>2026-08-09T06:35:53.000Z</time>
        <extensions>
          <ns3:TrackPointExtension>
            <ns3:hr>95</ns3:hr>
            <ns3:cad>58</ns3:cad>
          </ns3:TrackPointExtension>
        </extensions>
      </trkpt>
      <trkpt lat="29.1735802777111530303955078125" lon="82.94650367461144924163818359375">
        <ele>3736</ele>
        <time>2026-08-09T06:35:56.000Z</time>
        <extensions>
          <ns3:TrackPointExtension>
            <ns3:hr>94</ns3:hr>
            <ns3:cad>56</ns3:cad>
          </ns3:TrackPointExtension>
        </extensions>
      </trkpt>
      <trkpt lat="29.1736082732677459716796875" lon="82.94648808427155017852783203125">
        <ele>3734.800048828125</ele>
        <time>2026-08-09T06:35:59.000Z</time>
        <extensions>
          <ns3:TrackPointExtension>
            <ns3:hr>94</ns3:hr>
            <ns3:cad>56</ns3:cad>
          </ns3:TrackPointExtension>
        </extensions>
      </trkpt>
      <trkpt lat="29.1736862249672412872314453125" lon="82.9464767687022686004638671875">
        <ele>3735</ele>
        <time>2026-08-09T06:36:05.000Z</time>
        <extensions>
          <ns3:TrackPointExtension>
            <ns3:hr>94</ns3:hr>
            <ns3:cad>54</ns3:cad>
          </ns3:TrackPointExtension>
        </extensions>
      </trkpt>
      <trkpt lat="29.173734001815319061279296875" lon="82.94643444009125232696533203125">
        <ele>3734.199951171875</ele>
        <time>2026-08-09T06:36:11.000Z</time>
        <extensions>
          <ns3:TrackPointExtension>
            <ns3:hr>97</ns3:hr>
            <ns3:cad>47</ns3:cad>
          </ns3:TrackPointExtension>
        </extensions>
      </trkpt>
      <trkpt lat="29.17373995296657085418701171875" lon="82.9464281536638736724853515625">
        <ele>3734</ele>
        <time>2026-08-09T06:36:12.000Z</time>
        <extensions>
          <ns3:TrackPointExtension>
            <ns3:hr>97</ns3:hr>
            <ns3:cad>47</ns3:cad>
          </ns3:TrackPointExtension>
        </extensions>
      </trkpt>
      <trkpt lat="29.17374749667942523956298828125" lon="82.9464207775890827178955078125">
        <ele>3733.800048828125</ele>
        <time>2026-08-09T06:36:13.000Z</time>
        <extensions>
          <ns3:TrackPointExtension>
            <ns3:hr>98</ns3:hr>
            <ns3:cad>52</ns3:cad>
          </ns3:TrackPointExtension>
        </extensions>
      </trkpt>
      <trkpt lat="29.1737847961485385894775390625" lon="82.94639370404183864593505859375">
        <ele>3732.60009765625</ele>
        <time>2026-08-09T06:36:17.000Z</time>
        <extensions>
          <ns3:TrackPointExtension>
            <ns3:hr>98</ns3:hr>
            <ns3:cad>54</ns3:cad>
          </ns3:TrackPointExtension>
        </extensions>
      </trkpt>
      <trkpt lat="29.17379829101264476776123046875" lon="82.94637811370193958282470703125">
        <ele>3732.39990234375</ele>
        <time>2026-08-09T06:36:19.000Z</time>
        <extensions>
          <ns3:TrackPointExtension>
            <ns3:hr>98</ns3:hr>
            <ns3:cad>53</ns3:cad>
          </ns3:TrackPointExtension>
        </extensions>
      </trkpt>
      <trkpt lat="29.17383081279695034027099609375" lon="82.94636151753365993499755859375">
        <ele>3731.800048828125</ele>
        <time>2026-08-09T06:36:23.000Z</time>
        <extensions>
          <ns3:TrackPointExtension>
            <ns3:hr>104</ns3:hr>
            <ns3:cad>51</ns3:cad>
          </ns3:TrackPointExtension>
        </extensions>
      </trkpt>
      <trkpt lat="29.173841290175914764404296875" lon="82.94635766185820102691650390625">
        <ele>3731.60009765625</ele>
        <time>2026-08-09T06:36:24.000Z</time>
        <extensions>
          <ns3:TrackPointExtension>
            <ns3:hr>107</ns3:hr>
            <ns3:cad>53</ns3:cad>
          </ns3:TrackPointExtension>
        </extensions>
      </trkpt>
      <trkpt lat="29.1738595627248287200927734375" lon="82.94634215533733367919921875">
        <ele>3731</ele>
        <time>2026-08-09T06:36:26.000Z</time>
        <extensions>
          <ns3:TrackPointExtension>
            <ns3:hr>109</ns3:hr>
            <ns3:cad>53</ns3:cad>
          </ns3:TrackPointExtension>
        </extensions>
      </trkpt>
      <trkpt lat="29.17387708090245723724365234375" lon="82.9463198594748973846435546875">
        <ele>3730.199951171875</ele>
        <time>2026-08-09T06:36:28.000Z</time>
        <extensions>
          <ns3:TrackPointExtension>
            <ns3:hr>110</ns3:hr>
            <ns3:cad>54</ns3:cad>
          </ns3:TrackPointExtension>
        </extensions>
      </trkpt>
      <trkpt lat="29.17389996349811553955078125" lon="82.946291863918304443359375">
        <ele>3729.199951171875</ele>
        <time>2026-08-09T06:36:32.000Z</time>
        <extensions>
          <ns3:TrackPointExtension>
            <ns3:hr>112</ns3:hr>
            <ns3:cad>55</ns3:cad>
          </ns3:TrackPointExtension>
        </extensions>
      </trkpt>
      <trkpt lat="29.17390264570713043212890625" lon="82.946285493671894073486328125">
        <ele>3728.800048828125</ele>
        <time>2026-08-09T06:36:33.000Z</time>
        <extensions>
          <ns3:TrackPointExtension>
            <ns3:hr>113</ns3:hr>
            <ns3:cad>55</ns3:cad>
          </ns3:TrackPointExtension>
        </extensions>
      </trkpt>
      <trkpt lat="29.173916392028331756591796875" lon="82.94625976122915744781494140625">
        <ele>3728</ele>
        <time>2026-08-09T06:36:36.000Z</time>
        <extensions>
          <ns3:TrackPointExtension>
            <ns3:hr>113</ns3:hr>
            <ns3:cad>55</ns3:cad>
          </ns3:TrackPointExtension>
        </extensions>
      </trkpt>
      <trkpt lat="29.17393743060529232025146484375" lon="82.9462313465774059295654296875">
        <ele>3727.199951171875</ele>
        <time>2026-08-09T06:36:39.000Z</time>
        <extensions>
          <ns3:TrackPointExtension>
            <ns3:hr>112</ns3:hr>
            <ns3:cad>56</ns3:cad>
          </ns3:TrackPointExtension>
        </extensions>
      </trkpt>
      <trkpt lat="29.17394824326038360595703125" lon="82.9462169297039508819580078125">
        <ele>3726.800048828125</ele>
        <time>2026-08-09T06:36:40.000Z</time>
        <extensions>
          <ns3:TrackPointExtension>
            <ns3:hr>112</ns3:hr>
            <ns3:cad>56</ns3:cad>
          </ns3:TrackPointExtension>
        </extensions>
      </trkpt>
      <trkpt lat="29.17397548444569110870361328125" lon="82.9461864195764064788818359375">
        <ele>3725.60009765625</ele>
        <time>2026-08-09T06:36:44.000Z</time>
        <extensions>
          <ns3:TrackPointExtension>
            <ns3:hr>112</ns3:hr>
            <ns3:cad>55</ns3:cad>
          </ns3:TrackPointExtension>
        </extensions>
      </trkpt>
      <trkpt lat="29.173997528851032257080078125" lon="82.946172840893268585205078125">
        <ele>3725.199951171875</ele>
        <time>2026-08-09T06:36:46.000Z</time>
        <extensions>
          <ns3:TrackPointExtension>
            <ns3:hr>111</ns3:hr>
            <ns3:cad>55</ns3:cad>
          </ns3:TrackPointExtension>
        </extensions>
      </trkpt>
      <trkpt lat="29.17404052801430225372314453125" lon="82.9461430013179779052734375">
        <ele>3724.60009765625</ele>
        <time>2026-08-09T06:36:51.000Z</time>
        <extensions>
          <ns3:TrackPointExtension>
            <ns3:hr>111</ns3:hr>
            <ns3:cad>55</ns3:cad>
          </ns3:TrackPointExtension>
        </extensions>
      </trkpt>
      <trkpt lat="29.1740717925131320953369140625" lon="82.94609715230762958526611328125">
        <ele>3723.60009765625</ele>
        <time>2026-08-09T06:36:56.000Z</time>
        <extensions>
          <ns3:TrackPointExtension>
            <ns3:hr>111</ns3:hr>
            <ns3:cad>53</ns3:cad>
          </ns3:TrackPointExtension>
        </extensions>
      </trkpt>
      <trkpt lat="29.17408327572047710418701171875" lon="82.94608198106288909912109375">
        <ele>3722.800048828125</ele>
        <time>2026-08-09T06:36:58.000Z</time>
        <extensions>
          <ns3:TrackPointExtension>
            <ns3:hr>110</ns3:hr>
            <ns3:cad>53</ns3:cad>
          </ns3:TrackPointExtension>
        </extensions>
      </trkpt>
      <trkpt lat="29.1740895621478557586669921875" lon="82.94607452116906642913818359375">
        <ele>3722.39990234375</ele>
        <time>2026-08-09T06:36:59.000Z</time>
        <extensions>
          <ns3:TrackPointExtension>
            <ns3:hr>109</ns3:hr>
            <ns3:cad>55</ns3:cad>
          </ns3:TrackPointExtension>
        </extensions>
      </trkpt>
      <trkpt lat="29.17412267066538333892822265625" lon="82.9460288397967815399169921875">
        <ele>3721.39990234375</ele>
        <time>2026-08-09T06:37:04.000Z</time>
        <extensions>
          <ns3:TrackPointExtension>
            <ns3:hr>107</ns3:hr>
            <ns3:cad>56</ns3:cad>
          </ns3:TrackPointExtension>
        </extensions>
      </trkpt>
      <trkpt lat="29.17414111085236072540283203125" lon="82.9459767043590545654296875">
        <ele>3720.199951171875</ele>
        <time>2026-08-09T06:37:09.000Z</time>
        <extensions>
          <ns3:TrackPointExtension>
            <ns3:hr>106</ns3:hr>
            <ns3:cad>55</ns3:cad>
          </ns3:TrackPointExtension>
        </extensions>
      </trkpt>
      <trkpt lat="29.17414580471813678741455078125" lon="82.94597226195037364959716796875">
        <ele>3719.800048828125</ele>
        <time>2026-08-09T06:37:10.000Z</time>
        <extensions>
          <ns3:TrackPointExtension>
            <ns3:hr>106</ns3:hr>
            <ns3:cad>55</ns3:cad>
          </ns3:TrackPointExtension>
        </extensions>
      </trkpt>
      <trkpt lat="29.17416189797222614288330078125" lon="82.94596622698009014129638671875">
        <ele>3719</ele>
        <time>2026-08-09T06:37:12.000Z</time>
        <extensions>
          <ns3:TrackPointExtension>
            <ns3:hr>107</ns3:hr>
            <ns3:cad>55</ns3:cad>
          </ns3:TrackPointExtension>
        </extensions>
      </trkpt>
      <trkpt lat="29.17418293654918670654296875" lon="82.9459406621754169464111328125">
        <ele>3717.800048828125</ele>
        <time>2026-08-09T06:37:15.000Z</time>
        <extensions>
          <ns3:TrackPointExtension>
            <ns3:hr>107</ns3:hr>
            <ns3:cad>52</ns3:cad>
          </ns3:TrackPointExtension>
        </extensions>
      </trkpt>
      <trkpt lat="29.17418452911078929901123046875" lon="82.94592984952032566070556640625">
        <ele>3717.199951171875</ele>
        <time>2026-08-09T06:37:16.000Z</time>
        <extensions>
          <ns3:TrackPointExtension>
            <ns3:hr>108</ns3:hr>
            <ns3:cad>52</ns3:cad>
          </ns3:TrackPointExtension>
        </extensions>
      </trkpt>
      <trkpt lat="29.1741807572543621063232421875" lon="82.9459168575704097747802734375">
        <ele>3716.39990234375</ele>
        <time>2026-08-09T06:37:18.000Z</time>
        <extensions>
          <ns3:TrackPointExtension>
            <ns3:hr>107</ns3:hr>
            <ns3:cad>53</ns3:cad>
          </ns3:TrackPointExtension>
        </extensions>
      </trkpt>
      <trkpt lat="29.17418838478624820709228515625" lon="82.94590294361114501953125">
        <ele>3715.60009765625</ele>
        <time>2026-08-09T06:37:20.000Z</time>
        <extensions>
          <ns3:TrackPointExtension>
            <ns3:hr>108</ns3:hr>
            <ns3:cad>55</ns3:cad>
          </ns3:TrackPointExtension>
        </extensions>
      </trkpt>
      <trkpt lat="29.17419358156621456146240234375" lon="82.94589959084987640380859375">
        <ele>3715</ele>
        <time>2026-08-09T06:37:21.000Z</time>
        <extensions>
          <ns3:TrackPointExtension>
            <ns3:hr>107</ns3:hr>
            <ns3:cad>56</ns3:cad>
          </ns3:TrackPointExtension>
        </extensions>
      </trkpt>
      <trkpt lat="29.17418922297656536102294921875" lon="82.94586631469428539276123046875">
        <ele>3714</ele>
        <time>2026-08-09T06:37:24.000Z</time>
        <extensions>
          <ns3:TrackPointExtension>
            <ns3:hr>107</ns3:hr>
            <ns3:cad>59</ns3:cad>
          </ns3:TrackPointExtension>
        </extensions>
      </trkpt>
      <trkpt lat="29.174180589616298675537109375" lon="82.94583027251064777374267578125">
        <ele>3712.800048828125</ele>
        <time>2026-08-09T06:37:27.000Z</time>
        <extensions>
          <ns3:TrackPointExtension>
            <ns3:hr>107</ns3:hr>
            <ns3:cad>61</ns3:cad>
          </ns3:TrackPointExtension>
        </extensions>
      </trkpt>
      <trkpt lat="29.17419073171913623809814453125" lon="82.94580495916306972503662109375">
        <ele>3711.800048828125</ele>
        <time>2026-08-09T06:37:29.000Z</time>
        <extensions>
          <ns3:TrackPointExtension>
            <ns3:hr>108</ns3:hr>
            <ns3:cad>61</ns3:cad>
          </ns3:TrackPointExtension>
        </extensions>
      </trkpt>
      <trkpt lat="29.17419408448040485382080078125" lon="82.94579305686056613922119140625">
        <ele>3711.39990234375</ele>
        <time>2026-08-09T06:37:30.000Z</time>
        <extensions>
          <ns3:TrackPointExtension>
            <ns3:hr>107</ns3:hr>
            <ns3:cad>61</ns3:cad>
          </ns3:TrackPointExtension>
        </extensions>
      </trkpt>
      <trkpt lat="29.1742055676877498626708984375" lon="82.94576103799045085906982421875">
        <ele>3710.39990234375</ele>
        <time>2026-08-09T06:37:33.000Z</time>
        <extensions>
          <ns3:TrackPointExtension>
            <ns3:hr>107</ns3:hr>
            <ns3:cad>65</ns3:cad>
          </ns3:TrackPointExtension>
        </extensions>
      </trkpt>
      <trkpt lat="29.17421202175319194793701171875" lon="82.9457334615290164947509765625">
        <ele>3709.60009765625</ele>
        <time>2026-08-09T06:37:36.000Z</time>
        <extensions>
          <ns3:TrackPointExtension>
            <ns3:hr>107</ns3:hr>
            <ns3:cad>65</ns3:cad>
          </ns3:TrackPointExtension>
        </extensions>
      </trkpt>
      <trkpt lat="29.174218811094760894775390625" lon="82.94572566635906696319580078125">
        <ele>3709.199951171875</ele>
        <time>2026-08-09T06:37:37.000Z</time>
        <extensions>
          <ns3:TrackPointExtension>
            <ns3:hr>107</ns3:hr>
            <ns3:cad>65</ns3:cad>
          </ns3:TrackPointExtension>
        </extensions>
      </trkpt>
      <trkpt lat="29.17424018494784832000732421875" lon="82.945683002471923828125">
        <ele>3708</ele>
        <time>2026-08-09T06:37:41.000Z</time>
        <extensions>
          <ns3:TrackPointExtension>
            <ns3:hr>106</ns3:hr>
            <ns3:cad>55</ns3:cad>
          </ns3:TrackPointExtension>
        </extensions>
      </trkpt>
      <trkpt lat="29.1742588765919208526611328125" lon="82.94566229917109012603759765625">
        <ele>3707.39990234375</ele>
        <time>2026-08-09T06:37:43.000Z</time>
        <extensions>
          <ns3:TrackPointExtension>
            <ns3:hr>106</ns3:hr>
            <ns3:cad>53</ns3:cad>
          </ns3:TrackPointExtension>
        </extensions>
      </trkpt>
      <trkpt lat="29.1742696054279804229736328125" lon="82.94564268551766872406005859375">
        <ele>3706.800048828125</ele>
        <time>2026-08-09T06:37:45.000Z</time>
        <extensions>
          <ns3:TrackPointExtension>
            <ns3:hr>107</ns3:hr>
            <ns3:cad>53</ns3:cad>
          </ns3:TrackPointExtension>
        </extensions>
      </trkpt>
      <trkpt lat="29.1742786578834056854248046875" lon="82.94561167247593402862548828125">
        <ele>3705.60009765625</ele>
        <time>2026-08-09T06:37:48.000Z</time>
        <extensions>
          <ns3:TrackPointExtension>
            <ns3:hr>109</ns3:hr>
            <ns3:cad>57</ns3:cad>
          </ns3:TrackPointExtension>
        </extensions>
      </trkpt>
      <trkpt lat="29.1742806695401668548583984375" lon="82.945599853992462158203125">
        <ele>3705.199951171875</ele>
        <time>2026-08-09T06:37:49.000Z</time>
        <extensions>
          <ns3:TrackPointExtension>
            <ns3:hr>109</ns3:hr>
            <ns3:cad>57</ns3:cad>
          </ns3:TrackPointExtension>
        </extensions>
      </trkpt>
      <trkpt lat="29.1742934100329875946044921875" lon="82.9455778934061527252197265625">
        <ele>3704.60009765625</ele>
        <time>2026-08-09T06:37:51.000Z</time>
        <extensions>
          <ns3:TrackPointExtension>
            <ns3:hr>110</ns3:hr>
            <ns3:cad>57</ns3:cad>
          </ns3:TrackPointExtension>
        </extensions>
      </trkpt>
      <trkpt lat="29.17431704699993133544921875" lon="82.945547886192798614501953125">
        <ele>3703.39990234375</ele>
        <time>2026-08-09T06:37:54.000Z</time>
        <extensions>
          <ns3:TrackPointExtension>
            <ns3:hr>111</ns3:hr>
            <ns3:cad>63</ns3:cad>
          </ns3:TrackPointExtension>
        </extensions>
      </trkpt>
      <trkpt lat="29.174338839948177337646484375" lon="82.9455215670168399810791015625">
        <ele>3702</ele>
        <time>2026-08-09T06:37:57.000Z</time>
        <extensions>
          <ns3:TrackPointExtension>
            <ns3:hr>109</ns3:hr>
            <ns3:cad>57</ns3:cad>
          </ns3:TrackPointExtension>
        </extensions>
      </trkpt>
      <trkpt lat="29.1743661649525165557861328125" lon="82.94549767859280109405517578125">
        <ele>3701.39990234375</ele>
        <time>2026-08-09T06:38:00.000Z</time>
        <extensions>
          <ns3:TrackPointExtension>
            <ns3:hr>106</ns3:hr>
            <ns3:cad>55</ns3:cad>
          </ns3:TrackPointExtension>
        </extensions>
      </trkpt>
      <trkpt lat="29.17439055629074573516845703125" lon="82.9454729519784450531005859375">
        <ele>3700.800048828125</ele>
        <time>2026-08-09T06:38:03.000Z</time>
        <extensions>
          <ns3:TrackPointExtension>
            <ns3:hr>104</ns3:hr>
            <ns3:cad>55</ns3:cad>
          </ns3:TrackPointExtension>
        </extensions>
      </trkpt>
      <trkpt lat="29.17439525015652179718017578125" lon="82.9454555176198482513427734375">
        <ele>3700.199951171875</ele>
        <time>2026-08-09T06:38:05.000Z</time>
        <extensions>
          <ns3:TrackPointExtension>
            <ns3:hr>103</ns3:hr>
            <ns3:cad>57</ns3:cad>
          </ns3:TrackPointExtension>
        </extensions>
      </trkpt>
      <trkpt lat="29.174397177994251251220703125" lon="82.945445962250232696533203125">
        <ele>3699.800048828125</ele>
        <time>2026-08-09T06:38:06.000Z</time>
        <extensions>
          <ns3:TrackPointExtension>
            <ns3:hr>103</ns3:hr>
            <ns3:cad>57</ns3:cad>
          </ns3:TrackPointExtension>
        </extensions>
      </trkpt>
      <trkpt lat="29.17441620491445064544677734375" lon="82.94541436247527599334716796875">
        <ele>3698.39990234375</ele>
        <time>2026-08-09T06:38:10.000Z</time>
        <extensions>
          <ns3:TrackPointExtension>
            <ns3:hr>101</ns3:hr>
            <ns3:cad>60</ns3:cad>
          </ns3:TrackPointExtension>
        </extensions>
      </trkpt>
      <trkpt lat="29.1744288615882396697998046875" lon="82.94538502581417560577392578125">
        <ele>3697.199951171875</ele>
        <time>2026-08-09T06:38:13.000Z</time>
        <extensions>
          <ns3:TrackPointExtension>
            <ns3:hr>101</ns3:hr>
            <ns3:cad>60</ns3:cad>
          </ns3:TrackPointExtension>
        </extensions>
      </trkpt>
      <trkpt lat="29.174442775547504425048828125" lon="82.94535166583955287933349609375">
        <ele>3695.800048828125</ele>
        <time>2026-08-09T06:38:16.000Z</time>
        <extensions>
          <ns3:TrackPointExtension>
            <ns3:hr>100</ns3:hr>
            <ns3:cad>64</ns3:cad>
          </ns3:TrackPointExtension>
        </extensions>
      </trkpt>
      <trkpt lat="29.17444621212780475616455078125" lon="82.94534177519381046295166015625">
        <ele>3695.39990234375</ele>
        <time>2026-08-09T06:38:17.000Z</time>
        <extensions>
          <ns3:TrackPointExtension>
            <ns3:hr>101</ns3:hr>
            <ns3:cad>65</ns3:cad>
          </ns3:TrackPointExtension>
        </extensions>
      </trkpt>
      <trkpt lat="29.1744556836783885955810546875" lon="82.94532802887260913848876953125">
        <ele>3694.800048828125</ele>
        <time>2026-08-09T06:38:18.000Z</time>
        <extensions>
          <ns3:TrackPointExtension>
            <ns3:hr>100</ns3:hr>
            <ns3:cad>65</ns3:cad>
          </ns3:TrackPointExtension>
        </extensions>
      </trkpt>
      <trkpt lat="29.1744677536189556121826171875" lon="82.945309840142726898193359375">
        <ele>3693.800048828125</ele>
        <time>2026-08-09T06:38:20.000Z</time>
        <extensions>
          <ns3:TrackPointExtension>
            <ns3:hr>100</ns3:hr>
            <ns3:cad>65</ns3:cad>
          </ns3:TrackPointExtension>
        </extensions>
      </trkpt>
      <trkpt lat="29.174492061138153076171875" lon="82.9452793300151824951171875">
        <ele>3692.39990234375</ele>
        <time>2026-08-09T06:38:23.000Z</time>
        <extensions>
          <ns3:TrackPointExtension>
            <ns3:hr>100</ns3:hr>
            <ns3:cad>65</ns3:cad>
          </ns3:TrackPointExtension>
        </extensions>
      </trkpt>
      <trkpt lat="29.17451284825801849365234375" lon="82.9452312178909778594970703125">
        <ele>3691.39990234375</ele>
        <time>2026-08-09T06:38:28.000Z</time>
        <extensions>
          <ns3:TrackPointExtension>
            <ns3:hr>100</ns3:hr>
            <ns3:cad>58</ns3:cad>
          </ns3:TrackPointExtension>
        </extensions>
      </trkpt>
      <trkpt lat="29.17453573085367679595947265625" lon="82.9452027194201946258544921875">
        <ele>3690.800048828125</ele>
        <time>2026-08-09T06:38:31.000Z</time>
        <extensions>
          <ns3:TrackPointExtension>
            <ns3:hr>101</ns3:hr>
            <ns3:cad>56</ns3:cad>
          </ns3:TrackPointExtension>
        </extensions>
      </trkpt>
      <trkpt lat="29.1745550930500030517578125" lon="82.94518503360450267791748046875">
        <ele>3690.199951171875</ele>
        <time>2026-08-09T06:38:33.000Z</time>
        <extensions>
          <ns3:TrackPointExtension>
            <ns3:hr>101</ns3:hr>
            <ns3:cad>55</ns3:cad>
          </ns3:TrackPointExtension>
        </extensions>
      </trkpt>
      <trkpt lat="29.174597002565860748291015625" lon="82.945144884288311004638671875">
        <ele>3689.39990234375</ele>
        <time>2026-08-09T06:38:37.000Z</time>
        <extensions>
          <ns3:TrackPointExtension>
            <ns3:hr>102</ns3:hr>
            <ns3:cad>53</ns3:cad>
          </ns3:TrackPointExtension>
        </extensions>
      </trkpt>
      <trkpt lat="29.17462147772312164306640625" lon="82.945117056369781494140625">
        <ele>3689</ele>
        <time>2026-08-09T06:38:41.000Z</time>
        <extensions>
          <ns3:TrackPointExtension>
            <ns3:hr>101</ns3:hr>
            <ns3:cad>53</ns3:cad>
          </ns3:TrackPointExtension>
        </extensions>
      </trkpt>
      <trkpt lat="29.174632541835308074951171875" lon="82.945086546242237091064453125">
        <ele>3688.39990234375</ele>
        <time>2026-08-09T06:38:44.000Z</time>
        <extensions>
          <ns3:TrackPointExtension>
            <ns3:hr>101</ns3:hr>
            <ns3:cad>53</ns3:cad>
          </ns3:TrackPointExtension>
        </extensions>
      </trkpt>
      <trkpt lat="29.1746431030333042144775390625" lon="82.94505913741886615753173828125">
        <ele>3687.800048828125</ele>
        <time>2026-08-09T06:38:46.000Z</time>
        <extensions>
          <ns3:TrackPointExtension>
            <ns3:hr>98</ns3:hr>
            <ns3:cad>55</ns3:cad>
          </ns3:TrackPointExtension>
        </extensions>
      </trkpt>
      <trkpt lat="29.17466280050575733184814453125" lon="82.945019491016864776611328125">
        <ele>3686.60009765625</ele>
        <time>2026-08-09T06:38:50.000Z</time>
        <extensions>
          <ns3:TrackPointExtension>
            <ns3:hr>98</ns3:hr>
            <ns3:cad>53</ns3:cad>
          </ns3:TrackPointExtension>
        </extensions>
      </trkpt>
      <trkpt lat="29.1746893711388111114501953125" lon="82.9449844546616077423095703125">
        <ele>3685.199951171875</ele>
        <time>2026-08-09T06:38:54.000Z</time>
        <extensions>
          <ns3:TrackPointExtension>
            <ns3:hr>98</ns3:hr>
            <ns3:cad>54</ns3:cad>
          </ns3:TrackPointExtension>
        </extensions>
      </trkpt>
      <trkpt lat="29.174694903194904327392578125" lon="82.94497649185359477996826171875">
        <ele>3684.800048828125</ele>
        <time>2026-08-09T06:38:55.000Z</time>
        <extensions>
          <ns3:TrackPointExtension>
            <ns3:hr>98</ns3:hr>
            <ns3:cad>54</ns3:cad>
          </ns3:TrackPointExtension>
        </extensions>
      </trkpt>
      <trkpt lat="29.17470554821193218231201171875" lon="82.9449576325714588165283203125">
        <ele>3683.800048828125</ele>
        <time>2026-08-09T06:38:57.000Z</time>
        <extensions>
          <ns3:TrackPointExtension>
            <ns3:hr>99</ns3:hr>
            <ns3:cad>58</ns3:cad>
          </ns3:TrackPointExtension>
        </extensions>
      </trkpt>
      <trkpt lat="29.17472348548471927642822265625" lon="82.9449241049587726593017578125">
        <ele>3682.60009765625</ele>
        <time>2026-08-09T06:39:00.000Z</time>
        <extensions>
          <ns3:TrackPointExtension>
            <ns3:hr>99</ns3:hr>
            <ns3:cad>58</ns3:cad>
          </ns3:TrackPointExtension>
        </extensions>
      </trkpt>
      <trkpt lat="29.17473203502595424652099609375" lon="82.944892086088657379150390625">
        <ele>3681.39990234375</ele>
        <time>2026-08-09T06:39:03.000Z</time>
        <extensions>
          <ns3:TrackPointExtension>
            <ns3:hr>101</ns3:hr>
            <ns3:cad>62</ns3:cad>
          </ns3:TrackPointExtension>
        </extensions>
      </trkpt>
      <trkpt lat="29.17473270557820796966552734375" lon="82.9448821954429149627685546875">
        <ele>3681</ele>
        <time>2026-08-09T06:39:04.000Z</time>
        <extensions>
          <ns3:TrackPointExtension>
            <ns3:hr>101</ns3:hr>
            <ns3:cad>62</ns3:cad>
          </ns3:TrackPointExtension>
        </extensions>
      </trkpt>
      <trkpt lat="29.17475265450775623321533203125" lon="82.94484791345894336700439453125">
        <ele>3680</ele>
        <time>2026-08-09T06:39:07.000Z</time>
        <extensions>
          <ns3:TrackPointExtension>
            <ns3:hr>101</ns3:hr>
            <ns3:cad>61</ns3:cad>
          </ns3:TrackPointExtension>
        </extensions>
      </trkpt>
      <trkpt lat="29.1747641377151012420654296875" lon="82.94483366422355175018310546875">
        <ele>3679.39990234375</ele>
        <time>2026-08-09T06:39:10.000Z</time>
        <extensions>
          <ns3:TrackPointExtension>
            <ns3:hr>102</ns3:hr>
            <ns3:cad>61</ns3:cad>
          </ns3:TrackPointExtension>
        </extensions>
      </trkpt>
      <trkpt lat="29.1747688315808773040771484375" lon="82.94481321237981319427490234375">
        <ele>3678.800048828125</ele>
        <time>2026-08-09T06:39:12.000Z</time>
        <extensions>
          <ns3:TrackPointExtension>
            <ns3:hr>102</ns3:hr>
            <ns3:cad>61</ns3:cad>
          </ns3:TrackPointExtension>
        </extensions>
      </trkpt>
      <trkpt lat="29.17477997951209545135498046875" lon="82.94478588737547397613525390625">
        <ele>3677.60009765625</ele>
        <time>2026-08-09T06:39:15.000Z</time>
        <extensions>
          <ns3:TrackPointExtension>
            <ns3:hr>103</ns3:hr>
            <ns3:cad>62</ns3:cad>
          </ns3:TrackPointExtension>
        </extensions>
      </trkpt>
      <trkpt lat="29.174786098301410675048828125" lon="82.94476275332272052764892578125">
        <ele>3676.60009765625</ele>
        <time>2026-08-09T06:39:17.000Z</time>
        <extensions>
          <ns3:TrackPointExtension>
            <ns3:hr>102</ns3:hr>
            <ns3:cad>61</ns3:cad>
          </ns3:TrackPointExtension>
        </extensions>
      </trkpt>
      <trkpt lat="29.17480562813580036163330078125" lon="82.9447340033948421478271484375">
        <ele>3675.39990234375</ele>
        <time>2026-08-09T06:39:20.000Z</time>
        <extensions>
          <ns3:TrackPointExtension>
            <ns3:hr>102</ns3:hr>
            <ns3:cad>61</ns3:cad>
          </ns3:TrackPointExtension>
        </extensions>
      </trkpt>
      <trkpt lat="29.17482373304665088653564453125" lon="82.944694943726062774658203125">
        <ele>3674.199951171875</ele>
        <time>2026-08-09T06:39:24.000Z</time>
        <extensions>
          <ns3:TrackPointExtension>
            <ns3:hr>101</ns3:hr>
            <ns3:cad>58</ns3:cad>
          </ns3:TrackPointExtension>
        </extensions>
      </trkpt>
      <trkpt lat="29.17482574470341205596923828125" lon="82.944684885442256927490234375">
        <ele>3673.800048828125</ele>
        <time>2026-08-09T06:39:25.000Z</time>
        <extensions>
          <ns3:TrackPointExtension>
            <ns3:hr>100</ns3:hr>
            <ns3:cad>58</ns3:cad>
          </ns3:TrackPointExtension>
        </extensions>
      </trkpt>
      <trkpt lat="29.1748321987688541412353515625" lon="82.94466552324593067169189453125">
        <ele>3673</ele>
        <time>2026-08-09T06:39:27.000Z</time>
        <extensions>
          <ns3:TrackPointExtension>
            <ns3:hr>99</ns3:hr>
            <ns3:cad>62</ns3:cad>
          </ns3:TrackPointExtension>
        </extensions>
      </trkpt>
      <trkpt lat="29.174845106899738311767578125" lon="82.94462210498750209808349609375">
        <ele>3671.800048828125</ele>
        <time>2026-08-09T06:39:31.000Z</time>
        <extensions>
          <ns3:TrackPointExtension>
            <ns3:hr>97</ns3:hr>
            <ns3:cad>62</ns3:cad>
          </ns3:TrackPointExtension>
        </extensions>
      </trkpt>
      <trkpt lat="29.17485239915549755096435546875" lon="82.944609113037586212158203125">
        <ele>3671.60009765625</ele>
        <time>2026-08-09T06:39:32.000Z</time>
        <extensions>
          <ns3:TrackPointExtension>
            <ns3:hr>97</ns3:hr>
            <ns3:cad>57</ns3:cad>
          </ns3:TrackPointExtension>
        </extensions>
      </trkpt>
      <trkpt lat="29.17485038749873638153076171875" lon="82.94458572752773761749267578125">
        <ele>3670.60009765625</ele>
        <time>2026-08-09T06:39:35.000Z</time>
        <extensions>
          <ns3:TrackPointExtension>
            <ns3:hr>97</ns3:hr>
            <ns3:cad>56</ns3:cad>
          </ns3:TrackPointExtension>
        </extensions>
      </trkpt>
      <trkpt lat="29.17482809163630008697509765625" lon="82.9445915110409259796142578125">
        <ele>3669.800048828125</ele>
        <time>2026-08-09T06:39:37.000Z</time>
        <extensions>
          <ns3:TrackPointExtension>
            <ns3:hr>97</ns3:hr>
            <ns3:cad>55</ns3:cad>
          </ns3:TrackPointExtension>
        </extensions>
      </trkpt>
      <trkpt lat="29.17481820099055767059326171875" lon="82.94459762983024120330810546875">
        <ele>3669.39990234375</ele>
        <time>2026-08-09T06:39:38.000Z</time>
        <extensions>
          <ns3:TrackPointExtension>
            <ns3:hr>97</ns3:hr>
            <ns3:cad>57</ns3:cad>
          </ns3:TrackPointExtension>
        </extensions>
      </trkpt>
      <trkpt lat="29.17477964423596858978271484375" lon="82.94461078941822052001953125">
        <ele>3668</ele>
        <time>2026-08-09T06:39:41.000Z</time>
        <extensions>
          <ns3:TrackPointExtension>
            <ns3:hr>98</ns3:hr>
            <ns3:cad>56</ns3:cad>
          </ns3:TrackPointExtension>
        </extensions>
      </trkpt>
      <trkpt lat="29.17474192567169666290283203125" lon="82.94462176971137523651123046875">
        <ele>3667.199951171875</ele>
        <time>2026-08-09T06:39:44.000Z</time>
        <extensions>
          <ns3:TrackPointExtension>
            <ns3:hr>97</ns3:hr>
            <ns3:cad>57</ns3:cad>
          </ns3:TrackPointExtension>
        </extensions>
      </trkpt>
      <trkpt lat="29.17473278939723968505859375" lon="82.94462545774877071380615234375">
        <ele>3667</ele>
        <time>2026-08-09T06:39:45.000Z</time>
        <extensions>
          <ns3:TrackPointExtension>
            <ns3:hr>98</ns3:hr>
            <ns3:cad>57</ns3:cad>
          </ns3:TrackPointExtension>
        </extensions>
      </trkpt>
      <trkpt lat="29.17471057735383510589599609375" lon="82.94463551603257656097412109375">
        <ele>3666</ele>
        <time>2026-08-09T06:39:47.000Z</time>
        <extensions>
          <ns3:TrackPointExtension>
            <ns3:hr>98</ns3:hr>
            <ns3:cad>57</ns3:cad>
          </ns3:TrackPointExtension>
        </extensions>
      </trkpt>
      <trkpt lat="29.17468694038689136505126953125" lon="82.94464222155511379241943359375">
        <ele>3664.800048828125</ele>
        <time>2026-08-09T06:39:49.000Z</time>
        <extensions>
          <ns3:TrackPointExtension>
            <ns3:hr>98</ns3:hr>
            <ns3:cad>57</ns3:cad>
          </ns3:TrackPointExtension>
        </extensions>
      </trkpt>
      <trkpt lat="29.1746588610112667083740234375" lon="82.94465370476245880126953125">
        <ele>3664.39990234375</ele>
        <time>2026-08-09T06:39:52.000Z</time>
        <extensions>
          <ns3:TrackPointExtension>
            <ns3:hr>99</ns3:hr>
            <ns3:cad>56</ns3:cad>
          </ns3:TrackPointExtension>
        </extensions>
      </trkpt>
      <trkpt lat="29.174637235701084136962890625" lon="82.94465797953307628631591796875">
        <ele>3664</ele>
        <time>2026-08-09T06:39:55.000Z</time>
        <extensions>
          <ns3:TrackPointExtension>
            <ns3:hr>100</ns3:hr>
            <ns3:cad>52</ns3:cad>
          </ns3:TrackPointExtension>
        </extensions>
      </trkpt>
      <trkpt lat="29.17464100755751132965087890625" lon="82.94464171864092350006103515625">
        <ele>3663.800048828125</ele>
        <time>2026-08-09T06:39:56.000Z</time>
        <extensions>
          <ns3:TrackPointExtension>
            <ns3:hr>101</ns3:hr>
            <ns3:cad>52</ns3:cad>
          </ns3:TrackPointExtension>
        </extensions>
      </trkpt>
      <trkpt lat="29.17465441860258579254150390625" lon="82.94459394179284572601318359375">
        <ele>3663</ele>
        <time>2026-08-09T06:40:00.000Z</time>
        <extensions>
          <ns3:TrackPointExtension>
            <ns3:hr>108</ns3:hr>
            <ns3:cad>59</ns3:cad>
          </ns3:TrackPointExtension>
        </extensions>
      </trkpt>
      <trkpt lat="29.17465366423130035400390625" lon="82.9445764236152172088623046875">
        <ele>3662.800048828125</ele>
        <time>2026-08-09T06:40:01.000Z</time>
        <extensions>
          <ns3:TrackPointExtension>
            <ns3:hr>114</ns3:hr>
            <ns3:cad>57</ns3:cad>
          </ns3:TrackPointExtension>
        </extensions>
      </trkpt>
      <trkpt lat="29.17465634644031524658203125" lon="82.9445603303611278533935546875">
        <ele>3662.60009765625</ele>
        <time>2026-08-09T06:40:02.000Z</time>
        <extensions>
          <ns3:TrackPointExtension>
            <ns3:hr>117</ns3:hr>
            <ns3:cad>57</ns3:cad>
          </ns3:TrackPointExtension>
        </extensions>
      </trkpt>
      <trkpt lat="29.17465508915483951568603515625" lon="82.94452906586229801177978515625">
        <ele>3661.60009765625</ele>
        <time>2026-08-09T06:40:04.000Z</time>
        <extensions>
          <ns3:TrackPointExtension>
            <ns3:hr>121</ns3:hr>
            <ns3:cad>55</ns3:cad>
          </ns3:TrackPointExtension>
        </extensions>
      </trkpt>
      <trkpt lat="29.17465911246836185455322265625" lon="82.9445147328078746795654296875">
        <ele>3661</ele>
        <time>2026-08-09T06:40:05.000Z</time>
        <extensions>
          <ns3:TrackPointExtension>
            <ns3:hr>121</ns3:hr>
            <ns3:cad>55</ns3:cad>
          </ns3:TrackPointExtension>
        </extensions>
      </trkpt>
      <trkpt lat="29.17467453517019748687744140625" lon="82.94448162429034709930419921875">
        <ele>3660</ele>
        <time>2026-08-09T06:40:08.000Z</time>
        <extensions>
          <ns3:TrackPointExtension>
            <ns3:hr>122</ns3:hr>
            <ns3:cad>57</ns3:cad>
          </ns3:TrackPointExtension>
        </extensions>
      </trkpt>
      <trkpt lat="29.17466363869607448577880859375" lon="82.94445748440921306610107421875">
        <ele>3659.60009765625</ele>
        <time>2026-08-09T06:40:10.000Z</time>
        <extensions>
          <ns3:TrackPointExtension>
            <ns3:hr>122</ns3:hr>
            <ns3:cad>58</ns3:cad>
          </ns3:TrackPointExtension>
        </extensions>
      </trkpt>
      <trkpt lat="29.17464218102395534515380859375" lon="82.94444449245929718017578125">
        <ele>3658.800048828125</ele>
        <time>2026-08-09T06:40:13.000Z</time>
        <extensions>
          <ns3:TrackPointExtension>
            <ns3:hr>123</ns3:hr>
            <ns3:cad>58</ns3:cad>
          </ns3:TrackPointExtension>
        </extensions>
      </trkpt>
      <trkpt lat="29.1746283508837223052978515625" lon="82.94445195235311985015869140625">
        <ele>3658.800048828125</ele>
        <time>2026-08-09T06:40:14.000Z</time>
        <extensions>
          <ns3:TrackPointExtension>
            <ns3:hr>123</ns3:hr>
            <ns3:cad>57</ns3:cad>
          </ns3:TrackPointExtension>
        </extensions>
      </trkpt>
      <trkpt lat="29.1746082343161106109619140625" lon="82.94448648579418659210205078125">
        <ele>3658</ele>
        <time>2026-08-09T06:40:18.000Z</time>
        <extensions>
          <ns3:TrackPointExtension>
            <ns3:hr>123</ns3:hr>
            <ns3:cad>55</ns3:cad>
          </ns3:TrackPointExtension>
        </extensions>
      </trkpt>
      <trkpt lat="29.1746042110025882720947265625" lon="82.94450375251471996307373046875">
        <ele>3657.800048828125</ele>
        <time>2026-08-09T06:40:19.000Z</time>
        <extensions>
          <ns3:TrackPointExtension>
            <ns3:hr>122</ns3:hr>
            <ns3:cad>55</ns3:cad>
          </ns3:TrackPointExtension>
        </extensions>
      </trkpt>
      <trkpt lat="29.17456858791410923004150390625" lon="82.94455823488533496856689453125">
        <ele>3657.199951171875</ele>
        <time>2026-08-09T06:40:23.000Z</time>
        <extensions>
          <ns3:TrackPointExtension>
            <ns3:hr>121</ns3:hr>
            <ns3:cad>55</ns3:cad>
          </ns3:TrackPointExtension>
        </extensions>
      </trkpt>
      <trkpt lat="29.17454813607037067413330078125" lon="82.9445901699364185333251953125">
        <ele>3656.800048828125</ele>
        <time>2026-08-09T06:40:26.000Z</time>
        <extensions>
          <ns3:TrackPointExtension>
            <ns3:hr>122</ns3:hr>
            <ns3:cad>55</ns3:cad>
          </ns3:TrackPointExtension>
        </extensions>
      </trkpt>
      <trkpt lat="29.1745068132877349853515625" lon="82.94462621212005615234375">
        <ele>3656.39990234375</ele>
        <time>2026-08-09T06:40:30.000Z</time>
        <extensions>
          <ns3:TrackPointExtension>
            <ns3:hr>122</ns3:hr>
            <ns3:cad>56</ns3:cad>
          </ns3:TrackPointExtension>
        </extensions>
      </trkpt>
      <trkpt lat="29.1744704358279705047607421875" lon="82.94466183520853519439697265625">
        <ele>3656</ele>
        <time>2026-08-09T06:40:34.000Z</time>
        <extensions>
          <ns3:TrackPointExtension>
            <ns3:hr>119</ns3:hr>
            <ns3:cad>56</ns3:cad>
          </ns3:TrackPointExtension>
        </extensions>
      </trkpt>
      <trkpt lat="29.17445786297321319580078125" lon="82.94467382133007049560546875">
        <ele>3655.60009765625</ele>
        <time>2026-08-09T06:40:35.000Z</time>
        <extensions>
          <ns3:TrackPointExtension>
            <ns3:hr>119</ns3:hr>
            <ns3:cad>57</ns3:cad>
          </ns3:TrackPointExtension>
        </extensions>
      </trkpt>
      <trkpt lat="29.174429364502429962158203125" lon="82.944690920412540435791015625">
        <ele>3655.39990234375</ele>
        <time>2026-08-09T06:40:37.000Z</time>
        <extensions>
          <ns3:TrackPointExtension>
            <ns3:hr>119</ns3:hr>
            <ns3:cad>57</ns3:cad>
          </ns3:TrackPointExtension>
        </extensions>
      </trkpt>
      <trkpt lat="29.174369014799594879150390625" lon="82.9447286389768123626708984375">
        <ele>3654.60009765625</ele>
        <time>2026-08-09T06:40:44.000Z</time>
        <extensions>
          <ns3:TrackPointExtension>
            <ns3:hr>117</ns3:hr>
            <ns3:cad>57</ns3:cad>
          </ns3:TrackPointExtension>
        </extensions>
      </trkpt>
      <trkpt lat="29.17431310750544071197509765625" lon="82.94476635754108428955078125">
        <ele>3653.39990234375</ele>
        <time>2026-08-09T06:40:49.000Z</time>
        <extensions>
          <ns3:TrackPointExtension>
            <ns3:hr>117</ns3:hr>
            <ns3:cad>57</ns3:cad>
          </ns3:TrackPointExtension>
        </extensions>
      </trkpt>
      <trkpt lat="29.17429818771779537200927734375" lon="82.94477306306362152099609375">
        <ele>3653</ele>
        <time>2026-08-09T06:40:50.000Z</time>
        <extensions>
          <ns3:TrackPointExtension>
            <ns3:hr>117</ns3:hr>
            <ns3:cad>57</ns3:cad>
          </ns3:TrackPointExtension>
        </extensions>
      </trkpt>
      <trkpt lat="29.17426633648574352264404296875" lon="82.944786809384822845458984375">
        <ele>3652</ele>
        <time>2026-08-09T06:40:53.000Z</time>
        <extensions>
          <ns3:TrackPointExtension>
            <ns3:hr>117</ns3:hr>
            <ns3:cad>54</ns3:cad>
          </ns3:TrackPointExtension>
        </extensions>
      </trkpt>
      <trkpt lat="29.17423716746270656585693359375" lon="82.9448057524859905242919921875">
        <ele>3651.39990234375</ele>
        <time>2026-08-09T06:40:56.000Z</time>
        <extensions>
          <ns3:TrackPointExtension>
            <ns3:hr>117</ns3:hr>
            <ns3:cad>54</ns3:cad>
          </ns3:TrackPointExtension>
        </extensions>
      </trkpt>
      <trkpt lat="29.17422811500728130340576171875" lon="82.94481237418949604034423828125">
        <ele>3651</ele>
        <time>2026-08-09T06:40:57.000Z</time>
        <extensions>
          <ns3:TrackPointExtension>
            <ns3:hr>118</ns3:hr>
            <ns3:cad>56</ns3:cad>
          </ns3:TrackPointExtension>
        </extensions>
      </trkpt>
      <trkpt lat="29.1741945035755634307861328125" lon="82.9448215104639530181884765625">
        <ele>3649.800048828125</ele>
        <time>2026-08-09T06:41:00.000Z</time>
        <extensions>
          <ns3:TrackPointExtension>
            <ns3:hr>118</ns3:hr>
            <ns3:cad>60</ns3:cad>
          </ns3:TrackPointExtension>
        </extensions>
      </trkpt>
      <trkpt lat="29.17415318079292774200439453125" lon="82.94484171085059642791748046875">
        <ele>3648.800048828125</ele>
        <time>2026-08-09T06:41:04.000Z</time>
        <extensions>
          <ns3:TrackPointExtension>
            <ns3:hr>122</ns3:hr>
            <ns3:cad>61</ns3:cad>
          </ns3:TrackPointExtension>
        </extensions>
      </trkpt>
      <trkpt lat="29.1741420328617095947265625" lon="82.9448459856212139129638671875">
        <ele>3648.60009765625</ele>
        <time>2026-08-09T06:41:05.000Z</time>
        <extensions>
          <ns3:TrackPointExtension>
            <ns3:hr>122</ns3:hr>
            <ns3:cad>61</ns3:cad>
          </ns3:TrackPointExtension>
        </extensions>
      </trkpt>
      <trkpt lat="29.17407455854117870330810546875" lon="82.9448560439050197601318359375">
        <ele>3647.60009765625</ele>
        <time>2026-08-09T06:41:10.000Z</time>
        <extensions>
          <ns3:TrackPointExtension>
            <ns3:hr>124</ns3:hr>
            <ns3:cad>55</ns3:cad>
          </ns3:TrackPointExtension>
        </extensions>
      </trkpt>
      <trkpt lat="29.173994846642017364501953125" lon="82.944884039461612701416015625">
        <ele>3646.39990234375</ele>
        <time>2026-08-09T06:41:16.000Z</time>
        <extensions>
          <ns3:TrackPointExtension>
            <ns3:hr>124</ns3:hr>
            <ns3:cad>55</ns3:cad>
          </ns3:TrackPointExtension>
        </extensions>
      </trkpt>
      <trkpt lat="29.17398386634886264801025390625" lon="82.94488311745226383209228515625">
        <ele>3646.39990234375</ele>
        <time>2026-08-09T06:41:17.000Z</time>
        <extensions>
          <ns3:TrackPointExtension>
            <ns3:hr>123</ns3:hr>
            <ns3:cad>55</ns3:cad>
          </ns3:TrackPointExtension>
        </extensions>
      </trkpt>
      <trkpt lat="29.17393147945404052734375" lon="82.94488278217613697052001953125">
        <ele>3645.39990234375</ele>
        <time>2026-08-09T06:41:21.000Z</time>
        <extensions>
          <ns3:TrackPointExtension>
            <ns3:hr>124</ns3:hr>
            <ns3:cad>55</ns3:cad>
          </ns3:TrackPointExtension>
        </extensions>
      </trkpt>
      <trkpt lat="29.17387004010379314422607421875" lon="82.9448748193681240081787109375">
        <ele>3644.800048828125</ele>
        <time>2026-08-09T06:41:25.000Z</time>
        <extensions>
          <ns3:TrackPointExtension>
            <ns3:hr>124</ns3:hr>
            <ns3:cad>54</ns3:cad>
          </ns3:TrackPointExtension>
        </extensions>
      </trkpt>
      <trkpt lat="29.1738025657832622528076171875" lon="82.94485059566795825958251953125">
        <ele>3644.39990234375</ele>
        <time>2026-08-09T06:41:30.000Z</time>
        <extensions>
          <ns3:TrackPointExtension>
            <ns3:hr>124</ns3:hr>
            <ns3:cad>55</ns3:cad>
          </ns3:TrackPointExtension>
        </extensions>
      </trkpt>
      <trkpt lat="29.17378471232950687408447265625" lon="82.94483969919383525848388671875">
        <ele>3644.199951171875</ele>
        <time>2026-08-09T06:41:32.000Z</time>
        <extensions>
          <ns3:TrackPointExtension>
            <ns3:hr>123</ns3:hr>
            <ns3:cad>55</ns3:cad>
          </ns3:TrackPointExtension>
        </extensions>
      </trkpt>
      <trkpt lat="29.1737046651542186737060546875" lon="82.9448057524859905242919921875">
        <ele>3643.800048828125</ele>
        <time>2026-08-09T06:41:38.000Z</time>
        <extensions>
          <ns3:TrackPointExtension>
            <ns3:hr>122</ns3:hr>
            <ns3:cad>55</ns3:cad>
          </ns3:TrackPointExtension>
        </extensions>
      </trkpt>
      <trkpt lat="29.17365320026874542236328125" lon="82.94475562870502471923828125">
        <ele>3643.199951171875</ele>
        <time>2026-08-09T06:41:43.000Z</time>
        <extensions>
          <ns3:TrackPointExtension>
            <ns3:hr>122</ns3:hr>
            <ns3:cad>50</ns3:cad>
          </ns3:TrackPointExtension>
        </extensions>
      </trkpt>
      <trkpt lat="29.17363232932984828948974609375" lon="82.94472939334809780120849609375">
        <ele>3643.199951171875</ele>
        <time>2026-08-09T06:41:45.000Z</time>
        <extensions>
          <ns3:TrackPointExtension>
            <ns3:hr>121</ns3:hr>
            <ns3:cad>52</ns3:cad>
          </ns3:TrackPointExtension>
        </extensions>
      </trkpt>
      <trkpt lat="29.17356812395155429840087890625" lon="82.9446374438703060150146484375">
        <ele>3642.60009765625</ele>
        <time>2026-08-09T06:41:53.000Z</time>
        <extensions>
          <ns3:TrackPointExtension>
            <ns3:hr>120</ns3:hr>
            <ns3:cad>54</ns3:cad>
          </ns3:TrackPointExtension>
        </extensions>
      </trkpt>
      <trkpt lat="29.1735014878213405609130859375" lon="82.9445418901741504669189453125">
        <ele>3643.39990234375</ele>
        <time>2026-08-09T06:42:01.000Z</time>
        <extensions>
          <ns3:TrackPointExtension>
            <ns3:hr>119</ns3:hr>
            <ns3:cad>53</ns3:cad>
          </ns3:TrackPointExtension>
        </extensions>
      </trkpt>
      <trkpt lat="29.17346636764705181121826171875" lon="82.94446988962590694427490234375">
        <ele>3643.800048828125</ele>
        <time>2026-08-09T06:42:07.000Z</time>
        <extensions>
          <ns3:TrackPointExtension>
            <ns3:hr>122</ns3:hr>
            <ns3:cad>50</ns3:cad>
          </ns3:TrackPointExtension>
        </extensions>
      </trkpt>
      <trkpt lat="29.17343795299530029296875" lon="82.94437768869102001190185546875">
        <ele>3643.800048828125</ele>
        <time>2026-08-09T06:42:13.000Z</time>
        <extensions>
          <ns3:TrackPointExtension>
            <ns3:hr>125</ns3:hr>
            <ns3:cad>53</ns3:cad>
          </ns3:TrackPointExtension>
        </extensions>
      </trkpt>
      <trkpt lat="29.17340450920164585113525390625" lon="82.9443145729601383209228515625">
        <ele>3643.800048828125</ele>
        <time>2026-08-09T06:42:18.000Z</time>
        <extensions>
          <ns3:TrackPointExtension>
            <ns3:hr>126</ns3:hr>
            <ns3:cad>53</ns3:cad>
          </ns3:TrackPointExtension>
        </extensions>
      </trkpt>
      <trkpt lat="29.173367880284786224365234375" lon="82.94419982470571994781494140625">
        <ele>3644</ele>
        <time>2026-08-09T06:42:26.000Z</time>
        <extensions>
          <ns3:TrackPointExtension>
            <ns3:hr>125</ns3:hr>
            <ns3:cad>51</ns3:cad>
          </ns3:TrackPointExtension>
        </extensions>
      </trkpt>
      <trkpt lat="29.1733507812023162841796875" lon="82.9441224597394466400146484375">
        <ele>3644.39990234375</ele>
        <time>2026-08-09T06:42:32.000Z</time>
        <extensions>
          <ns3:TrackPointExtension>
            <ns3:hr>125</ns3:hr>
            <ns3:cad>52</ns3:cad>
          </ns3:TrackPointExtension>
        </extensions>
      </trkpt>
      <trkpt lat="29.1733467578887939453125" lon="82.94411181472241878509521484375">
        <ele>3644.39990234375</ele>
        <time>2026-08-09T06:42:33.000Z</time>
        <extensions>
          <ns3:TrackPointExtension>
            <ns3:hr>125</ns3:hr>
            <ns3:cad>52</ns3:cad>
          </ns3:TrackPointExtension>
        </extensions>
      </trkpt>
      <trkpt lat="29.17332169599831104278564453125" lon="82.94401240535080432891845703125">
        <ele>3644.60009765625</ele>
        <time>2026-08-09T06:42:40.000Z</time>
        <extensions>
          <ns3:TrackPointExtension>
            <ns3:hr>128</ns3:hr>
            <ns3:cad>51</ns3:cad>
          </ns3:TrackPointExtension>
        </extensions>
      </trkpt>
      <trkpt lat="29.1733174212276935577392578125" lon="82.94399631209671497344970703125">
        <ele>3644.60009765625</ele>
        <time>2026-08-09T06:42:41.000Z</time>
        <extensions>
          <ns3:TrackPointExtension>
            <ns3:hr>128</ns3:hr>
            <ns3:cad>51</ns3:cad>
          </ns3:TrackPointExtension>
        </extensions>
      </trkpt>
      <trkpt lat="29.17329219169914722442626953125" lon="82.9439125768840312957763671875">
        <ele>3644.800048828125</ele>
        <time>2026-08-09T06:42:47.000Z</time>
        <extensions>
          <ns3:TrackPointExtension>
            <ns3:hr>129</ns3:hr>
            <ns3:cad>51</ns3:cad>
          </ns3:TrackPointExtension>
        </extensions>
      </trkpt>
      <trkpt lat="29.17326629161834716796875" lon="82.94383655302226543426513671875">
        <ele>3644.800048828125</ele>
        <time>2026-08-09T06:42:53.000Z</time>
        <extensions>
          <ns3:TrackPointExtension>
            <ns3:hr>129</ns3:hr>
            <ns3:cad>52</ns3:cad>
          </ns3:TrackPointExtension>
        </extensions>
      </trkpt>
      <trkpt lat="29.17325044982135295867919921875" lon="82.9437355510890483856201171875">
        <ele>3645.39990234375</ele>
        <time>2026-08-09T06:43:00.000Z</time>
        <extensions>
          <ns3:TrackPointExtension>
            <ns3:hr>131</ns3:hr>
            <ns3:cad>50</ns3:cad>
          </ns3:TrackPointExtension>
        </extensions>
      </trkpt>
      <trkpt lat="29.173250533640384674072265625" lon="82.94363454915583133697509765625">
        <ele>3645.199951171875</ele>
        <time>2026-08-09T06:43:07.000Z</time>
        <extensions>
          <ns3:TrackPointExtension>
            <ns3:hr>130</ns3:hr>
            <ns3:cad>53</ns3:cad>
          </ns3:TrackPointExtension>
        </extensions>
      </trkpt>
      <trkpt lat="29.1732356138527393341064453125" lon="82.94354855082929134368896484375">
        <ele>3645.39990234375</ele>
        <time>2026-08-09T06:43:13.000Z</time>
        <extensions>
          <ns3:TrackPointExtension>
            <ns3:hr>130</ns3:hr>
            <ns3:cad>51</ns3:cad>
          </ns3:TrackPointExtension>
        </extensions>
      </trkpt>
      <trkpt lat="29.1732191853225231170654296875" lon="82.9434837587177753448486328125">
        <ele>3645.39990234375</ele>
        <time>2026-08-09T06:43:18.000Z</time>
        <extensions>
          <ns3:TrackPointExtension>
            <ns3:hr>130</ns3:hr>
            <ns3:cad>50</ns3:cad>
          </ns3:TrackPointExtension>
        </extensions>
      </trkpt>
      <trkpt lat="29.17319797910749912261962890625" lon="82.9433912225067615509033203125">
        <ele>3646</ele>
        <time>2026-08-09T06:43:25.000Z</time>
        <extensions>
          <ns3:TrackPointExtension>
            <ns3:hr>131</ns3:hr>
            <ns3:cad>50</ns3:cad>
          </ns3:TrackPointExtension>
        </extensions>
      </trkpt>
      <trkpt lat="29.17318674735724925994873046875" lon="82.94331922195851802825927734375">
        <ele>3646.39990234375</ele>
        <time>2026-08-09T06:43:30.000Z</time>
        <extensions>
          <ns3:TrackPointExtension>
            <ns3:hr>132</ns3:hr>
            <ns3:cad>50</ns3:cad>
          </ns3:TrackPointExtension>
        </extensions>
      </trkpt>
      <trkpt lat="29.17317920364439487457275390625" lon="82.9432810842990875244140625">
        <ele>3646.60009765625</ele>
        <time>2026-08-09T06:43:33.000Z</time>
        <extensions>
          <ns3:TrackPointExtension>
            <ns3:hr>132</ns3:hr>
            <ns3:cad>48</ns3:cad>
          </ns3:TrackPointExtension>
        </extensions>
      </trkpt>
      <trkpt lat="29.17318507097661495208740234375" lon="82.94318921864032745361328125">
        <ele>3646.199951171875</ele>
        <time>2026-08-09T06:43:39.000Z</time>
        <extensions>
          <ns3:TrackPointExtension>
            <ns3:hr>134</ns3:hr>
            <ns3:cad>51</ns3:cad>
          </ns3:TrackPointExtension>
        </extensions>
      </trkpt>
      <trkpt lat="29.1732101328670978546142578125" lon="82.94309073127806186676025390625">
        <ele>3645.39990234375</ele>
        <time>2026-08-09T06:43:46.000Z</time>
        <extensions>
          <ns3:TrackPointExtension>
            <ns3:hr>134</ns3:hr>
            <ns3:cad>55</ns3:cad>
          </ns3:TrackPointExtension>
        </extensions>
      </trkpt>
      <trkpt lat="29.17321641929447650909423828125" lon="82.9430586285889148712158203125">
        <ele>3645</ele>
        <time>2026-08-09T06:43:48.000Z</time>
        <extensions>
          <ns3:TrackPointExtension>
            <ns3:hr>134</ns3:hr>
            <ns3:cad>55</ns3:cad>
          </ns3:TrackPointExtension>
        </extensions>
      </trkpt>
      <trkpt lat="29.1732273995876312255859375" lon="82.942958883941173553466796875">
        <ele>3645</ele>
        <time>2026-08-09T06:43:55.000Z</time>
        <extensions>
          <ns3:TrackPointExtension>
            <ns3:hr>132</ns3:hr>
            <ns3:cad>52</ns3:cad>
          </ns3:TrackPointExtension>
        </extensions>
      </trkpt>
      <trkpt lat="29.17322144843637943267822265625" lon="82.942874729633331298828125">
        <ele>3645.39990234375</ele>
        <time>2026-08-09T06:44:01.000Z</time>
        <extensions>
          <ns3:TrackPointExtension>
            <ns3:hr>130</ns3:hr>
            <ns3:cad>52</ns3:cad>
          </ns3:TrackPointExtension>
        </extensions>
      </trkpt>
      <trkpt lat="29.17322496883571147918701171875" lon="82.94277003966271877288818359375">
        <ele>3646</ele>
        <time>2026-08-09T06:44:08.000Z</time>
        <extensions>
          <ns3:TrackPointExtension>
            <ns3:hr>131</ns3:hr>
            <ns3:cad>51</ns3:cad>
          </ns3:TrackPointExtension>
        </extensions>
      </trkpt>
      <trkpt lat="29.17322848923504352569580078125" lon="82.94273097999393939971923828125">
        <ele>3646.39990234375</ele>
        <time>2026-08-09T06:44:12.000Z</time>
        <extensions>
          <ns3:TrackPointExtension>
            <ns3:hr>132</ns3:hr>
            <ns3:cad>50</ns3:cad>
          </ns3:TrackPointExtension>
        </extensions>
      </trkpt>
      <trkpt lat="29.1732329316437244415283203125" lon="82.94270642101764678955078125">
        <ele>3646.39990234375</ele>
        <time>2026-08-09T06:44:14.000Z</time>
        <extensions>
          <ns3:TrackPointExtension>
            <ns3:hr>131</ns3:hr>
            <ns3:cad>50</ns3:cad>
          </ns3:TrackPointExtension>
        </extensions>
      </trkpt>
      <trkpt lat="29.173233769834041595458984375" lon="82.942639701068401336669921875">
        <ele>3647.39990234375</ele>
        <time>2026-08-09T06:44:19.000Z</time>
        <extensions>
          <ns3:TrackPointExtension>
            <ns3:hr>132</ns3:hr>
            <ns3:cad>50</ns3:cad>
          </ns3:TrackPointExtension>
        </extensions>
      </trkpt>
      <trkpt lat="29.1732339374721050262451171875" lon="82.94261396862566471099853515625">
        <ele>3647.60009765625</ele>
        <time>2026-08-09T06:44:21.000Z</time>
        <extensions>
          <ns3:TrackPointExtension>
            <ns3:hr>134</ns3:hr>
            <ns3:cad>49</ns3:cad>
          </ns3:TrackPointExtension>
        </extensions>
      </trkpt>
      <trkpt lat="29.1732473485171794891357421875" lon="82.94252646155655384063720703125">
        <ele>3648.199951171875</ele>
        <time>2026-08-09T06:44:27.000Z</time>
        <extensions>
          <ns3:TrackPointExtension>
            <ns3:hr>135</ns3:hr>
            <ns3:cad>48</ns3:cad>
          </ns3:TrackPointExtension>
        </extensions>
      </trkpt>
      <trkpt lat="29.17325556278228759765625" lon="82.94240911491215229034423828125">
        <ele>3647.60009765625</ele>
        <time>2026-08-09T06:44:35.000Z</time>
        <extensions>
          <ns3:TrackPointExtension>
            <ns3:hr>134</ns3:hr>
            <ns3:cad>54</ns3:cad>
          </ns3:TrackPointExtension>
        </extensions>
      </trkpt>
      <trkpt lat="29.1732584126293659210205078125" lon="82.94232412241399288177490234375">
        <ele>3647.800048828125</ele>
        <time>2026-08-09T06:44:41.000Z</time>
        <extensions>
          <ns3:TrackPointExtension>
            <ns3:hr>134</ns3:hr>
            <ns3:cad>51</ns3:cad>
          </ns3:TrackPointExtension>
        </extensions>
      </trkpt>
      <trkpt lat="29.173258244991302490234375" lon="82.9422207735478878021240234375">
        <ele>3647.60009765625</ele>
        <time>2026-08-09T06:44:48.000Z</time>
        <extensions>
          <ns3:TrackPointExtension>
            <ns3:hr>132</ns3:hr>
            <ns3:cad>52</ns3:cad>
          </ns3:TrackPointExtension>
        </extensions>
      </trkpt>
      <trkpt lat="29.17325782589614391326904296875" lon="82.9421034269034862518310546875">
        <ele>3648.199951171875</ele>
        <time>2026-08-09T06:44:56.000Z</time>
        <extensions>
          <ns3:TrackPointExtension>
            <ns3:hr>132</ns3:hr>
            <ns3:cad>50</ns3:cad>
          </ns3:TrackPointExtension>
        </extensions>
      </trkpt>
      <trkpt lat="29.17325899936258792877197265625" lon="82.94203762896358966827392578125">
        <ele>3648.60009765625</ele>
        <time>2026-08-09T06:45:01.000Z</time>
        <extensions>
          <ns3:TrackPointExtension>
            <ns3:hr>131</ns3:hr>
            <ns3:cad>50</ns3:cad>
          </ns3:TrackPointExtension>
        </extensions>
      </trkpt>
      <trkpt lat="29.17325950227677822113037109375" lon="82.94196152128279209136962890625">
        <ele>3649.199951171875</ele>
        <time>2026-08-09T06:45:07.000Z</time>
        <extensions>
          <ns3:TrackPointExtension>
            <ns3:hr>131</ns3:hr>
            <ns3:cad>49</ns3:cad>
          </ns3:TrackPointExtension>
        </extensions>
      </trkpt>
      <trkpt lat="29.1732553951442241668701171875" lon="82.94193386100232601165771484375">
        <ele>3649.60009765625</ele>
        <time>2026-08-09T06:45:09.000Z</time>
        <extensions>
          <ns3:TrackPointExtension>
            <ns3:hr>132</ns3:hr>
            <ns3:cad>49</ns3:cad>
          </ns3:TrackPointExtension>
        </extensions>
      </trkpt>
      <trkpt lat="29.17325765825808048248291015625" lon="82.9419002495706081390380859375">
        <ele>3650.39990234375</ele>
        <time>2026-08-09T06:45:12.000Z</time>
        <extensions>
          <ns3:TrackPointExtension>
            <ns3:hr>132</ns3:hr>
            <ns3:cad>49</ns3:cad>
          </ns3:TrackPointExtension>
        </extensions>
      </trkpt>
      <trkpt lat="29.1732550598680973052978515625" lon="82.9418680630624294281005859375">
        <ele>3650.60009765625</ele>
        <time>2026-08-09T06:45:14.000Z</time>
        <extensions>
          <ns3:TrackPointExtension>
            <ns3:hr>133</ns3:hr>
            <ns3:cad>50</ns3:cad>
          </ns3:TrackPointExtension>
        </extensions>
      </trkpt>
      <trkpt lat="29.1732617653906345367431640625" lon="82.9418328590691089630126953125">
        <ele>3651.199951171875</ele>
        <time>2026-08-09T06:45:17.000Z</time>
        <extensions>
          <ns3:TrackPointExtension>
            <ns3:hr>134</ns3:hr>
            <ns3:cad>49</ns3:cad>
          </ns3:TrackPointExtension>
        </extensions>
      </trkpt>
      <trkpt lat="29.1732688061892986297607421875" lon="82.94175281189382076263427734375">
        <ele>3651.60009765625</ele>
        <time>2026-08-09T06:45:23.000Z</time>
        <extensions>
          <ns3:TrackPointExtension>
            <ns3:hr>136</ns3:hr>
            <ns3:cad>49</ns3:cad>
          </ns3:TrackPointExtension>
        </extensions>
      </trkpt>
      <trkpt lat="29.173296131193637847900390625" lon="82.94167653657495975494384765625">
        <ele>3651.199951171875</ele>
        <time>2026-08-09T06:45:28.000Z</time>
        <extensions>
          <ns3:TrackPointExtension>
            <ns3:hr>136</ns3:hr>
            <ns3:cad>51</ns3:cad>
          </ns3:TrackPointExtension>
        </extensions>
      </trkpt>
      <trkpt lat="29.1733395494520664215087890625" lon="82.9415512271225452423095703125">
        <ele>3650.39990234375</ele>
        <time>2026-08-09T06:45:37.000Z</time>
        <extensions>
          <ns3:TrackPointExtension>
            <ns3:hr>136</ns3:hr>
            <ns3:cad>55</ns3:cad>
          </ns3:TrackPointExtension>
        </extensions>
      </trkpt>
      <trkpt lat="29.17335941456258296966552734375" lon="82.94146900065243244171142578125">
        <ele>3651.199951171875</ele>
        <time>2026-08-09T06:45:44.000Z</time>
        <extensions>
          <ns3:TrackPointExtension>
            <ns3:hr>136</ns3:hr>
            <ns3:cad>49</ns3:cad>
          </ns3:TrackPointExtension>
        </extensions>
      </trkpt>
      <trkpt lat="29.17339193634688854217529296875" lon="82.94138736091554164886474609375">
        <ele>3650.800048828125</ele>
        <time>2026-08-09T06:45:50.000Z</time>
        <extensions>
          <ns3:TrackPointExtension>
            <ns3:hr>135</ns3:hr>
            <ns3:cad>53</ns3:cad>
          </ns3:TrackPointExtension>
        </extensions>
      </trkpt>
      <trkpt lat="29.1734237037599086761474609375" lon="82.9412933997809886932373046875">
        <ele>3650.39990234375</ele>
        <time>2026-08-09T06:45:57.000Z</time>
        <extensions>
          <ns3:TrackPointExtension>
            <ns3:hr>134</ns3:hr>
            <ns3:cad>53</ns3:cad>
          </ns3:TrackPointExtension>
        </extensions>
      </trkpt>
      <trkpt lat="29.1734381206333637237548828125" lon="82.94120497070252895355224609375">
        <ele>3651</ele>
        <time>2026-08-09T06:46:03.000Z</time>
        <extensions>
          <ns3:TrackPointExtension>
            <ns3:hr>134</ns3:hr>
            <ns3:cad>50</ns3:cad>
          </ns3:TrackPointExtension>
        </extensions>
      </trkpt>
      <trkpt lat="29.17345580644905567169189453125" lon="82.94112383387982845306396484375">
        <ele>3651.60009765625</ele>
        <time>2026-08-09T06:46:09.000Z</time>
        <extensions>
          <ns3:TrackPointExtension>
            <ns3:hr>134</ns3:hr>
            <ns3:cad>51</ns3:cad>
          </ns3:TrackPointExtension>
        </extensions>
      </trkpt>
      <trkpt lat="29.173477180302143096923828125" lon="82.94104747474193572998046875">
        <ele>3651.60009765625</ele>
        <time>2026-08-09T06:46:15.000Z</time>
        <extensions>
          <ns3:TrackPointExtension>
            <ns3:hr>132</ns3:hr>
            <ns3:cad>51</ns3:cad>
          </ns3:TrackPointExtension>
        </extensions>
      </trkpt>
      <trkpt lat="29.17349671013653278350830078125" lon="82.94097312726080417633056640625">
        <ele>3651.60009765625</ele>
        <time>2026-08-09T06:46:20.000Z</time>
        <extensions>
          <ns3:TrackPointExtension>
            <ns3:hr>132</ns3:hr>
            <ns3:cad>51</ns3:cad>
          </ns3:TrackPointExtension>
        </extensions>
      </trkpt>
      <trkpt lat="29.17350039817392826080322265625" lon="82.9409644939005374908447265625">
        <ele>3651.60009765625</ele>
        <time>2026-08-09T06:46:21.000Z</time>
        <extensions>
          <ns3:TrackPointExtension>
            <ns3:hr>132</ns3:hr>
            <ns3:cad>52</ns3:cad>
          </ns3:TrackPointExtension>
        </extensions>
      </trkpt>
      <trkpt lat="29.17351531796157360076904296875" lon="82.94090406037867069244384765625">
        <ele>3652.800048828125</ele>
        <time>2026-08-09T06:46:27.000Z</time>
        <extensions>
          <ns3:TrackPointExtension>
            <ns3:hr>132</ns3:hr>
            <ns3:cad>50</ns3:cad>
          </ns3:TrackPointExtension>
        </extensions>
      </trkpt>
      <trkpt lat="29.173526465892791748046875" lon="82.940866760909557342529296875">
        <ele>3654.199951171875</ele>
        <time>2026-08-09T06:46:32.000Z</time>
        <extensions>
          <ns3:TrackPointExtension>
            <ns3:hr>133</ns3:hr>
            <ns3:cad>48</ns3:cad>
          </ns3:TrackPointExtension>
        </extensions>
      </trkpt>
      <trkpt lat="29.1735286451876163482666015625" lon="82.9408437944948673248291015625">
        <ele>3654.800048828125</ele>
        <time>2026-08-09T06:46:34.000Z</time>
        <extensions>
          <ns3:TrackPointExtension>
            <ns3:hr>134</ns3:hr>
            <ns3:cad>49</ns3:cad>
          </ns3:TrackPointExtension>
        </extensions>
      </trkpt>
      <trkpt lat="29.1735316626727581024169921875" lon="82.94082242064177989959716796875">
        <ele>3655.199951171875</ele>
        <time>2026-08-09T06:46:36.000Z</time>
        <extensions>
          <ns3:TrackPointExtension>
            <ns3:hr>135</ns3:hr>
            <ns3:cad>49</ns3:cad>
          </ns3:TrackPointExtension>
        </extensions>
      </trkpt>
      <trkpt lat="29.1735551320016384124755859375" lon="82.94075687415897846221923828125">
        <ele>3655.60009765625</ele>
        <time>2026-08-09T06:46:42.000Z</time>
        <extensions>
          <ns3:TrackPointExtension>
            <ns3:hr>136</ns3:hr>
            <ns3:cad>45</ns3:cad>
          </ns3:TrackPointExtension>
        </extensions>
      </trkpt>
      <trkpt lat="29.1735775955021381378173828125" lon="82.940704822540283203125">
        <ele>3656.199951171875</ele>
        <time>2026-08-09T06:46:47.000Z</time>
        <extensions>
          <ns3:TrackPointExtension>
            <ns3:hr>138</ns3:hr>
            <ns3:cad>46</ns3:cad>
          </ns3:TrackPointExtension>
        </extensions>
      </trkpt>
      <trkpt lat="29.17357902042567729949951171875" lon="82.94068939983844757080078125">
        <ele>3656.39990234375</ele>
        <time>2026-08-09T06:46:49.000Z</time>
        <extensions>
          <ns3:TrackPointExtension>
            <ns3:hr>138</ns3:hr>
            <ns3:cad>45</ns3:cad>
          </ns3:TrackPointExtension>
        </extensions>
      </trkpt>
      <trkpt lat="29.17357985861599445343017578125" lon="82.940659224987030029296875">
        <ele>3656.800048828125</ele>
        <time>2026-08-09T06:46:52.000Z</time>
        <extensions>
          <ns3:TrackPointExtension>
            <ns3:hr>139</ns3:hr>
            <ns3:cad>44</ns3:cad>
          </ns3:TrackPointExtension>
        </extensions>
      </trkpt>
      <trkpt lat="29.17357751168310642242431640625" lon="82.9406262002885341644287109375">
        <ele>3657.39990234375</ele>
        <time>2026-08-09T06:46:55.000Z</time>
        <extensions>
          <ns3:TrackPointExtension>
            <ns3:hr>138</ns3:hr>
            <ns3:cad>44</ns3:cad>
          </ns3:TrackPointExtension>
        </extensions>
      </trkpt>
      <trkpt lat="29.17359058745205402374267578125" lon="82.94058747589588165283203125">
        <ele>3657.800048828125</ele>
        <time>2026-08-09T06:46:59.000Z</time>
        <extensions>
          <ns3:TrackPointExtension>
            <ns3:hr>139</ns3:hr>
            <ns3:cad>43</ns3:cad>
          </ns3:TrackPointExtension>
        </extensions>
      </trkpt>
      <trkpt lat="29.173591844737529754638671875" lon="82.940512038767337799072265625">
        <ele>3657.60009765625</ele>
        <time>2026-08-09T06:47:05.000Z</time>
        <extensions>
          <ns3:TrackPointExtension>
            <ns3:hr>138</ns3:hr>
            <ns3:cad>47</ns3:cad>
          </ns3:TrackPointExtension>
        </extensions>
      </trkpt>
      <trkpt lat="29.17358723469078540802001953125" lon="82.94045546092092990875244140625">
        <ele>3657.60009765625</ele>
        <time>2026-08-09T06:47:10.000Z</time>
        <extensions>
          <ns3:TrackPointExtension>
            <ns3:hr>138</ns3:hr>
            <ns3:cad>49</ns3:cad>
          </ns3:TrackPointExtension>
        </extensions>
      </trkpt>
      <trkpt lat="29.1735960356891155242919921875" lon="82.94037013314664363861083984375">
        <ele>3658</ele>
        <time>2026-08-09T06:47:17.000Z</time>
        <extensions>
          <ns3:TrackPointExtension>
            <ns3:hr>139</ns3:hr>
            <ns3:cad>50</ns3:cad>
          </ns3:TrackPointExtension>
        </extensions>
      </trkpt>
      <trkpt lat="29.17359209619462490081787109375" lon="82.94028279371559619903564453125">
        <ele>3656.60009765625</ele>
        <time>2026-08-09T06:47:24.000Z</time>
        <extensions>
          <ns3:TrackPointExtension>
            <ns3:hr>138</ns3:hr>
            <ns3:cad>50</ns3:cad>
          </ns3:TrackPointExtension>
        </extensions>
      </trkpt>
      <trkpt lat="29.17357834987342357635498046875" lon="82.9402630962431430816650390625">
        <ele>3656.39990234375</ele>
        <time>2026-08-09T06:47:26.000Z</time>
        <extensions>
          <ns3:TrackPointExtension>
            <ns3:hr>137</ns3:hr>
            <ns3:cad>52</ns3:cad>
          </ns3:TrackPointExtension>
        </extensions>
      </trkpt>
      <trkpt lat="29.1735641844570636749267578125" lon="82.94020534493029117584228515625">
        <ele>3655.800048828125</ele>
        <time>2026-08-09T06:47:31.000Z</time>
        <extensions>
          <ns3:TrackPointExtension>
            <ns3:hr>136</ns3:hr>
            <ns3:cad>51</ns3:cad>
          </ns3:TrackPointExtension>
        </extensions>
      </trkpt>
      <trkpt lat="29.17358907870948314666748046875" lon="82.94018237851560115814208984375">
        <ele>3655.60009765625</ele>
        <time>2026-08-09T06:47:33.000Z</time>
        <extensions>
          <ns3:TrackPointExtension>
            <ns3:hr>136</ns3:hr>
            <ns3:cad>52</ns3:cad>
          </ns3:TrackPointExtension>
        </extensions>
      </trkpt>
      <trkpt lat="29.17360265739262104034423828125" lon="82.94017667882144451141357421875">
        <ele>3655.39990234375</ele>
        <time>2026-08-09T06:47:34.000Z</time>
        <extensions>
          <ns3:TrackPointExtension>
            <ns3:hr>135</ns3:hr>
            <ns3:cad>52</ns3:cad>
          </ns3:TrackPointExtension>
        </extensions>
      </trkpt>
      <trkpt lat="29.173621349036693572998046875" lon="82.9401601664721965789794921875">
        <ele>3655</ele>
        <time>2026-08-09T06:47:36.000Z</time>
        <extensions>
          <ns3:TrackPointExtension>
            <ns3:hr>135</ns3:hr>
            <ns3:cad>52</ns3:cad>
          </ns3:TrackPointExtension>
        </extensions>
      </trkpt>
      <trkpt lat="29.173641465604305267333984375" lon="82.94013745151460170745849609375">
        <ele>3654.199951171875</ele>
        <time>2026-08-09T06:47:39.000Z</time>
        <extensions>
          <ns3:TrackPointExtension>
            <ns3:hr>133</ns3:hr>
            <ns3:cad>56</ns3:cad>
          </ns3:TrackPointExtension>
        </extensions>
      </trkpt>
      <trkpt lat="29.173677004873752593994140625" lon="82.94009269215166568756103515625">
        <ele>3653.199951171875</ele>
        <time>2026-08-09T06:47:43.000Z</time>
        <extensions>
          <ns3:TrackPointExtension>
            <ns3:hr>132</ns3:hr>
            <ns3:cad>55</ns3:cad>
          </ns3:TrackPointExtension>
        </extensions>
      </trkpt>
      <trkpt lat="29.17368547059595584869384765625" lon="82.94008229859173297882080078125">
        <ele>3653</ele>
        <time>2026-08-09T06:47:44.000Z</time>
        <extensions>
          <ns3:TrackPointExtension>
            <ns3:hr>132</ns3:hr>
            <ns3:cad>53</ns3:cad>
          </ns3:TrackPointExtension>
        </extensions>
      </trkpt>
      <trkpt lat="29.17374582029879093170166015625" lon="82.9400069452822208404541015625">
        <ele>3652.800048828125</ele>
        <time>2026-08-09T06:47:51.000Z</time>
        <extensions>
          <ns3:TrackPointExtension>
            <ns3:hr>132</ns3:hr>
            <ns3:cad>51</ns3:cad>
          </ns3:TrackPointExtension>
        </extensions>
      </trkpt>
      <trkpt lat="29.17378236539661884307861328125" lon="82.93994366191327571868896484375">
        <ele>3652.199951171875</ele>
        <time>2026-08-09T06:47:57.000Z</time>
        <extensions>
          <ns3:TrackPointExtension>
            <ns3:hr>129</ns3:hr>
            <ns3:cad>53</ns3:cad>
          </ns3:TrackPointExtension>
        </extensions>
      </trkpt>
      <trkpt lat="29.17378806509077548980712890625" lon="82.93991633690893650054931640625">
        <ele>3652.199951171875</ele>
        <time>2026-08-09T06:47:59.000Z</time>
        <extensions>
          <ns3:TrackPointExtension>
            <ns3:hr>129</ns3:hr>
            <ns3:cad>53</ns3:cad>
          </ns3:TrackPointExtension>
        </extensions>
      </trkpt>
      <trkpt lat="29.1737975366413593292236328125" lon="82.9398802109062671661376953125">
        <ele>3652</ele>
        <time>2026-08-09T06:48:02.000Z</time>
        <extensions>
          <ns3:TrackPointExtension>
            <ns3:hr>126</ns3:hr>
            <ns3:cad>52</ns3:cad>
          </ns3:TrackPointExtension>
        </extensions>
      </trkpt>
      <trkpt lat="29.17380197905004024505615234375" lon="82.9398371279239654541015625">
        <ele>3652</ele>
        <time>2026-08-09T06:48:05.000Z</time>
        <extensions>
          <ns3:TrackPointExtension>
            <ns3:hr>125</ns3:hr>
            <ns3:cad>52</ns3:cad>
          </ns3:TrackPointExtension>
        </extensions>
      </trkpt>
      <trkpt lat="29.17380751110613346099853515625" lon="82.93974098749458789825439453125">
        <ele>3652.199951171875</ele>
        <time>2026-08-09T06:48:12.000Z</time>
        <extensions>
          <ns3:TrackPointExtension>
            <ns3:hr>125</ns3:hr>
            <ns3:cad>53</ns3:cad>
          </ns3:TrackPointExtension>
        </extensions>
      </trkpt>
      <trkpt lat="29.17379443533718585968017578125" lon="82.939663119614124298095703125">
        <ele>3651.39990234375</ele>
        <time>2026-08-09T06:48:18.000Z</time>
        <extensions>
          <ns3:TrackPointExtension>
            <ns3:hr>124</ns3:hr>
            <ns3:cad>53</ns3:cad>
          </ns3:TrackPointExtension>
        </extensions>
      </trkpt>
      <trkpt lat="29.173786975443363189697265625" lon="82.9396072961390018463134765625">
        <ele>3651</ele>
        <time>2026-08-09T06:48:22.000Z</time>
        <extensions>
          <ns3:TrackPointExtension>
            <ns3:hr>124</ns3:hr>
            <ns3:cad>54</ns3:cad>
          </ns3:TrackPointExtension>
        </extensions>
      </trkpt>
      <trkpt lat="29.1737790964543819427490234375" lon="82.939563877880573272705078125">
        <ele>3650.800048828125</ele>
        <time>2026-08-09T06:48:25.000Z</time>
        <extensions>
          <ns3:TrackPointExtension>
            <ns3:hr>124</ns3:hr>
            <ns3:cad>53</ns3:cad>
          </ns3:TrackPointExtension>
        </extensions>
      </trkpt>
      <trkpt lat="29.1737542860209941864013671875" lon="82.939488776028156280517578125">
        <ele>3650</ele>
        <time>2026-08-09T06:48:31.000Z</time>
        <extensions>
          <ns3:TrackPointExtension>
            <ns3:hr>124</ns3:hr>
            <ns3:cad>54</ns3:cad>
          </ns3:TrackPointExtension>
        </extensions>
      </trkpt>
      <trkpt lat="29.1737224347889423370361328125" lon="82.93943219818174839019775390625">
        <ele>3649.60009765625</ele>
        <time>2026-08-09T06:48:35.000Z</time>
        <extensions>
          <ns3:TrackPointExtension>
            <ns3:hr>121</ns3:hr>
            <ns3:cad>54</ns3:cad>
          </ns3:TrackPointExtension>
        </extensions>
      </trkpt>
      <trkpt lat="29.17370676063001155853271484375" lon="82.93938492424786090850830078125">
        <ele>3649.60009765625</ele>
        <time>2026-08-09T06:48:39.000Z</time>
        <extensions>
          <ns3:TrackPointExtension>
            <ns3:hr>118</ns3:hr>
            <ns3:cad>53</ns3:cad>
          </ns3:TrackPointExtension>
        </extensions>
      </trkpt>
      <trkpt lat="29.1736731491982936859130859375" lon="82.9392975009977817535400390625">
        <ele>3649.199951171875</ele>
        <time>2026-08-09T06:48:46.000Z</time>
        <extensions>
          <ns3:TrackPointExtension>
            <ns3:hr>120</ns3:hr>
            <ns3:cad>52</ns3:cad>
          </ns3:TrackPointExtension>
        </extensions>
      </trkpt>
      <trkpt lat="29.173664264380931854248046875" lon="82.93925441801548004150390625">
        <ele>3649</ele>
        <time>2026-08-09T06:48:49.000Z</time>
        <extensions>
          <ns3:TrackPointExtension>
            <ns3:hr>120</ns3:hr>
            <ns3:cad>53</ns3:cad>
          </ns3:TrackPointExtension>
        </extensions>
      </trkpt>
      <trkpt lat="29.17364154942333698272705078125" lon="82.93918979354202747344970703125">
        <ele>3647.800048828125</ele>
        <time>2026-08-09T06:48:54.000Z</time>
        <extensions>
          <ns3:TrackPointExtension>
            <ns3:hr>119</ns3:hr>
            <ns3:cad>52</ns3:cad>
          </ns3:TrackPointExtension>
        </extensions>
      </trkpt>
      <trkpt lat="29.17364154942333698272705078125" lon="82.9391773045063018798828125">
        <ele>3647.60009765625</ele>
        <time>2026-08-09T06:48:55.000Z</time>
        <extensions>
          <ns3:TrackPointExtension>
            <ns3:hr>120</ns3:hr>
            <ns3:cad>53</ns3:cad>
          </ns3:TrackPointExtension>
        </extensions>
      </trkpt>
      <trkpt lat="29.173628054559230804443359375" lon="82.93908267281949520111083984375">
        <ele>3646.60009765625</ele>
        <time>2026-08-09T06:49:02.000Z</time>
        <extensions>
          <ns3:TrackPointExtension>
            <ns3:hr>119</ns3:hr>
            <ns3:cad>53</ns3:cad>
          </ns3:TrackPointExtension>
        </extensions>
      </trkpt>
      <trkpt lat="29.1736248694360256195068359375" lon="82.93907060287892818450927734375">
        <ele>3646.39990234375</ele>
        <time>2026-08-09T06:49:03.000Z</time>
        <extensions>
          <ns3:TrackPointExtension>
            <ns3:hr>118</ns3:hr>
            <ns3:cad>53</ns3:cad>
          </ns3:TrackPointExtension>
        </extensions>
      </trkpt>
      <trkpt lat="29.17360760271549224853515625" lon="82.93902064673602581024169921875">
        <ele>3645.39990234375</ele>
        <time>2026-08-09T06:49:07.000Z</time>
        <extensions>
          <ns3:TrackPointExtension>
            <ns3:hr>118</ns3:hr>
            <ns3:cad>53</ns3:cad>
          </ns3:TrackPointExtension>
        </extensions>
      </trkpt>
      <trkpt lat="29.17358740232884883880615234375" lon="82.93897437863051891326904296875">
        <ele>3644.39990234375</ele>
        <time>2026-08-09T06:49:11.000Z</time>
        <extensions>
          <ns3:TrackPointExtension>
            <ns3:hr>118</ns3:hr>
            <ns3:cad>55</ns3:cad>
          </ns3:TrackPointExtension>
        </extensions>
      </trkpt>
      <trkpt lat="29.17356292717158794403076171875" lon="82.93890950269997119903564453125">
        <ele>3643.199951171875</ele>
        <time>2026-08-09T06:49:17.000Z</time>
        <extensions>
          <ns3:TrackPointExtension>
            <ns3:hr>118</ns3:hr>
            <ns3:cad>53</ns3:cad>
          </ns3:TrackPointExtension>
        </extensions>
      </trkpt>
      <trkpt lat="29.173557646572589874267578125" lon="82.93886289931833744049072265625">
        <ele>3642.199951171875</ele>
        <time>2026-08-09T06:49:20.000Z</time>
        <extensions>
          <ns3:TrackPointExtension>
            <ns3:hr>118</ns3:hr>
            <ns3:cad>55</ns3:cad>
          </ns3:TrackPointExtension>
        </extensions>
      </trkpt>
      <trkpt lat="29.17355437763035297393798828125" lon="82.9388512484729290008544921875">
        <ele>3642</ele>
        <time>2026-08-09T06:49:21.000Z</time>
        <extensions>
          <ns3:TrackPointExtension>
            <ns3:hr>118</ns3:hr>
            <ns3:cad>55</ns3:cad>
          </ns3:TrackPointExtension>
        </extensions>
      </trkpt>
      <trkpt lat="29.17351297102868556976318359375" lon="82.938778661191463470458984375">
        <ele>3641</ele>
        <time>2026-08-09T06:49:27.000Z</time>
        <extensions>
          <ns3:TrackPointExtension>
            <ns3:hr>118</ns3:hr>
            <ns3:cad>53</ns3:cad>
          </ns3:TrackPointExtension>
        </extensions>
      </trkpt>
      <trkpt lat="29.173483215272426605224609375" lon="82.93873247690498828887939453125">
        <ele>3640.199951171875</ele>
        <time>2026-08-09T06:49:32.000Z</time>
        <extensions>
          <ns3:TrackPointExtension>
            <ns3:hr>118</ns3:hr>
            <ns3:cad>55</ns3:cad>
          </ns3:TrackPointExtension>
        </extensions>
      </trkpt>
      <trkpt lat="29.17344667017459869384765625" lon="82.93867061845958232879638671875">
        <ele>3640.199951171875</ele>
        <time>2026-08-09T06:49:38.000Z</time>
        <extensions>
          <ns3:TrackPointExtension>
            <ns3:hr>119</ns3:hr>
            <ns3:cad>53</ns3:cad>
          </ns3:TrackPointExtension>
        </extensions>
      </trkpt>
      <trkpt lat="29.173430241644382476806640625" lon="82.9386517591774463653564453125">
        <ele>3640</ele>
        <time>2026-08-09T06:49:40.000Z</time>
        <extensions>
          <ns3:TrackPointExtension>
            <ns3:hr>118</ns3:hr>
            <ns3:cad>52</ns3:cad>
          </ns3:TrackPointExtension>
        </extensions>
      </trkpt>
      <trkpt lat="29.173398725688457489013671875" lon="82.93859853409230709075927734375">
        <ele>3640.199951171875</ele>
        <time>2026-08-09T06:49:44.000Z</time>
        <extensions>
          <ns3:TrackPointExtension>
            <ns3:hr>117</ns3:hr>
            <ns3:cad>53</ns3:cad>
          </ns3:TrackPointExtension>
        </extensions>
      </trkpt>
      <trkpt lat="29.17335891164839267730712890625" lon="82.93854287825524806976318359375">
        <ele>3639.800048828125</ele>
        <time>2026-08-09T06:49:49.000Z</time>
        <extensions>
          <ns3:TrackPointExtension>
            <ns3:hr>117</ns3:hr>
            <ns3:cad>53</ns3:cad>
          </ns3:TrackPointExtension>
        </extensions>
      </trkpt>
      <trkpt lat="29.17332328855991363525390625" lon="82.93848336674273014068603515625">
        <ele>3639.199951171875</ele>
        <time>2026-08-09T06:49:55.000Z</time>
        <extensions>
          <ns3:TrackPointExtension>
            <ns3:hr>117</ns3:hr>
            <ns3:cad>53</ns3:cad>
          </ns3:TrackPointExtension>
        </extensions>
      </trkpt>
      <trkpt lat="29.17327844537794589996337890625" lon="82.9384237714111804962158203125">
        <ele>3641.199951171875</ele>
        <time>2026-08-09T06:50:00.000Z</time>
        <extensions>
          <ns3:TrackPointExtension>
            <ns3:hr>117</ns3:hr>
            <ns3:cad>53</ns3:cad>
          </ns3:TrackPointExtension>
        </extensions>
      </trkpt>
      <trkpt lat="29.17326000519096851348876953125" lon="82.93839552439749240875244140625">
        <ele>3641.60009765625</ele>
        <time>2026-08-09T06:50:02.000Z</time>
        <extensions>
          <ns3:TrackPointExtension>
            <ns3:hr>118</ns3:hr>
            <ns3:cad>52</ns3:cad>
          </ns3:TrackPointExtension>
        </extensions>
      </trkpt>
      <trkpt lat="29.173227064311504364013671875" lon="82.938333414494991302490234375">
        <ele>3641</ele>
        <time>2026-08-09T06:50:07.000Z</time>
        <extensions>
          <ns3:TrackPointExtension>
            <ns3:hr>119</ns3:hr>
            <ns3:cad>53</ns3:cad>
          </ns3:TrackPointExtension>
        </extensions>
      </trkpt>
      <trkpt lat="29.17319680564105510711669921875" lon="82.93829108588397502899169921875">
        <ele>3641.800048828125</ele>
        <time>2026-08-09T06:50:12.000Z</time>
        <extensions>
          <ns3:TrackPointExtension>
            <ns3:hr>121</ns3:hr>
            <ns3:cad>48</ns3:cad>
          </ns3:TrackPointExtension>
        </extensions>
      </trkpt>
      <trkpt lat="29.17315020225942134857177734375" lon="82.9382625035941600799560546875">
        <ele>3640.60009765625</ele>
        <time>2026-08-09T06:50:20.000Z</time>
        <extensions>
          <ns3:TrackPointExtension>
            <ns3:hr>123</ns3:hr>
            <ns3:cad>54</ns3:cad>
          </ns3:TrackPointExtension>
        </extensions>
      </trkpt>
      <trkpt lat="29.1731430776417255401611328125" lon="82.9382638446986675262451171875">
        <ele>3640.39990234375</ele>
        <time>2026-08-09T06:50:21.000Z</time>
        <extensions>
          <ns3:TrackPointExtension>
            <ns3:hr>123</ns3:hr>
            <ns3:cad>54</ns3:cad>
          </ns3:TrackPointExtension>
        </extensions>
      </trkpt>
      <trkpt lat="29.17313595302402973175048828125" lon="82.93826275505125522613525390625">
        <ele>3640</ele>
        <time>2026-08-09T06:50:22.000Z</time>
        <extensions>
          <ns3:TrackPointExtension>
            <ns3:hr>123</ns3:hr>
            <ns3:cad>54</ns3:cad>
          </ns3:TrackPointExtension>
        </extensions>
      </trkpt>
      <trkpt lat="29.17310980148613452911376953125" lon="82.93825705535709857940673828125">
        <ele>3639</ele>
        <time>2026-08-09T06:50:25.000Z</time>
        <extensions>
          <ns3:TrackPointExtension>
            <ns3:hr>123</ns3:hr>
            <ns3:cad>54</ns3:cad>
          </ns3:TrackPointExtension>
        </extensions>
      </trkpt>
      <trkpt lat="29.1731067001819610595703125" lon="82.93824297375977039337158203125">
        <ele>3638.199951171875</ele>
        <time>2026-08-09T06:50:27.000Z</time>
        <extensions>
          <ns3:TrackPointExtension>
            <ns3:hr>122</ns3:hr>
            <ns3:cad>53</ns3:cad>
          </ns3:TrackPointExtension>
        </extensions>
      </trkpt>
      <trkpt lat="29.1731068678200244903564453125" lon="82.9382306523621082305908203125">
        <ele>3637.800048828125</ele>
        <time>2026-08-09T06:50:28.000Z</time>
        <extensions>
          <ns3:TrackPointExtension>
            <ns3:hr>122</ns3:hr>
            <ns3:cad>53</ns3:cad>
          </ns3:TrackPointExtension>
        </extensions>
      </trkpt>
      <trkpt lat="29.17311650700867176055908203125" lon="82.9382118768990039825439453125">
        <ele>3637.199951171875</ele>
        <time>2026-08-09T06:50:30.000Z</time>
        <extensions>
          <ns3:TrackPointExtension>
            <ns3:hr>121</ns3:hr>
            <ns3:cad>56</ns3:cad>
          </ns3:TrackPointExtension>
        </extensions>
      </trkpt>
      <trkpt lat="29.17312145233154296875" lon="82.93819050304591655731201171875">
        <ele>3636.60009765625</ele>
        <time>2026-08-09T06:50:32.000Z</time>
        <extensions>
          <ns3:TrackPointExtension>
            <ns3:hr>122</ns3:hr>
            <ns3:cad>56</ns3:cad>
          </ns3:TrackPointExtension>
        </extensions>
      </trkpt>
      <trkpt lat="29.1731259785592555999755859375" lon="82.9381773434579372406005859375">
        <ele>3636.199951171875</ele>
        <time>2026-08-09T06:50:33.000Z</time>
        <extensions>
          <ns3:TrackPointExtension>
            <ns3:hr>122</ns3:hr>
            <ns3:cad>58</ns3:cad>
          </ns3:TrackPointExtension>
        </extensions>
      </trkpt>
      <trkpt lat="29.17313561774790287017822265625" lon="82.93814239092171192169189453125">
        <ele>3635.39990234375</ele>
        <time>2026-08-09T06:50:36.000Z</time>
        <extensions>
          <ns3:TrackPointExtension>
            <ns3:hr>122</ns3:hr>
            <ns3:cad>59</ns3:cad>
          </ns3:TrackPointExtension>
        </extensions>
      </trkpt>
      <trkpt lat="29.17315556667745113372802734375" lon="82.93810509145259857177734375">
        <ele>3635</ele>
        <time>2026-08-09T06:50:39.000Z</time>
        <extensions>
          <ns3:TrackPointExtension>
            <ns3:hr>122</ns3:hr>
            <ns3:cad>53</ns3:cad>
          </ns3:TrackPointExtension>
        </extensions>
      </trkpt>
      <trkpt lat="29.1731871664524078369140625" lon="82.93806477449834346771240234375">
        <ele>3635.60009765625</ele>
        <time>2026-08-09T06:50:44.000Z</time>
        <extensions>
          <ns3:TrackPointExtension>
            <ns3:hr>121</ns3:hr>
            <ns3:cad>48</ns3:cad>
          </ns3:TrackPointExtension>
        </extensions>
      </trkpt>
      <trkpt lat="29.1732064448297023773193359375" lon="82.938013561069965362548828125">
        <ele>3635.199951171875</ele>
        <time>2026-08-09T06:50:49.000Z</time>
        <extensions>
          <ns3:TrackPointExtension>
            <ns3:hr>122</ns3:hr>
            <ns3:cad>46</ns3:cad>
          </ns3:TrackPointExtension>
        </extensions>
      </trkpt>
      <trkpt lat="29.1732185147702693939208984375" lon="82.9379517026245594024658203125">
        <ele>3636.60009765625</ele>
        <time>2026-08-09T06:50:54.000Z</time>
        <extensions>
          <ns3:TrackPointExtension>
            <ns3:hr>121</ns3:hr>
            <ns3:cad>47</ns3:cad>
          </ns3:TrackPointExtension>
        </extensions>
      </trkpt>
      <trkpt lat="29.1732322610914707183837890625" lon="82.93794256635010242462158203125">
        <ele>3637.39990234375</ele>
        <time>2026-08-09T06:50:56.000Z</time>
        <extensions>
          <ns3:TrackPointExtension>
            <ns3:hr>120</ns3:hr>
            <ns3:cad>45</ns3:cad>
          </ns3:TrackPointExtension>
        </extensions>
      </trkpt>
      <trkpt lat="29.1732369549572467803955078125" lon="82.9379483498632907867431640625">
        <ele>3637.800048828125</ele>
        <time>2026-08-09T06:50:57.000Z</time>
        <extensions>
          <ns3:TrackPointExtension>
            <ns3:hr>120</ns3:hr>
            <ns3:cad>44</ns3:cad>
          </ns3:TrackPointExtension>
        </extensions>
      </trkpt>
      <trkpt lat="29.1732647828757762908935546875" lon="82.93794088996946811676025390625">
        <ele>3638.60009765625</ele>
        <time>2026-08-09T06:51:01.000Z</time>
        <extensions>
          <ns3:TrackPointExtension>
            <ns3:hr>120</ns3:hr>
            <ns3:cad>42</ns3:cad>
          </ns3:TrackPointExtension>
        </extensions>
      </trkpt>
      <trkpt lat="29.17327425442636013031005859375" lon="82.93794105760753154754638671875">
        <ele>3638.800048828125</ele>
        <time>2026-08-09T06:51:02.000Z</time>
        <extensions>
          <ns3:TrackPointExtension>
            <ns3:hr>119</ns3:hr>
            <ns3:cad>43</ns3:cad>
          </ns3:TrackPointExtension>
        </extensions>
      </trkpt>
      <trkpt lat="29.17330023832619190216064453125" lon="82.9379711486399173736572265625">
        <ele>3639.800048828125</ele>
        <time>2026-08-09T06:51:07.000Z</time>
        <extensions>
          <ns3:TrackPointExtension>
            <ns3:hr>121</ns3:hr>
            <ns3:cad>42</ns3:cad>
          </ns3:TrackPointExtension>
        </extensions>
      </trkpt>
      <trkpt lat="29.1733006574213504791259765625" lon="82.93796855024993419647216796875">
        <ele>3640</ele>
        <time>2026-08-09T06:51:08.000Z</time>
        <extensions>
          <ns3:TrackPointExtension>
            <ns3:hr>122</ns3:hr>
            <ns3:cad>44</ns3:cad>
          </ns3:TrackPointExtension>
        </extensions>
      </trkpt>
      <trkpt lat="29.17333292774856090545654296875" lon="82.937961928546428680419921875">
        <ele>3641.199951171875</ele>
        <time>2026-08-09T06:51:12.000Z</time>
        <extensions>
          <ns3:TrackPointExtension>
            <ns3:hr>125</ns3:hr>
            <ns3:cad>76</ns3:cad>
          </ns3:TrackPointExtension>
        </extensions>
      </trkpt>
      <trkpt lat="29.1733425669372081756591796875" lon="82.9379191808402538299560546875">
        <ele>3641.60009765625</ele>
        <time>2026-08-09T06:51:18.000Z</time>
        <extensions>
          <ns3:TrackPointExtension>
            <ns3:hr>130</ns3:hr>
            <ns3:cad>77</ns3:cad>
          </ns3:TrackPointExtension>
        </extensions>
      </trkpt>
      <trkpt lat="29.17331029660999774932861328125" lon="82.937885820865631103515625">
        <ele>3642</ele>
        <time>2026-08-09T06:51:24.000Z</time>
        <extensions>
          <ns3:TrackPointExtension>
            <ns3:hr>129</ns3:hr>
            <ns3:cad>40</ns3:cad>
          </ns3:TrackPointExtension>
        </extensions>
      </trkpt>
      <trkpt lat="29.17329638265073299407958984375" lon="82.93787232600152492523193359375">
        <ele>3642.199951171875</ele>
        <time>2026-08-09T06:51:26.000Z</time>
        <extensions>
          <ns3:TrackPointExtension>
            <ns3:hr>131</ns3:hr>
            <ns3:cad>78</ns3:cad>
          </ns3:TrackPointExtension>
        </extensions>
      </trkpt>
      <trkpt lat="29.173286743462085723876953125" lon="82.93785757385194301605224609375">
        <ele>3642.60009765625</ele>
        <time>2026-08-09T06:51:28.000Z</time>
        <extensions>
          <ns3:TrackPointExtension>
            <ns3:hr>134</ns3:hr>
            <ns3:cad>78</ns3:cad>
          </ns3:TrackPointExtension>
        </extensions>
      </trkpt>
      <trkpt lat="29.1732791997492313385009765625" lon="82.9378402233123779296875">
        <ele>3642.800048828125</ele>
        <time>2026-08-09T06:51:30.000Z</time>
        <extensions>
          <ns3:TrackPointExtension>
            <ns3:hr>134</ns3:hr>
            <ns3:cad>40</ns3:cad>
          </ns3:TrackPointExtension>
        </extensions>
      </trkpt>
      <trkpt lat="29.17326469905674457550048828125" lon="82.93778850696980953216552734375">
        <ele>3643.199951171875</ele>
        <time>2026-08-09T06:51:35.000Z</time>
        <extensions>
          <ns3:TrackPointExtension>
            <ns3:hr>136</ns3:hr>
            <ns3:cad>42</ns3:cad>
          </ns3:TrackPointExtension>
        </extensions>
      </trkpt>
      <trkpt lat="29.173261262476444244384765625" lon="82.937768138945102691650390625">
        <ele>3643.60009765625</ele>
        <time>2026-08-09T06:51:37.000Z</time>
        <extensions>
          <ns3:TrackPointExtension>
            <ns3:hr>137</ns3:hr>
            <ns3:cad>43</ns3:cad>
          </ns3:TrackPointExtension>
        </extensions>
      </trkpt>
      <trkpt lat="29.17323586530983448028564453125" lon="82.93771751224994659423828125">
        <ele>3644</ele>
        <time>2026-08-09T06:51:43.000Z</time>
        <extensions>
          <ns3:TrackPointExtension>
            <ns3:hr>137</ns3:hr>
            <ns3:cad>42</ns3:cad>
          </ns3:TrackPointExtension>
        </extensions>
      </trkpt>
      <trkpt lat="29.17320937849581241607666015625" lon="82.937674261629581451416015625">
        <ele>3644.39990234375</ele>
        <time>2026-08-09T06:51:48.000Z</time>
        <extensions>
          <ns3:TrackPointExtension>
            <ns3:hr>137</ns3:hr>
            <ns3:cad>42</ns3:cad>
          </ns3:TrackPointExtension>
        </extensions>
      </trkpt>
      <trkpt lat="29.17320451699197292327880859375" lon="82.93766914866864681243896484375">
        <ele>3644.39990234375</ele>
        <time>2026-08-09T06:51:49.000Z</time>
        <extensions>
          <ns3:TrackPointExtension>
            <ns3:hr>137</ns3:hr>
            <ns3:cad>42</ns3:cad>
          </ns3:TrackPointExtension>
        </extensions>
      </trkpt>
      <trkpt lat="29.17319077067077159881591796875" lon="82.93764777481555938720703125">
        <ele>3645</ele>
        <time>2026-08-09T06:51:52.000Z</time>
        <extensions>
          <ns3:TrackPointExtension>
            <ns3:hr>134</ns3:hr>
            <ns3:cad>42</ns3:cad>
          </ns3:TrackPointExtension>
        </extensions>
      </trkpt>
      <trkpt lat="29.17317769490182399749755859375" lon="82.937624640762805938720703125">
        <ele>3645.39990234375</ele>
        <time>2026-08-09T06:51:55.000Z</time>
        <extensions>
          <ns3:TrackPointExtension>
            <ns3:hr>134</ns3:hr>
            <ns3:cad>40</ns3:cad>
          </ns3:TrackPointExtension>
        </extensions>
      </trkpt>
      <trkpt lat="29.17316847480833530426025390625" lon="82.93760779313743114471435546875">
        <ele>3645.60009765625</ele>
        <time>2026-08-09T06:51:57.000Z</time>
        <extensions>
          <ns3:TrackPointExtension>
            <ns3:hr>135</ns3:hr>
            <ns3:cad>40</ns3:cad>
          </ns3:TrackPointExtension>
        </extensions>
      </trkpt>
      <trkpt lat="29.17314223945140838623046875" lon="82.9375862516462802886962890625">
        <ele>3646</ele>
        <time>2026-08-09T06:52:01.000Z</time>
        <extensions>
          <ns3:TrackPointExtension>
            <ns3:hr>138</ns3:hr>
            <ns3:cad>73</ns3:cad>
          </ns3:TrackPointExtension>
        </extensions>
      </trkpt>
      <trkpt lat="29.17312681674957275390625" lon="82.937570996582508087158203125">
        <ele>3646.199951171875</ele>
        <time>2026-08-09T06:52:03.000Z</time>
        <extensions>
          <ns3:TrackPointExtension>
            <ns3:hr>138</ns3:hr>
            <ns3:cad>40</ns3:cad>
          </ns3:TrackPointExtension>
        </extensions>
      </trkpt>
      <trkpt lat="29.173110388219356536865234375" lon="82.9375572502613067626953125">
        <ele>3646.60009765625</ele>
        <time>2026-08-09T06:52:05.000Z</time>
        <extensions>
          <ns3:TrackPointExtension>
            <ns3:hr>137</ns3:hr>
            <ns3:cad>41</ns3:cad>
          </ns3:TrackPointExtension>
        </extensions>
      </trkpt>
      <trkpt lat="29.173078872263431549072265625" lon="82.9375326074659824371337890625">
        <ele>3646.800048828125</ele>
        <time>2026-08-09T06:52:09.000Z</time>
        <extensions>
          <ns3:TrackPointExtension>
            <ns3:hr>139</ns3:hr>
            <ns3:cad>41</ns3:cad>
          </ns3:TrackPointExtension>
        </extensions>
      </trkpt>
      <trkpt lat="29.17305280454456806182861328125" lon="82.937511987984180450439453125">
        <ele>3647.60009765625</ele>
        <time>2026-08-09T06:52:13.000Z</time>
        <extensions>
          <ns3:TrackPointExtension>
            <ns3:hr>139</ns3:hr>
            <ns3:cad>78</ns3:cad>
          </ns3:TrackPointExtension>
        </extensions>
      </trkpt>
      <trkpt lat="29.1730391420423984527587890625" lon="82.93748625554144382476806640625">
        <ele>3648</ele>
        <time>2026-08-09T06:52:16.000Z</time>
        <extensions>
          <ns3:TrackPointExtension>
            <ns3:hr>140</ns3:hr>
            <ns3:cad>41</ns3:cad>
          </ns3:TrackPointExtension>
        </extensions>
      </trkpt>
      <trkpt lat="29.17303000576794147491455078125" lon="82.93745825998485088348388671875">
        <ele>3648</ele>
        <time>2026-08-09T06:52:20.000Z</time>
        <extensions>
          <ns3:TrackPointExtension>
            <ns3:hr>139</ns3:hr>
            <ns3:cad>42</ns3:cad>
          </ns3:TrackPointExtension>
        </extensions>
      </trkpt>
      <trkpt lat="29.17301257140934467315673828125" lon="82.93743194080889225006103515625">
        <ele>3648.199951171875</ele>
        <time>2026-08-09T06:52:23.000Z</time>
        <extensions>
          <ns3:TrackPointExtension>
            <ns3:hr>138</ns3:hr>
            <ns3:cad>75</ns3:cad>
          </ns3:TrackPointExtension>
        </extensions>
      </trkpt>
      <trkpt lat="29.17297753505408763885498046875" lon="82.93737678788602352142333984375">
        <ele>3648.800048828125</ele>
        <time>2026-08-09T06:52:30.000Z</time>
        <extensions>
          <ns3:TrackPointExtension>
            <ns3:hr>135</ns3:hr>
            <ns3:cad>76</ns3:cad>
          </ns3:TrackPointExtension>
        </extensions>
      </trkpt>
      <trkpt lat="29.17295926250517368316650390625" lon="82.93736706487834453582763671875">
        <ele>3649.60009765625</ele>
        <time>2026-08-09T06:52:33.000Z</time>
        <extensions>
          <ns3:TrackPointExtension>
            <ns3:hr>133</ns3:hr>
            <ns3:cad>79</ns3:cad>
          </ns3:TrackPointExtension>
        </extensions>
      </trkpt>
      <trkpt lat="29.1729362122714519500732421875" lon="82.9373596049845218658447265625">
        <ele>3649.39990234375</ele>
        <time>2026-08-09T06:52:36.000Z</time>
        <extensions>
          <ns3:TrackPointExtension>
            <ns3:hr>133</ns3:hr>
            <ns3:cad>79</ns3:cad>
          </ns3:TrackPointExtension>
        </extensions>
      </trkpt>
      <trkpt lat="29.17284996248781681060791015625" lon="82.9373394884169101715087890625">
        <ele>3648.800048828125</ele>
        <time>2026-08-09T06:52:42.000Z</time>
        <extensions>
          <ns3:TrackPointExtension>
            <ns3:hr>133</ns3:hr>
            <ns3:cad>45</ns3:cad>
          </ns3:TrackPointExtension>
        </extensions>
      </trkpt>
      <trkpt lat="29.1728021018207073211669921875" lon="82.937314845621585845947265625">
        <ele>3649.199951171875</ele>
        <time>2026-08-09T06:52:47.000Z</time>
        <extensions>
          <ns3:TrackPointExtension>
            <ns3:hr>132</ns3:hr>
            <ns3:cad>46</ns3:cad>
          </ns3:TrackPointExtension>
        </extensions>
      </trkpt>
      <trkpt lat="29.1727732680737972259521484375" lon="82.93729883618652820587158203125">
        <ele>3650</ele>
        <time>2026-08-09T06:52:52.000Z</time>
        <extensions>
          <ns3:TrackPointExtension>
            <ns3:hr>135</ns3:hr>
            <ns3:cad>43</ns3:cad>
          </ns3:TrackPointExtension>
        </extensions>
      </trkpt>
      <trkpt lat="29.17274435050785541534423828125" lon="82.93728911317884922027587890625">
        <ele>3651</ele>
        <time>2026-08-09T06:52:55.000Z</time>
        <extensions>
          <ns3:TrackPointExtension>
            <ns3:hr>137</ns3:hr>
            <ns3:cad>43</ns3:cad>
          </ns3:TrackPointExtension>
        </extensions>
      </trkpt>
      <trkpt lat="29.172740913927555084228515625" lon="82.937285341322422027587890625">
        <ele>3651.199951171875</ele>
        <time>2026-08-09T06:52:56.000Z</time>
        <extensions>
          <ns3:TrackPointExtension>
            <ns3:hr>137</ns3:hr>
            <ns3:cad>77</ns3:cad>
          </ns3:TrackPointExtension>
        </extensions>
      </trkpt>
      <trkpt lat="29.17271031998097896575927734375" lon="82.93726958334445953369140625">
        <ele>3652</ele>
        <time>2026-08-09T06:53:01.000Z</time>
        <extensions>
          <ns3:TrackPointExtension>
            <ns3:hr>136</ns3:hr>
            <ns3:cad>79</ns3:cad>
          </ns3:TrackPointExtension>
        </extensions>
      </trkpt>
      <trkpt lat="29.17265600524842739105224609375" lon="82.9372687451541423797607421875">
        <ele>3652.199951171875</ele>
        <time>2026-08-09T06:53:07.000Z</time>
        <extensions>
          <ns3:TrackPointExtension>
            <ns3:hr>135</ns3:hr>
            <ns3:cad>41</ns3:cad>
          </ns3:TrackPointExtension>
        </extensions>
      </trkpt>
      <trkpt lat="29.17262599803507328033447265625" lon="82.93728106655180454254150390625">
        <ele>3652</ele>
        <time>2026-08-09T06:53:11.000Z</time>
        <extensions>
          <ns3:TrackPointExtension>
            <ns3:hr>131</ns3:hr>
            <ns3:cad>42</ns3:cad>
          </ns3:TrackPointExtension>
        </extensions>
      </trkpt>
      <trkpt lat="29.17261275462806224822998046875" lon="82.937290370464324951171875">
        <ele>3651.800048828125</ele>
        <time>2026-08-09T06:53:13.000Z</time>
        <extensions>
          <ns3:TrackPointExtension>
            <ns3:hr>129</ns3:hr>
            <ns3:cad>42</ns3:cad>
          </ns3:TrackPointExtension>
        </extensions>
      </trkpt>
      <trkpt lat="29.172566235065460205078125" lon="82.937311828136444091796875">
        <ele>3651.800048828125</ele>
        <time>2026-08-09T06:53:18.000Z</time>
        <extensions>
          <ns3:TrackPointExtension>
            <ns3:hr>131</ns3:hr>
            <ns3:cad>46</ns3:cad>
          </ns3:TrackPointExtension>
        </extensions>
      </trkpt>
      <trkpt lat="29.1725368984043598175048828125" lon="82.9373294301331043243408203125">
        <ele>3651.800048828125</ele>
        <time>2026-08-09T06:53:21.000Z</time>
        <extensions>
          <ns3:TrackPointExtension>
            <ns3:hr>134</ns3:hr>
            <ns3:cad>48</ns3:cad>
          </ns3:TrackPointExtension>
        </extensions>
      </trkpt>
      <trkpt lat="29.1725027002394199371337890625" lon="82.937345691025257110595703125">
        <ele>3651.60009765625</ele>
        <time>2026-08-09T06:53:24.000Z</time>
        <extensions>
          <ns3:TrackPointExtension>
            <ns3:hr>135</ns3:hr>
            <ns3:cad>47</ns3:cad>
          </ns3:TrackPointExtension>
        </extensions>
      </trkpt>
      <trkpt lat="29.172426760196685791015625" lon="82.9373696632683277130126953125">
        <ele>3652.199951171875</ele>
        <time>2026-08-09T06:53:31.000Z</time>
        <extensions>
          <ns3:TrackPointExtension>
            <ns3:hr>134</ns3:hr>
            <ns3:cad>48</ns3:cad>
          </ns3:TrackPointExtension>
        </extensions>
      </trkpt>
      <trkpt lat="29.1723923943936824798583984375" lon="82.93737175874412059783935546875">
        <ele>3652</ele>
        <time>2026-08-09T06:53:35.000Z</time>
        <extensions>
          <ns3:TrackPointExtension>
            <ns3:hr>130</ns3:hr>
            <ns3:cad>46</ns3:cad>
          </ns3:TrackPointExtension>
        </extensions>
      </trkpt>
      <trkpt lat="29.17238049209117889404296875" lon="82.93737326748669147491455078125">
        <ele>3652.39990234375</ele>
        <time>2026-08-09T06:53:36.000Z</time>
        <extensions>
          <ns3:TrackPointExtension>
            <ns3:hr>129</ns3:hr>
            <ns3:cad>46</ns3:cad>
          </ns3:TrackPointExtension>
        </extensions>
      </trkpt>
      <trkpt lat="29.17236716486513614654541015625" lon="82.9373753629624843597412109375">
        <ele>3652.60009765625</ele>
        <time>2026-08-09T06:53:37.000Z</time>
        <extensions>
          <ns3:TrackPointExtension>
            <ns3:hr>128</ns3:hr>
            <ns3:cad>46</ns3:cad>
          </ns3:TrackPointExtension>
        </extensions>
      </trkpt>
      <trkpt lat="29.17230564169585704803466796875" lon="82.93737025000154972076416015625">
        <ele>3653.199951171875</ele>
        <time>2026-08-09T06:53:43.000Z</time>
        <extensions>
          <ns3:TrackPointExtension>
            <ns3:hr>127</ns3:hr>
            <ns3:cad>46</ns3:cad>
          </ns3:TrackPointExtension>
        </extensions>
      </trkpt>
      <trkpt lat="29.17229063808917999267578125" lon="82.93735834769904613494873046875">
        <ele>3653.39990234375</ele>
        <time>2026-08-09T06:53:45.000Z</time>
        <extensions>
          <ns3:TrackPointExtension>
            <ns3:hr>128</ns3:hr>
            <ns3:cad>45</ns3:cad>
          </ns3:TrackPointExtension>
        </extensions>
      </trkpt>
      <trkpt lat="29.17226708494126796722412109375" lon="82.9373361356556415557861328125">
        <ele>3654.39990234375</ele>
        <time>2026-08-09T06:53:49.000Z</time>
        <extensions>
          <ns3:TrackPointExtension>
            <ns3:hr>128</ns3:hr>
            <ns3:cad>44</ns3:cad>
          </ns3:TrackPointExtension>
        </extensions>
      </trkpt>
      <trkpt lat="29.17226272635161876678466796875" lon="82.93733404017984867095947265625">
        <ele>3654.60009765625</ele>
        <time>2026-08-09T06:53:50.000Z</time>
        <extensions>
          <ns3:TrackPointExtension>
            <ns3:hr>128</ns3:hr>
            <ns3:cad>43</ns3:cad>
          </ns3:TrackPointExtension>
        </extensions>
      </trkpt>
      <trkpt lat="29.17223741300404071807861328125" lon="82.93732993304729461669921875">
        <ele>3655.60009765625</ele>
        <time>2026-08-09T06:53:54.000Z</time>
        <extensions>
          <ns3:TrackPointExtension>
            <ns3:hr>128</ns3:hr>
            <ns3:cad>43</ns3:cad>
          </ns3:TrackPointExtension>
        </extensions>
      </trkpt>
      <trkpt lat="29.17223104275763034820556640625" lon="82.93733152560889720916748046875">
        <ele>3656</ele>
        <time>2026-08-09T06:53:55.000Z</time>
        <extensions>
          <ns3:TrackPointExtension>
            <ns3:hr>128</ns3:hr>
            <ns3:cad>43</ns3:cad>
          </ns3:TrackPointExtension>
        </extensions>
      </trkpt>
      <trkpt lat="29.1722269356250762939453125" lon="82.9373388178646564483642578125">
        <ele>3656.199951171875</ele>
        <time>2026-08-09T06:53:56.000Z</time>
        <extensions>
          <ns3:TrackPointExtension>
            <ns3:hr>127</ns3:hr>
            <ns3:cad>43</ns3:cad>
          </ns3:TrackPointExtension>
        </extensions>
      </trkpt>
      <trkpt lat="29.1721768118441104888916015625" lon="82.93736480176448822021484375">
        <ele>3656.39990234375</ele>
        <time>2026-08-09T06:54:02.000Z</time>
        <extensions>
          <ns3:TrackPointExtension>
            <ns3:hr>127</ns3:hr>
            <ns3:cad>42</ns3:cad>
          </ns3:TrackPointExtension>
        </extensions>
      </trkpt>
      <trkpt lat="29.17211285792291164398193359375" lon="82.9373936355113983154296875">
        <ele>3656.39990234375</ele>
        <time>2026-08-09T06:54:08.000Z</time>
        <extensions>
          <ns3:TrackPointExtension>
            <ns3:hr>132</ns3:hr>
            <ns3:cad>45</ns3:cad>
          </ns3:TrackPointExtension>
        </extensions>
      </trkpt>
      <trkpt lat="29.1721030510962009429931640625" lon="82.93740637600421905517578125">
        <ele>3656.39990234375</ele>
        <time>2026-08-09T06:54:09.000Z</time>
        <extensions>
          <ns3:TrackPointExtension>
            <ns3:hr>134</ns3:hr>
            <ns3:cad>46</ns3:cad>
          </ns3:TrackPointExtension>
        </extensions>
      </trkpt>
      <trkpt lat="29.1720487363636493682861328125" lon="82.93743856251239776611328125">
        <ele>3655.800048828125</ele>
        <time>2026-08-09T06:54:15.000Z</time>
        <extensions>
          <ns3:TrackPointExtension>
            <ns3:hr>135</ns3:hr>
            <ns3:cad>50</ns3:cad>
          </ns3:TrackPointExtension>
        </extensions>
      </trkpt>
      <trkpt lat="29.171995930373668670654296875" lon="82.9374595172703266143798828125">
        <ele>3655.800048828125</ele>
        <time>2026-08-09T06:54:21.000Z</time>
        <extensions>
          <ns3:TrackPointExtension>
            <ns3:hr>136</ns3:hr>
            <ns3:cad>49</ns3:cad>
          </ns3:TrackPointExtension>
        </extensions>
      </trkpt>
      <trkpt lat="29.171954356133937835693359375" lon="82.9374803043901920318603515625">
        <ele>3655.39990234375</ele>
        <time>2026-08-09T06:54:27.000Z</time>
        <extensions>
          <ns3:TrackPointExtension>
            <ns3:hr>134</ns3:hr>
            <ns3:cad>44</ns3:cad>
          </ns3:TrackPointExtension>
        </extensions>
      </trkpt>
      <trkpt lat="29.1718943417072296142578125" lon="82.93749279342591762542724609375">
        <ele>3655.199951171875</ele>
        <time>2026-08-09T06:54:33.000Z</time>
        <extensions>
          <ns3:TrackPointExtension>
            <ns3:hr>132</ns3:hr>
            <ns3:cad>46</ns3:cad>
          </ns3:TrackPointExtension>
        </extensions>
      </trkpt>
      <trkpt lat="29.1718351654708385467529296875" lon="82.93749815784394741058349609375">
        <ele>3655.199951171875</ele>
        <time>2026-08-09T06:54:38.000Z</time>
        <extensions>
          <ns3:TrackPointExtension>
            <ns3:hr>131</ns3:hr>
            <ns3:cad>50</ns3:cad>
          </ns3:TrackPointExtension>
        </extensions>
      </trkpt>
      <trkpt lat="29.17176903225481510162353515625" lon="82.9374886862933635711669921875">
        <ele>3655.199951171875</ele>
        <time>2026-08-09T06:54:44.000Z</time>
        <extensions>
          <ns3:TrackPointExtension>
            <ns3:hr>130</ns3:hr>
            <ns3:cad>51</ns3:cad>
          </ns3:TrackPointExtension>
        </extensions>
      </trkpt>
      <trkpt lat="29.17171941138803958892822265625" lon="82.93748147785663604736328125">
        <ele>3654.60009765625</ele>
        <time>2026-08-09T06:54:48.000Z</time>
        <extensions>
          <ns3:TrackPointExtension>
            <ns3:hr>129</ns3:hr>
            <ns3:cad>50</ns3:cad>
          </ns3:TrackPointExtension>
        </extensions>
      </trkpt>
      <trkpt lat="29.171702563762664794921875" lon="82.93747133575379848480224609375">
        <ele>3654.39990234375</ele>
        <time>2026-08-09T06:54:50.000Z</time>
        <extensions>
          <ns3:TrackPointExtension>
            <ns3:hr>127</ns3:hr>
            <ns3:cad>51</ns3:cad>
          </ns3:TrackPointExtension>
        </extensions>
      </trkpt>
      <trkpt lat="29.1716467402875423431396484375" lon="82.93745289556682109832763671875">
        <ele>3654.60009765625</ele>
        <time>2026-08-09T06:54:55.000Z</time>
        <extensions>
          <ns3:TrackPointExtension>
            <ns3:hr>125</ns3:hr>
            <ns3:cad>52</ns3:cad>
          </ns3:TrackPointExtension>
        </extensions>
      </trkpt>
      <trkpt lat="29.1715977899730205535888671875" lon="82.93744099326431751251220703125">
        <ele>3655.39990234375</ele>
        <time>2026-08-09T06:55:00.000Z</time>
        <extensions>
          <ns3:TrackPointExtension>
            <ns3:hr>125</ns3:hr>
            <ns3:cad>49</ns3:cad>
          </ns3:TrackPointExtension>
        </extensions>
      </trkpt>
      <trkpt lat="29.17152562178671360015869140625" lon="82.9374296776950359344482421875">
        <ele>3655.199951171875</ele>
        <time>2026-08-09T06:55:06.000Z</time>
        <extensions>
          <ns3:TrackPointExtension>
            <ns3:hr>124</ns3:hr>
            <ns3:cad>50</ns3:cad>
          </ns3:TrackPointExtension>
        </extensions>
      </trkpt>
      <trkpt lat="29.17145110666751861572265625" lon="82.93738064356148242950439453125">
        <ele>3654.800048828125</ele>
        <time>2026-08-09T06:55:13.000Z</time>
        <extensions>
          <ns3:TrackPointExtension>
            <ns3:hr>123</ns3:hr>
            <ns3:cad>51</ns3:cad>
          </ns3:TrackPointExtension>
        </extensions>
      </trkpt>
      <trkpt lat="29.1713956184685230255126953125" lon="82.9373265802860260009765625">
        <ele>3655</ele>
        <time>2026-08-09T06:55:19.000Z</time>
        <extensions>
          <ns3:TrackPointExtension>
            <ns3:hr>122</ns3:hr>
            <ns3:cad>50</ns3:cad>
          </ns3:TrackPointExtension>
        </extensions>
      </trkpt>
      <trkpt lat="29.1713446564972400665283203125" lon="82.93728693388402462005615234375">
        <ele>3654.800048828125</ele>
        <time>2026-08-09T06:55:24.000Z</time>
        <extensions>
          <ns3:TrackPointExtension>
            <ns3:hr>121</ns3:hr>
            <ns3:cad>50</ns3:cad>
          </ns3:TrackPointExtension>
        </extensions>
      </trkpt>
      <trkpt lat="29.17130635119974613189697265625" lon="82.937252484261989593505859375">
        <ele>3654.60009765625</ele>
        <time>2026-08-09T06:55:29.000Z</time>
        <extensions>
          <ns3:TrackPointExtension>
            <ns3:hr>122</ns3:hr>
            <ns3:cad>50</ns3:cad>
          </ns3:TrackPointExtension>
        </extensions>
      </trkpt>
      <trkpt lat="29.1712548024952411651611328125" lon="82.9372221417725086212158203125">
        <ele>3654</ele>
        <time>2026-08-09T06:55:34.000Z</time>
        <extensions>
          <ns3:TrackPointExtension>
            <ns3:hr>122</ns3:hr>
            <ns3:cad>50</ns3:cad>
          </ns3:TrackPointExtension>
        </extensions>
      </trkpt>
      <trkpt lat="29.17123912833631038665771484375" lon="82.937177382409572601318359375">
        <ele>3653.800048828125</ele>
        <time>2026-08-09T06:55:38.000Z</time>
        <extensions>
          <ns3:TrackPointExtension>
            <ns3:hr>122</ns3:hr>
            <ns3:cad>49</ns3:cad>
          </ns3:TrackPointExtension>
        </extensions>
      </trkpt>
      <trkpt lat="29.1712437383830547332763671875" lon="82.93716690503060817718505859375">
        <ele>3653.800048828125</ele>
        <time>2026-08-09T06:55:39.000Z</time>
        <extensions>
          <ns3:TrackPointExtension>
            <ns3:hr>121</ns3:hr>
            <ns3:cad>48</ns3:cad>
          </ns3:TrackPointExtension>
        </extensions>
      </trkpt>
      <trkpt lat="29.171261675655841827392578125" lon="82.9371369816362857818603515625">
        <ele>3655.199951171875</ele>
        <time>2026-08-09T06:55:43.000Z</time>
        <extensions>
          <ns3:TrackPointExtension>
            <ns3:hr>122</ns3:hr>
            <ns3:cad>46</ns3:cad>
          </ns3:TrackPointExtension>
        </extensions>
      </trkpt>
      <trkpt lat="29.17126871645450592041015625" lon="82.937133796513080596923828125">
        <ele>3655.60009765625</ele>
        <time>2026-08-09T06:55:44.000Z</time>
        <extensions>
          <ns3:TrackPointExtension>
            <ns3:hr>121</ns3:hr>
            <ns3:cad>0</ns3:cad>
          </ns3:TrackPointExtension>
        </extensions>
      </trkpt>
      <trkpt lat="29.17127667926251888275146484375" lon="82.9371289350092411041259765625">
        <ele>3656</ele>
        <time>2026-08-09T06:55:45.000Z</time>
        <extensions>
          <ns3:TrackPointExtension>
            <ns3:hr>122</ns3:hr>
            <ns3:cad>0</ns3:cad>
          </ns3:TrackPointExtension>
        </extensions>
      </trkpt>
      <trkpt lat="29.1713081113994121551513671875" lon="82.9371093213558197021484375">
        <ele>3656.60009765625</ele>
        <time>2026-08-09T06:55:48.000Z</time>
        <extensions>
          <ns3:TrackPointExtension>
            <ns3:hr>121</ns3:hr>
            <ns3:cad>76</ns3:cad>
          </ns3:TrackPointExtension>
        </extensions>
      </trkpt>
      <trkpt lat="29.17133132927119731903076171875" lon="82.9371044598519802093505859375">
        <ele>3656.800048828125</ele>
        <time>2026-08-09T06:55:51.000Z</time>
        <extensions>
          <ns3:TrackPointExtension>
            <ns3:hr>121</ns3:hr>
            <ns3:cad>41</ns3:cad>
          </ns3:TrackPointExtension>
        </extensions>
      </trkpt>
      <trkpt lat="29.171352870762348175048828125" lon="82.9371034540235996246337890625">
        <ele>3656.60009765625</ele>
        <time>2026-08-09T06:55:58.000Z</time>
        <extensions>
          <ns3:TrackPointExtension>
            <ns3:hr>122</ns3:hr>
            <ns3:cad>0</ns3:cad>
          </ns3:TrackPointExtension>
        </extensions>
      </trkpt>
      <trkpt lat="29.17134490795433521270751953125" lon="82.93710286729037761688232421875">
        <ele>3656.60009765625</ele>
        <time>2026-08-09T06:56:00.000Z</time>
        <extensions>
          <ns3:TrackPointExtension>
            <ns3:hr>125</ns3:hr>
            <ns3:cad>0</ns3:cad>
          </ns3:TrackPointExtension>
        </extensions>
      </trkpt>
      <trkpt lat="29.1713406331837177276611328125" lon="82.93710588477551937103271484375">
        <ele>3656.39990234375</ele>
        <time>2026-08-09T06:56:02.000Z</time>
        <extensions>
          <ns3:TrackPointExtension>
            <ns3:hr>128</ns3:hr>
            <ns3:cad>0</ns3:cad>
          </ns3:TrackPointExtension>
        </extensions>
      </trkpt>
      <trkpt lat="29.17133216746151447296142578125" lon="82.9371115006506443023681640625">
        <ele>3656.199951171875</ele>
        <time>2026-08-09T06:56:04.000Z</time>
        <extensions>
          <ns3:TrackPointExtension>
            <ns3:hr>128</ns3:hr>
            <ns3:cad>0</ns3:cad>
          </ns3:TrackPointExtension>
        </extensions>
      </trkpt>
      <trkpt lat="29.171323366463184356689453125" lon="82.93710890226066112518310546875">
        <ele>3657.60009765625</ele>
        <time>2026-08-09T06:56:12.000Z</time>
        <extensions>
          <ns3:TrackPointExtension>
            <ns3:hr>128</ns3:hr>
            <ns3:cad>0</ns3:cad>
          </ns3:TrackPointExtension>
        </extensions>
      </trkpt>
      <trkpt lat="29.171323366463184356689453125" lon="82.93710890226066112518310546875">
        <ele>3657.800048828125</ele>
        <time>2026-08-09T06:56:14.000Z</time>
        <extensions>
          <ns3:TrackPointExtension>
            <ns3:hr>129</ns3:hr>
            <ns3:cad>0</ns3:cad>
          </ns3:TrackPointExtension>
        </extensions>
      </trkpt>
      <trkpt lat="29.171323366463184356689453125" lon="82.93710890226066112518310546875">
        <ele>3657.39990234375</ele>
        <time>2026-08-09T06:56:17.000Z</time>
        <extensions>
          <ns3:TrackPointExtension>
            <ns3:hr>132</ns3:hr>
            <ns3:cad>0</ns3:cad>
          </ns3:TrackPointExtension>
        </extensions>
      </trkpt>
      <trkpt lat="29.171319343149662017822265625" lon="82.9371091537177562713623046875">
        <ele>3657</ele>
        <time>2026-08-09T06:56:20.000Z</time>
        <extensions>
          <ns3:TrackPointExtension>
            <ns3:hr>133</ns3:hr>
            <ns3:cad>0</ns3:cad>
          </ns3:TrackPointExtension>
        </extensions>
      </trkpt>
      <trkpt lat="29.17133166454732418060302734375" lon="82.93709817342460155487060546875">
        <ele>3657.39990234375</ele>
        <time>2026-08-09T06:56:24.000Z</time>
        <extensions>
          <ns3:TrackPointExtension>
            <ns3:hr>130</ns3:hr>
            <ns3:cad>0</ns3:cad>
          </ns3:TrackPointExtension>
        </extensions>
      </trkpt>
      <trkpt lat="29.17133308947086334228515625" lon="82.93709800578653812408447265625">
        <ele>3657.39990234375</ele>
        <time>2026-08-09T06:56:26.000Z</time>
        <extensions>
          <ns3:TrackPointExtension>
            <ns3:hr>130</ns3:hr>
            <ns3:cad>0</ns3:cad>
          </ns3:TrackPointExtension>
        </extensions>
      </trkpt>
      <trkpt lat="29.17133837006986141204833984375" lon="82.93708392418920993804931640625">
        <ele>3658</ele>
        <time>2026-08-09T06:56:36.000Z</time>
        <extensions>
          <ns3:TrackPointExtension>
            <ns3:hr>128</ns3:hr>
            <ns3:cad>0</ns3:cad>
          </ns3:TrackPointExtension>
        </extensions>
      </trkpt>
      <trkpt lat="29.17134189046919345855712890625" lon="82.93708861805498600006103515625">
        <ele>3658.39990234375</ele>
        <time>2026-08-09T06:56:44.000Z</time>
        <extensions>
          <ns3:TrackPointExtension>
            <ns3:hr>126</ns3:hr>
            <ns3:cad>0</ns3:cad>
          </ns3:TrackPointExtension>
        </extensions>
      </trkpt>
      <trkpt lat="29.171343483030796051025390625" lon="82.937078140676021575927734375">
        <ele>3658.199951171875</ele>
        <time>2026-08-09T06:56:51.000Z</time>
        <extensions>
          <ns3:TrackPointExtension>
            <ns3:hr>128</ns3:hr>
            <ns3:cad>0</ns3:cad>
          </ns3:TrackPointExtension>
        </extensions>
      </trkpt>
      <trkpt lat="29.1713552176952362060546875" lon="82.93706615455448627471923828125">
        <ele>3658</ele>
        <time>2026-08-09T06:56:59.000Z</time>
        <extensions>
          <ns3:TrackPointExtension>
            <ns3:hr>129</ns3:hr>
            <ns3:cad>0</ns3:cad>
          </ns3:TrackPointExtension>
        </extensions>
      </trkpt>
      <trkpt lat="29.1713594086468219757080078125" lon="82.9370736144483089447021484375">
        <ele>3658.39990234375</ele>
        <time>2026-08-09T06:57:07.000Z</time>
        <extensions>
          <ns3:TrackPointExtension>
            <ns3:hr>128</ns3:hr>
            <ns3:cad>0</ns3:cad>
          </ns3:TrackPointExtension>
        </extensions>
      </trkpt>
      <trkpt lat="29.171340800821781158447265625" lon="82.93709062971174716949462890625">
        <ele>3658.60009765625</ele>
        <time>2026-08-09T06:57:13.000Z</time>
        <extensions>
          <ns3:TrackPointExtension>
            <ns3:hr>127</ns3:hr>
            <ns3:cad>0</ns3:cad>
          </ns3:TrackPointExtension>
        </extensions>
      </trkpt>
      <trkpt lat="29.171342812478542327880859375" lon="82.937086857855319976806640625">
        <ele>3658.800048828125</ele>
        <time>2026-08-09T06:57:15.000Z</time>
        <extensions>
          <ns3:TrackPointExtension>
            <ns3:hr>128</ns3:hr>
            <ns3:cad>0</ns3:cad>
          </ns3:TrackPointExtension>
        </extensions>
      </trkpt>
      <trkpt lat="29.1713364422321319580078125" lon="82.93710387311875820159912109375">
        <ele>3659</ele>
        <time>2026-08-09T06:57:18.000Z</time>
        <extensions>
          <ns3:TrackPointExtension>
            <ns3:hr>127</ns3:hr>
            <ns3:cad>0</ns3:cad>
          </ns3:TrackPointExtension>
        </extensions>
      </trkpt>
      <trkpt lat="29.171338789165019989013671875" lon="82.93710060417652130126953125">
        <ele>3658.199951171875</ele>
        <time>2026-08-09T06:57:23.000Z</time>
        <extensions>
          <ns3:TrackPointExtension>
            <ns3:hr>124</ns3:hr>
            <ns3:cad>0</ns3:cad>
          </ns3:TrackPointExtension>
        </extensions>
      </trkpt>
      <trkpt lat="29.17134021408855915069580078125" lon="82.93710571713745594024658203125">
        <ele>3658.199951171875</ele>
        <time>2026-08-09T06:57:24.000Z</time>
        <extensions>
          <ns3:TrackPointExtension>
            <ns3:hr>124</ns3:hr>
            <ns3:cad>0</ns3:cad>
          </ns3:TrackPointExtension>
        </extensions>
      </trkpt>
      <trkpt lat="29.1713500209152698516845703125" lon="82.93709197081625461578369140625">
        <ele>3658</ele>
        <time>2026-08-09T06:57:31.000Z</time>
        <extensions>
          <ns3:TrackPointExtension>
            <ns3:hr>123</ns3:hr>
            <ns3:cad>0</ns3:cad>
          </ns3:TrackPointExtension>
        </extensions>
      </trkpt>
      <trkpt lat="29.17136385105550289154052734375" lon="82.93707738630473613739013671875">
        <ele>3657.60009765625</ele>
        <time>2026-08-09T06:57:33.000Z</time>
        <extensions>
          <ns3:TrackPointExtension>
            <ns3:hr>122</ns3:hr>
            <ns3:cad>0</ns3:cad>
          </ns3:TrackPointExtension>
        </extensions>
      </trkpt>
      <trkpt lat="29.17136720381677150726318359375" lon="82.93707202188670635223388671875">
        <ele>3657.39990234375</ele>
        <time>2026-08-09T06:57:36.000Z</time>
        <extensions>
          <ns3:TrackPointExtension>
            <ns3:hr>123</ns3:hr>
            <ns3:cad>0</ns3:cad>
          </ns3:TrackPointExtension>
        </extensions>
      </trkpt>
      <trkpt lat="29.17136653326451778411865234375" lon="82.9370699264109134674072265625">
        <ele>3658.39990234375</ele>
        <time>2026-08-09T06:57:43.000Z</time>
        <extensions>
          <ns3:TrackPointExtension>
            <ns3:hr>121</ns3:hr>
            <ns3:cad>0</ns3:cad>
          </ns3:TrackPointExtension>
        </extensions>
      </trkpt>
      <trkpt lat="29.17136485688388347625732421875" lon="82.9370692558586597442626953125">
        <ele>3658.800048828125</ele>
        <time>2026-08-09T06:57:45.000Z</time>
        <extensions>
          <ns3:TrackPointExtension>
            <ns3:hr>121</ns3:hr>
            <ns3:cad>0</ns3:cad>
          </ns3:TrackPointExtension>
        </extensions>
      </trkpt>
      <trkpt lat="29.171362258493900299072265625" lon="82.93706816621124744415283203125">
        <ele>3658.800048828125</ele>
        <time>2026-08-09T06:57:48.000Z</time>
        <extensions>
          <ns3:TrackPointExtension>
            <ns3:hr>121</ns3:hr>
            <ns3:cad>0</ns3:cad>
          </ns3:TrackPointExtension>
        </extensions>
      </trkpt>
      <trkpt lat="29.17136737145483493804931640625" lon="82.937059365212917327880859375">
        <ele>3659</ele>
        <time>2026-08-09T06:57:53.000Z</time>
        <extensions>
          <ns3:TrackPointExtension>
            <ns3:hr>121</ns3:hr>
            <ns3:cad>0</ns3:cad>
          </ns3:TrackPointExtension>
        </extensions>
      </trkpt>
      <trkpt lat="29.1713766753673553466796875" lon="82.93705408461391925811767578125">
        <ele>3658.60009765625</ele>
        <time>2026-08-09T06:57:57.000Z</time>
        <extensions>
          <ns3:TrackPointExtension>
            <ns3:hr>120</ns3:hr>
            <ns3:cad>0</ns3:cad>
          </ns3:TrackPointExtension>
        </extensions>
      </trkpt>
      <trkpt lat="29.17137692682445049285888671875" lon="82.937051989138126373291015625">
        <ele>3659.60009765625</ele>
        <time>2026-08-09T06:58:06.000Z</time>
        <extensions>
          <ns3:TrackPointExtension>
            <ns3:hr>119</ns3:hr>
            <ns3:cad>0</ns3:cad>
          </ns3:TrackPointExtension>
        </extensions>
      </trkpt>
      <trkpt lat="29.17137457989156246185302734375" lon="82.9370595328509807586669921875">
        <ele>3659</ele>
        <time>2026-08-09T06:58:17.000Z</time>
        <extensions>
          <ns3:TrackPointExtension>
            <ns3:hr>118</ns3:hr>
            <ns3:cad>0</ns3:cad>
          </ns3:TrackPointExtension>
        </extensions>
      </trkpt>
      <trkpt lat="29.17138463817536830902099609375" lon="82.93704704381525516510009765625">
        <ele>3659.60009765625</ele>
        <time>2026-08-09T06:58:21.000Z</time>
        <extensions>
          <ns3:TrackPointExtension>
            <ns3:hr>118</ns3:hr>
            <ns3:cad>0</ns3:cad>
          </ns3:TrackPointExtension>
        </extensions>
      </trkpt>
      <trkpt lat="29.17138748802244663238525390625" lon="82.9370424337685108184814453125">
        <ele>3659.800048828125</ele>
        <time>2026-08-09T06:58:23.000Z</time>
        <extensions>
          <ns3:TrackPointExtension>
            <ns3:hr>118</ns3:hr>
            <ns3:cad>0</ns3:cad>
          </ns3:TrackPointExtension>
        </extensions>
      </trkpt>
      <trkpt lat="29.1713828779757022857666015625" lon="82.93704620562493801116943359375">
        <ele>3660</ele>
        <time>2026-08-09T06:58:28.000Z</time>
        <extensions>
          <ns3:TrackPointExtension>
            <ns3:hr>118</ns3:hr>
            <ns3:cad>0</ns3:cad>
          </ns3:TrackPointExtension>
        </extensions>
      </trkpt>
      <trkpt lat="29.171387068927288055419921875" lon="82.93705157004296779632568359375">
        <ele>3660</ele>
        <time>2026-08-09T06:58:32.000Z</time>
        <extensions>
          <ns3:TrackPointExtension>
            <ns3:hr>119</ns3:hr>
            <ns3:cad>0</ns3:cad>
          </ns3:TrackPointExtension>
        </extensions>
      </trkpt>
      <trkpt lat="29.1713900864124298095703125" lon="82.93704603798687458038330078125">
        <ele>3659.60009765625</ele>
        <time>2026-08-09T06:58:36.000Z</time>
        <extensions>
          <ns3:TrackPointExtension>
            <ns3:hr>119</ns3:hr>
            <ns3:cad>0</ns3:cad>
          </ns3:TrackPointExtension>
        </extensions>
      </trkpt>
      <trkpt lat="29.171390421688556671142578125" lon="82.93704838491976261138916015625">
        <ele>3659.800048828125</ele>
        <time>2026-08-09T06:58:44.000Z</time>
        <extensions>
          <ns3:TrackPointExtension>
            <ns3:hr>119</ns3:hr>
            <ns3:cad>0</ns3:cad>
          </ns3:TrackPointExtension>
        </extensions>
      </trkpt>
      <trkpt lat="29.1713862307369709014892578125" lon="82.93705844320356845855712890625">
        <ele>3659.800048828125</ele>
        <time>2026-08-09T06:58:49.000Z</time>
        <extensions>
          <ns3:TrackPointExtension>
            <ns3:hr>120</ns3:hr>
            <ns3:cad>0</ns3:cad>
          </ns3:TrackPointExtension>
        </extensions>
      </trkpt>
      <trkpt lat="29.1713775135576725006103515625" lon="82.9370628856122493743896484375">
        <ele>3659.199951171875</ele>
        <time>2026-08-09T06:58:55.000Z</time>
        <extensions>
          <ns3:TrackPointExtension>
            <ns3:hr>123</ns3:hr>
            <ns3:cad>0</ns3:cad>
          </ns3:TrackPointExtension>
        </extensions>
      </trkpt>
      <trkpt lat="29.1713845543563365936279296875" lon="82.93706263415515422821044921875">
        <ele>3659.199951171875</ele>
        <time>2026-08-09T06:58:56.000Z</time>
        <extensions>
          <ns3:TrackPointExtension>
            <ns3:hr>123</ns3:hr>
            <ns3:cad>0</ns3:cad>
          </ns3:TrackPointExtension>
        </extensions>
      </trkpt>
      <trkpt lat="29.1713788546621799468994140625" lon="82.93707286007702350616455078125">
        <ele>3659.199951171875</ele>
        <time>2026-08-09T06:59:02.000Z</time>
        <extensions>
          <ns3:TrackPointExtension>
            <ns3:hr>124</ns3:hr>
            <ns3:cad>0</ns3:cad>
          </ns3:TrackPointExtension>
        </extensions>
      </trkpt>
      <trkpt lat="29.1713632643222808837890625" lon="82.93706967495381832122802734375">
        <ele>3659</ele>
        <time>2026-08-09T06:59:09.000Z</time>
        <extensions>
          <ns3:TrackPointExtension>
            <ns3:hr>124</ns3:hr>
            <ns3:cad>0</ns3:cad>
          </ns3:TrackPointExtension>
        </extensions>
      </trkpt>
      <trkpt lat="29.17136770673096179962158203125" lon="82.937080152332782745361328125">
        <ele>3659.39990234375</ele>
        <time>2026-08-09T06:59:15.000Z</time>
        <extensions>
          <ns3:TrackPointExtension>
            <ns3:hr>127</ns3:hr>
            <ns3:cad>0</ns3:cad>
          </ns3:TrackPointExtension>
        </extensions>
      </trkpt>
      <trkpt lat="29.17136485688388347625732421875" lon="82.9370876960456371307373046875">
        <ele>3659.199951171875</ele>
        <time>2026-08-09T06:59:17.000Z</time>
        <extensions>
          <ns3:TrackPointExtension>
            <ns3:hr>129</ns3:hr>
            <ns3:cad>0</ns3:cad>
          </ns3:TrackPointExtension>
        </extensions>
      </trkpt>
      <trkpt lat="29.17136955074965953826904296875" lon="82.93708325363695621490478515625">
        <ele>3658.800048828125</ele>
        <time>2026-08-09T06:59:21.000Z</time>
        <extensions>
          <ns3:TrackPointExtension>
            <ns3:hr>131</ns3:hr>
            <ns3:cad>0</ns3:cad>
          </ns3:TrackPointExtension>
        </extensions>
      </trkpt>
      <trkpt lat="29.17136955074965953826904296875" lon="82.93708325363695621490478515625">
        <ele>3658.60009765625</ele>
        <time>2026-08-09T06:59:22.000Z</time>
        <extensions>
          <ns3:TrackPointExtension>
            <ns3:hr>131</ns3:hr>
            <ns3:cad>0</ns3:cad>
          </ns3:TrackPointExtension>
        </extensions>
      </trkpt>
      <trkpt lat="29.17136955074965953826904296875" lon="82.93708325363695621490478515625">
        <ele>3658.800048828125</ele>
        <time>2026-08-09T06:59:29.000Z</time>
        <extensions>
          <ns3:TrackPointExtension>
            <ns3:hr>129</ns3:hr>
            <ns3:cad>0</ns3:cad>
          </ns3:TrackPointExtension>
        </extensions>
      </trkpt>
      <trkpt lat="29.1713766753673553466796875" lon="82.93706816621124744415283203125">
        <ele>3658.199951171875</ele>
        <time>2026-08-09T06:59:34.000Z</time>
        <extensions>
          <ns3:TrackPointExtension>
            <ns3:hr>129</ns3:hr>
            <ns3:cad>0</ns3:cad>
          </ns3:TrackPointExtension>
        </extensions>
      </trkpt>
      <trkpt lat="29.17137256823480129241943359375" lon="82.93706707656383514404296875">
        <ele>3658.39990234375</ele>
        <time>2026-08-09T06:59:40.000Z</time>
        <extensions>
          <ns3:TrackPointExtension>
            <ns3:hr>129</ns3:hr>
            <ns3:cad>0</ns3:cad>
          </ns3:TrackPointExtension>
        </extensions>
      </trkpt>
      <trkpt lat="29.17138262651860713958740234375" lon="82.93707302771508693695068359375">
        <ele>3658.800048828125</ele>
        <time>2026-08-09T06:59:46.000Z</time>
        <extensions>
          <ns3:TrackPointExtension>
            <ns3:hr>129</ns3:hr>
            <ns3:cad>0</ns3:cad>
          </ns3:TrackPointExtension>
        </extensions>
      </trkpt>
      <trkpt lat="29.1713506914675235748291015625" lon="82.93705978430807590484619140625">
        <ele>3658.800048828125</ele>
        <time>2026-08-09T06:59:49.000Z</time>
        <extensions>
          <ns3:TrackPointExtension>
            <ns3:hr>129</ns3:hr>
            <ns3:cad>0</ns3:cad>
          </ns3:TrackPointExtension>
        </extensions>
      </trkpt>
      <trkpt lat="29.1713483445346355438232421875" lon="82.93701284565031528472900390625">
        <ele>3659.199951171875</ele>
        <time>2026-08-09T06:59:55.000Z</time>
        <extensions>
          <ns3:TrackPointExtension>
            <ns3:hr>131</ns3:hr>
            <ns3:cad>0</ns3:cad>
          </ns3:TrackPointExtension>
        </extensions>
      </trkpt>
      <trkpt lat="29.1713605821132659912109375" lon="82.9370208084583282470703125">
        <ele>3659.60009765625</ele>
        <time>2026-08-09T07:00:00.000Z</time>
        <extensions>
          <ns3:TrackPointExtension>
            <ns3:hr>128</ns3:hr>
            <ns3:cad>0</ns3:cad>
          </ns3:TrackPointExtension>
        </extensions>
      </trkpt>
      <trkpt lat="29.171359241008758544921875" lon="82.93702173046767711639404296875">
        <ele>3659.800048828125</ele>
        <time>2026-08-09T07:00:01.000Z</time>
        <extensions>
          <ns3:TrackPointExtension>
            <ns3:hr>127</ns3:hr>
            <ns3:cad>0</ns3:cad>
          </ns3:TrackPointExtension>
        </extensions>
      </trkpt>
      <trkpt lat="29.17135848663747310638427734375" lon="82.93702340684831142425537109375">
        <ele>3660</ele>
        <time>2026-08-09T07:00:02.000Z</time>
        <extensions>
          <ns3:TrackPointExtension>
            <ns3:hr>127</ns3:hr>
            <ns3:cad>0</ns3:cad>
          </ns3:TrackPointExtension>
        </extensions>
      </trkpt>
      <trkpt lat="29.17135194875299930572509765625" lon="82.9370260052382946014404296875">
        <ele>3661</ele>
        <time>2026-08-09T07:00:06.000Z</time>
        <extensions>
          <ns3:TrackPointExtension>
            <ns3:hr>126</ns3:hr>
            <ns3:cad>0</ns3:cad>
          </ns3:TrackPointExtension>
        </extensions>
      </trkpt>
      <trkpt lat="29.171350859105587005615234375" lon="82.93704754672944545745849609375">
        <ele>3662</ele>
        <time>2026-08-09T07:00:09.000Z</time>
        <extensions>
          <ns3:TrackPointExtension>
            <ns3:hr>126</ns3:hr>
            <ns3:cad>0</ns3:cad>
          </ns3:TrackPointExtension>
        </extensions>
      </trkpt>
      <trkpt lat="29.17134842835366725921630859375" lon="82.93704972602427005767822265625">
        <ele>3662</ele>
        <time>2026-08-09T07:00:10.000Z</time>
        <extensions>
          <ns3:TrackPointExtension>
            <ns3:hr>126</ns3:hr>
            <ns3:cad>0</ns3:cad>
          </ns3:TrackPointExtension>
        </extensions>
      </trkpt>
      <trkpt lat="29.17133602313697338104248046875" lon="82.93706330470740795135498046875">
        <ele>3661.39990234375</ele>
        <time>2026-08-09T07:00:17.000Z</time>
        <extensions>
          <ns3:TrackPointExtension>
            <ns3:hr>125</ns3:hr>
            <ns3:cad>0</ns3:cad>
          </ns3:TrackPointExtension>
        </extensions>
      </trkpt>
      <trkpt lat="29.17135010473430156707763671875" lon="82.93705810792744159698486328125">
        <ele>3661.199951171875</ele>
        <time>2026-08-09T07:00:23.000Z</time>
        <extensions>
          <ns3:TrackPointExtension>
            <ns3:hr>124</ns3:hr>
            <ns3:cad>0</ns3:cad>
          </ns3:TrackPointExtension>
        </extensions>
      </trkpt>
      <trkpt lat="29.17134742252528667449951171875" lon="82.93705609627068042755126953125">
        <ele>3661</ele>
        <time>2026-08-09T07:00:25.000Z</time>
        <extensions>
          <ns3:TrackPointExtension>
            <ns3:hr>124</ns3:hr>
            <ns3:cad>0</ns3:cad>
          </ns3:TrackPointExtension>
        </extensions>
      </trkpt>
      <trkpt lat="29.1713391244411468505859375" lon="82.937060035765171051025390625">
        <ele>3661.199951171875</ele>
        <time>2026-08-09T07:00:32.000Z</time>
        <extensions>
          <ns3:TrackPointExtension>
            <ns3:hr>125</ns3:hr>
            <ns3:cad>0</ns3:cad>
          </ns3:TrackPointExtension>
        </extensions>
      </trkpt>
      <trkpt lat="29.17133149690926074981689453125" lon="82.93705978430807590484619140625">
        <ele>3661.60009765625</ele>
        <time>2026-08-09T07:00:36.000Z</time>
        <extensions>
          <ns3:TrackPointExtension>
            <ns3:hr>122</ns3:hr>
            <ns3:cad>0</ns3:cad>
          </ns3:TrackPointExtension>
        </extensions>
      </trkpt>
      <trkpt lat="29.17133845388889312744140625" lon="82.93706196360290050506591796875">
        <ele>3661.60009765625</ele>
        <time>2026-08-09T07:00:39.000Z</time>
        <extensions>
          <ns3:TrackPointExtension>
            <ns3:hr>125</ns3:hr>
            <ns3:cad>0</ns3:cad>
          </ns3:TrackPointExtension>
        </extensions>
      </trkpt>
      <trkpt lat="29.1713297367095947265625" lon="82.93706380762159824371337890625">
        <ele>3660.39990234375</ele>
        <time>2026-08-09T07:00:47.000Z</time>
        <extensions>
          <ns3:TrackPointExtension>
            <ns3:hr>125</ns3:hr>
            <ns3:cad>0</ns3:cad>
          </ns3:TrackPointExtension>
        </extensions>
      </trkpt>
      <trkpt lat="29.17131925933063030242919921875" lon="82.937065400183200836181640625">
        <ele>3661.199951171875</ele>
        <time>2026-08-09T07:00:54.000Z</time>
        <extensions>
          <ns3:TrackPointExtension>
            <ns3:hr>124</ns3:hr>
            <ns3:cad>0</ns3:cad>
          </ns3:TrackPointExtension>
        </extensions>
      </trkpt>
      <trkpt lat="29.1713091172277927398681640625" lon="82.93708308599889278411865234375">
        <ele>3662</ele>
        <time>2026-08-09T07:00:58.000Z</time>
        <extensions>
          <ns3:TrackPointExtension>
            <ns3:hr>123</ns3:hr>
            <ns3:cad>0</ns3:cad>
          </ns3:TrackPointExtension>
        </extensions>
      </trkpt>
      <trkpt lat="29.171307273209095001220703125" lon="82.937093563377857208251953125">
        <ele>3661.800048828125</ele>
        <time>2026-08-09T07:01:02.000Z</time>
        <extensions>
          <ns3:TrackPointExtension>
            <ns3:hr>122</ns3:hr>
            <ns3:cad>0</ns3:cad>
          </ns3:TrackPointExtension>
        </extensions>
      </trkpt>
      <trkpt lat="29.17133149690926074981689453125" lon="82.93707705102860927581787109375">
        <ele>3661.199951171875</ele>
        <time>2026-08-09T07:01:13.000Z</time>
        <extensions>
          <ns3:TrackPointExtension>
            <ns3:hr>122</ns3:hr>
            <ns3:cad>0</ns3:cad>
          </ns3:TrackPointExtension>
        </extensions>
      </trkpt>
      <trkpt lat="29.1713299043476581573486328125" lon="82.93707956559956073760986328125">
        <ele>3661</ele>
        <time>2026-08-09T07:01:16.000Z</time>
        <extensions>
          <ns3:TrackPointExtension>
            <ns3:hr>125</ns3:hr>
            <ns3:cad>0</ns3:cad>
          </ns3:TrackPointExtension>
        </extensions>
      </trkpt>
      <trkpt lat="29.17132831178605556488037109375" lon="82.93707939796149730682373046875">
        <ele>3660.800048828125</ele>
        <time>2026-08-09T07:01:17.000Z</time>
        <extensions>
          <ns3:TrackPointExtension>
            <ns3:hr>126</ns3:hr>
            <ns3:cad>0</ns3:cad>
          </ns3:TrackPointExtension>
        </extensions>
      </trkpt>
      <trkpt lat="29.17132009752094745635986328125" lon="82.93707855977118015289306640625">
        <ele>3660.199951171875</ele>
        <time>2026-08-09T07:01:20.000Z</time>
        <extensions>
          <ns3:TrackPointExtension>
            <ns3:hr>129</ns3:hr>
            <ns3:cad>0</ns3:cad>
          </ns3:TrackPointExtension>
        </extensions>
      </trkpt>
      <trkpt lat="29.17131590656936168670654296875" lon="82.937079481780529022216796875">
        <ele>3660.199951171875</ele>
        <time>2026-08-09T07:01:21.000Z</time>
        <extensions>
          <ns3:TrackPointExtension>
            <ns3:hr>130</ns3:hr>
            <ns3:cad>0</ns3:cad>
          </ns3:TrackPointExtension>
        </extensions>
      </trkpt>
      <trkpt lat="29.17130333371460437774658203125" lon="82.93708040378987789154052734375">
        <ele>3661.39990234375</ele>
        <time>2026-08-09T07:01:32.000Z</time>
        <extensions>
          <ns3:TrackPointExtension>
            <ns3:hr>129</ns3:hr>
            <ns3:cad>0</ns3:cad>
          </ns3:TrackPointExtension>
        </extensions>
      </trkpt>
      <trkpt lat="29.17130417190492153167724609375" lon="82.9370824992656707763671875">
        <ele>3661</ele>
        <time>2026-08-09T07:01:36.000Z</time>
        <extensions>
          <ns3:TrackPointExtension>
            <ns3:hr>126</ns3:hr>
            <ns3:cad>0</ns3:cad>
          </ns3:TrackPointExtension>
        </extensions>
      </trkpt>
      <trkpt lat="29.17128883302211761474609375" lon="82.93707470409572124481201171875">
        <ele>3661</ele>
        <time>2026-08-09T07:01:45.000Z</time>
        <extensions>
          <ns3:TrackPointExtension>
            <ns3:hr>126</ns3:hr>
            <ns3:cad>53</ns3:cad>
          </ns3:TrackPointExtension>
        </extensions>
      </trkpt>
      <trkpt lat="29.1712816245853900909423828125" lon="82.93708476237952709197998046875">
        <ele>3660.800048828125</ele>
        <time>2026-08-09T07:01:53.000Z</time>
        <extensions>
          <ns3:TrackPointExtension>
            <ns3:hr>124</ns3:hr>
            <ns3:cad>0</ns3:cad>
          </ns3:TrackPointExtension>
        </extensions>
      </trkpt>
      <trkpt lat="29.17128975503146648406982421875" lon="82.93708182871341705322265625">
        <ele>3661.199951171875</ele>
        <time>2026-08-09T07:02:04.000Z</time>
        <extensions>
          <ns3:TrackPointExtension>
            <ns3:hr>122</ns3:hr>
            <ns3:cad>0</ns3:cad>
          </ns3:TrackPointExtension>
        </extensions>
      </trkpt>
      <trkpt lat="29.17129226960241794586181640625" lon="82.93707604520022869110107421875">
        <ele>3661.199951171875</ele>
        <time>2026-08-09T07:02:06.000Z</time>
        <extensions>
          <ns3:TrackPointExtension>
            <ns3:hr>119</ns3:hr>
            <ns3:cad>0</ns3:cad>
          </ns3:TrackPointExtension>
        </extensions>
      </trkpt>
      <trkpt lat="29.17129394598305225372314453125" lon="82.93707252480089664459228515625">
        <ele>3661</ele>
        <time>2026-08-09T07:02:12.000Z</time>
        <extensions>
          <ns3:TrackPointExtension>
            <ns3:hr>117</ns3:hr>
            <ns3:cad>0</ns3:cad>
          </ns3:TrackPointExtension>
        </extensions>
      </trkpt>
      <trkpt lat="29.17129847221076488494873046875" lon="82.9370739497244358062744140625">
        <ele>3661</ele>
        <time>2026-08-09T07:02:21.000Z</time>
        <extensions>
          <ns3:TrackPointExtension>
            <ns3:hr>118</ns3:hr>
            <ns3:cad>0</ns3:cad>
          </ns3:TrackPointExtension>
        </extensions>
      </trkpt>
      <trkpt lat="29.171301908791065216064453125" lon="82.93706179596483707427978515625">
        <ele>3660.800048828125</ele>
        <time>2026-08-09T07:02:28.000Z</time>
        <extensions>
          <ns3:TrackPointExtension>
            <ns3:hr>119</ns3:hr>
            <ns3:cad>0</ns3:cad>
          </ns3:TrackPointExtension>
        </extensions>
      </trkpt>
      <trkpt lat="29.17131272144615650177001953125" lon="82.93705073185265064239501953125">
        <ele>3660.800048828125</ele>
        <time>2026-08-09T07:02:32.000Z</time>
        <extensions>
          <ns3:TrackPointExtension>
            <ns3:hr>116</ns3:hr>
            <ns3:cad>0</ns3:cad>
          </ns3:TrackPointExtension>
        </extensions>
      </trkpt>
      <trkpt lat="29.17131121270358562469482421875" lon="82.93705458752810955047607421875">
        <ele>3660.60009765625</ele>
        <time>2026-08-09T07:02:36.000Z</time>
        <extensions>
          <ns3:TrackPointExtension>
            <ns3:hr>114</ns3:hr>
            <ns3:cad>0</ns3:cad>
          </ns3:TrackPointExtension>
        </extensions>
      </trkpt>
      <trkpt lat="29.17131121270358562469482421875" lon="82.93705458752810955047607421875">
        <ele>3660.39990234375</ele>
        <time>2026-08-09T07:02:42.000Z</time>
        <extensions>
          <ns3:TrackPointExtension>
            <ns3:hr>117</ns3:hr>
            <ns3:cad>0</ns3:cad>
          </ns3:TrackPointExtension>
        </extensions>
      </trkpt>
      <trkpt lat="29.17131121270358562469482421875" lon="82.93705458752810955047607421875">
        <ele>3659.800048828125</ele>
        <time>2026-08-09T07:02:44.000Z</time>
        <extensions>
          <ns3:TrackPointExtension>
            <ns3:hr>117</ns3:hr>
            <ns3:cad>0</ns3:cad>
          </ns3:TrackPointExtension>
        </extensions>
      </trkpt>
      <trkpt lat="29.17131121270358562469482421875" lon="82.93705458752810955047607421875">
        <ele>3660.39990234375</ele>
        <time>2026-08-09T07:02:58.000Z</time>
        <extensions>
          <ns3:TrackPointExtension>
            <ns3:hr>118</ns3:hr>
            <ns3:cad>0</ns3:cad>
          </ns3:TrackPointExtension>
        </extensions>
      </trkpt>
      <trkpt lat="29.17131121270358562469482421875" lon="82.93705458752810955047607421875">
        <ele>3659.800048828125</ele>
        <time>2026-08-09T07:03:01.000Z</time>
        <extensions>
          <ns3:TrackPointExtension>
            <ns3:hr>122</ns3:hr>
            <ns3:cad>0</ns3:cad>
          </ns3:TrackPointExtension>
        </extensions>
      </trkpt>
      <trkpt lat="29.17131121270358562469482421875" lon="82.93705458752810955047607421875">
        <ele>3659.39990234375</ele>
        <time>2026-08-09T07:03:04.000Z</time>
        <extensions>
          <ns3:TrackPointExtension>
            <ns3:hr>125</ns3:hr>
            <ns3:cad>0</ns3:cad>
          </ns3:TrackPointExtension>
        </extensions>
      </trkpt>
      <trkpt lat="29.171307943761348724365234375" lon="82.93704771436750888824462890625">
        <ele>3659.800048828125</ele>
        <time>2026-08-09T07:03:12.000Z</time>
        <extensions>
          <ns3:TrackPointExtension>
            <ns3:hr>117</ns3:hr>
            <ns3:cad>0</ns3:cad>
          </ns3:TrackPointExtension>
        </extensions>
      </trkpt>
      <trkpt lat="29.1713074408471584320068359375" lon="82.9370461218059062957763671875">
        <ele>3660</ele>
        <time>2026-08-09T07:03:13.000Z</time>
        <extensions>
          <ns3:TrackPointExtension>
            <ns3:hr>116</ns3:hr>
            <ns3:cad>0</ns3:cad>
          </ns3:TrackPointExtension>
        </extensions>
      </trkpt>
      <trkpt lat="29.1713024117052555084228515625" lon="82.9370769672095775604248046875">
        <ele>3660.800048828125</ele>
        <time>2026-08-09T07:03:18.000Z</time>
        <extensions>
          <ns3:TrackPointExtension>
            <ns3:hr>116</ns3:hr>
            <ns3:cad>61</ns3:cad>
          </ns3:TrackPointExtension>
        </extensions>
      </trkpt>
      <trkpt lat="29.1712980531156063079833984375" lon="82.93708425946533679962158203125">
        <ele>3661</ele>
        <time>2026-08-09T07:03:19.000Z</time>
        <extensions>
          <ns3:TrackPointExtension>
            <ns3:hr>116</ns3:hr>
            <ns3:cad>61</ns3:cad>
          </ns3:TrackPointExtension>
        </extensions>
      </trkpt>
      <trkpt lat="29.1712829656898975372314453125" lon="82.937084846198558807373046875">
        <ele>3660.800048828125</ele>
        <time>2026-08-09T07:03:24.000Z</time>
        <extensions>
          <ns3:TrackPointExtension>
            <ns3:hr>116</ns3:hr>
            <ns3:cad>0</ns3:cad>
          </ns3:TrackPointExtension>
        </extensions>
      </trkpt>
      <trkpt lat="29.171306602656841278076171875" lon="82.937072105705738067626953125">
        <ele>3659.800048828125</ele>
        <time>2026-08-09T07:03:28.000Z</time>
        <extensions>
          <ns3:TrackPointExtension>
            <ns3:hr>116</ns3:hr>
            <ns3:cad>0</ns3:cad>
          </ns3:TrackPointExtension>
        </extensions>
      </trkpt>
      <trkpt lat="29.17131892405450344085693359375" lon="82.93705760501325130462646484375">
        <ele>3660</ele>
        <time>2026-08-09T07:03:31.000Z</time>
        <extensions>
          <ns3:TrackPointExtension>
            <ns3:hr>118</ns3:hr>
            <ns3:cad>0</ns3:cad>
          </ns3:TrackPointExtension>
        </extensions>
      </trkpt>
      <trkpt lat="29.17129880748689174652099609375" lon="82.937064059078693389892578125">
        <ele>3658.800048828125</ele>
        <time>2026-08-09T07:03:41.000Z</time>
        <extensions>
          <ns3:TrackPointExtension>
            <ns3:hr>119</ns3:hr>
            <ns3:cad>0</ns3:cad>
          </ns3:TrackPointExtension>
        </extensions>
      </trkpt>
      <trkpt lat="29.17130920104682445526123046875" lon="82.9371148534119129180908203125">
        <ele>3658.60009765625</ele>
        <time>2026-08-09T07:03:45.000Z</time>
        <extensions>
          <ns3:TrackPointExtension>
            <ns3:hr>121</ns3:hr>
            <ns3:cad>0</ns3:cad>
          </ns3:TrackPointExtension>
        </extensions>
      </trkpt>
      <trkpt lat="29.17127919383347034454345703125" lon="82.93711862526834011077880859375">
        <ele>3658.800048828125</ele>
        <time>2026-08-09T07:03:49.000Z</time>
        <extensions>
          <ns3:TrackPointExtension>
            <ns3:hr>122</ns3:hr>
            <ns3:cad>0</ns3:cad>
          </ns3:TrackPointExtension>
        </extensions>
      </trkpt>
      <trkpt lat="29.17126209475100040435791015625" lon="82.93710462749004364013671875">
        <ele>3659</ele>
        <time>2026-08-09T07:03:51.000Z</time>
        <extensions>
          <ns3:TrackPointExtension>
            <ns3:hr>119</ns3:hr>
            <ns3:cad>45</ns3:cad>
          </ns3:TrackPointExtension>
        </extensions>
      </trkpt>
      <trkpt lat="29.17126695625483989715576171875" lon="82.9371074773371219635009765625">
        <ele>3659.199951171875</ele>
        <time>2026-08-09T07:03:52.000Z</time>
        <extensions>
          <ns3:TrackPointExtension>
            <ns3:hr>116</ns3:hr>
            <ns3:cad>45</ns3:cad>
          </ns3:TrackPointExtension>
        </extensions>
      </trkpt>
      <trkpt lat="29.1712729074060916900634765625" lon="82.93711326085031032562255859375">
        <ele>3659.199951171875</ele>
        <time>2026-08-09T07:03:53.000Z</time>
        <extensions>
          <ns3:TrackPointExtension>
            <ns3:hr>113</ns3:hr>
            <ns3:cad>41</ns3:cad>
          </ns3:TrackPointExtension>
        </extensions>
      </trkpt>
      <trkpt lat="29.17127751745283603668212890625" lon="82.93711644597351551055908203125">
        <ele>3659</ele>
        <time>2026-08-09T07:03:54.000Z</time>
        <extensions>
          <ns3:TrackPointExtension>
            <ns3:hr>112</ns3:hr>
            <ns3:cad>41</ns3:cad>
          </ns3:TrackPointExtension>
        </extensions>
      </trkpt>
      <trkpt lat="29.17127315886318683624267578125" lon="82.9371339641511440277099609375">
        <ele>3658.60009765625</ele>
        <time>2026-08-09T07:04:00.000Z</time>
        <extensions>
          <ns3:TrackPointExtension>
            <ns3:hr>110</ns3:hr>
            <ns3:cad>41</ns3:cad>
          </ns3:TrackPointExtension>
        </extensions>
      </trkpt>
      <trkpt lat="29.1712662018835544586181640625" lon="82.93716673739254474639892578125">
        <ele>3659</ele>
        <time>2026-08-09T07:04:06.000Z</time>
        <extensions>
          <ns3:TrackPointExtension>
            <ns3:hr>110</ns3:hr>
            <ns3:cad>75</ns3:cad>
          </ns3:TrackPointExtension>
        </extensions>
      </trkpt>
      <trkpt lat="29.17126427404582500457763671875" lon="82.93717143125832080841064453125">
        <ele>3658.39990234375</ele>
        <time>2026-08-09T07:04:12.000Z</time>
        <extensions>
          <ns3:TrackPointExtension>
            <ns3:hr>114</ns3:hr>
            <ns3:cad>0</ns3:cad>
          </ns3:TrackPointExtension>
        </extensions>
      </trkpt>
      <trkpt lat="29.17126427404582500457763671875" lon="82.93717143125832080841064453125">
        <ele>3658.39990234375</ele>
        <time>2026-08-09T07:04:14.000Z</time>
        <extensions>
          <ns3:TrackPointExtension>
            <ns3:hr>117</ns3:hr>
            <ns3:cad>0</ns3:cad>
          </ns3:TrackPointExtension>
        </extensions>
      </trkpt>
      <trkpt lat="29.17126427404582500457763671875" lon="82.93717143125832080841064453125">
        <ele>3658.39990234375</ele>
        <time>2026-08-09T07:04:26.000Z</time>
        <extensions>
          <ns3:TrackPointExtension>
            <ns3:hr>119</ns3:hr>
            <ns3:cad>0</ns3:cad>
          </ns3:TrackPointExtension>
        </extensions>
      </trkpt>
      <trkpt lat="29.171273745596408843994140625" lon="82.93716003187000751495361328125">
        <ele>3659</ele>
        <time>2026-08-09T07:04:36.000Z</time>
        <extensions>
          <ns3:TrackPointExtension>
            <ns3:hr>116</ns3:hr>
            <ns3:cad>0</ns3:cad>
          </ns3:TrackPointExtension>
        </extensions>
      </trkpt>
      <trkpt lat="29.171273745596408843994140625" lon="82.93716003187000751495361328125">
        <ele>3658.800048828125</ele>
        <time>2026-08-09T07:04:42.000Z</time>
        <extensions>
          <ns3:TrackPointExtension>
            <ns3:hr>117</ns3:hr>
            <ns3:cad>0</ns3:cad>
          </ns3:TrackPointExtension>
        </extensions>
      </trkpt>
      <trkpt lat="29.171273745596408843994140625" lon="82.93716003187000751495361328125">
        <ele>3658.60009765625</ele>
        <time>2026-08-09T07:04:49.000Z</time>
        <extensions>
          <ns3:TrackPointExtension>
            <ns3:hr>113</ns3:hr>
            <ns3:cad>0</ns3:cad>
          </ns3:TrackPointExtension>
        </extensions>
      </trkpt>
      <trkpt lat="29.171273745596408843994140625" lon="82.93716003187000751495361328125">
        <ele>3658</ele>
        <time>2026-08-09T07:04:52.000Z</time>
        <extensions>
          <ns3:TrackPointExtension>
            <ns3:hr>112</ns3:hr>
            <ns3:cad>0</ns3:cad>
          </ns3:TrackPointExtension>
        </extensions>
      </trkpt>
      <trkpt lat="29.17127785272896289825439453125" lon="82.93717159889638423919677734375">
        <ele>3658</ele>
        <time>2026-08-09T07:04:56.000Z</time>
        <extensions>
          <ns3:TrackPointExtension>
            <ns3:hr>109</ns3:hr>
            <ns3:cad>0</ns3:cad>
          </ns3:TrackPointExtension>
        </extensions>
      </trkpt>
      <trkpt lat="29.17127802036702632904052734375" lon="82.937172017991542816162109375">
        <ele>3658</ele>
        <time>2026-08-09T07:04:58.000Z</time>
        <extensions>
          <ns3:TrackPointExtension>
            <ns3:hr>110</ns3:hr>
            <ns3:cad>0</ns3:cad>
          </ns3:TrackPointExtension>
        </extensions>
      </trkpt>
      <trkpt lat="29.171273745596408843994140625" lon="82.93716003187000751495361328125">
        <ele>3657.800048828125</ele>
        <time>2026-08-09T07:05:00.000Z</time>
        <extensions>
          <ns3:TrackPointExtension>
            <ns3:hr>113</ns3:hr>
            <ns3:cad>0</ns3:cad>
          </ns3:TrackPointExtension>
        </extensions>
      </trkpt>
      <trkpt lat="29.171273745596408843994140625" lon="82.93716003187000751495361328125">
        <ele>3657.800048828125</ele>
        <time>2026-08-09T07:05:01.000Z</time>
        <extensions>
          <ns3:TrackPointExtension>
            <ns3:hr>113</ns3:hr>
            <ns3:cad>0</ns3:cad>
          </ns3:TrackPointExtension>
        </extensions>
      </trkpt>
      <trkpt lat="29.171273745596408843994140625" lon="82.93716003187000751495361328125">
        <ele>3657</ele>
        <time>2026-08-09T07:05:08.000Z</time>
        <extensions>
          <ns3:TrackPointExtension>
            <ns3:hr>113</ns3:hr>
            <ns3:cad>0</ns3:cad>
          </ns3:TrackPointExtension>
        </extensions>
      </trkpt>
      <trkpt lat="29.171273745596408843994140625" lon="82.93716003187000751495361328125">
        <ele>3657.199951171875</ele>
        <time>2026-08-09T07:05:22.000Z</time>
        <extensions>
          <ns3:TrackPointExtension>
            <ns3:hr>112</ns3:hr>
            <ns3:cad>0</ns3:cad>
          </ns3:TrackPointExtension>
        </extensions>
      </trkpt>
      <trkpt lat="29.171273745596408843994140625" lon="82.93716003187000751495361328125">
        <ele>3657</ele>
        <time>2026-08-09T07:05:24.000Z</time>
        <extensions>
          <ns3:TrackPointExtension>
            <ns3:hr>108</ns3:hr>
            <ns3:cad>0</ns3:cad>
          </ns3:TrackPointExtension>
        </extensions>
      </trkpt>
      <trkpt lat="29.171273745596408843994140625" lon="82.93716003187000751495361328125">
        <ele>3656.60009765625</ele>
        <time>2026-08-09T07:05:34.000Z</time>
        <extensions>
          <ns3:TrackPointExtension>
            <ns3:hr>107</ns3:hr>
            <ns3:cad>0</ns3:cad>
          </ns3:TrackPointExtension>
        </extensions>
      </trkpt>
      <trkpt lat="29.171273745596408843994140625" lon="82.93716003187000751495361328125">
        <ele>3656.800048828125</ele>
        <time>2026-08-09T07:05:38.000Z</time>
        <extensions>
          <ns3:TrackPointExtension>
            <ns3:hr>106</ns3:hr>
            <ns3:cad>0</ns3:cad>
          </ns3:TrackPointExtension>
        </extensions>
      </trkpt>
      <trkpt lat="29.171273745596408843994140625" lon="82.93716003187000751495361328125">
        <ele>3657.60009765625</ele>
        <time>2026-08-09T07:05:41.000Z</time>
        <extensions>
          <ns3:TrackPointExtension>
            <ns3:hr>108</ns3:hr>
            <ns3:cad>0</ns3:cad>
          </ns3:TrackPointExtension>
        </extensions>
      </trkpt>
      <trkpt lat="29.171273745596408843994140625" lon="82.93716003187000751495361328125">
        <ele>3657.60009765625</ele>
        <time>2026-08-09T07:05:51.000Z</time>
        <extensions>
          <ns3:TrackPointExtension>
            <ns3:hr>106</ns3:hr>
            <ns3:cad>0</ns3:cad>
          </ns3:TrackPointExtension>
        </extensions>
      </trkpt>
    </trkseg>
  </trk>
</gpx>
